method,split,seed,episode,stress_level,success,contact_ratio,mean_abs_force_error,post_shift_force_error,normalized_force_error,peak_overshoot,max_penetration,safety_violation_rate,slip_rate,chatter_rate,chatter_crossings,settling_latency,energy,work,final_progress,final_k_est,final_mu_est,token_switches,trajectory_samples
token_full_v5,combined_stress,0,1000,,0,0.89583,2.91279,2.70082,0.16775,1.32743,0.02457,0.00000,0.04651,0.03488,3,5,0.68534,-0.10374,0.65238,758.55901,0.44753,48,0:x-0.113:y-0.428:f0.00:tf10.78:p0.0000:tok1;15:x0.022:y-0.421:f8.77:tf10.78:p0.0216:tok4;30:x0.024:y-0.359:f9.28:tf10.78:p0.0240:tok6;45:x0.024:y-0.269:f10.04:tf10.78:p0.0243:tok6;60:x0.025:y-0.153:f10.54:tf10.78:p0.0148:tok4;75:x0.030:y-0.030:f15.49:tf17.36:p0.0202:tok4;90:x0.030:y0.090:f14.39:tf17.36:p0.0195:tok6;95:x0.030:y0.124:f15.30:tf17.36:p0.0202:tok6
ablate_no_memory,combined_stress,0,1000,,0,0.88542,2.59900,1.43627,0.14968,1.27889,0.02403,0.00000,0.40000,0.02353,2,5,0.48945,-0.08255,0.71940,758.68612,0.44756,16,0:x-0.111:y-0.412:f0.30:tf10.78:p0.0000:tok3;15:x0.017:y-0.408:f8.93:tf10.78:p0.0175:tok0;30:x0.024:y-0.351:f9.54:tf10.78:p0.0237:tok6;45:x0.023:y-0.260:f6.75:tf10.78:p0.0230:tok2;60:x0.025:y-0.134:f11.15:tf10.78:p0.0153:tok3;75:x0.032:y0.008:f15.93:tf17.36:p0.0219:tok3;90:x0.032:y0.145:f18.10:tf17.36:p0.0221:tok3;95:x0.032:y0.182:f16.00:tf17.36:p0.0217:tok3
ablate_no_discrete_tokens,combined_stress,0,1000,,1,0.91667,1.96069,0.83511,0.11292,1.45874,0.02866,0.00000,0.57955,0.09091,8,5,0.82625,-0.11310,0.82883,754.52579,0.44754,0,0:x-0.122:y-0.417:f0.44:tf10.78:p0.0000:tok1;15:x0.028:y-0.408:f9.80:tf10.78:p0.0278:tok1;30:x0.027:y-0.334:f9.59:tf10.78:p0.0268:tok1;45:x0.029:y-0.205:f10.82:tf10.78:p0.0287:tok1;60:x0.025:y-0.054:f11.07:tf10.78:p0.0149:tok1;75:x0.033:y0.100:f17.39:tf17.36:p0.0234:tok1;90:x0.033:y0.241:f17.19:tf17.36:p0.0230:tok1;95:x0.033:y0.276:f17.46:tf17.36:p0.0231:tok1
ablate_no_force_update,combined_stress,0,1000,,0,0.89583,3.16159,3.31940,0.18208,1.32829,0.02941,0.00000,0.12791,0.04651,4,5,0.76988,-0.12250,0.67201,420.00000,0.20000,58,0:x-0.114:y-0.426:f0.00:tf10.78:p0.0000:tok1;15:x0.021:y-0.420:f7.70:tf10.78:p0.0209:tok2;30:x0.023:y-0.364:f7.79:tf10.78:p0.0230:tok2;45:x0.023:y-0.267:f10.69:tf10.78:p0.0231:tok4;60:x0.027:y-0.151:f12.46:tf10.78:p0.0171:tok4;75:x0.036:y-0.025:f20.35:tf17.36:p0.0262:tok6;90:x0.039:y0.102:f21.62:tf17.36:p0.0291:tok6;95:x0.039:y0.141:f20.31:tf17.36:p0.0289:tok6
ablate_no_transition_planner,combined_stress,0,1000,,0,0.89583,3.15458,3.14418,0.18168,1.18273,0.02425,0.00000,0.02326,0.05814,5,9,0.74530,-0.12590,0.64382,754.08660,0.44750,46,0:x-0.120:y-0.440:f0.27:tf10.78:p0.0000:tok1;15:x0.019:y-0.433:f7.39:tf10.78:p0.0192:tok5;30:x0.023:y-0.370:f8.85:tf10.78:p0.0233:tok6;45:x0.024:y-0.270:f7.82:tf10.78:p0.0236:tok6;60:x0.023:y-0.153:f10.04:tf10.78:p0.0129:tok4;75:x0.029:y-0.030:f15.09:tf17.36:p0.0191:tok4;90:x0.030:y0.084:f14.92:tf17.36:p0.0198:tok6;95:x0.030:y0.118:f15.73:tf17.36:p0.0204:tok6
ablate_no_safety_penalty,combined_stress,0,1000,,0,0.89583,3.13450,3.17526,0.18052,1.21528,0.02429,0.00000,0.00000,0.01163,1,5,0.72683,-0.11354,0.64256,760.45440,0.44748,45,0:x-0.120:y-0.419:f0.00:tf10.78:p0.0000:tok1;15:x0.021:y-0.414:f9.54:tf10.78:p0.0206:tok4;30:x0.023:y-0.357:f8.18:tf10.78:p0.0230:tok2;45:x0.024:y-0.261:f8.22:tf10.78:p0.0243:tok6;60:x0.023:y-0.147:f10.49:tf10.78:p0.0127:tok6;75:x0.029:y-0.030:f13.78:tf17.36:p0.0188:tok6;90:x0.030:y0.080:f15.45:tf17.36:p0.0201:tok4;95:x0.031:y0.116:f15.88:tf17.36:p0.0205:tok4
ablate_no_slip_context,combined_stress,0,1000,,0,0.89583,2.77122,2.23766,0.15960,1.25005,0.02474,0.00000,0.11628,0.01163,1,5,0.77606,-0.12395,0.64954,770.04757,0.44742,44,0:x-0.113:y-0.416:f0.00:tf10.78:p0.0000:tok1;15:x0.021:y-0.410:f7.39:tf10.78:p0.0208:tok2;30:x0.023:y-0.356:f8.97:tf10.78:p0.0233:tok6;45:x0.025:y-0.267:f9.93:tf10.78:p0.0247:tok6;60:x0.024:y-0.151:f10.70:tf10.78:p0.0136:tok6;75:x0.031:y-0.024:f16.48:tf17.36:p0.0209:tok6;90:x0.030:y0.091:f15.74:tf17.36:p0.0198:tok6;95:x0.030:y0.123:f15.58:tf17.36:p0.0200:tok6
ablate_no_tail_risk_objective,combined_stress,0,1000,,0,0.89583,2.26699,1.40781,0.13056,1.27411,0.02662,0.00000,0.37209,0.05814,5,5,0.73533,-0.10660,0.72987,753.83129,0.44750,20,0:x-0.125:y-0.439:f0.00:tf10.78:p0.0000:tok1;15:x0.020:y-0.433:f9.68:tf10.78:p0.0203:tok7;30:x0.026:y-0.352:f9.49:tf10.78:p0.0263:tok3;45:x0.026:y-0.237:f12.54:tf10.78:p0.0257:tok3;60:x0.026:y-0.109:f11.37:tf10.78:p0.0156:tok3;75:x0.032:y0.025:f15.68:tf17.36:p0.0216:tok3;90:x0.032:y0.155:f16.00:tf17.36:p0.0220:tok3;95:x0.032:y0.191:f17.62:tf17.36:p0.0223:tok3
ablate_no_calibration_guard,combined_stress,0,1000,,0,0.90625,2.53125,2.02551,0.14578,1.54356,0.02880,0.00000,0.31034,0.08046,7,5,1.06167,-0.14273,0.70078,755.64136,0.44744,35,0:x-0.107:y-0.434:f0.00:tf10.78:p0.0000:tok1;15:x0.029:y-0.424:f10.31:tf10.78:p0.0288:tok7;30:x0.024:y-0.358:f8.65:tf10.78:p0.0241:tok6;45:x0.026:y-0.259:f10.87:tf10.78:p0.0257:tok6;60:x0.026:y-0.125:f10.87:tf10.78:p0.0156:tok6;75:x0.030:y0.020:f15.46:tf17.36:p0.0204:tok6;90:x0.031:y0.137:f15.66:tf17.36:p0.0208:tok6;95:x0.031:y0.167:f16.22:tf17.36:p0.0207:tok6
ablate_no_phase_memory,combined_stress,0,1000,,0,0.89583,2.37850,1.29097,0.13698,1.35137,0.02631,0.00000,0.39535,0.10465,9,5,0.66176,-0.09717,0.72551,748.46086,0.44751,38,0:x-0.112:y-0.418:f1.02:tf10.78:p0.0000:tok1;15:x0.020:y-0.413:f8.04:tf10.78:p0.0204:tok2;30:x0.025:y-0.351:f9.10:tf10.78:p0.0252:tok4;45:x0.026:y-0.244:f10.02:tf10.78:p0.0261:tok3;60:x0.026:y-0.115:f11.36:tf10.78:p0.0160:tok3;75:x0.032:y0.021:f15.63:tf17.36:p0.0220:tok3;90:x0.032:y0.152:f17.38:tf17.36:p0.0223:tok3;95:x0.032:y0.188:f16.95:tf17.36:p0.0220:tok6
impedance_token_policy_v4,combined_stress,0,1000,,0,0.90625,2.73135,2.00265,0.15730,1.47289,0.02811,0.00000,0.33333,0.08046,7,5,0.76889,-0.09760,0.70961,752.21324,0.44752,68,0:x-0.107:y-0.429:f0.00:tf10.78:p0.0000:tok1;15:x0.020:y-0.423:f6.93:tf10.78:p0.0197:tok5;30:x0.025:y-0.362:f9.31:tf10.78:p0.0255:tok7;45:x0.028:y-0.247:f8.40:tf10.78:p0.0281:tok4;60:x0.024:y-0.119:f11.06:tf10.78:p0.0144:tok1;75:x0.031:y0.011:f15.23:tf17.36:p0.0207:tok2;90:x0.031:y0.137:f15.60:tf17.36:p0.0214:tok7;95:x0.031:y0.174:f15.99:tf17.36:p0.0212:tok1
learned_only_token_replacement,combined_stress,0,1000,,1,0.89583,2.61136,1.06245,0.15039,1.41651,0.02673,0.00000,0.56977,0.03488,3,5,0.61879,-0.17128,0.77379,762.61625,0.44751,0,0:x-0.121:y-0.437:f0.00:tf10.78:p0.0000:tok-1;15:x0.017:y-0.430:f7.08:tf10.78:p0.0172:tok-1;30:x0.024:y-0.355:f10.42:tf10.78:p0.0244:tok-1;45:x0.027:y-0.226:f11.21:tf10.78:p0.0266:tok-1;60:x0.026:y-0.081:f13.39:tf10.78:p0.0165:tok-1;75:x0.033:y0.062:f17.20:tf17.36:p0.0226:tok-1;90:x0.032:y0.194:f16.64:tf17.36:p0.0218:tok-1;95:x0.032:y0.229:f17.31:tf17.36:p0.0219:tok-1
token_full_v5,combined_stress,0,1001,,0,0.89583,3.24334,3.10003,0.18602,1.51613,0.02988,0.00000,0.18605,0.00000,0,6,0.74362,-0.11444,0.65893,812.69894,0.50330,47,0:x-0.116:y-0.445:f0.00:tf10.60:p0.0000:tok1;15:x0.023:y-0.438:f8.35:tf10.60:p0.0234:tok0;30:x0.026:y-0.374:f7.78:tf10.60:p0.0262:tok2;45:x0.027:y-0.271:f6.78:tf10.60:p0.0274:tok6;60:x0.028:y-0.146:f15.35:tf10.60:p0.0182:tok6;75:x0.025:y-0.017:f12.74:tf17.44:p0.0146:tok6;90:x0.029:y0.100:f15.19:tf17.44:p0.0189:tok6;95:x0.028:y0.130:f14.66:tf17.44:p0.0184:tok2
ablate_no_memory,combined_stress,0,1001,,0,0.88542,3.15571,1.52535,0.18099,1.77393,0.03191,0.02353,0.47059,0.02353,2,5,0.57974,-0.11692,0.71973,798.60768,0.50333,18,0:x-0.122:y-0.420:f0.05:tf10.60:p0.0000:tok3;15:x0.017:y-0.418:f6.56:tf10.60:p0.0167:tok5;30:x0.027:y-0.361:f9.79:tf10.60:p0.0272:tok6;45:x0.031:y-0.254:f8.05:tf10.60:p0.0306:tok3;60:x0.031:y-0.116:f14.98:tf10.60:p0.0209:tok3;75:x0.025:y0.019:f13.84:tf17.44:p0.0151:tok3;90:x0.031:y0.149:f16.59:tf17.44:p0.0207:tok3;95:x0.030:y0.183:f16.17:tf17.44:p0.0202:tok6
ablate_no_discrete_tokens,combined_stress,0,1001,,1,0.91667,2.12287,1.28441,0.12176,1.83529,0.03430,0.02273,0.56818,0.07955,7,5,0.82509,-0.11031,0.82982,814.52872,0.50336,0,0:x-0.120:y-0.422:f0.00:tf10.60:p0.0000:tok1;15:x0.030:y-0.413:f9.69:tf10.60:p0.0300:tok1;30:x0.030:y-0.337:f10.46:tf10.60:p0.0305:tok1;45:x0.034:y-0.206:f10.28:tf10.60:p0.0342:tok1;60:x0.031:y-0.048:f16.67:tf10.60:p0.0210:tok1;75:x0.025:y0.107:f14.26:tf17.44:p0.0152:tok1;90:x0.031:y0.245:f17.17:tf17.44:p0.0212:tok1;95:x0.031:y0.278:f17.22:tf17.44:p0.0213:tok1
ablate_no_force_update,combined_stress,0,1001,,0,0.89583,3.64687,3.45122,0.20916,1.41284,0.02892,0.00000,0.29070,0.02326,2,6,0.79639,-0.10929,0.68863,420.00000,0.20000,69,0:x-0.110:y-0.437:f0.00:tf10.60:p0.0000:tok1;15:x0.024:y-0.430:f9.15:tf10.60:p0.0243:tok4;30:x0.026:y-0.366:f7.46:tf10.60:p0.0263:tok2;45:x0.025:y-0.258:f6.39:tf10.60:p0.0250:tok6;60:x0.025:y-0.132:f14.10:tf10.60:p0.0150:tok7;75:x0.030:y0.002:f17.77:tf17.44:p0.0197:tok4;90:x0.036:y0.121:f21.70:tf17.44:p0.0260:tok5;95:x0.039:y0.155:f22.43:tf17.44:p0.0289:tok2
ablate_no_transition_planner,combined_stress,0,1001,,0,0.89583,3.61402,3.53358,0.20728,1.61541,0.02885,0.00000,0.13953,0.02326,2,7,0.73603,-0.11962,0.63536,803.44277,0.50328,40,0:x-0.119:y-0.441:f0.00:tf10.60:p0.0000:tok1;15:x0.022:y-0.435:f8.13:tf10.60:p0.0218:tok0;30:x0.027:y-0.370:f9.50:tf10.60:p0.0267:tok6;45:x0.027:y-0.277:f9.40:tf10.60:p0.0270:tok4;60:x0.030:y-0.152:f16.59:tf10.60:p0.0196:tok4;75:x0.023:y-0.029:f12.39:tf17.44:p0.0133:tok6;90:x0.029:y0.079:f15.10:tf17.44:p0.0185:tok6;95:x0.029:y0.110:f15.09:tf17.44:p0.0190:tok6
ablate_no_safety_penalty,combined_stress,0,1001,,0,0.90625,3.13995,2.55770,0.18009,1.49302,0.02900,0.00000,0.25287,0.03448,3,5,0.67747,-0.10093,0.67846,817.05681,0.50329,60,0:x-0.104:y-0.416:f0.81:tf10.60:p0.0000:tok1;15:x0.023:y-0.410:f7.77:tf10.60:p0.0226:tok5;30:x0.028:y-0.350:f8.11:tf10.60:p0.0278:tok6;45:x0.029:y-0.253:f8.03:tf10.60:p0.0290:tok6;60:x0.029:y-0.136:f15.15:tf10.60:p0.0186:tok6;75:x0.024:y-0.005:f12.13:tf17.44:p0.0136:tok3;90:x0.029:y0.117:f15.27:tf17.44:p0.0188:tok6;95:x0.028:y0.148:f15.43:tf17.44:p0.0184:tok6
ablate_no_slip_context,combined_stress,0,1001,,0,0.89583,3.12992,2.32480,0.17951,1.52474,0.03010,0.00000,0.31395,0.01163,1,6,0.89397,-0.13184,0.67770,807.35941,0.50329,53,0:x-0.117:y-0.441:f0.00:tf10.60:p0.0000:tok1;15:x0.021:y-0.434:f8.01:tf10.60:p0.0211:tok5;30:x0.026:y-0.368:f7.62:tf10.60:p0.0258:tok2;45:x0.027:y-0.269:f9.28:tf10.60:p0.0272:tok6;60:x0.028:y-0.144:f14.09:tf10.60:p0.0176:tok2;75:x0.025:y-0.011:f12.24:tf17.44:p0.0147:tok5;90:x0.029:y0.118:f16.02:tf17.44:p0.0187:tok6;95:x0.028:y0.147:f14.74:tf17.44:p0.0185:tok2
ablate_no_tail_risk_objective,combined_stress,0,1001,,1,0.90625,2.67569,1.48151,0.15346,1.67300,0.03117,0.00000,0.37931,0.05747,5,5,0.61957,-0.06360,0.74467,808.62377,0.50328,29,0:x-0.102:y-0.428:f0.00:tf10.60:p0.0000:tok1;15:x0.022:y-0.422:f7.89:tf10.60:p0.0219:tok5;30:x0.031:y-0.344:f9.42:tf10.60:p0.0306:tok3;45:x0.031:y-0.231:f10.37:tf10.60:p0.0311:tok3;60:x0.029:y-0.100:f16.98:tf10.60:p0.0194:tok3;75:x0.025:y0.043:f12.95:tf17.44:p0.0150:tok3;90:x0.031:y0.169:f17.07:tf17.44:p0.0208:tok2;95:x0.031:y0.204:f17.75:tf17.44:p0.0214:tok2
ablate_no_calibration_guard,combined_stress,0,1001,,0,0.90625,2.82798,1.98156,0.16220,1.70765,0.03129,0.01149,0.26437,0.05747,5,5,1.12298,-0.18042,0.70673,802.24847,0.50323,39,0:x-0.125:y-0.417:f0.00:tf10.60:p0.0000:tok1;15:x0.029:y-0.410:f9.04:tf10.60:p0.0285:tok7;30:x0.028:y-0.347:f7.86:tf10.60:p0.0276:tok5;45:x0.030:y-0.249:f9.15:tf10.60:p0.0301:tok6;60:x0.030:y-0.128:f16.20:tf10.60:p0.0198:tok6;75:x0.026:y0.021:f13.81:tf17.44:p0.0158:tok7;90:x0.029:y0.144:f15.67:tf17.44:p0.0193:tok6;95:x0.029:y0.173:f14.99:tf17.44:p0.0193:tok6
ablate_no_phase_memory,combined_stress,0,1001,,0,0.90625,2.75304,1.66131,0.15790,1.67221,0.03174,0.00000,0.44828,0.04598,4,5,0.62614,-0.07708,0.72364,792.36456,0.50331,38,0:x-0.102:y-0.439:f0.18:tf10.60:p0.0000:tok1;15:x0.023:y-0.432:f9.02:tf10.60:p0.0227:tok0;30:x0.027:y-0.363:f8.03:tf10.60:p0.0275:tok5;45:x0.030:y-0.248:f9.82:tf10.60:p0.0304:tok3;60:x0.030:y-0.111:f16.80:tf10.60:p0.0204:tok4;75:x0.025:y0.023:f13.45:tf17.44:p0.0150:tok3;90:x0.031:y0.152:f17.00:tf17.44:p0.0209:tok3;95:x0.031:y0.186:f16.88:tf17.44:p0.0205:tok0
impedance_token_policy_v4,combined_stress,0,1001,,0,0.90625,2.61336,1.49028,0.14989,1.56074,0.03122,0.00000,0.40230,0.06897,6,5,0.70329,-0.07953,0.72604,796.75191,0.50331,58,0:x-0.109:y-0.418:f0.07:tf10.60:p0.0000:tok1;15:x0.024:y-0.412:f8.69:tf10.60:p0.0245:tok4;30:x0.030:y-0.349:f8.66:tf10.60:p0.0297:tok2;45:x0.031:y-0.239:f9.42:tf10.60:p0.0305:tok7;60:x0.028:y-0.110:f13.74:tf10.60:p0.0181:tok3;75:x0.025:y0.020:f12.06:tf17.44:p0.0151:tok3;90:x0.032:y0.149:f18.39:tf17.44:p0.0221:tok3;95:x0.032:y0.187:f16.92:tf17.44:p0.0217:tok7
learned_only_token_replacement,combined_stress,0,1001,,1,0.89583,3.23685,1.48540,0.18565,1.83721,0.03212,0.03488,0.53488,0.10465,9,5,0.54916,-0.13046,0.77461,807.63757,0.50326,0,0:x-0.105:y-0.432:f0.37:tf10.60:p0.0000:tok-1;15:x0.018:y-0.425:f6.02:tf10.60:p0.0176:tok-1;30:x0.028:y-0.352:f8.88:tf10.60:p0.0284:tok-1;45:x0.032:y-0.224:f10.20:tf10.60:p0.0317:tok-1;60:x0.033:y-0.073:f18.09:tf10.60:p0.0225:tok-1;75:x0.026:y0.070:f13.08:tf17.44:p0.0161:tok-1;90:x0.031:y0.198:f17.50:tf17.44:p0.0206:tok-1;95:x0.030:y0.230:f16.15:tf17.44:p0.0199:tok-1
token_full_v5,combined_stress,0,1002,,0,0.90625,2.89806,2.83916,0.17191,1.18257,0.02401,0.00000,0.34483,0.03448,3,6,0.68756,-0.10691,0.66637,720.35569,0.46280,47,0:x-0.108:y-0.435:f0.00:tf11.26:p0.0000:tok1;15:x0.021:y-0.428:f9.23:tf11.26:p0.0210:tok6;30:x0.023:y-0.370:f10.34:tf11.26:p0.0226:tok6;45:x0.023:y-0.275:f8.54:tf11.26:p0.0227:tok6;60:x0.023:y-0.148:f10.22:tf11.26:p0.0129:tok4;75:x0.027:y-0.017:f14.01:tf16.86:p0.0174:tok6;90:x0.030:y0.103:f14.12:tf16.86:p0.0199:tok2;95:x0.030:y0.137:f15.14:tf16.86:p0.0204:tok6
ablate_no_memory,combined_stress,0,1002,,0,0.88542,2.67585,1.34475,0.15873,1.22989,0.02627,0.00000,0.45882,0.05882,5,5,0.53726,-0.09350,0.72882,723.85233,0.46287,12,0:x-0.114:y-0.435:f1.12:tf11.26:p0.0000:tok3;15:x0.018:y-0.431:f9.47:tf11.26:p0.0183:tok0;30:x0.023:y-0.372:f9.67:tf11.26:p0.0227:tok6;45:x0.023:y-0.277:f11.23:tf11.26:p0.0234:tok3;60:x0.027:y-0.135:f12.40:tf11.26:p0.0171:tok3;75:x0.028:y0.017:f13.83:tf16.86:p0.0181:tok3;90:x0.032:y0.154:f16.02:tf16.86:p0.0221:tok3;95:x0.032:y0.190:f15.96:tf16.86:p0.0221:tok6
ablate_no_discrete_tokens,combined_stress,0,1002,,1,0.91667,2.01068,1.06794,0.11927,1.35436,0.03040,0.00000,0.59091,0.07955,7,5,0.75531,-0.09173,0.83663,731.75050,0.46275,0,0:x-0.106:y-0.434:f0.33:tf11.26:p0.0000:tok1;15:x0.030:y-0.424:f12.48:tf11.26:p0.0295:tok1;30:x0.027:y-0.343:f10.82:tf11.26:p0.0266:tok1;45:x0.028:y-0.207:f13.52:tf11.26:p0.0283:tok1;60:x0.029:y-0.046:f13.94:tf11.26:p0.0186:tok1;75:x0.028:y0.112:f14.64:tf16.86:p0.0184:tok1;90:x0.033:y0.250:f16.65:tf16.86:p0.0231:tok1;95:x0.033:y0.284:f17.64:tf16.86:p0.0231:tok1
ablate_no_force_update,combined_stress,0,1002,,0,0.89583,2.82593,2.06001,0.16764,1.25943,0.02757,0.00000,0.30233,0.10465,9,5,0.74804,-0.10891,0.67189,420.00000,0.20000,48,0:x-0.116:y-0.449:f0.06:tf11.26:p0.0000:tok1;15:x0.022:y-0.443:f8.17:tf11.26:p0.0218:tok5;30:x0.024:y-0.380:f10.02:tf11.26:p0.0235:tok6;45:x0.023:y-0.280:f10.22:tf11.26:p0.0235:tok4;60:x0.024:y-0.159:f10.76:tf11.26:p0.0136:tok4;75:x0.032:y-0.023:f17.94:tf16.86:p0.0224:tok4;90:x0.036:y0.106:f17.88:tf16.86:p0.0264:tok4;95:x0.037:y0.141:f19.47:tf16.86:p0.0273:tok2
ablate_no_transition_planner,combined_stress,0,1002,,0,0.89583,2.83005,2.94308,0.16788,1.08356,0.02337,0.00000,0.27907,0.01163,1,5,0.73040,-0.10990,0.67091,732.93107,0.46282,43,0:x-0.114:y-0.434:f0.00:tf11.26:p0.0000:tok1;15:x0.020:y-0.428:f8.77:tf11.26:p0.0202:tok7;30:x0.022:y-0.369:f9.48:tf11.26:p0.0221:tok6;45:x0.023:y-0.269:f10.80:tf11.26:p0.0228:tok4;60:x0.023:y-0.146:f10.26:tf11.26:p0.0126:tok4;75:x0.025:y-0.015:f11.65:tf16.86:p0.0152:tok6;90:x0.029:y0.105:f13.80:tf16.86:p0.0195:tok2;95:x0.031:y0.140:f15.06:tf16.86:p0.0207:tok6
ablate_no_safety_penalty,combined_stress,0,1002,,0,0.89583,2.99430,2.91964,0.17762,1.21003,0.02387,0.00000,0.24419,0.04651,4,5,0.77493,-0.12954,0.66396,729.45041,0.46279,50,0:x-0.121:y-0.431:f0.00:tf11.26:p0.0000:tok1;15:x0.021:y-0.426:f8.69:tf11.26:p0.0207:tok5;30:x0.023:y-0.368:f8.30:tf11.26:p0.0226:tok2;45:x0.024:y-0.270:f8.12:tf11.26:p0.0238:tok6;60:x0.024:y-0.148:f10.46:tf11.26:p0.0136:tok4;75:x0.027:y-0.018:f14.17:tf16.86:p0.0170:tok6;90:x0.030:y0.102:f13.78:tf16.86:p0.0202:tok6;95:x0.031:y0.135:f15.77:tf16.86:p0.0208:tok6
ablate_no_slip_context,combined_stress,0,1002,,0,0.89583,2.68926,2.01993,0.15953,1.16111,0.02551,0.00000,0.16279,0.09302,8,5,0.85820,-0.12607,0.67290,730.76993,0.46275,43,0:x-0.116:y-0.424:f0.44:tf11.26:p0.0000:tok1;15:x0.021:y-0.419:f9.46:tf11.26:p0.0215:tok6;30:x0.024:y-0.360:f10.27:tf11.26:p0.0237:tok6;45:x0.026:y-0.263:f12.90:tf11.26:p0.0255:tok6;60:x0.025:y-0.140:f11.99:tf11.26:p0.0149:tok6;75:x0.028:y-0.021:f13.92:tf16.86:p0.0178:tok2;90:x0.030:y0.109:f15.32:tf16.86:p0.0204:tok6;95:x0.031:y0.142:f16.40:tf16.86:p0.0210:tok6
ablate_no_tail_risk_objective,combined_stress,0,1002,,1,0.89583,2.16859,1.39439,0.12864,1.20831,0.02664,0.00000,0.40698,0.03488,3,5,0.77907,-0.11148,0.74423,724.08814,0.46274,24,0:x-0.128:y-0.431:f0.32:tf11.26:p0.0000:tok1;15:x0.023:y-0.425:f10.75:tf11.26:p0.0230:tok7;30:x0.026:y-0.345:f11.17:tf11.26:p0.0263:tok3;45:x0.026:y-0.230:f9.96:tf11.26:p0.0259:tok3;60:x0.026:y-0.097:f13.22:tf11.26:p0.0162:tok3;75:x0.028:y0.041:f13.99:tf16.86:p0.0179:tok3;90:x0.032:y0.168:f15.74:tf16.86:p0.0220:tok3;95:x0.033:y0.203:f16.64:tf16.86:p0.0228:tok2
ablate_no_calibration_guard,combined_stress,0,1002,,0,0.90625,2.32254,1.91806,0.13777,1.26639,0.02966,0.00000,0.21839,0.05747,5,5,0.98642,-0.14876,0.67045,740.71462,0.46273,26,0:x-0.112:y-0.442:f0.00:tf11.26:p0.0000:tok1;15:x0.030:y-0.431:f11.71:tf11.26:p0.0297:tok7;30:x0.024:y-0.362:f8.95:tf11.26:p0.0239:tok6;45:x0.024:y-0.266:f9.56:tf11.26:p0.0240:tok6;60:x0.025:y-0.142:f11.47:tf11.26:p0.0154:tok6;75:x0.029:y-0.021:f16.24:tf16.86:p0.0189:tok6;90:x0.031:y0.106:f17.61:tf16.86:p0.0210:tok6;95:x0.031:y0.140:f16.40:tf16.86:p0.0209:tok6
ablate_no_phase_memory,combined_stress,0,1002,,1,0.89583,2.29396,1.36895,0.13608,1.21355,0.02632,0.00000,0.46512,0.08140,7,5,0.70708,-0.09866,0.74061,739.39611,0.46276,35,0:x-0.116:y-0.434:f0.90:tf11.26:p0.0000:tok1;15:x0.022:y-0.428:f9.74:tf11.26:p0.0220:tok6;30:x0.024:y-0.361:f8.38:tf11.26:p0.0243:tok5;45:x0.025:y-0.247:f9.97:tf11.26:p0.0254:tok3;60:x0.026:y-0.108:f12.67:tf11.26:p0.0163:tok3;75:x0.028:y0.035:f12.20:tf16.86:p0.0177:tok3;90:x0.032:y0.165:f16.49:tf16.86:p0.0219:tok3;95:x0.032:y0.200:f17.22:tf16.86:p0.0224:tok0
impedance_token_policy_v4,combined_stress,0,1002,,0,0.90625,2.35078,1.72494,0.13945,1.16461,0.02615,0.00000,0.39080,0.08046,7,5,0.79424,-0.12489,0.71092,743.65443,0.46274,65,0:x-0.117:y-0.434:f0.00:tf11.26:p0.0000:tok1;15:x0.022:y-0.428:f9.12:tf11.26:p0.0218:tok7;30:x0.026:y-0.361:f10.69:tf11.26:p0.0260:tok4;45:x0.024:y-0.245:f12.20:tf11.26:p0.0244:tok2;60:x0.023:y-0.114:f9.49:tf11.26:p0.0134:tok4;75:x0.027:y0.015:f13.19:tf16.86:p0.0169:tok3;90:x0.032:y0.141:f16.37:tf16.86:p0.0221:tok2;95:x0.031:y0.176:f15.92:tf16.86:p0.0207:tok6
learned_only_token_replacement,combined_stress,0,1002,,1,0.89583,2.66744,1.17961,0.15823,1.43257,0.02739,0.00000,0.54651,0.11628,10,5,0.58478,-0.14517,0.78729,730.99960,0.46272,0,0:x-0.108:y-0.426:f0.00:tf11.26:p0.0000:tok-1;15:x0.017:y-0.420:f7.55:tf11.26:p0.0166:tok-1;30:x0.025:y-0.348:f9.30:tf11.26:p0.0245:tok-1;45:x0.027:y-0.222:f10.11:tf11.26:p0.0265:tok-1;60:x0.028:y-0.070:f13.34:tf11.26:p0.0181:tok-1;75:x0.029:y0.079:f14.14:tf16.86:p0.0189:tok-1;90:x0.032:y0.209:f16.35:tf16.86:p0.0221:tok-1;95:x0.032:y0.241:f16.37:tf16.86:p0.0221:tok-1
token_full_v5,combined_stress,0,1003,,0,0.89583,2.74647,1.18959,0.16544,1.24728,0.02870,0.00000,0.15116,0.06977,6,5,0.71573,-0.12073,0.66890,784.60409,0.44235,43,0:x-0.116:y-0.422:f0.00:tf11.45:p0.0000:tok1;15:x0.023:y-0.416:f8.46:tf11.45:p0.0227:tok2;30:x0.026:y-0.358:f8.73:tf11.45:p0.0256:tok2;45:x0.027:y-0.261:f9.30:tf11.45:p0.0273:tok4;60:x0.027:y-0.141:f9.52:tf11.45:p0.0274:tok4;75:x0.030:y-0.014:f15.84:tf16.60:p0.0203:tok4;90:x0.028:y0.107:f14.42:tf16.60:p0.0184:tok4;95:x0.028:y0.139:f14.03:tf16.60:p0.0181:tok5
ablate_no_memory,combined_stress,0,1003,,0,0.88542,2.59782,0.89729,0.15649,1.40408,0.03004,0.00000,0.47059,0.08235,7,5,0.54040,-0.10324,0.73024,762.88743,0.44239,10,0:x-0.116:y-0.424:f0.00:tf11.45:p0.0000:tok3;15:x0.020:y-0.420:f8.33:tf11.45:p0.0205:tok5;30:x0.025:y-0.365:f9.28:tf11.45:p0.0253:tok6;45:x0.030:y-0.261:f11.66:tf11.45:p0.0296:tok3;60:x0.030:y-0.121:f10.28:tf11.45:p0.0296:tok3;75:x0.032:y0.024:f17.60:tf16.60:p0.0224:tok3;90:x0.031:y0.156:f15.96:tf16.60:p0.0209:tok3;95:x0.030:y0.192:f14.91:tf16.60:p0.0204:tok6
ablate_no_discrete_tokens,combined_stress,0,1003,,1,0.91667,1.97259,1.14694,0.11882,1.65213,0.03470,0.00000,0.57955,0.09091,8,5,0.73585,-0.08443,0.83265,766.88645,0.44239,0,0:x-0.103:y-0.429:f0.20:tf11.45:p0.0000:tok1;15:x0.030:y-0.419:f10.06:tf11.45:p0.0303:tok1;30:x0.030:y-0.341:f12.35:tf11.45:p0.0299:tok1;45:x0.032:y-0.209:f9.89:tf11.45:p0.0322:tok1;60:x0.034:y-0.050:f11.74:tf11.45:p0.0340:tok1;75:x0.033:y0.107:f17.63:tf16.60:p0.0231:tok1;90:x0.032:y0.246:f17.81:tf16.60:p0.0217:tok1;95:x0.032:y0.280:f16.76:tf16.60:p0.0215:tok1
ablate_no_force_update,combined_stress,0,1003,,0,0.90625,3.33782,2.67002,0.20106,1.31460,0.02637,0.00000,0.14943,0.02299,2,5,0.73915,-0.11397,0.66006,420.00000,0.20000,64,0:x-0.113:y-0.435:f0.62:tf11.45:p0.0000:tok1;15:x0.024:y-0.429:f9.74:tf11.45:p0.0243:tok6;30:x0.025:y-0.372:f8.89:tf11.45:p0.0252:tok2;45:x0.026:y-0.271:f10.44:tf11.45:p0.0256:tok4;60:x0.024:y-0.146:f8.51:tf11.45:p0.0243:tok6;75:x0.034:y-0.020:f18.97:tf16.60:p0.0243:tok4;90:x0.035:y0.096:f19.55:tf16.60:p0.0246:tok2;95:x0.036:y0.131:f20.02:tf16.60:p0.0262:tok5
ablate_no_transition_planner,combined_stress,0,1003,,0,0.89583,2.85030,1.55958,0.17169,1.12835,0.02816,0.00000,0.08140,0.02326,2,5,0.82617,-0.13668,0.66801,766.14152,0.44241,44,0:x-0.132:y-0.431:f0.90:tf11.45:p0.0000:tok1;15:x0.023:y-0.425:f9.44:tf11.45:p0.0231:tok6;30:x0.027:y-0.363:f9.36:tf11.45:p0.0267:tok6;45:x0.027:y-0.263:f9.58:tf11.45:p0.0272:tok4;60:x0.026:y-0.144:f9.40:tf11.45:p0.0257:tok4;75:x0.030:y-0.019:f15.83:tf16.60:p0.0203:tok4;90:x0.029:y0.102:f15.45:tf16.60:p0.0187:tok4;95:x0.029:y0.138:f14.01:tf16.60:p0.0191:tok6
ablate_no_safety_penalty,combined_stress,0,1003,,0,0.89583,2.75201,1.38093,0.16577,1.22046,0.02875,0.00000,0.08140,0.08140,7,5,0.73802,-0.12587,0.66706,769.03126,0.44235,49,0:x-0.119:y-0.419:f0.19:tf11.45:p0.0000:tok1;15:x0.024:y-0.413:f9.03:tf11.45:p0.0241:tok4;30:x0.027:y-0.355:f9.26:tf11.45:p0.0270:tok6;45:x0.028:y-0.257:f11.60:tf11.45:p0.0281:tok4;60:x0.028:y-0.140:f10.45:tf11.45:p0.0284:tok4;75:x0.030:y-0.015:f16.83:tf16.60:p0.0203:tok4;90:x0.029:y0.105:f13.85:tf16.60:p0.0187:tok6;95:x0.029:y0.138:f14.94:tf16.60:p0.0194:tok6
ablate_no_slip_context,combined_stress,0,1003,,0,0.90625,2.87003,1.74040,0.17288,1.21715,0.02978,0.00000,0.13793,0.08046,7,5,0.78540,-0.12455,0.64208,772.21749,0.44226,37,0:x-0.116:y-0.435:f0.72:tf11.45:p0.0000:tok1;15:x0.022:y-0.428:f8.55:tf11.45:p0.0225:tok5;30:x0.026:y-0.365:f9.26:tf11.45:p0.0261:tok6;45:x0.030:y-0.266:f11.90:tf11.45:p0.0297:tok6;60:x0.028:y-0.136:f9.64:tf11.45:p0.0280:tok6;75:x0.029:y-0.022:f14.33:tf16.60:p0.0194:tok6;90:x0.029:y0.084:f14.51:tf16.60:p0.0190:tok6;95:x0.029:y0.116:f15.46:tf16.60:p0.0192:tok6
ablate_no_tail_risk_objective,combined_stress,0,1003,,0,0.90625,2.02823,0.79466,0.12218,1.35652,0.03021,0.00000,0.36782,0.11494,10,5,0.59741,-0.06238,0.73929,774.20119,0.44231,20,0:x-0.101:y-0.421:f1.19:tf11.45:p0.0000:tok1;15:x0.026:y-0.414:f10.26:tf11.45:p0.0263:tok7;30:x0.030:y-0.338:f10.56:tf11.45:p0.0301:tok3;45:x0.030:y-0.227:f11.33:tf11.45:p0.0296:tok3;60:x0.029:y-0.098:f10.89:tf11.45:p0.0290:tok3;75:x0.032:y0.037:f17.32:tf16.60:p0.0223:tok3;90:x0.031:y0.164:f16.33:tf16.60:p0.0209:tok3;95:x0.031:y0.199:f17.40:tf16.60:p0.0211:tok3
ablate_no_calibration_guard,combined_stress,0,1003,,0,0.90625,2.08118,0.94659,0.12536,1.36860,0.03196,0.00000,0.13793,0.09195,8,5,0.95191,-0.12934,0.67533,778.31940,0.44223,35,0:x-0.113:y-0.413:f0.00:tf11.45:p0.0000:tok1;15:x0.032:y-0.405:f11.31:tf11.45:p0.0319:tok7;30:x0.028:y-0.346:f10.77:tf11.45:p0.0275:tok7;45:x0.029:y-0.242:f12.05:tf11.45:p0.0288:tok6;60:x0.029:y-0.116:f10.35:tf11.45:p0.0291:tok6;75:x0.030:y0.005:f15.77:tf16.60:p0.0200:tok6;90:x0.030:y0.108:f15.90:tf16.60:p0.0198:tok7;95:x0.030:y0.144:f16.17:tf16.60:p0.0199:tok7
ablate_no_phase_memory,combined_stress,0,1003,,0,0.90625,2.45340,0.92324,0.14779,1.50345,0.03035,0.00000,0.45977,0.08046,7,5,0.71937,-0.10330,0.73179,776.69205,0.44236,37,0:x-0.114:y-0.441:f0.81:tf11.45:p0.0000:tok1;15:x0.023:y-0.434:f10.33:tf11.45:p0.0228:tok4;30:x0.027:y-0.366:f10.31:tf11.45:p0.0266:tok4;45:x0.029:y-0.253:f11.41:tf11.45:p0.0294:tok3;60:x0.030:y-0.114:f9.78:tf11.45:p0.0304:tok3;75:x0.033:y0.026:f18.32:tf16.60:p0.0227:tok3;90:x0.031:y0.157:f15.77:tf16.60:p0.0207:tok3;95:x0.031:y0.193:f17.33:tf16.60:p0.0206:tok6
impedance_token_policy_v4,combined_stress,0,1003,,0,0.90625,2.31890,0.83295,0.13968,1.25526,0.03027,0.00000,0.39080,0.09195,8,5,0.81405,-0.10587,0.71730,786.11670,0.44242,69,0:x-0.115:y-0.429:f0.00:tf11.45:p0.0000:tok1;15:x0.024:y-0.424:f8.93:tf11.45:p0.0240:tok6;30:x0.027:y-0.359:f9.92:tf11.45:p0.0272:tok7;45:x0.029:y-0.247:f10.31:tf11.45:p0.0289:tok4;60:x0.026:y-0.118:f8.80:tf11.45:p0.0263:tok4;75:x0.031:y0.012:f17.73:tf16.60:p0.0214:tok4;90:x0.030:y0.140:f15.56:tf16.60:p0.0203:tok6;95:x0.031:y0.180:f17.50:tf16.60:p0.0206:tok6
learned_only_token_replacement,combined_stress,0,1003,,1,0.89583,2.81343,1.46662,0.16947,1.47167,0.03178,0.00000,0.53488,0.10465,9,5,0.69100,-0.19315,0.78159,780.46167,0.44231,0,0:x-0.125:y-0.428:f0.00:tf11.45:p0.0000:tok-1;15:x0.018:y-0.421:f8.36:tf11.45:p0.0185:tok-1;30:x0.028:y-0.350:f9.43:tf11.45:p0.0275:tok-1;45:x0.030:y-0.224:f10.08:tf11.45:p0.0300:tok-1;60:x0.031:y-0.073:f10.94:tf11.45:p0.0314:tok-1;75:x0.034:y0.073:f17.15:tf16.60:p0.0238:tok-1;90:x0.031:y0.202:f16.13:tf16.60:p0.0211:tok-1;95:x0.031:y0.236:f17.47:tf16.60:p0.0205:tok-1
token_full_v5,combined_stress,1,1000,,0,0.89583,2.78949,2.01782,0.16519,1.16561,0.02124,0.00000,0.25581,0.05814,5,5,0.69275,-0.10636,0.66464,741.40297,0.45230,39,0:x-0.113:y-0.440:f0.33:tf10.43:p0.0000:tok1;15:x0.018:y-0.434:f8.14:tf10.43:p0.0180:tok7;30:x0.020:y-0.373:f8.72:tf10.43:p0.0201:tok6;45:x0.021:y-0.277:f8.98:tf10.43:p0.0209:tok4;60:x0.025:y-0.151:f11.84:tf16.89:p0.0151:tok6;75:x0.031:y-0.019:f14.62:tf16.89:p0.0207:tok4;90:x0.031:y0.101:f16.14:tf16.89:p0.0207:tok4;95:x0.030:y0.135:f16.34:tf16.89:p0.0200:tok6
ablate_no_memory,combined_stress,1,1000,,0,0.87500,2.42074,1.13731,0.14335,1.11446,0.02241,0.00000,0.45238,0.05952,5,5,0.55488,-0.09783,0.72099,724.53434,0.45239,9,0:x-0.124:y-0.427:f1.51:tf10.43:p0.0000:tok3;15:x0.016:y-0.424:f8.40:tf10.43:p0.0159:tok0;30:x0.021:y-0.367:f9.21:tf10.43:p0.0208:tok6;45:x0.020:y-0.278:f8.87:tf10.43:p0.0202:tok6;60:x0.024:y-0.142:f10.53:tf16.89:p0.0142:tok3;75:x0.032:y0.007:f16.60:tf16.89:p0.0224:tok3;90:x0.032:y0.146:f16.10:tf16.89:p0.0222:tok3;95:x0.032:y0.183:f17.16:tf16.89:p0.0223:tok3
ablate_no_discrete_tokens,combined_stress,1,1000,,1,0.91667,1.75100,0.83188,0.10369,1.33745,0.02662,0.00000,0.57955,0.13636,12,5,0.76635,-0.09621,0.83108,728.08669,0.45228,0,0:x-0.113:y-0.424:f0.00:tf10.43:p0.0000:tok1;15:x0.026:y-0.414:f11.70:tf10.43:p0.0262:tok1;30:x0.025:y-0.338:f10.90:tf10.43:p0.0245:tok1;45:x0.025:y-0.206:f11.51:tf10.43:p0.0249:tok1;60:x0.028:y-0.048:f13.00:tf16.89:p0.0175:tok1;75:x0.034:y0.106:f17.58:tf16.89:p0.0236:tok1;90:x0.033:y0.244:f16.91:tf16.89:p0.0234:tok1;95:x0.033:y0.279:f17.19:tf16.89:p0.0232:tok1
ablate_no_force_update,combined_stress,1,1000,,0,0.89583,2.73442,2.33512,0.16193,1.21097,0.02715,0.00000,0.22093,0.02326,2,5,0.68860,-0.10884,0.65008,420.00000,0.20000,48,0:x-0.113:y-0.439:f0.06:tf10.43:p0.0000:tok1;15:x0.021:y-0.433:f8.93:tf10.43:p0.0206:tok7;30:x0.021:y-0.375:f9.28:tf10.43:p0.0209:tok6;45:x0.021:y-0.282:f8.46:tf10.43:p0.0206:tok6;60:x0.025:y-0.161:f11.12:tf16.89:p0.0151:tok6;75:x0.036:y-0.029:f19.05:tf16.89:p0.0264:tok4;90:x0.036:y0.091:f19.57:tf16.89:p0.0261:tok6;95:x0.035:y0.123:f18.05:tf16.89:p0.0253:tok6
ablate_no_transition_planner,combined_stress,1,1000,,0,0.89583,2.84276,1.93969,0.16835,1.09257,0.02205,0.00000,0.04651,0.01163,1,5,0.70741,-0.11582,0.66690,724.67698,0.45229,41,0:x-0.118:y-0.425:f0.50:tf10.43:p0.0000:tok1;15:x0.019:y-0.419:f10.10:tf10.43:p0.0190:tok4;30:x0.021:y-0.360:f7.98:tf10.43:p0.0211:tok6;45:x0.022:y-0.261:f8.21:tf10.43:p0.0216:tok4;60:x0.024:y-0.143:f10.61:tf16.89:p0.0145:tok7;75:x0.031:y-0.017:f14.47:tf16.89:p0.0208:tok4;90:x0.030:y0.103:f14.82:tf16.89:p0.0200:tok6;95:x0.030:y0.137:f14.99:tf16.89:p0.0204:tok6
ablate_no_safety_penalty,combined_stress,1,1000,,0,0.89583,2.97819,2.21345,0.17637,1.20308,0.02176,0.00000,0.27907,0.05814,5,5,0.80535,-0.13238,0.66170,722.56066,0.45233,49,0:x-0.127:y-0.445:f0.00:tf10.43:p0.0000:tok1;15:x0.018:y-0.440:f7.52:tf10.43:p0.0177:tok5;30:x0.020:y-0.381:f6.84:tf10.43:p0.0200:tok2;45:x0.022:y-0.283:f7.99:tf10.43:p0.0215:tok4;60:x0.025:y-0.158:f10.51:tf16.89:p0.0148:tok6;75:x0.031:y-0.022:f14.73:tf16.89:p0.0206:tok4;90:x0.030:y0.098:f15.70:tf16.89:p0.0200:tok6;95:x0.030:y0.133:f14.69:tf16.89:p0.0204:tok6
ablate_no_slip_context,combined_stress,1,1000,,0,0.89583,2.70229,1.86826,0.16003,1.21572,0.02433,0.00000,0.20930,0.04651,4,5,0.81074,-0.11611,0.66066,742.26154,0.45225,44,0:x-0.111:y-0.440:f0.97:tf10.43:p0.0000:tok1;15:x0.020:y-0.433:f8.69:tf10.43:p0.0196:tok6;30:x0.021:y-0.371:f9.35:tf10.43:p0.0210:tok6;45:x0.023:y-0.277:f5.23:tf10.43:p0.0231:tok2;60:x0.024:y-0.149:f10.18:tf16.89:p0.0136:tok5;75:x0.031:y-0.017:f15.84:tf16.89:p0.0206:tok6;90:x0.031:y0.098:f15.99:tf16.89:p0.0209:tok6;95:x0.030:y0.132:f16.10:tf16.89:p0.0201:tok6
ablate_no_tail_risk_objective,combined_stress,1,1000,,0,0.89583,1.85789,0.84417,0.11002,1.14812,0.02485,0.00000,0.39535,0.09302,8,5,0.64867,-0.07823,0.73555,727.72358,0.45223,23,0:x-0.114:y-0.431:f0.73:tf10.43:p0.0000:tok1;15:x0.022:y-0.424:f10.25:tf10.43:p0.0221:tok0;30:x0.024:y-0.345:f9.63:tf10.43:p0.0244:tok3;45:x0.024:y-0.231:f9.44:tf10.43:p0.0238:tok3;60:x0.025:y-0.100:f10.23:tf16.89:p0.0155:tok3;75:x0.033:y0.034:f16.09:tf16.89:p0.0227:tok3;90:x0.032:y0.161:f16.42:tf16.89:p0.0221:tok3;95:x0.032:y0.196:f16.58:tf16.89:p0.0225:tok2
ablate_no_calibration_guard,combined_stress,1,1000,,0,0.90625,2.32816,1.70220,0.13787,1.22027,0.02722,0.00000,0.19540,0.12644,11,5,1.01188,-0.15486,0.66657,732.95746,0.45221,31,0:x-0.116:y-0.435:f0.00:tf10.43:p0.0000:tok1;15:x0.027:y-0.425:f11.71:tf10.43:p0.0272:tok7;30:x0.022:y-0.359:f8.61:tf10.43:p0.0219:tok6;45:x0.022:y-0.270:f10.31:tf10.43:p0.0222:tok6;60:x0.024:y-0.145:f10.30:tf16.89:p0.0141:tok7;75:x0.030:y-0.014:f14.50:tf16.89:p0.0202:tok6;90:x0.031:y0.105:f15.53:tf16.89:p0.0207:tok6;95:x0.031:y0.137:f15.39:tf16.89:p0.0206:tok6
ablate_no_phase_memory,combined_stress,1,1000,,0,0.89583,2.16056,1.07731,0.12795,1.20196,0.02331,0.00000,0.47674,0.09302,8,5,0.67768,-0.09120,0.73170,727.72200,0.45229,30,0:x-0.115:y-0.443:f0.16:tf10.43:p0.0000:tok1;15:x0.019:y-0.436:f9.43:tf10.43:p0.0192:tok0;30:x0.022:y-0.367:f9.12:tf10.43:p0.0219:tok7;45:x0.023:y-0.251:f8.67:tf10.43:p0.0230:tok3;60:x0.025:y-0.112:f11.29:tf16.89:p0.0150:tok3;75:x0.032:y0.027:f16.22:tf16.89:p0.0225:tok3;90:x0.032:y0.157:f17.14:tf16.89:p0.0224:tok3;95:x0.032:y0.193:f16.67:tf16.89:p0.0222:tok0
impedance_token_policy_v4,combined_stress,1,1000,,0,0.89583,2.22168,1.45400,0.13157,1.21539,0.02444,0.00000,0.32558,0.09302,8,5,0.74589,-0.09519,0.71042,722.29881,0.45229,73,0:x-0.110:y-0.427:f0.00:tf10.43:p0.0000:tok1;15:x0.021:y-0.422:f9.85:tf10.43:p0.0212:tok7;30:x0.023:y-0.358:f10.16:tf10.43:p0.0235:tok4;45:x0.024:y-0.244:f9.94:tf10.43:p0.0244:tok4;60:x0.024:y-0.115:f11.20:tf16.89:p0.0142:tok5;75:x0.031:y0.014:f16.41:tf16.89:p0.0213:tok6;90:x0.031:y0.137:f15.31:tf16.89:p0.0212:tok7;95:x0.032:y0.174:f15.43:tf16.89:p0.0221:tok0
learned_only_token_replacement,combined_stress,1,1000,,1,0.89583,2.25328,0.85000,0.13344,1.25531,0.02492,0.00000,0.55814,0.12791,11,5,0.58861,-0.14707,0.77719,725.31716,0.45224,0,0:x-0.112:y-0.433:f0.06:tf10.43:p0.0000:tok-1;15:x0.015:y-0.428:f5.32:tf10.43:p0.0150:tok-1;30:x0.022:y-0.356:f10.19:tf10.43:p0.0224:tok-1;45:x0.024:y-0.227:f12.58:tf10.43:p0.0241:tok-1;60:x0.027:y-0.075:f11.56:tf16.89:p0.0167:tok-1;75:x0.033:y0.069:f17.38:tf16.89:p0.0232:tok-1;90:x0.033:y0.198:f15.52:tf16.89:p0.0226:tok-1;95:x0.033:y0.232:f15.99:tf16.89:p0.0227:tok-1
token_full_v5,combined_stress,1,1001,,0,0.89583,3.08950,3.43784,0.17516,1.45705,0.02552,0.00000,0.04651,0.01163,1,5,0.71131,-0.11319,0.65286,825.24093,0.47749,48,0:x-0.116:y-0.434:f0.00:tf9.94:p0.0000:tok1;15:x0.019:y-0.428:f6.60:tf9.94:p0.0186:tok2;30:x0.024:y-0.364:f7.91:tf9.94:p0.0238:tok6;45:x0.025:y-0.262:f7.93:tf9.94:p0.0252:tok4;60:x0.022:y-0.145:f11.29:tf9.94:p0.0124:tok4;75:x0.025:y-0.020:f12.16:tf17.64:p0.0148:tok6;90:x0.029:y0.093:f15.33:tf17.64:p0.0186:tok6;95:x0.029:y0.125:f15.17:tf17.64:p0.0191:tok6
ablate_no_memory,combined_stress,1,1001,,0,0.87500,2.88522,1.90485,0.16357,1.61141,0.02564,0.00000,0.45238,0.04762,4,5,0.53741,-0.09588,0.71721,826.79918,0.47764,15,0:x-0.120:y-0.442:f0.00:tf9.94:p0.0000:tok3;15:x0.014:y-0.439:f6.07:tf9.94:p0.0144:tok5;30:x0.024:y-0.373:f7.64:tf9.94:p0.0239:tok6;45:x0.025:y-0.273:f8.40:tf9.94:p0.0255:tok3;60:x0.023:y-0.141:f10.08:tf9.94:p0.0131:tok3;75:x0.026:y0.005:f14.49:tf17.64:p0.0161:tok3;90:x0.030:y0.144:f16.46:tf17.64:p0.0205:tok3;95:x0.030:y0.180:f16.96:tf17.64:p0.0204:tok6
ablate_no_discrete_tokens,combined_stress,1,1001,,0,0.91667,2.07437,1.26688,0.11760,1.89362,0.03058,0.02273,0.60227,0.03409,3,5,0.67936,-0.07261,0.82889,823.48915,0.47756,0,0:x-0.103:y-0.441:f0.00:tf9.94:p0.0000:tok1;15:x0.027:y-0.430:f8.53:tf9.94:p0.0267:tok1;30:x0.028:y-0.346:f8.91:tf9.94:p0.0285:tok1;45:x0.031:y-0.208:f10.25:tf9.94:p0.0305:tok1;60:x0.023:y-0.054:f9.20:tf9.94:p0.0134:tok1;75:x0.027:y0.102:f15.53:tf17.64:p0.0173:tok1;90:x0.031:y0.243:f16.90:tf17.64:p0.0214:tok1;95:x0.031:y0.277:f17.85:tf17.64:p0.0214:tok1
ablate_no_force_update,combined_stress,1,1001,,0,0.89583,3.59873,3.63890,0.20403,1.44735,0.03020,0.00000,0.27907,0.02326,2,5,0.85673,-0.12817,0.68609,420.00000,0.20000,63,0:x-0.123:y-0.428:f0.00:tf9.94:p0.0000:tok1;15:x0.019:y-0.424:f7.18:tf9.94:p0.0193:tok5;30:x0.023:y-0.366:f7.44:tf9.94:p0.0231:tok6;45:x0.022:y-0.262:f6.74:tf9.94:p0.0218:tok6;60:x0.026:y-0.141:f13.70:tf9.94:p0.0161:tok6;75:x0.030:y-0.002:f18.59:tf17.64:p0.0200:tok4;90:x0.038:y0.118:f23.84:tf17.64:p0.0278:tok6;95:x0.040:y0.153:f25.53:tf17.64:p0.0302:tok6
ablate_no_transition_planner,combined_stress,1,1001,,0,0.89583,3.16471,3.32671,0.17942,1.55935,0.02741,0.00000,0.11628,0.03488,3,6,0.73022,-0.12158,0.65522,820.50034,0.47748,46,0:x-0.118:y-0.426:f0.00:tf9.94:p0.0000:tok1;15:x0.019:y-0.421:f7.65:tf9.94:p0.0190:tok0;30:x0.023:y-0.362:f7.95:tf9.94:p0.0233:tok6;45:x0.027:y-0.266:f10.34:tf9.94:p0.0270:tok4;60:x0.023:y-0.146:f10.98:tf9.94:p0.0130:tok4;75:x0.025:y-0.017:f12.79:tf17.64:p0.0154:tok6;90:x0.029:y0.096:f16.52:tf17.64:p0.0189:tok6;95:x0.029:y0.128:f15.37:tf17.64:p0.0193:tok6
ablate_no_safety_penalty,combined_stress,1,1001,,0,0.89583,3.17122,3.42663,0.17979,1.45153,0.02607,0.00000,0.04651,0.04651,4,6,0.68098,-0.10668,0.65091,828.69746,0.47748,45,0:x-0.111:y-0.434:f0.02:tf9.94:p0.0000:tok1;15:x0.020:y-0.428:f6.87:tf9.94:p0.0196:tok2;30:x0.025:y-0.360:f7.66:tf9.94:p0.0252:tok6;45:x0.025:y-0.262:f6.79:tf9.94:p0.0255:tok2;60:x0.022:y-0.146:f10.35:tf9.94:p0.0116:tok4;75:x0.025:y-0.021:f12.71:tf17.64:p0.0150:tok6;90:x0.029:y0.093:f15.91:tf17.64:p0.0188:tok6;95:x0.029:y0.124:f15.60:tf17.64:p0.0190:tok6
ablate_no_slip_context,combined_stress,1,1001,,0,0.89583,2.85780,2.54301,0.16202,1.48688,0.02514,0.00000,0.11628,0.02326,2,5,0.76819,-0.10732,0.65991,831.26699,0.47750,46,0:x-0.114:y-0.423:f0.00:tf9.94:p0.0000:tok1;15:x0.019:y-0.418:f7.39:tf9.94:p0.0193:tok2;30:x0.023:y-0.357:f7.78:tf9.94:p0.0232:tok6;45:x0.024:y-0.260:f7.89:tf9.94:p0.0243:tok6;60:x0.022:y-0.148:f12.30:tf9.94:p0.0121:tok6;75:x0.027:y-0.034:f15.01:tf17.64:p0.0169:tok2;90:x0.029:y0.096:f14.88:tf17.64:p0.0187:tok2;95:x0.029:y0.131:f15.85:tf17.64:p0.0188:tok6
ablate_no_tail_risk_objective,combined_stress,1,1001,,0,0.89583,2.56161,1.91567,0.14523,1.56037,0.02791,0.00000,0.32558,0.02326,2,5,0.62102,-0.07106,0.73623,825.19372,0.47751,28,0:x-0.110:y-0.438:f0.00:tf9.94:p0.0000:tok1;15:x0.020:y-0.432:f7.64:tf9.94:p0.0196:tok7;30:x0.027:y-0.351:f8.35:tf9.94:p0.0271:tok3;45:x0.028:y-0.236:f10.96:tf9.94:p0.0277:tok3;60:x0.024:y-0.106:f11.53:tf9.94:p0.0136:tok3;75:x0.026:y0.033:f13.10:tf17.64:p0.0158:tok3;90:x0.030:y0.161:f17.64:tf17.64:p0.0203:tok3;95:x0.031:y0.196:f16.64:tf17.64:p0.0208:tok3
ablate_no_calibration_guard,combined_stress,1,1001,,0,0.90625,2.42744,2.38490,0.13762,1.55342,0.02943,0.00000,0.12644,0.02299,2,5,0.99529,-0.15159,0.66990,814.88032,0.47737,35,0:x-0.114:y-0.431:f0.00:tf9.94:p0.0000:tok1;15:x0.025:y-0.422:f8.19:tf9.94:p0.0249:tok7;30:x0.026:y-0.353:f8.53:tf9.94:p0.0259:tok7;45:x0.026:y-0.246:f9.85:tf9.94:p0.0264:tok6;60:x0.023:y-0.125:f10.03:tf9.94:p0.0132:tok6;75:x0.029:y-0.009:f16.90:tf17.64:p0.0186:tok6;90:x0.028:y0.110:f14.91:tf17.64:p0.0185:tok5;95:x0.030:y0.140:f16.30:tf17.64:p0.0199:tok6
ablate_no_phase_memory,combined_stress,1,1001,,0,0.89583,2.64917,2.02716,0.15019,1.69147,0.02839,0.00000,0.33721,0.01163,1,5,0.62467,-0.08211,0.72522,818.40342,0.47752,37,0:x-0.110:y-0.424:f0.00:tf9.94:p0.0000:tok1;15:x0.021:y-0.418:f7.51:tf9.94:p0.0207:tok4;30:x0.026:y-0.350:f8.03:tf9.94:p0.0264:tok7;45:x0.028:y-0.240:f9.38:tf9.94:p0.0284:tok3;60:x0.023:y-0.115:f10.74:tf9.94:p0.0131:tok3;75:x0.026:y0.021:f14.33:tf17.64:p0.0161:tok3;90:x0.030:y0.153:f16.17:tf17.64:p0.0204:tok3;95:x0.030:y0.188:f16.53:tf17.64:p0.0201:tok6
impedance_token_policy_v4,combined_stress,1,1001,,0,0.89583,2.75852,2.35502,0.15639,1.61259,0.02785,0.00000,0.36047,0.05814,5,5,0.81706,-0.10336,0.70776,819.89841,0.47755,72,0:x-0.117:y-0.445:f0.00:tf9.94:p0.0000:tok1;15:x0.021:y-0.439:f6.45:tf9.94:p0.0208:tok5;30:x0.026:y-0.368:f8.72:tf9.94:p0.0263:tok4;45:x0.026:y-0.249:f6.45:tf9.94:p0.0259:tok5;60:x0.022:y-0.121:f13.47:tf9.94:p0.0124:tok3;75:x0.026:y0.008:f13.58:tf17.64:p0.0160:tok3;90:x0.030:y0.133:f16.46:tf17.64:p0.0201:tok2;95:x0.032:y0.172:f17.25:tf17.64:p0.0215:tok6
learned_only_token_replacement,combined_stress,1,1001,,1,0.89583,3.06353,2.20964,0.17368,1.74129,0.02884,0.01163,0.55814,0.03488,3,5,0.52703,-0.12988,0.77625,816.34828,0.47756,0,0:x-0.108:y-0.422:f0.79:tf9.94:p0.0000:tok-1;15:x0.016:y-0.418:f7.04:tf9.94:p0.0156:tok-1;30:x0.025:y-0.348:f7.86:tf9.94:p0.0248:tok-1;45:x0.029:y-0.220:f8.98:tf9.94:p0.0286:tok-1;60:x0.025:y-0.078:f13.69:tf9.94:p0.0145:tok-1;75:x0.027:y0.064:f16.16:tf17.64:p0.0165:tok-1;90:x0.030:y0.197:f16.30:tf17.64:p0.0198:tok-1;95:x0.030:y0.231:f17.09:tf17.64:p0.0200:tok-1
token_full_v5,combined_stress,1,1002,,0,0.89583,2.94163,2.02556,0.17635,1.51272,0.02631,0.00000,0.12791,0.05814,5,5,0.67980,-0.09626,0.66670,790.91835,0.42660,55,0:x-0.115:y-0.434:f0.63:tf9.50:p0.0000:tok1;15:x0.018:y-0.429:f7.53:tf9.50:p0.0181:tok0;30:x0.023:y-0.365:f7.34:tf9.50:p0.0233:tok6;45:x0.026:y-0.266:f8.78:tf9.50:p0.0261:tok4;60:x0.026:y-0.143:f13.35:tf16.68:p0.0155:tok6;75:x0.029:y-0.017:f15.10:tf16.68:p0.0190:tok4;90:x0.028:y0.102:f15.06:tf16.68:p0.0183:tok4;95:x0.029:y0.137:f14.61:tf16.68:p0.0186:tok6
ablate_no_memory,combined_stress,1,1002,,0,0.87500,2.66152,1.02934,0.15955,1.60793,0.02767,0.00000,0.46429,0.08333,7,5,0.49300,-0.07866,0.72406,781.05458,0.42666,13,0:x-0.116:y-0.426:f0.57:tf9.50:p0.0000:tok3;15:x0.014:y-0.423:f6.46:tf9.50:p0.0138:tok5;30:x0.024:y-0.365:f7.88:tf9.50:p0.0237:tok6;45:x0.026:y-0.270:f8.21:tf9.50:p0.0255:tok3;60:x0.028:y-0.134:f13.33:tf16.68:p0.0175:tok3;75:x0.031:y0.010:f16.37:tf16.68:p0.0212:tok3;90:x0.030:y0.148:f16.30:tf16.68:p0.0205:tok3;95:x0.030:y0.186:f15.15:tf16.68:p0.0203:tok3
ablate_no_discrete_tokens,combined_stress,1,1002,,1,0.91667,2.00840,1.12278,0.12040,1.85334,0.03096,0.02273,0.59091,0.04545,4,5,0.77228,-0.09406,0.83335,783.21055,0.42663,0,0:x-0.119:y-0.423:f1.25:tf9.50:p0.0000:tok1;15:x0.025:y-0.414:f8.39:tf9.50:p0.0255:tok1;30:x0.028:y-0.339:f9.31:tf9.50:p0.0279:tok1;45:x0.031:y-0.207:f8.88:tf9.50:p0.0307:tok1;60:x0.025:y-0.050:f12.73:tf16.68:p0.0152:tok1;75:x0.032:y0.104:f17.87:tf16.68:p0.0217:tok1;90:x0.032:y0.245:f17.21:tf16.68:p0.0217:tok1;95:x0.031:y0.280:f16.91:tf16.68:p0.0212:tok1
ablate_no_force_update,combined_stress,1,1002,,0,0.89583,3.57653,3.42556,0.21441,1.46131,0.02770,0.00000,0.13953,0.03488,3,5,0.76792,-0.11971,0.67169,420.00000,0.20000,60,0:x-0.118:y-0.435:f0.17:tf9.50:p0.0000:tok1;15:x0.019:y-0.431:f6.47:tf9.50:p0.0187:tok5;30:x0.024:y-0.364:f7.45:tf9.50:p0.0242:tok6;45:x0.022:y-0.261:f6.50:tf9.50:p0.0215:tok6;60:x0.025:y-0.137:f13.21:tf16.68:p0.0152:tok6;75:x0.037:y-0.010:f21.82:tf16.68:p0.0266:tok6;90:x0.036:y0.106:f20.45:tf16.68:p0.0257:tok6;95:x0.037:y0.141:f20.74:tf16.68:p0.0273:tok6
ablate_no_transition_planner,combined_stress,1,1002,,0,0.88542,2.90030,2.15214,0.17387,1.46067,0.02589,0.00000,0.03529,0.04706,4,6,0.74997,-0.11626,0.66081,782.95191,0.42661,54,0:x-0.128:y-0.439:f0.00:tf9.50:p0.0000:tok1;15:x0.017:y-0.435:f5.19:tf9.50:p0.0169:tok2;30:x0.025:y-0.367:f8.93:tf9.50:p0.0251:tok6;45:x0.025:y-0.267:f7.19:tf9.50:p0.0251:tok6;60:x0.025:y-0.148:f14.20:tf16.68:p0.0148:tok4;75:x0.029:y-0.024:f14.93:tf16.68:p0.0187:tok4;90:x0.028:y0.097:f13.93:tf16.68:p0.0181:tok6;95:x0.029:y0.131:f13.93:tf16.68:p0.0188:tok5
ablate_no_safety_penalty,combined_stress,1,1002,,0,0.89583,3.01390,2.21222,0.18068,1.38602,0.02644,0.00000,0.06977,0.05814,5,5,0.66485,-0.08607,0.66685,770.84334,0.42660,56,0:x-0.112:y-0.426:f0.65:tf9.50:p0.0000:tok1;15:x0.018:y-0.421:f7.08:tf9.50:p0.0181:tok0;30:x0.024:y-0.362:f7.01:tf9.50:p0.0236:tok6;45:x0.026:y-0.259:f7.77:tf9.50:p0.0255:tok4;60:x0.026:y-0.140:f11.16:tf16.68:p0.0161:tok6;75:x0.029:y-0.017:f14.93:tf16.68:p0.0194:tok4;90:x0.028:y0.102:f15.09:tf16.68:p0.0184:tok6;95:x0.029:y0.136:f14.16:tf16.68:p0.0189:tok2
ablate_no_slip_context,combined_stress,1,1002,,0,0.88542,2.89228,1.71173,0.17339,1.62667,0.02646,0.00000,0.20000,0.01176,1,5,0.87949,-0.12608,0.66683,778.23791,0.42651,52,0:x-0.128:y-0.432:f0.00:tf9.50:p0.0000:tok1;15:x0.017:y-0.427:f7.54:tf9.50:p0.0175:tok4;30:x0.023:y-0.363:f7.70:tf9.50:p0.0231:tok6;45:x0.026:y-0.262:f8.10:tf9.50:p0.0255:tok6;60:x0.028:y-0.137:f15.29:tf16.68:p0.0175:tok6;75:x0.030:y-0.004:f16.87:tf16.68:p0.0201:tok6;90:x0.028:y0.104:f14.13:tf16.68:p0.0182:tok6;95:x0.030:y0.137:f17.01:tf16.68:p0.0202:tok6
ablate_no_tail_risk_objective,combined_stress,1,1002,,1,0.89583,2.31616,0.87420,0.13885,1.75871,0.02909,0.01163,0.44186,0.09302,8,5,0.60775,-0.05945,0.74227,792.59689,0.42656,27,0:x-0.105:y-0.445:f0.80:tf9.50:p0.0000:tok1;15:x0.019:y-0.438:f6.58:tf9.50:p0.0191:tok2;30:x0.027:y-0.356:f7.64:tf9.50:p0.0268:tok3;45:x0.028:y-0.239:f8.20:tf9.50:p0.0281:tok3;60:x0.028:y-0.103:f15.48:tf16.68:p0.0178:tok3;75:x0.031:y0.037:f16.05:tf16.68:p0.0211:tok3;90:x0.030:y0.166:f15.52:tf16.68:p0.0202:tok3;95:x0.030:y0.201:f17.06:tf16.68:p0.0205:tok2
ablate_no_calibration_guard,combined_stress,1,1002,,0,0.89583,2.30443,1.54776,0.13815,1.61231,0.02925,0.00000,0.10465,0.09302,8,5,1.00399,-0.16606,0.67464,788.94629,0.42644,32,0:x-0.126:y-0.410:f0.95:tf9.50:p0.0000:tok1;15:x0.024:y-0.403:f9.00:tf9.50:p0.0244:tok7;30:x0.025:y-0.342:f8.14:tf9.50:p0.0245:tok6;45:x0.028:y-0.242:f7.93:tf9.50:p0.0276:tok6;60:x0.028:y-0.121:f13.81:tf16.68:p0.0177:tok7;75:x0.029:y0.004:f15.28:tf16.68:p0.0195:tok6;90:x0.028:y0.113:f14.80:tf16.68:p0.0183:tok6;95:x0.029:y0.144:f15.00:tf16.68:p0.0186:tok6
ablate_no_phase_memory,combined_stress,1,1002,,0,0.89583,2.59760,1.04721,0.15572,1.67802,0.02899,0.00000,0.46512,0.06977,6,5,0.68334,-0.08769,0.72675,792.15685,0.42662,35,0:x-0.118:y-0.434:f0.00:tf9.50:p0.0000:tok1;15:x0.018:y-0.429:f6.09:tf9.50:p0.0181:tok5;30:x0.026:y-0.363:f7.59:tf9.50:p0.0258:tok0;45:x0.027:y-0.251:f7.93:tf9.50:p0.0273:tok3;60:x0.025:y-0.119:f12.43:tf16.68:p0.0151:tok3;75:x0.031:y0.016:f16.85:tf16.68:p0.0208:tok3;90:x0.031:y0.151:f17.64:tf16.68:p0.0206:tok3;95:x0.030:y0.188:f15.62:tf16.68:p0.0201:tok3
impedance_token_policy_v4,combined_stress,1,1002,,0,0.89583,2.31873,1.22412,0.13900,1.53714,0.02783,0.00000,0.43023,0.05814,5,5,0.77248,-0.08975,0.71621,788.62685,0.42665,69,0:x-0.110:y-0.436:f0.42:tf9.50:p0.0000:tok1;15:x0.020:y-0.429:f6.78:tf9.50:p0.0203:tok6;30:x0.026:y-0.363:f8.21:tf9.50:p0.0263:tok0;45:x0.026:y-0.249:f7.15:tf9.50:p0.0264:tok4;60:x0.026:y-0.118:f13.20:tf16.68:p0.0160:tok3;75:x0.029:y0.012:f15.86:tf16.68:p0.0191:tok7;90:x0.030:y0.143:f15.76:tf16.68:p0.0198:tok6;95:x0.030:y0.179:f15.47:tf16.68:p0.0202:tok6
learned_only_token_replacement,combined_stress,1,1002,,1,0.89583,2.77179,1.35780,0.16616,1.81587,0.03007,0.02326,0.56977,0.03488,3,5,0.55314,-0.12713,0.77917,786.90620,0.42657,0,0:x-0.109:y-0.433:f0.00:tf9.50:p0.0000:tok-1;15:x0.015:y-0.428:f5.03:tf9.50:p0.0149:tok-1;30:x0.025:y-0.355:f7.06:tf9.50:p0.0253:tok-1;45:x0.029:y-0.226:f8.66:tf9.50:p0.0295:tok-1;60:x0.030:y-0.076:f16.58:tf16.68:p0.0195:tok-1;75:x0.031:y0.066:f16.87:tf16.68:p0.0214:tok-1;90:x0.031:y0.198:f17.09:tf16.68:p0.0206:tok-1;95:x0.030:y0.234:f15.88:tf16.68:p0.0204:tok-1
token_full_v5,combined_stress,1,1003,,0,0.89583,3.16750,3.18025,0.18030,1.52959,0.02533,0.00000,0.34884,0.03488,3,7,0.74692,-0.10927,0.68323,809.40262,0.41288,51,0:x-0.119:y-0.423:f0.00:tf9.84:p0.0000:tok1;15:x0.019:y-0.419:f8.17:tf9.84:p0.0186:tok0;30:x0.023:y-0.357:f8.17:tf9.84:p0.0232:tok6;45:x0.024:y-0.264:f7.06:tf9.84:p0.0244:tok6;60:x0.026:y-0.138:f11.36:tf9.84:p0.0160:tok4;75:x0.025:y-0.004:f12.68:tf17.57:p0.0149:tok6;90:x0.029:y0.116:f16.06:tf17.57:p0.0189:tok4;95:x0.029:y0.151:f15.58:tf17.57:p0.0194:tok6
ablate_no_memory,combined_stress,1,1003,,0,0.87500,2.86212,1.41662,0.16291,1.55722,0.02687,0.00000,0.48810,0.08333,7,5,0.57004,-0.09580,0.73359,820.08495,0.41296,15,0:x-0.124:y-0.439:f0.64:tf9.84:p0.0000:tok3;15:x0.014:y-0.436:f6.66:tf9.84:p0.0142:tok5;30:x0.023:y-0.374:f7.95:tf9.84:p0.0231:tok6;45:x0.025:y-0.276:f8.51:tf9.84:p0.0251:tok3;60:x0.027:y-0.133:f14.49:tf9.84:p0.0173:tok4;75:x0.026:y0.017:f14.25:tf17.57:p0.0159:tok3;90:x0.030:y0.157:f16.53:tf17.57:p0.0204:tok3;95:x0.030:y0.194:f16.72:tf17.57:p0.0204:tok3
ablate_no_discrete_tokens,combined_stress,1,1003,,1,0.91667,2.05485,1.34755,0.11696,1.71457,0.02922,0.01136,0.56818,0.09091,8,5,0.71784,-0.08429,0.84284,814.69595,0.41286,0,0:x-0.110:y-0.417:f0.00:tf9.84:p0.0000:tok1;15:x0.026:y-0.408:f9.34:tf9.84:p0.0264:tok1;30:x0.027:y-0.333:f9.03:tf9.84:p0.0271:tok1;45:x0.029:y-0.203:f8.19:tf9.84:p0.0286:tok1;60:x0.028:y-0.045:f16.88:tf9.84:p0.0175:tok1;75:x0.026:y0.115:f12.75:tf17.57:p0.0157:tok1;90:x0.031:y0.255:f18.22:tf17.57:p0.0215:tok1;95:x0.031:y0.289:f17.30:tf17.57:p0.0215:tok1
ablate_no_force_update,combined_stress,1,1003,,0,0.89583,3.35088,3.38187,0.19074,1.47617,0.02965,0.00000,0.36047,0.02326,2,5,0.82026,-0.11345,0.69380,420.00000,0.20000,58,0:x-0.120:y-0.436:f0.00:tf9.84:p0.0000:tok1;15:x0.019:y-0.431:f7.67:tf9.84:p0.0194:tok6;30:x0.022:y-0.369:f7.77:tf9.84:p0.0224:tok6;45:x0.022:y-0.272:f9.11:tf9.84:p0.0219:tok4;60:x0.022:y-0.143:f12.45:tf9.84:p0.0118:tok7;75:x0.028:y0.002:f15.54:tf17.57:p0.0183:tok4;90:x0.034:y0.127:f19.31:tf17.57:p0.0242:tok6;95:x0.039:y0.160:f24.96:tf17.57:p0.0294:tok2
ablate_no_transition_planner,combined_stress,1,1003,,0,0.89583,3.06374,3.24726,0.17439,1.47281,0.02544,0.00000,0.31395,0.04651,4,5,0.71285,-0.10374,0.67408,811.64895,0.41288,44,0:x-0.115:y-0.438:f0.46:tf9.84:p0.0000:tok1;15:x0.018:y-0.432:f6.48:tf9.84:p0.0179:tok5;30:x0.022:y-0.370:f7.29:tf9.84:p0.0225:tok2;45:x0.024:y-0.269:f8.69:tf9.84:p0.0235:tok4;60:x0.025:y-0.142:f9.85:tf9.84:p0.0150:tok4;75:x0.025:y-0.010:f12.36:tf17.57:p0.0149:tok6;90:x0.028:y0.108:f14.74:tf17.57:p0.0180:tok2;95:x0.029:y0.143:f16.02:tf17.57:p0.0194:tok6
ablate_no_safety_penalty,combined_stress,1,1003,,0,0.89583,3.00759,3.08365,0.17119,1.29067,0.02496,0.00000,0.26744,0.04651,4,6,0.70870,-0.11194,0.67527,817.97624,0.41285,47,0:x-0.116:y-0.426:f0.00:tf9.84:p0.0000:tok1;15:x0.018:y-0.422:f6.10:tf9.84:p0.0178:tok5;30:x0.024:y-0.362:f8.32:tf9.84:p0.0237:tok6;45:x0.024:y-0.267:f6.09:tf9.84:p0.0236:tok2;60:x0.025:y-0.143:f11.62:tf9.84:p0.0149:tok4;75:x0.025:y-0.008:f13.19:tf17.57:p0.0149:tok6;90:x0.028:y0.112:f15.45:tf17.57:p0.0181:tok6;95:x0.030:y0.145:f15.46:tf17.57:p0.0198:tok6
ablate_no_slip_context,combined_stress,1,1003,,0,0.89583,2.77812,2.04797,0.15813,1.40381,0.02514,0.00000,0.15116,0.05814,5,5,0.73236,-0.11052,0.66597,827.07275,0.41276,41,0:x-0.112:y-0.423:f0.00:tf9.84:p0.0000:tok1;15:x0.019:y-0.417:f8.42:tf9.84:p0.0192:tok4;30:x0.023:y-0.358:f7.67:tf9.84:p0.0231:tok6;45:x0.024:y-0.264:f8.31:tf9.84:p0.0239:tok6;60:x0.025:y-0.146:f10.00:tf9.84:p0.0149:tok6;75:x0.026:y-0.020:f14.89:tf17.57:p0.0164:tok5;90:x0.028:y0.105:f15.85:tf17.57:p0.0185:tok6;95:x0.029:y0.137:f15.64:tf17.57:p0.0188:tok6
ablate_no_tail_risk_objective,combined_stress,1,1003,,1,0.89583,2.57139,1.87169,0.14637,1.63892,0.02740,0.00000,0.43023,0.02326,2,5,0.67422,-0.07411,0.75633,809.91365,0.41287,27,0:x-0.115:y-0.436:f0.97:tf9.84:p0.0000:tok1;15:x0.021:y-0.429:f9.03:tf9.84:p0.0212:tok0;30:x0.026:y-0.348:f9.90:tf9.84:p0.0263:tok3;45:x0.026:y-0.232:f7.20:tf9.84:p0.0264:tok3;60:x0.027:y-0.098:f16.10:tf9.84:p0.0171:tok3;75:x0.025:y0.047:f13.60:tf17.57:p0.0151:tok3;90:x0.030:y0.178:f17.05:tf17.57:p0.0205:tok3;95:x0.031:y0.213:f17.03:tf17.57:p0.0212:tok2
ablate_no_calibration_guard,combined_stress,1,1003,,0,0.90625,2.36478,1.74245,0.13461,1.54167,0.02792,0.00000,0.33333,0.09195,8,5,0.98305,-0.14478,0.71054,821.06118,0.41281,40,0:x-0.110:y-0.430:f0.24:tf9.84:p0.0000:tok1;15:x0.025:y-0.421:f9.26:tf9.84:p0.0246:tok7;30:x0.024:y-0.354:f7.59:tf9.84:p0.0239:tok6;45:x0.026:y-0.250:f10.00:tf9.84:p0.0258:tok6;60:x0.027:y-0.130:f12.36:tf9.84:p0.0167:tok7;75:x0.027:y0.009:f17.15:tf17.57:p0.0172:tok6;90:x0.030:y0.143:f16.84:tf17.57:p0.0198:tok6;95:x0.029:y0.175:f15.37:tf17.57:p0.0189:tok6
ablate_no_phase_memory,combined_stress,1,1003,,1,0.89583,2.62027,1.59656,0.14915,1.51499,0.02812,0.00000,0.44186,0.06977,6,5,0.60978,-0.07808,0.74325,814.66903,0.41283,37,0:x-0.104:y-0.418:f0.00:tf9.84:p0.0000:tok1;15:x0.020:y-0.412:f8.07:tf9.84:p0.0204:tok4;30:x0.025:y-0.349:f7.56:tf9.84:p0.0247:tok4;45:x0.026:y-0.239:f6.46:tf9.84:p0.0264:tok3;60:x0.028:y-0.104:f14.01:tf9.84:p0.0178:tok3;75:x0.026:y0.037:f14.74:tf17.57:p0.0158:tok3;90:x0.031:y0.169:f16.95:tf17.57:p0.0206:tok3;95:x0.030:y0.203:f16.30:tf17.57:p0.0200:tok6
impedance_token_policy_v4,combined_stress,1,1003,,0,0.89583,2.45794,1.92970,0.13991,1.41204,0.02616,0.00000,0.44186,0.04651,4,5,0.68030,-0.07430,0.71615,812.75693,0.41289,60,0:x-0.109:y-0.446:f0.00:tf9.84:p0.0000:tok1;15:x0.020:y-0.440:f6.44:tf9.84:p0.0199:tok5;30:x0.025:y-0.369:f8.58:tf9.84:p0.0248:tok0;45:x0.026:y-0.253:f9.60:tf9.84:p0.0260:tok4;60:x0.025:y-0.122:f13.39:tf9.84:p0.0148:tok3;75:x0.025:y0.009:f13.03:tf17.57:p0.0153:tok3;90:x0.032:y0.139:f18.10:tf17.57:p0.0217:tok4;95:x0.030:y0.178:f16.32:tf17.57:p0.0203:tok2
learned_only_token_replacement,combined_stress,1,1003,,1,0.88542,3.03041,1.22384,0.17249,1.78816,0.02788,0.02353,0.55294,0.07059,6,5,0.54282,-0.13655,0.79593,826.20716,0.41281,0,0:x-0.110:y-0.413:f0.94:tf9.84:p0.0000:tok-1;15:x0.011:y-0.411:f4.84:tf9.84:p0.0110:tok-1;30:x0.023:y-0.345:f7.28:tf9.84:p0.0229:tok-1;45:x0.027:y-0.220:f11.85:tf9.84:p0.0274:tok-1;60:x0.028:y-0.068:f13.91:tf9.84:p0.0183:tok-1;75:x0.027:y0.082:f15.52:tf17.57:p0.0174:tok-1;90:x0.030:y0.214:f16.65:tf17.57:p0.0201:tok-1;95:x0.030:y0.248:f17.02:tf17.57:p0.0200:tok-1
token_full_v5,combined_stress,2,1000,,0,0.89583,2.94391,2.66063,0.16559,1.21114,0.02405,0.00000,0.36047,0.03488,3,6,0.75456,-0.12199,0.67882,763.48576,0.44112,44,0:x-0.119:y-0.430:f0.31:tf10.08:p0.0000:tok1;15:x0.018:y-0.426:f6.93:tf10.08:p0.0179:tok5;30:x0.023:y-0.365:f8.70:tf10.08:p0.0229:tok6;45:x0.023:y-0.271:f10.42:tf10.08:p0.0234:tok4;60:x0.023:y-0.147:f9.24:tf10.08:p0.0133:tok4;75:x0.029:y-0.013:f14.73:tf17.78:p0.0186:tok7;90:x0.030:y0.114:f15.47:tf17.78:p0.0201:tok4;95:x0.031:y0.148:f16.88:tf17.78:p0.0209:tok6
ablate_no_memory,combined_stress,2,1000,,0,0.88542,2.67528,1.29138,0.15048,1.44220,0.02760,0.00000,0.48235,0.07059,6,5,0.45680,-0.06790,0.73187,772.74281,0.44112,12,0:x-0.102:y-0.447:f0.00:tf10.08:p0.0000:tok3;15:x0.017:y-0.442:f6.60:tf10.08:p0.0166:tok5;30:x0.023:y-0.377:f9.26:tf10.08:p0.0233:tok6;45:x0.025:y-0.273:f8.12:tf10.08:p0.0253:tok3;60:x0.027:y-0.129:f13.67:tf10.08:p0.0172:tok3;75:x0.031:y0.022:f16.55:tf17.78:p0.0208:tok3;90:x0.032:y0.158:f16.64:tf17.78:p0.0218:tok3;95:x0.032:y0.193:f16.61:tf17.78:p0.0216:tok6
ablate_no_discrete_tokens,combined_stress,2,1000,,1,0.91667,1.99032,1.35442,0.11195,1.47983,0.02924,0.00000,0.57955,0.12500,11,5,0.69294,-0.07761,0.83567,761.45101,0.44106,0,0:x-0.105:y-0.428:f0.00:tf10.08:p0.0000:tok1;15:x0.027:y-0.418:f8.82:tf10.08:p0.0270:tok1;30:x0.026:y-0.340:f8.78:tf10.08:p0.0264:tok1;45:x0.027:y-0.207:f8.45:tf10.08:p0.0271:tok1;60:x0.029:y-0.047:f14.88:tf10.08:p0.0188:tok1;75:x0.034:y0.112:f19.05:tf17.78:p0.0237:tok1;90:x0.033:y0.249:f18.34:tf17.78:p0.0234:tok1;95:x0.033:y0.283:f18.94:tf17.78:p0.0234:tok1
ablate_no_force_update,combined_stress,2,1000,,0,0.89583,3.27297,3.26561,0.18410,1.42602,0.03096,0.00000,0.27907,0.02326,2,5,0.71081,-0.10217,0.68273,420.00000,0.20000,62,0:x-0.112:y-0.425:f1.34:tf10.08:p0.0000:tok1;15:x0.020:y-0.419:f8.14:tf10.08:p0.0203:tok6;30:x0.023:y-0.362:f7.48:tf10.08:p0.0226:tok2;45:x0.023:y-0.260:f7.47:tf10.08:p0.0231:tok6;60:x0.022:y-0.133:f9.43:tf10.08:p0.0119:tok4;75:x0.034:y-0.001:f20.53:tf17.78:p0.0244:tok6;90:x0.038:y0.115:f20.38:tf17.78:p0.0278:tok5;95:x0.040:y0.150:f23.12:tf17.78:p0.0303:tok5
ablate_no_transition_planner,combined_stress,2,1000,,0,0.89583,2.90547,2.97181,0.16343,1.22139,0.02435,0.00000,0.17442,0.02326,2,6,0.62500,-0.09367,0.66274,765.14574,0.44105,50,0:x-0.106:y-0.430:f0.00:tf10.08:p0.0000:tok1;15:x0.020:y-0.424:f9.61:tf10.08:p0.0195:tok0;30:x0.023:y-0.363:f7.64:tf10.08:p0.0227:tok6;45:x0.024:y-0.263:f9.46:tf10.08:p0.0236:tok4;60:x0.023:y-0.143:f10.04:tf10.08:p0.0132:tok4;75:x0.029:y-0.012:f14.74:tf17.78:p0.0186:tok6;90:x0.030:y0.101:f14.78:tf17.78:p0.0199:tok2;95:x0.030:y0.134:f15.31:tf17.78:p0.0202:tok6
ablate_no_safety_penalty,combined_stress,2,1000,,0,0.89583,2.85554,2.78090,0.16062,1.15739,0.02337,0.00000,0.20930,0.05814,5,6,0.63695,-0.08777,0.66503,765.09358,0.44108,49,0:x-0.107:y-0.428:f0.00:tf10.08:p0.0000:tok1;15:x0.019:y-0.422:f7.77:tf10.08:p0.0192:tok0;30:x0.023:y-0.362:f8.79:tf10.08:p0.0230:tok6;45:x0.022:y-0.269:f7.96:tf10.08:p0.0217:tok6;60:x0.023:y-0.149:f10.22:tf10.08:p0.0128:tok4;75:x0.029:y-0.016:f14.23:tf17.78:p0.0189:tok6;90:x0.031:y0.101:f16.11:tf17.78:p0.0207:tok4;95:x0.030:y0.135:f14.91:tf17.78:p0.0201:tok2
ablate_no_slip_context,combined_stress,2,1000,,0,0.89583,2.72771,2.14518,0.15343,1.17229,0.02590,0.00000,0.19767,0.04651,4,6,0.78462,-0.11283,0.67096,770.93337,0.44108,40,0:x-0.111:y-0.428:f0.00:tf10.08:p0.0000:tok1;15:x0.019:y-0.422:f8.19:tf10.08:p0.0191:tok4;30:x0.022:y-0.362:f6.76:tf10.08:p0.0224:tok2;45:x0.024:y-0.272:f10.19:tf10.08:p0.0238:tok6;60:x0.024:y-0.149:f11.82:tf10.08:p0.0137:tok6;75:x0.031:y-0.024:f16.78:tf17.78:p0.0210:tok6;90:x0.030:y0.107:f15.27:tf17.78:p0.0204:tok2;95:x0.030:y0.141:f15.84:tf17.78:p0.0203:tok6
ablate_no_tail_risk_objective,combined_stress,2,1000,,1,0.89583,2.30274,0.88749,0.12953,1.39449,0.02692,0.00000,0.38372,0.08140,7,5,0.74217,-0.10159,0.75083,761.65788,0.44102,27,0:x-0.123:y-0.421:f0.00:tf10.08:p0.0000:tok1;15:x0.019:y-0.417:f8.16:tf10.08:p0.0187:tok7;30:x0.026:y-0.343:f8.15:tf10.08:p0.0262:tok3;45:x0.027:y-0.229:f11.99:tf10.08:p0.0269:tok3;60:x0.027:y-0.097:f12.61:tf10.08:p0.0166:tok3;75:x0.032:y0.046:f17.56:tf17.78:p0.0220:tok3;90:x0.032:y0.174:f17.78:tf17.78:p0.0225:tok3;95:x0.033:y0.209:f17.30:tf17.78:p0.0230:tok3
ablate_no_calibration_guard,combined_stress,2,1000,,0,0.90625,2.12938,1.77412,0.11978,1.21029,0.02755,0.00000,0.18391,0.04598,4,5,0.91384,-0.13339,0.68449,765.82876,0.44100,39,0:x-0.108:y-0.431:f0.00:tf10.08:p0.0000:tok1;15:x0.024:y-0.422:f9.83:tf10.08:p0.0245:tok7;30:x0.024:y-0.355:f7.92:tf10.08:p0.0238:tok7;45:x0.025:y-0.251:f10.85:tf10.08:p0.0247:tok6;60:x0.024:y-0.131:f10.55:tf10.08:p0.0144:tok6;75:x0.031:y-0.005:f16.10:tf17.78:p0.0207:tok6;90:x0.031:y0.117:f15.00:tf17.78:p0.0210:tok5;95:x0.032:y0.152:f17.47:tf17.78:p0.0224:tok6
ablate_no_phase_memory,combined_stress,2,1000,,0,0.89583,2.46661,1.15404,0.13875,1.32947,0.02731,0.00000,0.44186,0.04651,4,5,0.66439,-0.08974,0.73814,772.16905,0.44104,33,0:x-0.114:y-0.431:f0.04:tf10.08:p0.0000:tok1;15:x0.019:y-0.425:f7.42:tf10.08:p0.0187:tok2;30:x0.025:y-0.359:f8.73:tf10.08:p0.0249:tok0;45:x0.027:y-0.247:f9.21:tf10.08:p0.0270:tok3;60:x0.027:y-0.109:f13.19:tf10.08:p0.0172:tok3;75:x0.032:y0.034:f17.99:tf17.78:p0.0219:tok3;90:x0.032:y0.164:f17.53:tf17.78:p0.0219:tok3;95:x0.032:y0.198:f16.25:tf17.78:p0.0216:tok0
impedance_token_policy_v4,combined_stress,2,1000,,0,0.89583,2.44339,1.92738,0.13744,1.15536,0.02601,0.00000,0.39535,0.06977,6,5,0.83117,-0.10018,0.72062,766.47478,0.44107,66,0:x-0.123:y-0.423:f0.82:tf10.08:p0.0000:tok1;15:x0.021:y-0.418:f9.11:tf10.08:p0.0210:tok4;30:x0.025:y-0.356:f9.47:tf10.08:p0.0248:tok4;45:x0.025:y-0.241:f10.19:tf10.08:p0.0249:tok4;60:x0.023:y-0.110:f9.45:tf10.08:p0.0127:tok4;75:x0.030:y0.020:f15.80:tf17.78:p0.0203:tok4;90:x0.031:y0.143:f15.82:tf17.78:p0.0213:tok2;95:x0.035:y0.182:f19.98:tf17.78:p0.0251:tok2
learned_only_token_replacement,combined_stress,2,1000,,1,0.88542,2.76493,0.87764,0.15553,1.59759,0.02859,0.00000,0.54118,0.14118,12,5,0.55225,-0.14271,0.78784,774.42302,0.44102,0,0:x-0.111:y-0.416:f0.84:tf10.08:p0.0000:tok-1;15:x0.015:y-0.412:f6.81:tf10.08:p0.0154:tok-1;30:x0.024:y-0.344:f9.56:tf10.08:p0.0245:tok-1;45:x0.028:y-0.221:f8.10:tf10.08:p0.0280:tok-1;60:x0.028:y-0.071:f14.47:tf10.08:p0.0185:tok-1;75:x0.032:y0.078:f17.99:tf17.78:p0.0224:tok-1;90:x0.032:y0.208:f16.54:tf17.78:p0.0219:tok-1;95:x0.032:y0.241:f16.55:tf17.78:p0.0216:tok-1
token_full_v5,combined_stress,2,1001,,0,0.90625,3.20580,2.60538,0.19052,1.46063,0.02846,0.00000,0.09195,0.02299,2,5,0.67475,-0.09694,0.65896,794.33070,0.46699,61,0:x-0.106:y-0.426:f0.00:tf11.04:p0.0000:tok1;15:x0.023:y-0.419:f8.98:tf11.04:p0.0231:tok0;30:x0.027:y-0.356:f9.21:tf11.04:p0.0272:tok6;45:x0.028:y-0.261:f9.40:tf11.04:p0.0278:tok6;60:x0.026:y-0.147:f12.48:tf11.04:p0.0162:tok4;75:x0.028:y-0.020:f13.75:tf16.83:p0.0178:tok6;90:x0.028:y0.096:f14.38:tf16.83:p0.0180:tok6;95:x0.029:y0.130:f14.99:tf16.83:p0.0192:tok6
ablate_no_memory,combined_stress,2,1001,,0,0.88542,3.10058,1.30142,0.18427,1.87016,0.03148,0.01176,0.43529,0.03529,3,5,0.52941,-0.09645,0.72073,784.46872,0.46706,20,0:x-0.115:y-0.416:f0.87:tf11.04:p0.0000:tok3;15:x0.018:y-0.413:f7.87:tf11.04:p0.0184:tok5;30:x0.027:y-0.355:f8.00:tf11.04:p0.0275:tok2;45:x0.030:y-0.258:f8.37:tf11.04:p0.0295:tok3;60:x0.027:y-0.128:f13.20:tf11.04:p0.0171:tok3;75:x0.029:y0.011:f14.81:tf16.83:p0.0189:tok3;90:x0.030:y0.147:f16.11:tf16.83:p0.0203:tok3;95:x0.031:y0.183:f16.91:tf16.83:p0.0206:tok6
ablate_no_discrete_tokens,combined_stress,2,1001,,1,0.91667,2.03762,0.92278,0.12110,1.87829,0.03310,0.01136,0.56818,0.06818,6,5,0.68192,-0.07275,0.82991,793.89435,0.46705,0,0:x-0.100:y-0.425:f0.72:tf11.04:p0.0000:tok1;15:x0.031:y-0.415:f9.64:tf11.04:p0.0307:tok1;30:x0.031:y-0.339:f10.07:tf11.04:p0.0314:tok1;45:x0.032:y-0.207:f10.21:tf11.04:p0.0322:tok1;60:x0.027:y-0.052:f15.02:tf11.04:p0.0171:tok1;75:x0.030:y0.103:f15.59:tf16.83:p0.0202:tok1;90:x0.031:y0.243:f17.11:tf16.83:p0.0213:tok1;95:x0.031:y0.278:f17.26:tf16.83:p0.0211:tok1
ablate_no_force_update,combined_stress,2,1001,,0,0.89583,4.11579,4.89601,0.24461,1.49920,0.02935,0.00000,0.34884,0.04651,4,96,0.85342,-0.13268,0.71107,420.00000,0.20000,71,0:x-0.117:y-0.434:f0.31:tf11.04:p0.0000:tok1;15:x0.025:y-0.427:f10.06:tf11.04:p0.0249:tok4;30:x0.027:y-0.360:f9.17:tf11.04:p0.0270:tok6;45:x0.025:y-0.256:f6.50:tf11.04:p0.0249:tok6;60:x0.027:y-0.134:f15.24:tf11.04:p0.0173:tok6;75:x0.035:y0.003:f20.21:tf16.83:p0.0255:tok3;90:x0.038:y0.139:f21.22:tf16.83:p0.0280:tok6;95:x0.039:y0.175:f23.33:tf16.83:p0.0293:tok6
ablate_no_transition_planner,combined_stress,2,1001,,0,0.89583,3.28381,2.76967,0.19516,1.48275,0.02864,0.00000,0.18605,0.03488,3,5,0.76639,-0.12737,0.65510,797.82244,0.46699,52,0:x-0.121:y-0.435:f0.00:tf11.04:p0.0000:tok1;15:x0.023:y-0.428:f8.52:tf11.04:p0.0230:tok5;30:x0.027:y-0.365:f9.38:tf11.04:p0.0266:tok6;45:x0.029:y-0.268:f10.08:tf11.04:p0.0286:tok4;60:x0.025:y-0.151:f12.74:tf11.04:p0.0153:tok4;75:x0.027:y-0.020:f14.16:tf16.83:p0.0170:tok6;90:x0.029:y0.095:f14.83:tf16.83:p0.0188:tok6;95:x0.029:y0.128:f14.56:tf16.83:p0.0189:tok6
ablate_no_safety_penalty,combined_stress,2,1001,,0,0.89583,3.09806,2.50544,0.18412,1.40437,0.02893,0.00000,0.05814,0.04651,4,5,0.80783,-0.13694,0.66523,798.90059,0.46700,49,0:x-0.127:y-0.422:f0.37:tf11.04:p0.0000:tok1;15:x0.022:y-0.416:f8.14:tf11.04:p0.0218:tok5;30:x0.027:y-0.357:f8.51:tf11.04:p0.0269:tok2;45:x0.028:y-0.258:f10.56:tf11.04:p0.0282:tok4;60:x0.027:y-0.141:f14.25:tf11.04:p0.0169:tok6;75:x0.027:y-0.017:f13.74:tf16.83:p0.0175:tok6;90:x0.028:y0.102:f14.47:tf16.83:p0.0182:tok6;95:x0.029:y0.136:f14.84:tf16.83:p0.0186:tok6
ablate_no_slip_context,combined_stress,2,1001,,0,0.89583,3.26485,2.14822,0.19403,1.61751,0.03067,0.00000,0.25581,0.05814,5,5,0.96688,-0.15564,0.68078,801.71277,0.46690,45,0:x-0.124:y-0.432:f0.00:tf11.04:p0.0000:tok1;15:x0.022:y-0.426:f8.41:tf11.04:p0.0217:tok2;30:x0.028:y-0.360:f8.16:tf11.04:p0.0277:tok2;45:x0.029:y-0.259:f7.66:tf11.04:p0.0289:tok2;60:x0.029:y-0.134:f14.23:tf11.04:p0.0192:tok2;75:x0.029:y0.007:f14.76:tf16.83:p0.0189:tok6;90:x0.028:y0.123:f14.20:tf16.83:p0.0182:tok6;95:x0.028:y0.150:f14.94:tf16.83:p0.0179:tok6
ablate_no_tail_risk_objective,combined_stress,2,1001,,0,0.90625,2.63348,1.29467,0.15651,1.45834,0.03101,0.00000,0.36782,0.11494,10,5,0.61981,-0.07447,0.73749,809.96730,0.46697,26,0:x-0.106:y-0.418:f0.00:tf11.04:p0.0000:tok1;15:x0.023:y-0.412:f8.01:tf11.04:p0.0230:tok2;30:x0.031:y-0.338:f10.86:tf11.04:p0.0309:tok3;45:x0.030:y-0.227:f9.66:tf11.04:p0.0303:tok3;60:x0.028:y-0.100:f13.66:tf11.04:p0.0176:tok3;75:x0.029:y0.035:f16.50:tf16.83:p0.0189:tok3;90:x0.030:y0.162:f15.60:tf16.83:p0.0198:tok3;95:x0.030:y0.197:f17.41:tf16.83:p0.0204:tok3
ablate_no_calibration_guard,combined_stress,2,1001,,0,0.90625,2.72777,1.89917,0.16211,1.82296,0.03306,0.01149,0.29885,0.04598,4,5,1.12288,-0.17105,0.71979,799.33833,0.46691,38,0:x-0.122:y-0.421:f0.44:tf11.04:p0.0000:tok1;15:x0.030:y-0.412:f10.45:tf11.04:p0.0301:tok7;30:x0.028:y-0.348:f10.06:tf11.04:p0.0285:tok6;45:x0.031:y-0.246:f10.94:tf11.04:p0.0309:tok6;60:x0.029:y-0.118:f14.59:tf11.04:p0.0186:tok7;75:x0.028:y0.040:f14.50:tf16.83:p0.0184:tok6;90:x0.029:y0.156:f14.48:tf16.83:p0.0190:tok6;95:x0.029:y0.184:f17.03:tf16.83:p0.0193:tok6
ablate_no_phase_memory,combined_stress,2,1001,,0,0.90625,2.73134,1.35639,0.16233,1.52138,0.03116,0.00000,0.44828,0.03448,3,5,0.61832,-0.07686,0.72869,806.85026,0.46702,38,0:x-0.104:y-0.434:f0.20:tf11.04:p0.0000:tok1;15:x0.024:y-0.427:f8.71:tf11.04:p0.0238:tok0;30:x0.029:y-0.361:f9.72:tf11.04:p0.0286:tok7;45:x0.031:y-0.249:f10.52:tf11.04:p0.0311:tok3;60:x0.028:y-0.115:f15.94:tf11.04:p0.0175:tok3;75:x0.028:y0.022:f14.75:tf16.83:p0.0184:tok3;90:x0.030:y0.154:f16.74:tf16.83:p0.0201:tok3;95:x0.030:y0.190:f16.62:tf16.83:p0.0204:tok3
impedance_token_policy_v4,combined_stress,2,1001,,0,0.90625,2.79432,1.82278,0.16607,1.47144,0.03093,0.00000,0.36782,0.05747,5,5,0.77635,-0.07979,0.71345,798.43567,0.46705,63,0:x-0.111:y-0.428:f0.00:tf11.04:p0.0000:tok1;15:x0.023:y-0.422:f8.14:tf11.04:p0.0231:tok4;30:x0.028:y-0.360:f9.78:tf11.04:p0.0281:tok2;45:x0.029:y-0.247:f9.43:tf11.04:p0.0288:tok4;60:x0.027:y-0.118:f15.84:tf11.04:p0.0168:tok3;75:x0.028:y0.009:f14.39:tf16.83:p0.0179:tok4;90:x0.029:y0.136:f15.43:tf16.83:p0.0195:tok0;95:x0.032:y0.175:f16.52:tf16.83:p0.0217:tok7
learned_only_token_replacement,combined_stress,2,1001,,1,0.89583,3.13171,1.29203,0.18612,1.78340,0.03222,0.02326,0.54651,0.12791,11,5,0.56513,-0.14099,0.77820,794.71451,0.46701,0,0:x-0.109:y-0.421:f0.04:tf11.04:p0.0000:tok-1;15:x0.018:y-0.415:f7.62:tf11.04:p0.0184:tok-1;30:x0.029:y-0.346:f9.94:tf11.04:p0.0287:tok-1;45:x0.032:y-0.222:f12.20:tf11.04:p0.0318:tok-1;60:x0.029:y-0.075:f16.75:tf11.04:p0.0195:tok-1;75:x0.029:y0.066:f15.30:tf16.83:p0.0192:tok-1;90:x0.030:y0.198:f15.55:tf16.83:p0.0199:tok-1;95:x0.030:y0.233:f15.48:tf16.83:p0.0201:tok-1
token_full_v5,combined_stress,2,1002,,0,0.89583,2.91607,2.64820,0.18378,1.29060,0.02233,0.00000,0.01163,0.04651,4,5,0.73458,-0.11938,0.63812,815.20469,0.49046,48,0:x-0.123:y-0.417:f0.22:tf10.40:p0.0000:tok1;15:x0.018:y-0.413:f7.83:tf10.40:p0.0178:tok5;30:x0.022:y-0.359:f8.92:tf10.40:p0.0218:tok6;45:x0.024:y-0.265:f13.42:tf10.40:p0.0139:tok6;60:x0.021:y-0.154:f8.55:tf10.40:p0.0110:tok4;75:x0.026:y-0.032:f13.04:tf15.87:p0.0158:tok6;90:x0.027:y0.079:f13.43:tf15.87:p0.0172:tok4;95:x0.027:y0.112:f14.16:tf15.87:p0.0174:tok6
ablate_no_memory,combined_stress,2,1002,,0,0.88542,2.47362,1.23256,0.15589,1.09327,0.02191,0.00000,0.32941,0.01176,1,5,0.50449,-0.06849,0.67962,834.05648,0.49067,11,0:x-0.112:y-0.439:f0.33:tf10.40:p0.0000:tok3;15:x0.016:y-0.435:f7.84:tf10.40:p0.0162:tok5;30:x0.021:y-0.374:f7.57:tf10.40:p0.0213:tok2;45:x0.022:y-0.279:f9.50:tf10.40:p0.0121:tok6;60:x0.021:y-0.179:f8.09:tf10.40:p0.0114:tok6;75:x0.028:y-0.046:f15.44:tf15.87:p0.0180:tok3;90:x0.028:y0.105:f13.90:tf15.87:p0.0183:tok3;95:x0.028:y0.147:f14.86:tf15.87:p0.0182:tok3
ablate_no_discrete_tokens,combined_stress,2,1002,,1,0.91667,1.87144,0.87761,0.11794,1.41882,0.02636,0.00000,0.57955,0.14773,13,5,0.74115,-0.09036,0.82333,848.90285,0.49055,0,0:x-0.113:y-0.419:f0.14:tf10.40:p0.0000:tok1;15:x0.026:y-0.410:f9.23:tf10.40:p0.0258:tok1;30:x0.024:y-0.336:f9.64:tf10.40:p0.0243:tok1;45:x0.026:y-0.206:f13.85:tf10.40:p0.0162:tok1;60:x0.023:y-0.059:f10.40:tf10.40:p0.0131:tok1;75:x0.029:y0.094:f16.28:tf15.87:p0.0192:tok1;90:x0.029:y0.236:f16.25:tf15.87:p0.0187:tok1;95:x0.029:y0.272:f16.12:tf15.87:p0.0187:tok1
ablate_no_force_update,combined_stress,2,1002,,0,0.89583,3.61644,4.93701,0.22792,1.47505,0.02702,0.00000,0.26744,0.05814,5,6,0.77970,-0.09669,0.69237,420.00000,0.20000,64,0:x-0.105:y-0.434:f0.00:tf10.40:p0.0000:tok1;15:x0.020:y-0.428:f8.39:tf10.40:p0.0203:tok7;30:x0.022:y-0.369:f8.99:tf10.40:p0.0224:tok6;45:x0.022:y-0.273:f9.56:tf10.40:p0.0124:tok6;60:x0.026:y-0.167:f12.84:tf10.40:p0.0159:tok4;75:x0.036:y-0.036:f22.46:tf15.87:p0.0258:tok3;90:x0.035:y0.116:f21.00:tf15.87:p0.0251:tok3;95:x0.036:y0.158:f22.04:tf15.87:p0.0257:tok3
ablate_no_transition_planner,combined_stress,2,1002,,0,0.89583,2.83524,2.48690,0.17869,1.21534,0.02265,0.00000,0.00000,0.03488,3,6,0.65026,-0.10044,0.63468,829.82897,0.49046,45,0:x-0.112:y-0.426:f0.72:tf10.40:p0.0000:tok1;15:x0.020:y-0.420:f8.27:tf10.40:p0.0199:tok6;30:x0.021:y-0.366:f9.52:tf10.40:p0.0214:tok6;45:x0.024:y-0.272:f11.65:tf10.40:p0.0137:tok4;60:x0.022:y-0.158:f10.09:tf10.40:p0.0116:tok4;75:x0.027:y-0.038:f14.54:tf15.87:p0.0165:tok4;90:x0.027:y0.077:f14.22:tf15.87:p0.0166:tok6;95:x0.027:y0.110:f15.08:tf15.87:p0.0172:tok6
ablate_no_safety_penalty,combined_stress,2,1002,,0,0.89583,2.88297,2.71385,0.18169,1.32788,0.02324,0.00000,0.02326,0.01163,1,6,0.70375,-0.10690,0.63735,833.34640,0.49049,43,0:x-0.120:y-0.428:f0.00:tf10.40:p0.0000:tok1;15:x0.019:y-0.422:f8.65:tf10.40:p0.0191:tok4;30:x0.022:y-0.364:f9.37:tf10.40:p0.0219:tok6;45:x0.024:y-0.271:f12.04:tf10.40:p0.0136:tok4;60:x0.021:y-0.158:f10.74:tf10.40:p0.0110:tok4;75:x0.026:y-0.038:f13.43:tf15.87:p0.0158:tok4;90:x0.026:y0.076:f13.21:tf15.87:p0.0163:tok6;95:x0.027:y0.111:f12.95:tf15.87:p0.0167:tok6
ablate_no_slip_context,combined_stress,2,1002,,0,0.89583,2.74439,2.25966,0.17296,1.22137,0.02263,0.00000,0.26744,0.06977,6,5,0.82860,-0.11012,0.64713,826.53775,0.49059,43,0:x-0.117:y-0.442:f0.00:tf10.40:p0.0000:tok1;15:x0.019:y-0.436:f9.29:tf10.40:p0.0193:tok4;30:x0.022:y-0.372:f7.27:tf10.40:p0.0218:tok2;45:x0.022:y-0.278:f9.72:tf10.40:p0.0119:tok6;60:x0.021:y-0.181:f12.70:tf10.40:p0.0107:tok6;75:x0.027:y-0.049:f13.68:tf15.87:p0.0170:tok6;90:x0.027:y0.085:f14.20:tf15.87:p0.0171:tok6;95:x0.027:y0.120:f13.28:tf15.87:p0.0166:tok2
ablate_no_tail_risk_objective,combined_stress,2,1002,,0,0.89583,2.22488,1.21284,0.14022,1.38390,0.02508,0.00000,0.29070,0.05814,5,6,0.65181,-0.08380,0.72249,827.31332,0.49049,19,0:x-0.115:y-0.427:f0.35:tf10.40:p0.0000:tok1;15:x0.019:y-0.421:f8.64:tf10.40:p0.0193:tok7;30:x0.025:y-0.344:f9.28:tf10.40:p0.0247:tok3;45:x0.025:y-0.232:f11.40:tf10.40:p0.0149:tok3;60:x0.023:y-0.112:f12.14:tf10.40:p0.0129:tok3;75:x0.028:y0.019:f14.90:tf15.87:p0.0178:tok3;90:x0.028:y0.149:f15.42:tf15.87:p0.0182:tok3;95:x0.029:y0.184:f14.92:tf15.87:p0.0185:tok3
ablate_no_calibration_guard,combined_stress,2,1002,,0,0.90625,2.13677,1.68440,0.13467,1.35388,0.02551,0.00000,0.05747,0.10345,9,5,1.00775,-0.15239,0.65694,831.82925,0.49041,36,0:x-0.122:y-0.422:f0.08:tf10.40:p0.0000:tok1;15:x0.024:y-0.415:f10.70:tf10.40:p0.0242:tok7;30:x0.022:y-0.354:f9.75:tf10.40:p0.0218:tok6;45:x0.024:y-0.256:f12.05:tf10.40:p0.0144:tok6;60:x0.023:y-0.144:f9.77:tf10.40:p0.0127:tok6;75:x0.028:y-0.022:f15.45:tf15.87:p0.0175:tok6;90:x0.028:y0.092:f15.64:tf15.87:p0.0177:tok6;95:x0.028:y0.128:f15.43:tf15.87:p0.0180:tok6
ablate_no_phase_memory,combined_stress,2,1002,,0,0.89583,2.47797,1.25322,0.15617,1.47885,0.02422,0.00000,0.34884,0.08140,7,5,0.65562,-0.08961,0.71757,846.11967,0.49052,37,0:x-0.112:y-0.430:f0.05:tf10.40:p0.0000:tok1;15:x0.020:y-0.424:f8.74:tf10.40:p0.0196:tok6;30:x0.023:y-0.359:f9.65:tf10.40:p0.0232:tok6;45:x0.025:y-0.249:f13.93:tf10.40:p0.0153:tok3;60:x0.022:y-0.124:f10.74:tf10.40:p0.0120:tok3;75:x0.028:y0.012:f14.67:tf15.87:p0.0178:tok3;90:x0.028:y0.144:f15.55:tf15.87:p0.0182:tok3;95:x0.028:y0.181:f16.11:tf15.87:p0.0180:tok6
impedance_token_policy_v4,combined_stress,2,1002,,0,0.90625,2.30803,1.58231,0.14546,1.30501,0.02547,0.00000,0.31034,0.04598,4,5,0.72543,-0.05640,0.71486,829.85053,0.49056,73,0:x-0.098:y-0.434:f0.36:tf10.40:p0.0000:tok1;15:x0.021:y-0.426:f7.80:tf10.40:p0.0209:tok7;30:x0.023:y-0.363:f10.09:tf10.40:p0.0225:tok2;45:x0.025:y-0.249:f11.76:tf10.40:p0.0148:tok4;60:x0.022:y-0.120:f9.58:tf10.40:p0.0123:tok4;75:x0.027:y0.008:f14.04:tf15.87:p0.0172:tok4;90:x0.028:y0.135:f15.86:tf15.87:p0.0183:tok2;95:x0.028:y0.177:f13.72:tf15.87:p0.0185:tok2
learned_only_token_replacement,combined_stress,2,1002,,1,0.89583,2.91821,1.87830,0.18391,1.55858,0.02483,0.00000,0.58140,0.01163,1,5,0.60881,-0.16150,0.76887,822.59483,0.49062,0,0:x-0.119:y-0.437:f0.00:tf10.40:p0.0000:tok-1;15:x0.016:y-0.432:f6.94:tf10.40:p0.0163:tok-1;30:x0.023:y-0.358:f9.79:tf10.40:p0.0233:tok-1;45:x0.026:y-0.229:f14.14:tf10.40:p0.0163:tok-1;60:x0.023:y-0.089:f10.92:tf10.40:p0.0128:tok-1;75:x0.027:y0.054:f14.19:tf15.87:p0.0166:tok-1;90:x0.028:y0.189:f14.04:tf15.87:p0.0179:tok-1;95:x0.028:y0.225:f14.82:tf15.87:p0.0179:tok-1
token_full_v5,combined_stress,2,1003,,0,0.89583,2.79238,1.80774,0.16833,1.24917,0.02966,0.00000,0.01163,0.04651,4,5,0.70577,-0.11680,0.65684,701.90162,0.49894,46,0:x-0.116:y-0.430:f0.00:tf11.21:p0.0000:tok1;15:x0.023:y-0.424:f7.99:tf11.21:p0.0226:tok2;30:x0.027:y-0.361:f9.37:tf11.21:p0.0274:tok6;45:x0.028:y-0.261:f9.22:tf11.21:p0.0277:tok4;60:x0.027:y-0.143:f11.63:tf16.59:p0.0171:tok6;75:x0.031:y-0.021:f14.35:tf16.59:p0.0212:tok4;90:x0.031:y0.096:f16.17:tf16.59:p0.0212:tok4;95:x0.031:y0.129:f13.53:tf16.59:p0.0206:tok5
ablate_no_memory,combined_stress,2,1003,,0,0.88542,2.64783,0.68464,0.15962,1.40505,0.03134,0.00000,0.45882,0.04706,4,5,0.52895,-0.10197,0.71703,702.10559,0.49895,16,0:x-0.115:y-0.437:f0.00:tf11.21:p0.0000:tok3;15:x0.019:y-0.433:f9.52:tf11.21:p0.0189:tok0;30:x0.027:y-0.368:f9.45:tf11.21:p0.0273:tok6;45:x0.029:y-0.258:f10.50:tf11.21:p0.0293:tok3;60:x0.031:y-0.120:f15.61:tf16.59:p0.0210:tok3;75:x0.034:y0.017:f17.15:tf16.59:p0.0239:tok3;90:x0.032:y0.146:f15.07:tf16.59:p0.0224:tok3;95:x0.032:y0.181:f15.06:tf16.59:p0.0222:tok6
ablate_no_discrete_tokens,combined_stress,2,1003,,1,0.91667,2.08393,1.04191,0.12562,1.47142,0.03417,0.00000,0.59091,0.11364,10,5,0.77505,-0.09503,0.82196,699.42248,0.49898,0,0:x-0.111:y-0.440:f0.17:tf11.21:p0.0000:tok1;15:x0.030:y-0.429:f10.91:tf11.21:p0.0303:tok1;30:x0.030:y-0.347:f10.13:tf11.21:p0.0305:tok1;45:x0.034:y-0.211:f12.44:tf11.21:p0.0338:tok1;60:x0.033:y-0.052:f15.48:tf16.59:p0.0226:tok1;75:x0.035:y0.099:f17.43:tf16.59:p0.0245:tok1;90:x0.034:y0.236:f15.85:tf16.59:p0.0237:tok1;95:x0.033:y0.271:f15.63:tf16.59:p0.0235:tok1
ablate_no_force_update,combined_stress,2,1003,,0,0.89583,3.36279,2.43933,0.20272,1.25046,0.02865,0.00000,0.08140,0.03488,3,5,0.74232,-0.11035,0.66264,420.00000,0.20000,68,0:x-0.114:y-0.436:f0.00:tf11.21:p0.0000:tok1;15:x0.024:y-0.430:f8.73:tf11.21:p0.0239:tok6;30:x0.026:y-0.364:f8.69:tf11.21:p0.0264:tok2;45:x0.026:y-0.260:f9.49:tf11.21:p0.0257:tok4;60:x0.028:y-0.137:f12.14:tf16.59:p0.0176:tok6;75:x0.036:y-0.016:f18.60:tf16.59:p0.0263:tok4;90:x0.037:y0.098:f20.01:tf16.59:p0.0271:tok6;95:x0.038:y0.133:f19.80:tf16.59:p0.0285:tok5
ablate_no_transition_planner,combined_stress,2,1003,,0,0.89583,2.94345,1.81651,0.17744,1.14599,0.02802,0.00000,0.08140,0.04651,4,5,0.78533,-0.12771,0.65070,696.10724,0.49894,49,0:x-0.126:y-0.435:f0.69:tf11.21:p0.0000:tok1;15:x0.023:y-0.428:f8.89:tf11.21:p0.0233:tok4;30:x0.027:y-0.366:f9.19:tf11.21:p0.0270:tok6;45:x0.027:y-0.267:f9.90:tf11.21:p0.0274:tok4;60:x0.028:y-0.146:f12.32:tf16.59:p0.0185:tok6;75:x0.032:y-0.025:f13.68:tf16.59:p0.0217:tok6;90:x0.030:y0.089:f14.02:tf16.59:p0.0204:tok2;95:x0.031:y0.123:f14.06:tf16.59:p0.0207:tok2
ablate_no_safety_penalty,combined_stress,2,1003,,0,0.90625,2.84495,1.53702,0.17150,1.19846,0.02818,0.00000,0.04598,0.06897,6,5,0.66206,-0.10889,0.66055,703.01835,0.49895,42,0:x-0.108:y-0.417:f0.29:tf11.21:p0.0000:tok1;15:x0.023:y-0.411:f8.66:tf11.21:p0.0233:tok2;30:x0.026:y-0.354:f9.78:tf11.21:p0.0263:tok6;45:x0.027:y-0.264:f7.67:tf11.21:p0.0271:tok6;60:x0.029:y-0.143:f13.44:tf16.59:p0.0186:tok7;75:x0.031:y-0.018:f14.50:tf16.59:p0.0212:tok4;90:x0.031:y0.098:f15.44:tf16.59:p0.0209:tok4;95:x0.031:y0.132:f15.18:tf16.59:p0.0206:tok6
ablate_no_slip_context,combined_stress,2,1003,,0,0.90625,2.87637,1.58282,0.17340,1.42720,0.03098,0.00000,0.11494,0.05747,5,5,0.77465,-0.12104,0.63797,721.48959,0.49880,43,0:x-0.112:y-0.434:f0.51:tf11.21:p0.0000:tok1;15:x0.022:y-0.428:f7.51:tf11.21:p0.0223:tok2;30:x0.026:y-0.366:f8.88:tf11.21:p0.0259:tok6;45:x0.029:y-0.261:f12.03:tf11.21:p0.0291:tok6;60:x0.031:y-0.134:f14.69:tf16.59:p0.0214:tok6;75:x0.031:y-0.019:f14.28:tf16.59:p0.0210:tok6;90:x0.031:y0.080:f15.26:tf16.59:p0.0213:tok6;95:x0.030:y0.113:f15.96:tf16.59:p0.0205:tok6
ablate_no_tail_risk_objective,combined_stress,2,1003,,0,0.90625,2.14124,0.72653,0.12908,1.33211,0.03077,0.00000,0.28736,0.09195,8,5,0.58099,-0.06625,0.72583,711.11003,0.49889,23,0:x-0.102:y-0.427:f0.00:tf11.21:p0.0000:tok1;15:x0.025:y-0.420:f9.53:tf11.21:p0.0246:tok7;30:x0.030:y-0.342:f10.73:tf11.21:p0.0304:tok3;45:x0.030:y-0.229:f10.11:tf11.21:p0.0297:tok3;60:x0.031:y-0.101:f14.18:tf16.59:p0.0209:tok3;75:x0.033:y0.028:f16.87:tf16.59:p0.0235:tok3;90:x0.032:y0.152:f15.22:tf16.59:p0.0224:tok3;95:x0.033:y0.187:f16.91:tf16.59:p0.0229:tok3
ablate_no_calibration_guard,combined_stress,2,1003,,0,0.90625,2.36787,1.40108,0.14274,1.44403,0.03122,0.00000,0.12644,0.08046,7,5,1.01009,-0.16720,0.65695,697.60168,0.49879,36,0:x-0.122:y-0.416:f0.35:tf11.21:p0.0000:tok1;15:x0.031:y-0.408:f11.38:tf11.21:p0.0312:tok7;30:x0.028:y-0.347:f10.98:tf11.21:p0.0282:tok6;45:x0.030:y-0.253:f8.13:tf11.21:p0.0296:tok7;60:x0.033:y-0.124:f16.58:tf16.59:p0.0228:tok6;75:x0.031:y-0.007:f13.67:tf16.59:p0.0213:tok2;90:x0.032:y0.099:f15.16:tf16.59:p0.0216:tok6;95:x0.031:y0.129:f15.21:tf16.59:p0.0213:tok6
ablate_no_phase_memory,combined_stress,2,1003,,0,0.90625,2.48074,0.81728,0.14955,1.37064,0.03104,0.00000,0.43678,0.05747,5,5,0.70172,-0.10086,0.71804,691.26223,0.49894,36,0:x-0.114:y-0.435:f0.72:tf11.21:p0.0000:tok1;15:x0.022:y-0.428:f10.16:tf11.21:p0.0223:tok0;30:x0.027:y-0.360:f9.72:tf11.21:p0.0268:tok4;45:x0.030:y-0.250:f9.03:tf11.21:p0.0296:tok3;60:x0.032:y-0.114:f14.51:tf16.59:p0.0217:tok3;75:x0.034:y0.019:f16.44:tf16.59:p0.0236:tok3;90:x0.033:y0.147:f15.21:tf16.59:p0.0228:tok3;95:x0.032:y0.181:f15.09:tf16.59:p0.0222:tok7
impedance_token_policy_v4,combined_stress,2,1003,,0,0.90625,2.38168,0.92943,0.14357,1.28483,0.02999,0.00000,0.28736,0.12644,11,5,0.88617,-0.10237,0.71030,700.52160,0.49895,71,0:x-0.116:y-0.432:f0.00:tf11.21:p0.0000:tok1;15:x0.023:y-0.426:f8.85:tf11.21:p0.0235:tok6;30:x0.030:y-0.361:f11.03:tf11.21:p0.0297:tok2;45:x0.030:y-0.243:f9.09:tf11.21:p0.0300:tok4;60:x0.029:y-0.113:f13.12:tf16.59:p0.0191:tok5;75:x0.034:y0.010:f17.23:tf16.59:p0.0239:tok4;90:x0.032:y0.134:f15.25:tf16.59:p0.0223:tok0;95:x0.034:y0.173:f17.62:tf16.59:p0.0243:tok7
learned_only_token_replacement,combined_stress,2,1003,,1,0.88542,2.88562,1.18596,0.17395,1.37345,0.03077,0.00000,0.56471,0.10588,9,5,0.64395,-0.19906,0.76621,700.92115,0.49889,0,0:x-0.126:y-0.443:f1.01:tf11.21:p0.0000:tok-1;15:x0.016:y-0.440:f6.79:tf11.21:p0.0155:tok-1;30:x0.027:y-0.365:f8.99:tf11.21:p0.0270:tok-1;45:x0.030:y-0.232:f10.56:tf11.21:p0.0304:tok-1;60:x0.031:y-0.080:f15.79:tf16.59:p0.0213:tok-1;75:x0.035:y0.062:f18.81:tf16.59:p0.0250:tok-1;90:x0.033:y0.190:f17.54:tf16.59:p0.0234:tok-1;95:x0.034:y0.223:f16.50:tf16.59:p0.0236:tok-1
token_full_v5,combined_stress,3,1000,,0,0.89583,2.88886,2.79016,0.17599,1.28719,0.02429,0.00000,0.25581,0.05814,5,6,0.73955,-0.11870,0.65857,779.97225,0.44948,36,0:x-0.121:y-0.432:f0.00:tf10.38:p0.0000:tok1;15:x0.020:y-0.426:f8.48:tf10.38:p0.0195:tok4;30:x0.023:y-0.366:f8.09:tf10.38:p0.0227:tok6;45:x0.024:y-0.271:f8.50:tf10.38:p0.0238:tok4;60:x0.024:y-0.148:f8.59:tf10.38:p0.0136:tok4;75:x0.026:y-0.017:f13.23:tf16.41:p0.0164:tok6;90:x0.028:y0.099:f14.86:tf16.41:p0.0180:tok6;95:x0.028:y0.130:f12.50:tf16.41:p0.0177:tok2
ablate_no_memory,combined_stress,3,1000,,0,0.87500,2.82868,1.41790,0.17233,1.51668,0.02621,0.00000,0.45238,0.10714,9,5,0.57114,-0.10158,0.72477,769.41195,0.44962,13,0:x-0.124:y-0.433:f0.33:tf10.38:p0.0000:tok3;15:x0.015:y-0.430:f6.88:tf10.38:p0.0154:tok5;30:x0.024:y-0.371:f8.02:tf10.38:p0.0237:tok6;45:x0.023:y-0.279:f8.30:tf10.38:p0.0231:tok6;60:x0.027:y-0.142:f14.80:tf10.38:p0.0175:tok3;75:x0.028:y0.008:f13.91:tf16.41:p0.0182:tok3;90:x0.031:y0.149:f17.15:tf16.41:p0.0207:tok3;95:x0.030:y0.186:f16.04:tf16.41:p0.0204:tok3
ablate_no_discrete_tokens,combined_stress,3,1000,,1,0.91667,1.89497,1.08422,0.11544,1.46902,0.02814,0.00000,0.55682,0.12500,11,5,0.78096,-0.09989,0.83732,773.66455,0.44949,0,0:x-0.117:y-0.411:f0.63:tf10.38:p0.0000:tok1;15:x0.028:y-0.403:f10.07:tf10.38:p0.0279:tok1;30:x0.027:y-0.331:f11.05:tf10.38:p0.0267:tok1;45:x0.028:y-0.202:f8.30:tf10.38:p0.0280:tok1;60:x0.029:y-0.045:f15.10:tf10.38:p0.0188:tok1;75:x0.030:y0.111:f16.76:tf16.41:p0.0198:tok1;90:x0.031:y0.250:f16.53:tf16.41:p0.0212:tok1;95:x0.031:y0.284:f16.25:tf16.41:p0.0212:tok1
ablate_no_force_update,combined_stress,3,1000,,0,0.89583,3.14869,2.91826,0.19182,1.51462,0.02704,0.00000,0.20930,0.04651,4,5,0.78828,-0.11486,0.67983,420.00000,0.20000,55,0:x-0.124:y-0.413:f0.00:tf10.38:p0.0000:tok1;15:x0.021:y-0.409:f9.08:tf10.38:p0.0207:tok6;30:x0.023:y-0.357:f8.10:tf10.38:p0.0228:tok6;45:x0.022:y-0.263:f8.34:tf10.38:p0.0223:tok4;60:x0.023:y-0.144:f12.01:tf10.38:p0.0129:tok4;75:x0.031:y-0.010:f17.03:tf16.41:p0.0214:tok4;90:x0.034:y0.112:f19.71:tf16.41:p0.0242:tok5;95:x0.037:y0.147:f21.64:tf16.41:p0.0270:tok2
ablate_no_transition_planner,combined_stress,3,1000,,0,0.89583,2.89797,2.66929,0.17655,1.20364,0.02468,0.00000,0.08140,0.03488,3,5,0.69999,-0.10787,0.66647,772.33486,0.44949,53,0:x-0.117:y-0.432:f0.00:tf10.38:p0.0000:tok1;15:x0.020:y-0.425:f8.26:tf10.38:p0.0198:tok4;30:x0.023:y-0.364:f8.54:tf10.38:p0.0231:tok6;45:x0.024:y-0.261:f9.42:tf10.38:p0.0236:tok4;60:x0.024:y-0.142:f12.10:tf10.38:p0.0143:tok4;75:x0.027:y-0.015:f14.90:tf16.41:p0.0172:tok4;90:x0.028:y0.105:f14.58:tf16.41:p0.0183:tok6;95:x0.028:y0.137:f13.58:tf16.41:p0.0181:tok2
ablate_no_safety_penalty,combined_stress,3,1000,,0,0.89583,2.92401,2.65685,0.17813,1.33724,0.02482,0.00000,0.19767,0.04651,4,5,0.72969,-0.10519,0.67718,757.78577,0.44955,56,0:x-0.118:y-0.433:f0.54:tf10.38:p0.0000:tok1;15:x0.020:y-0.427:f8.37:tf10.38:p0.0199:tok4;30:x0.022:y-0.365:f7.85:tf10.38:p0.0221:tok2;45:x0.024:y-0.263:f6.04:tf10.38:p0.0237:tok6;60:x0.025:y-0.145:f10.01:tf10.38:p0.0148:tok4;75:x0.027:y-0.012:f12.33:tf16.41:p0.0173:tok6;90:x0.028:y0.111:f14.64:tf16.41:p0.0183:tok6;95:x0.029:y0.146:f13.23:tf16.41:p0.0189:tok5
ablate_no_slip_context,combined_stress,3,1000,,0,0.89583,2.75057,1.93169,0.16757,1.44279,0.02491,0.00000,0.24419,0.01163,1,5,0.82042,-0.11329,0.68120,771.53851,0.44955,49,0:x-0.111:y-0.433:f0.00:tf10.38:p0.0000:tok1;15:x0.019:y-0.427:f6.73:tf10.38:p0.0190:tok5;30:x0.022:y-0.369:f7.85:tf10.38:p0.0223:tok2;45:x0.023:y-0.269:f4.93:tf10.38:p0.0231:tok2;60:x0.026:y-0.147:f12.19:tf10.38:p0.0157:tok6;75:x0.027:y-0.019:f13.59:tf16.41:p0.0175:tok2;90:x0.029:y0.113:f13.84:tf16.41:p0.0192:tok2;95:x0.029:y0.150:f14.77:tf16.41:p0.0189:tok6
ablate_no_tail_risk_objective,combined_stress,3,1000,,1,0.89583,2.37536,1.30925,0.14471,1.40508,0.02618,0.00000,0.44186,0.05814,5,5,0.76361,-0.10459,0.74665,768.98988,0.44949,24,0:x-0.128:y-0.439:f0.00:tf10.38:p0.0000:tok1;15:x0.019:y-0.434:f8.88:tf10.38:p0.0187:tok7;30:x0.025:y-0.354:f8.88:tf10.38:p0.0255:tok3;45:x0.026:y-0.238:f8.46:tf10.38:p0.0258:tok3;60:x0.027:y-0.102:f14.58:tf10.38:p0.0166:tok3;75:x0.028:y0.040:f14.17:tf16.41:p0.0181:tok3;90:x0.031:y0.170:f16.03:tf16.41:p0.0206:tok3;95:x0.031:y0.205:f17.03:tf16.41:p0.0210:tok2
ablate_no_calibration_guard,combined_stress,3,1000,,0,0.90625,2.22941,1.91018,0.13582,1.30438,0.02678,0.00000,0.17241,0.04598,4,5,0.94461,-0.13821,0.68520,790.90320,0.44943,38,0:x-0.113:y-0.426:f0.47:tf10.38:p0.0000:tok1;15:x0.025:y-0.417:f10.63:tf10.38:p0.0254:tok7;30:x0.024:y-0.353:f10.53:tf10.38:p0.0241:tok6;45:x0.025:y-0.253:f9.33:tf10.38:p0.0246:tok6;60:x0.025:y-0.132:f12.79:tf10.38:p0.0151:tok6;75:x0.028:y-0.005:f13.43:tf16.41:p0.0179:tok7;90:x0.029:y0.117:f14.78:tf16.41:p0.0194:tok6;95:x0.030:y0.152:f17.16:tf16.41:p0.0199:tok6
ablate_no_phase_memory,combined_stress,3,1000,,0,0.89583,2.67795,1.41030,0.16314,1.61066,0.02806,0.00000,0.47674,0.12791,11,5,0.71313,-0.09265,0.73650,777.38005,0.44953,38,0:x-0.117:y-0.443:f0.41:tf10.38:p0.0000:tok1;15:x0.020:y-0.436:f8.48:tf10.38:p0.0198:tok4;30:x0.024:y-0.365:f8.95:tf10.38:p0.0237:tok7;45:x0.026:y-0.251:f9.55:tf10.38:p0.0262:tok3;60:x0.028:y-0.112:f12.38:tf10.38:p0.0177:tok3;75:x0.028:y0.028:f14.67:tf16.41:p0.0179:tok3;90:x0.030:y0.161:f16.58:tf16.41:p0.0200:tok3;95:x0.030:y0.197:f15.53:tf16.41:p0.0202:tok0
impedance_token_policy_v4,combined_stress,3,1000,,0,0.89583,2.31417,1.57121,0.14098,1.30234,0.02684,0.00000,0.41860,0.06977,6,5,0.76320,-0.09215,0.72006,780.90840,0.44951,64,0:x-0.115:y-0.433:f0.08:tf10.38:p0.0000:tok1;15:x0.021:y-0.427:f7.83:tf10.38:p0.0213:tok7;30:x0.024:y-0.364:f9.19:tf10.38:p0.0243:tok7;45:x0.026:y-0.248:f10.72:tf10.38:p0.0259:tok7;60:x0.024:y-0.119:f10.05:tf10.38:p0.0141:tok7;75:x0.028:y0.015:f14.97:tf16.41:p0.0179:tok4;90:x0.032:y0.143:f17.28:tf16.41:p0.0221:tok6;95:x0.031:y0.182:f15.31:tf16.41:p0.0207:tok2
learned_only_token_replacement,combined_stress,3,1000,,1,0.89583,2.81658,0.98376,0.17159,1.67099,0.02854,0.00000,0.53488,0.08140,7,5,0.60717,-0.15670,0.78807,765.07546,0.44943,0,0:x-0.116:y-0.420:f0.00:tf10.38:p0.0000:tok-1;15:x0.016:y-0.416:f6.89:tf10.38:p0.0163:tok-1;30:x0.024:y-0.347:f9.62:tf10.38:p0.0242:tok-1;45:x0.027:y-0.221:f8.24:tf10.38:p0.0275:tok-1;60:x0.029:y-0.069:f15.19:tf10.38:p0.0188:tok-1;75:x0.029:y0.078:f16.51:tf16.41:p0.0194:tok-1;90:x0.031:y0.208:f14.43:tf16.41:p0.0210:tok-1;95:x0.031:y0.242:f15.73:tf16.41:p0.0209:tok-1
token_full_v5,combined_stress,3,1001,,0,0.89583,3.03964,2.47699,0.17964,1.41603,0.02389,0.00000,0.03488,0.03488,3,5,0.68605,-0.10724,0.63804,780.50886,0.49342,49,0:x-0.112:y-0.423:f0.06:tf10.25:p0.0000:tok1;15:x0.019:y-0.418:f6.69:tf10.25:p0.0191:tok5;30:x0.024:y-0.360:f8.86:tf10.25:p0.0238:tok6;45:x0.024:y-0.272:f8.13:tf10.25:p0.0235:tok6;60:x0.026:y-0.160:f13.93:tf16.92:p0.0155:tok6;75:x0.029:y-0.040:f14.64:tf16.92:p0.0193:tok4;90:x0.029:y0.079:f14.96:tf16.92:p0.0188:tok6;95:x0.029:y0.112:f14.56:tf16.92:p0.0191:tok6
ablate_no_memory,combined_stress,3,1001,,0,0.88542,2.76386,1.32183,0.16335,1.47831,0.02534,0.00000,0.44706,0.02353,2,5,0.48710,-0.08251,0.70809,765.09113,0.49350,11,0:x-0.114:y-0.421:f0.00:tf10.25:p0.0000:tok3;15:x0.016:y-0.418:f7.53:tf10.25:p0.0162:tok5;30:x0.023:y-0.363:f8.41:tf10.25:p0.0227:tok6;45:x0.025:y-0.271:f9.10:tf10.25:p0.0253:tok3;60:x0.025:y-0.140:f13.14:tf16.92:p0.0149:tok3;75:x0.031:y-0.001:f16.52:tf16.92:p0.0207:tok3;90:x0.031:y0.135:f15.48:tf16.92:p0.0208:tok3;95:x0.031:y0.172:f15.39:tf16.92:p0.0210:tok3
ablate_no_discrete_tokens,combined_stress,3,1001,,1,0.91667,1.89958,0.96921,0.11227,1.58308,0.02852,0.00000,0.59091,0.10227,9,5,0.77383,-0.09873,0.81910,779.05239,0.49347,0,0:x-0.118:y-0.434:f0.00:tf10.25:p0.0000:tok1;15:x0.027:y-0.423:f9.88:tf10.25:p0.0275:tok1;30:x0.027:y-0.343:f10.21:tf10.25:p0.0266:tok1;45:x0.029:y-0.209:f10.02:tf10.25:p0.0285:tok1;60:x0.026:y-0.058:f11.86:tf16.92:p0.0158:tok1;75:x0.032:y0.093:f17.61:tf16.92:p0.0224:tok1;90:x0.032:y0.233:f16.74:tf16.92:p0.0217:tok1;95:x0.032:y0.268:f17.72:tf16.92:p0.0218:tok1
ablate_no_force_update,combined_stress,3,1001,,0,0.89583,3.28222,2.89928,0.19398,1.48951,0.02681,0.00000,0.08140,0.05814,5,6,0.76785,-0.12851,0.65537,420.00000,0.20000,54,0:x-0.119:y-0.413:f0.84:tf10.25:p0.0000:tok1;15:x0.020:y-0.408:f8.12:tf10.25:p0.0204:tok6;30:x0.023:y-0.358:f6.70:tf10.25:p0.0228:tok2;45:x0.022:y-0.264:f7.95:tf10.25:p0.0221:tok4;60:x0.029:y-0.148:f16.92:tf16.92:p0.0194:tok4;75:x0.035:y-0.026:f18.35:tf16.92:p0.0249:tok4;90:x0.035:y0.092:f20.11:tf16.92:p0.0251:tok2;95:x0.037:y0.127:f18.92:tf16.92:p0.0266:tok6
ablate_no_transition_planner,combined_stress,3,1001,,0,0.89583,2.97255,2.72211,0.17568,1.34188,0.02519,0.00000,0.00000,0.05814,5,6,0.65784,-0.10602,0.63803,770.99929,0.49338,45,0:x-0.112:y-0.430:f0.00:tf10.25:p0.0000:tok1;15:x0.020:y-0.424:f7.44:tf10.25:p0.0201:tok2;30:x0.024:y-0.361:f8.25:tf10.25:p0.0243:tok6;45:x0.024:y-0.260:f7.55:tf10.25:p0.0238:tok6;60:x0.024:y-0.149:f11.17:tf16.92:p0.0138:tok6;75:x0.029:y-0.033:f14.50:tf16.92:p0.0191:tok4;90:x0.029:y0.081:f14.53:tf16.92:p0.0188:tok6;95:x0.029:y0.113:f14.68:tf16.92:p0.0195:tok6
ablate_no_safety_penalty,combined_stress,3,1001,,0,0.89583,3.20446,2.77159,0.18939,1.43066,0.02557,0.00000,0.01163,0.03488,3,5,0.69804,-0.11673,0.63268,768.07044,0.49336,54,0:x-0.118:y-0.415:f0.00:tf10.25:p0.0000:tok1;15:x0.019:y-0.409:f7.92:tf10.25:p0.0189:tok4;30:x0.023:y-0.352:f7.48:tf10.25:p0.0231:tok2;45:x0.026:y-0.258:f7.17:tf10.25:p0.0256:tok6;60:x0.025:y-0.146:f12.60:tf16.92:p0.0145:tok6;75:x0.029:y-0.034:f14.37:tf16.92:p0.0186:tok6;90:x0.029:y0.073:f14.31:tf16.92:p0.0192:tok5;95:x0.030:y0.108:f15.44:tf16.92:p0.0196:tok6
ablate_no_slip_context,combined_stress,3,1001,,0,0.90625,2.61108,1.88039,0.15432,1.17474,0.02349,0.00000,0.04598,0.02299,2,5,0.63641,-0.09182,0.62611,767.95268,0.49334,44,0:x-0.099:y-0.433:f0.17:tf10.25:p0.0000:tok1;15:x0.020:y-0.426:f7.35:tf10.25:p0.0200:tok2;30:x0.023:y-0.365:f8.54:tf10.25:p0.0232:tok6;45:x0.023:y-0.271:f8.85:tf10.25:p0.0233:tok6;60:x0.024:y-0.165:f12.24:tf16.92:p0.0144:tok5;75:x0.029:y-0.043:f15.22:tf16.92:p0.0193:tok6;90:x0.029:y0.068:f14.39:tf16.92:p0.0194:tok5;95:x0.030:y0.102:f16.47:tf16.92:p0.0205:tok6
ablate_no_tail_risk_objective,combined_stress,3,1001,,0,0.89583,2.45442,1.37670,0.14506,1.49128,0.02701,0.00000,0.31395,0.09302,8,5,0.65378,-0.08007,0.72229,761.12471,0.49341,25,0:x-0.115:y-0.432:f0.87:tf10.25:p0.0000:tok1;15:x0.020:y-0.425:f8.29:tf10.25:p0.0197:tok7;30:x0.027:y-0.348:f10.59:tf10.25:p0.0268:tok3;45:x0.026:y-0.234:f8.15:tf10.25:p0.0265:tok3;60:x0.025:y-0.109:f13.39:tf16.92:p0.0151:tok3;75:x0.031:y0.022:f16.19:tf16.92:p0.0208:tok3;90:x0.031:y0.149:f15.66:tf16.92:p0.0210:tok3;95:x0.032:y0.184:f16.45:tf16.92:p0.0216:tok2
ablate_no_calibration_guard,combined_stress,3,1001,,0,0.90625,2.04224,1.54631,0.12070,1.45293,0.02893,0.00000,0.14943,0.05747,5,5,1.02894,-0.12227,0.68522,788.41752,0.49336,43,0:x-0.111:y-0.431:f0.00:tf10.25:p0.0000:tok1;15:x0.029:y-0.422:f11.54:tf10.25:p0.0289:tok7;30:x0.026:y-0.355:f10.08:tf10.25:p0.0260:tok7;45:x0.025:y-0.248:f9.14:tf10.25:p0.0253:tok6;60:x0.026:y-0.131:f14.81:tf16.92:p0.0165:tok6;75:x0.029:y0.002:f15.42:tf16.92:p0.0192:tok6;90:x0.030:y0.117:f15.27:tf16.92:p0.0199:tok6;95:x0.030:y0.152:f16.60:tf16.92:p0.0204:tok7
ablate_no_phase_memory,combined_stress,3,1001,,0,0.89583,2.43167,0.98810,0.14371,1.53073,0.02650,0.00000,0.33721,0.11628,10,5,0.72055,-0.11299,0.71266,764.09995,0.49343,37,0:x-0.123:y-0.421:f0.00:tf10.25:p0.0000:tok1;15:x0.019:y-0.417:f7.01:tf10.25:p0.0191:tok5;30:x0.024:y-0.355:f8.28:tf10.25:p0.0242:tok4;45:x0.027:y-0.246:f9.60:tf10.25:p0.0265:tok3;60:x0.027:y-0.120:f13.88:tf16.92:p0.0166:tok3;75:x0.032:y0.011:f16.88:tf16.92:p0.0215:tok3;90:x0.031:y0.141:f17.11:tf16.92:p0.0211:tok3;95:x0.031:y0.177:f15.16:tf16.92:p0.0207:tok6
impedance_token_policy_v4,combined_stress,3,1001,,0,0.90625,2.40432,1.42731,0.14210,1.45828,0.02731,0.00000,0.28736,0.04598,4,5,0.79775,-0.10595,0.71401,773.69449,0.49342,71,0:x-0.107:y-0.418:f0.00:tf10.25:p0.0000:tok1;15:x0.021:y-0.413:f6.80:tf10.25:p0.0206:tok5;30:x0.025:y-0.352:f10.06:tf10.25:p0.0249:tok2;45:x0.027:y-0.238:f9.76:tf10.25:p0.0268:tok4;60:x0.025:y-0.111:f12.25:tf16.92:p0.0151:tok3;75:x0.030:y0.017:f14.27:tf16.92:p0.0198:tok6;90:x0.032:y0.145:f16.36:tf16.92:p0.0217:tok6;95:x0.030:y0.178:f15.17:tf16.92:p0.0198:tok6
learned_only_token_replacement,combined_stress,3,1001,,1,0.88542,2.64911,0.93452,0.15656,1.59315,0.02769,0.00000,0.54118,0.07059,6,5,0.55389,-0.14773,0.76262,776.48747,0.49344,0,0:x-0.114:y-0.423:f0.79:tf10.25:p0.0000:tok-1;15:x0.015:y-0.419:f7.58:tf10.25:p0.0152:tok-1;30:x0.025:y-0.349:f8.34:tf10.25:p0.0252:tok-1;45:x0.028:y-0.223:f10.05:tf10.25:p0.0277:tok-1;60:x0.027:y-0.083:f12.73:tf16.92:p0.0168:tok-1;75:x0.031:y0.055:f16.04:tf16.92:p0.0214:tok-1;90:x0.031:y0.185:f16.15:tf16.92:p0.0206:tok-1;95:x0.031:y0.219:f16.56:tf16.92:p0.0207:tok-1
token_full_v5,combined_stress,3,1002,,0,0.90625,2.72158,1.16674,0.17585,1.30980,0.02978,0.00000,0.00000,0.02299,2,5,0.60116,-0.07993,0.66448,712.25606,0.50979,43,0:x-0.100:y-0.430:f0.00:tf11.15:p0.0000:tok1;15:x0.024:y-0.422:f8.04:tf11.15:p0.0239:tok2;30:x0.029:y-0.357:f8.53:tf11.15:p0.0285:tok2;45:x0.028:y-0.254:f10.46:tf11.15:p0.0285:tok4;60:x0.028:y-0.138:f12.93:tf11.15:p0.0182:tok4;75:x0.030:y-0.019:f14.87:tf15.48:p0.0201:tok4;90:x0.029:y0.100:f13.31:tf15.48:p0.0193:tok4;95:x0.029:y0.135:f12.22:tf15.48:p0.0186:tok2
ablate_no_memory,combined_stress,3,1002,,0,0.88542,2.80847,0.88128,0.18146,1.61613,0.03303,0.00000,0.47059,0.04706,4,5,0.55787,-0.10861,0.71920,724.87645,0.50979,16,0:x-0.119:y-0.436:f0.26:tf11.15:p0.0000:tok3;15:x0.019:y-0.431:f8.22:tf11.15:p0.0188:tok5;30:x0.028:y-0.369:f9.55:tf11.15:p0.0278:tok6;45:x0.031:y-0.265:f11.70:tf11.15:p0.0307:tok3;60:x0.033:y-0.123:f17.73:tf11.15:p0.0231:tok4;75:x0.032:y0.017:f16.27:tf15.48:p0.0224:tok3;90:x0.031:y0.148:f15.66:tf15.48:p0.0207:tok3;95:x0.030:y0.182:f14.50:tf15.48:p0.0200:tok6
ablate_no_discrete_tokens,combined_stress,3,1002,,1,0.91667,2.10983,1.27049,0.13632,1.73472,0.03566,0.01136,0.56818,0.07955,7,6,0.83748,-0.11274,0.82632,712.78350,0.50978,0,0:x-0.119:y-0.423:f0.00:tf11.15:p0.0000:tok1;15:x0.031:y-0.414:f10.62:tf11.15:p0.0312:tok1;30:x0.032:y-0.337:f10.66:tf11.15:p0.0322:tok1;45:x0.034:y-0.206:f12.38:tf11.15:p0.0344:tok1;60:x0.035:y-0.048:f19.34:tf11.15:p0.0254:tok1;75:x0.033:y0.105:f16.85:tf15.48:p0.0232:tok1;90:x0.032:y0.241:f16.56:tf15.48:p0.0217:tok1;95:x0.031:y0.275:f15.36:tf15.48:p0.0215:tok1
ablate_no_force_update,combined_stress,3,1002,,0,0.90625,3.48302,2.52086,0.22504,1.35263,0.02812,0.00000,0.11494,0.02299,2,5,0.78031,-0.10480,0.68199,420.00000,0.20000,67,0:x-0.114:y-0.431:f0.69:tf11.15:p0.0000:tok1;15:x0.025:y-0.424:f9.02:tf11.15:p0.0253:tok4;30:x0.027:y-0.360:f8.02:tf11.15:p0.0275:tok2;45:x0.027:y-0.252:f8.27:tf11.15:p0.0270:tok6;60:x0.025:y-0.127:f8.57:tf11.15:p0.0147:tok3;75:x0.035:y0.001:f17.13:tf15.48:p0.0246:tok4;90:x0.036:y0.114:f20.01:tf15.48:p0.0264:tok6;95:x0.038:y0.149:f19.94:tf15.48:p0.0280:tok7
ablate_no_transition_planner,combined_stress,3,1002,,0,0.89583,2.85957,1.22158,0.18476,1.42607,0.03156,0.00000,0.09302,0.04651,4,5,0.77425,-0.12990,0.67011,715.61415,0.50977,42,0:x-0.123:y-0.420:f0.47:tf11.15:p0.0000:tok1;15:x0.024:y-0.414:f8.22:tf11.15:p0.0240:tok2;30:x0.029:y-0.352:f8.72:tf11.15:p0.0293:tok6;45:x0.029:y-0.257:f6.05:tf11.15:p0.0290:tok6;60:x0.030:y-0.137:f14.80:tf11.15:p0.0202:tok6;75:x0.030:y-0.010:f15.23:tf15.48:p0.0204:tok4;90:x0.029:y0.106:f15.27:tf15.48:p0.0195:tok4;95:x0.029:y0.140:f14.31:tf15.48:p0.0189:tok6
ablate_no_safety_penalty,combined_stress,3,1002,,0,0.89583,2.79925,1.22757,0.18086,1.47553,0.03115,0.00000,0.12791,0.05814,5,5,0.68821,-0.11143,0.65826,721.67713,0.50976,38,0:x-0.113:y-0.439:f0.00:tf11.15:p0.0000:tok1;15:x0.024:y-0.432:f9.69:tf11.15:p0.0243:tok0;30:x0.029:y-0.365:f8.98:tf11.15:p0.0288:tok6;45:x0.030:y-0.266:f7.11:tf11.15:p0.0297:tok6;60:x0.031:y-0.143:f12.40:tf11.15:p0.0205:tok4;75:x0.030:y-0.019:f14.78:tf15.48:p0.0202:tok4;90:x0.029:y0.099:f14.97:tf15.48:p0.0188:tok6;95:x0.028:y0.130:f12.85:tf15.48:p0.0182:tok5
ablate_no_slip_context,combined_stress,3,1002,,0,0.89583,2.78334,1.33485,0.17984,1.53393,0.03260,0.00000,0.19767,0.04651,4,5,0.81882,-0.13923,0.64038,712.82082,0.50958,42,0:x-0.119:y-0.436:f0.00:tf11.15:p0.0000:tok1;15:x0.023:y-0.429:f8.27:tf11.15:p0.0230:tok2;30:x0.027:y-0.363:f8.73:tf11.15:p0.0274:tok6;45:x0.030:y-0.263:f10.47:tf11.15:p0.0298:tok6;60:x0.032:y-0.132:f17.10:tf11.15:p0.0221:tok6;75:x0.030:y-0.009:f15.62:tf15.48:p0.0202:tok6;90:x0.028:y0.088:f13.88:tf15.48:p0.0183:tok6;95:x0.029:y0.115:f14.27:tf15.48:p0.0192:tok6
ablate_no_tail_risk_objective,combined_stress,3,1002,,0,0.90625,2.44556,1.19687,0.15801,1.65577,0.03398,0.00000,0.35632,0.04598,4,5,0.63659,-0.07383,0.73478,697.85544,0.50971,30,0:x-0.105:y-0.421:f0.71:tf11.15:p0.0000:tok1;15:x0.023:y-0.413:f8.23:tf11.15:p0.0233:tok5;30:x0.033:y-0.338:f10.67:tf11.15:p0.0327:tok3;45:x0.033:y-0.227:f11.75:tf11.15:p0.0328:tok3;60:x0.034:y-0.097:f16.38:tf11.15:p0.0241:tok3;75:x0.033:y0.036:f16.39:tf15.48:p0.0227:tok3;90:x0.031:y0.160:f14.10:tf15.48:p0.0212:tok3;95:x0.032:y0.195:f14.81:tf15.48:p0.0216:tok2
ablate_no_calibration_guard,combined_stress,3,1002,,0,0.90625,2.29322,1.25063,0.14817,1.43146,0.03471,0.00000,0.10345,0.09195,8,5,0.90819,-0.15067,0.64606,711.36991,0.50954,30,0:x-0.115:y-0.429:f0.00:tf11.15:p0.0000:tok1;15:x0.031:y-0.420:f10.63:tf11.15:p0.0315:tok7;30:x0.029:y-0.353:f8.81:tf11.15:p0.0291:tok6;45:x0.032:y-0.250:f9.35:tf11.15:p0.0322:tok6;60:x0.031:y-0.127:f14.83:tf11.15:p0.0214:tok7;75:x0.030:y-0.006:f14.96:tf15.48:p0.0204:tok6;90:x0.029:y0.092:f13.01:tf15.48:p0.0193:tok6;95:x0.030:y0.120:f13.98:tf15.48:p0.0196:tok6
ablate_no_phase_memory,combined_stress,3,1002,,0,0.89583,2.62196,0.84682,0.16941,1.94373,0.03390,0.01163,0.44186,0.05814,5,5,0.77439,-0.11665,0.72440,716.32464,0.50976,39,0:x-0.123:y-0.437:f0.11:tf11.15:p0.0000:tok1;15:x0.024:y-0.430:f9.91:tf11.15:p0.0238:tok0;30:x0.030:y-0.361:f9.01:tf11.15:p0.0298:tok4;45:x0.032:y-0.251:f9.79:tf11.15:p0.0317:tok3;60:x0.034:y-0.113:f16.15:tf11.15:p0.0238:tok3;75:x0.032:y0.024:f17.06:tf15.48:p0.0223:tok3;90:x0.031:y0.151:f15.00:tf15.48:p0.0207:tok3;95:x0.031:y0.187:f15.13:tf15.48:p0.0211:tok6
impedance_token_policy_v4,combined_stress,3,1002,,0,0.89583,2.54221,1.24727,0.16426,1.44768,0.03240,0.00000,0.38372,0.09302,8,5,0.89641,-0.12686,0.71679,718.19962,0.50981,70,0:x-0.122:y-0.438:f0.00:tf11.15:p0.0000:tok1;15:x0.024:y-0.432:f8.62:tf11.15:p0.0237:tok7;30:x0.029:y-0.364:f8.85:tf11.15:p0.0294:tok7;45:x0.032:y-0.245:f11.08:tf11.15:p0.0320:tok4;60:x0.029:y-0.117:f16.14:tf11.15:p0.0194:tok3;75:x0.032:y0.014:f16.75:tf15.48:p0.0218:tok4;90:x0.032:y0.141:f17.26:tf15.48:p0.0220:tok2;95:x0.030:y0.180:f14.08:tf15.48:p0.0199:tok6
learned_only_token_replacement,combined_stress,3,1002,,1,0.89583,3.08090,2.21170,0.19906,1.45224,0.03494,0.00000,0.52326,0.06977,6,7,0.62399,-0.16254,0.77086,736.77926,0.50964,0,0:x-0.115:y-0.428:f0.00:tf11.15:p0.0000:tok-1;15:x0.018:y-0.422:f6.87:tf11.15:p0.0184:tok-1;30:x0.029:y-0.349:f10.74:tf11.15:p0.0295:tok-1;45:x0.034:y-0.223:f8.69:tf11.15:p0.0335:tok-1;60:x0.034:y-0.072:f15.84:tf11.15:p0.0245:tok-1;75:x0.035:y0.070:f17.54:tf15.48:p0.0247:tok-1;90:x0.031:y0.194:f16.14:tf15.48:p0.0209:tok-1;95:x0.031:y0.227:f15.07:tf15.48:p0.0205:tok-1
token_full_v5,combined_stress,3,1003,,0,0.90625,3.25756,3.09060,0.18908,1.61172,0.02677,0.00000,0.03448,0.01149,1,6,0.61708,-0.08615,0.65257,805.59376,0.47817,55,0:x-0.101:y-0.415:f0.28:tf10.48:p0.0000:tok1;15:x0.021:y-0.410:f8.76:tf10.48:p0.0209:tok4;30:x0.025:y-0.352:f8.61:tf10.48:p0.0254:tok6;45:x0.027:y-0.259:f8.98:tf10.48:p0.0268:tok4;60:x0.024:y-0.144:f11.93:tf10.48:p0.0143:tok4;75:x0.027:y-0.021:f14.68:tf17.23:p0.0170:tok6;90:x0.029:y0.091:f15.29:tf17.23:p0.0192:tok4;95:x0.029:y0.125:f14.61:tf17.23:p0.0186:tok2
ablate_no_memory,combined_stress,3,1003,,0,0.88542,3.04274,1.43810,0.17661,1.73755,0.02944,0.01176,0.48235,0.12941,11,5,0.52425,-0.09309,0.71839,802.03707,0.47826,19,0:x-0.115:y-0.426:f0.11:tf10.48:p0.0000:tok3;15:x0.017:y-0.423:f6.96:tf10.48:p0.0173:tok5;30:x0.025:y-0.367:f8.05:tf10.48:p0.0248:tok6;45:x0.029:y-0.262:f8.35:tf10.48:p0.0292:tok3;60:x0.025:y-0.129:f13.06:tf10.48:p0.0154:tok3;75:x0.029:y0.011:f15.74:tf17.23:p0.0193:tok3;90:x0.031:y0.145:f16.32:tf17.23:p0.0206:tok3;95:x0.031:y0.181:f17.21:tf17.23:p0.0206:tok6
ablate_no_discrete_tokens,combined_stress,3,1003,,1,0.91667,2.09468,1.09861,0.12158,1.67331,0.03169,0.00000,0.57955,0.12500,11,5,0.76273,-0.09759,0.82819,801.20383,0.47825,0,0:x-0.115:y-0.430:f0.69:tf10.48:p0.0000:tok1;15:x0.028:y-0.419:f9.63:tf10.48:p0.0285:tok1;30:x0.030:y-0.341:f9.21:tf10.48:p0.0297:tok1;45:x0.031:y-0.207:f10.33:tf10.48:p0.0311:tok1;60:x0.025:y-0.052:f10.04:tf10.48:p0.0149:tok1;75:x0.031:y0.103:f18.15:tf17.23:p0.0210:tok1;90:x0.031:y0.242:f17.95:tf17.23:p0.0214:tok1;95:x0.031:y0.276:f16.14:tf17.23:p0.0213:tok1
ablate_no_force_update,combined_stress,3,1003,,0,0.89583,3.65087,3.27846,0.21191,1.51247,0.02811,0.00000,0.26744,0.02326,2,5,0.78799,-0.10704,0.68096,420.00000,0.20000,71,0:x-0.115:y-0.437:f0.12:tf10.48:p0.0000:tok1;15:x0.021:y-0.431:f6.20:tf10.48:p0.0210:tok2;30:x0.025:y-0.368:f8.62:tf10.48:p0.0249:tok6;45:x0.023:y-0.262:f7.99:tf10.48:p0.0230:tok4;60:x0.027:y-0.136:f12.95:tf10.48:p0.0173:tok4;75:x0.034:y-0.003:f19.68:tf17.23:p0.0244:tok4;90:x0.036:y0.114:f21.85:tf17.23:p0.0259:tok5;95:x0.038:y0.148:f22.81:tf17.23:p0.0281:tok2
ablate_no_transition_planner,combined_stress,3,1003,,0,0.89583,3.21412,3.08700,0.18656,1.38705,0.02729,0.00000,0.05814,0.02326,2,6,0.72509,-0.09802,0.65409,793.91301,0.47823,51,0:x-0.115:y-0.440:f0.00:tf10.48:p0.0000:tok1;15:x0.021:y-0.433:f7.30:tf10.48:p0.0206:tok2;30:x0.027:y-0.366:f8.58:tf10.48:p0.0267:tok6;45:x0.026:y-0.271:f9.76:tf10.48:p0.0264:tok6;60:x0.024:y-0.152:f10.64:tf10.48:p0.0142:tok4;75:x0.027:y-0.025:f14.23:tf17.23:p0.0170:tok6;90:x0.029:y0.090:f14.31:tf17.23:p0.0190:tok6;95:x0.029:y0.125:f14.63:tf17.23:p0.0192:tok2
ablate_no_safety_penalty,combined_stress,3,1003,,0,0.89583,3.17338,2.78493,0.18420,1.48115,0.02768,0.00000,0.06977,0.02326,2,6,0.79826,-0.13842,0.65147,802.41924,0.47816,48,0:x-0.126:y-0.442:f0.00:tf10.48:p0.0000:tok1;15:x0.020:y-0.437:f7.57:tf10.48:p0.0197:tok5;30:x0.026:y-0.369:f8.02:tf10.48:p0.0259:tok6;45:x0.026:y-0.271:f7.58:tf10.48:p0.0263:tok6;60:x0.025:y-0.146:f11.04:tf10.48:p0.0152:tok4;75:x0.027:y-0.020:f14.94:tf17.23:p0.0173:tok4;90:x0.028:y0.093:f14.30:tf17.23:p0.0183:tok5;95:x0.030:y0.124:f15.74:tf17.23:p0.0196:tok6
ablate_no_slip_context,combined_stress,3,1003,,0,0.89583,3.02315,1.98915,0.17548,1.72273,0.02817,0.01163,0.15116,0.02326,2,5,0.81407,-0.12899,0.65347,804.66074,0.47808,48,0:x-0.116:y-0.430:f0.76:tf10.48:p0.0000:tok1;15:x0.022:y-0.423:f8.43:tf10.48:p0.0219:tok4;30:x0.026:y-0.360:f8.38:tf10.48:p0.0260:tok6;45:x0.026:y-0.267:f6.83:tf10.48:p0.0262:tok2;60:x0.025:y-0.140:f11.64:tf10.48:p0.0154:tok6;75:x0.029:y-0.018:f15.94:tf17.23:p0.0189:tok6;90:x0.030:y0.096:f15.93:tf17.23:p0.0197:tok6;95:x0.029:y0.126:f16.05:tf17.23:p0.0190:tok6
ablate_no_tail_risk_objective,combined_stress,3,1003,,1,0.89583,2.76713,1.49056,0.16062,1.58103,0.03109,0.00000,0.31395,0.06977,6,5,0.70604,-0.08876,0.74307,798.22580,0.47817,31,0:x-0.117:y-0.418:f0.94:tf10.48:p0.0000:tok1;15:x0.021:y-0.412:f7.68:tf10.48:p0.0210:tok5;30:x0.030:y-0.338:f10.51:tf10.48:p0.0304:tok3;45:x0.030:y-0.227:f10.52:tf10.48:p0.0300:tok3;60:x0.026:y-0.099:f15.65:tf10.48:p0.0163:tok3;75:x0.029:y0.042:f15.79:tf17.23:p0.0194:tok3;90:x0.030:y0.167:f16.55:tf17.23:p0.0204:tok3;95:x0.031:y0.202:f17.43:tf17.23:p0.0215:tok3
ablate_no_calibration_guard,combined_stress,3,1003,,0,0.90625,2.60116,2.10655,0.15098,1.56002,0.02988,0.00000,0.25287,0.05747,5,5,1.06087,-0.15067,0.69968,795.94862,0.47814,40,0:x-0.112:y-0.428:f0.00:tf10.48:p0.0000:tok1;15:x0.030:y-0.418:f10.04:tf10.48:p0.0295:tok7;30:x0.027:y-0.351:f8.74:tf10.48:p0.0272:tok6;45:x0.028:y-0.249:f11.08:tf10.48:p0.0283:tok6;60:x0.026:y-0.126:f15.10:tf10.48:p0.0163:tok7;75:x0.028:y0.016:f14.94:tf17.23:p0.0178:tok6;90:x0.030:y0.135:f15.94:tf17.23:p0.0198:tok6;95:x0.030:y0.166:f16.07:tf17.23:p0.0196:tok6
ablate_no_phase_memory,combined_stress,3,1003,,0,0.89583,2.66065,1.41521,0.15443,1.53529,0.02982,0.00000,0.41860,0.03488,3,5,0.65740,-0.08984,0.72227,822.16907,0.47819,37,0:x-0.108:y-0.428:f0.02:tf10.48:p0.0000:tok1;15:x0.021:y-0.422:f6.58:tf10.48:p0.0208:tok2;30:x0.027:y-0.356:f7.92:tf10.48:p0.0272:tok2;45:x0.030:y-0.244:f10.04:tf10.48:p0.0298:tok3;60:x0.025:y-0.116:f11.62:tf10.48:p0.0151:tok3;75:x0.029:y0.019:f15.98:tf17.23:p0.0190:tok3;90:x0.031:y0.150:f17.62:tf17.23:p0.0206:tok3;95:x0.030:y0.185:f17.92:tf17.23:p0.0200:tok6
impedance_token_policy_v4,combined_stress,3,1003,,0,0.90625,2.69130,1.90045,0.15621,1.54466,0.02877,0.00000,0.33333,0.01149,1,5,0.74919,-0.08414,0.70670,795.90401,0.47824,71,0:x-0.104:y-0.436:f0.74:tf10.48:p0.0000:tok1;15:x0.021:y-0.430:f5.86:tf10.48:p0.0209:tok5;30:x0.026:y-0.364:f8.63:tf10.48:p0.0261:tok0;45:x0.029:y-0.249:f10.35:tf10.48:p0.0288:tok4;60:x0.025:y-0.120:f12.22:tf10.48:p0.0145:tok4;75:x0.029:y0.007:f15.93:tf17.23:p0.0186:tok4;90:x0.031:y0.136:f15.59:tf17.23:p0.0207:tok6;95:x0.030:y0.171:f16.70:tf17.23:p0.0200:tok2
learned_only_token_replacement,combined_stress,3,1003,,1,0.88542,3.36589,1.50608,0.19537,1.89663,0.03155,0.05882,0.56471,0.04706,4,5,0.61512,-0.16633,0.77303,799.17135,0.47822,0,0:x-0.119:y-0.438:f0.03:tf10.48:p0.0000:tok-1;15:x0.013:y-0.433:f5.54:tf10.48:p0.0130:tok-1;30:x0.027:y-0.358:f9.60:tf10.48:p0.0270:tok-1;45:x0.031:y-0.227:f10.63:tf10.48:p0.0308:tok-1;60:x0.028:y-0.078:f15.47:tf10.48:p0.0181:tok-1;75:x0.030:y0.064:f15.72:tf17.23:p0.0197:tok-1;90:x0.030:y0.194:f16.49:tf17.23:p0.0201:tok-1;95:x0.030:y0.228:f16.42:tf17.23:p0.0199:tok-1
token_full_v5,combined_stress,4,1000,,0,0.89583,2.65406,1.67132,0.17714,1.04475,0.02557,0.00000,0.13953,0.02326,2,5,0.69323,-0.11641,0.66917,723.44190,0.47148,41,0:x-0.118:y-0.419:f0.00:tf10.40:p0.0000:tok1;15:x0.020:y-0.413:f8.12:tf10.40:p0.0204:tok4;30:x0.023:y-0.354:f9.24:tf10.40:p0.0234:tok6;45:x0.025:y-0.260:f8.88:tf10.40:p0.0252:tok4;60:x0.026:y-0.141:f9.77:tf10.40:p0.0157:tok4;75:x0.029:y-0.014:f13.85:tf14.98:p0.0192:tok4;90:x0.028:y0.107:f13.03:tf14.98:p0.0181:tok4;95:x0.028:y0.140:f13.62:tf14.98:p0.0178:tok6
ablate_no_memory,combined_stress,4,1000,,0,0.88542,2.55109,0.89063,0.17026,1.41310,0.02661,0.00000,0.47059,0.08235,7,5,0.49079,-0.08491,0.73049,714.13976,0.47154,14,0:x-0.111:y-0.420:f1.11:tf10.40:p0.0000:tok3;15:x0.017:y-0.418:f7.35:tf10.40:p0.0168:tok5;30:x0.023:y-0.362:f7.60:tf10.40:p0.0227:tok2;45:x0.026:y-0.260:f9.96:tf10.40:p0.0264:tok3;60:x0.028:y-0.120:f12.75:tf10.40:p0.0180:tok3;75:x0.030:y0.023:f13.55:tf14.98:p0.0202:tok3;90:x0.030:y0.157:f14.29:tf14.98:p0.0200:tok3;95:x0.030:y0.192:f13.88:tf14.98:p0.0197:tok6
ablate_no_discrete_tokens,combined_stress,4,1000,,1,0.91667,1.83050,0.92866,0.12217,1.65605,0.02988,0.00000,0.57955,0.11364,10,5,0.74415,-0.08895,0.83466,723.09205,0.47152,0,0:x-0.112:y-0.430:f0.37:tf10.40:p0.0000:tok1;15:x0.028:y-0.419:f10.19:tf10.40:p0.0284:tok1;30:x0.027:y-0.341:f9.74:tf10.40:p0.0275:tok1;45:x0.028:y-0.207:f10.72:tf10.40:p0.0285:tok1;60:x0.029:y-0.048:f13.91:tf10.40:p0.0190:tok1;75:x0.032:y0.108:f16.88:tf14.98:p0.0218:tok1;90:x0.031:y0.247:f14.99:tf14.98:p0.0209:tok1;95:x0.031:y0.282:f15.65:tf14.98:p0.0207:tok1
ablate_no_force_update,combined_stress,4,1000,,0,0.89583,2.85819,1.97417,0.19076,1.33405,0.02429,0.00000,0.20930,0.02326,2,5,0.66104,-0.10438,0.67281,420.00000,0.20000,57,0:x-0.110:y-0.419:f0.00:tf10.40:p0.0000:tok1;15:x0.022:y-0.414:f8.42:tf10.40:p0.0220:tok6;30:x0.024:y-0.355:f8.15:tf10.40:p0.0240:tok6;45:x0.022:y-0.258:f8.45:tf10.40:p0.0225:tok4;60:x0.024:y-0.139:f10.39:tf10.40:p0.0145:tok4;75:x0.033:y-0.009:f17.15:tf14.98:p0.0229:tok4;90:x0.033:y0.111:f16.74:tf14.98:p0.0235:tok6;95:x0.033:y0.143:f16.49:tf14.98:p0.0228:tok6
ablate_no_transition_planner,combined_stress,4,1000,,0,0.89583,2.87358,2.20673,0.19179,1.28436,0.02536,0.00000,0.05814,0.03488,3,5,0.72555,-0.11607,0.66659,707.66699,0.47152,46,0:x-0.120:y-0.430:f0.82:tf10.40:p0.0000:tok1;15:x0.019:y-0.424:f6.96:tf10.40:p0.0194:tok5;30:x0.024:y-0.366:f8.67:tf10.40:p0.0238:tok6;45:x0.024:y-0.262:f8.84:tf10.40:p0.0243:tok4;60:x0.025:y-0.141:f13.36:tf10.40:p0.0148:tok6;75:x0.028:y-0.014:f13.98:tf14.98:p0.0179:tok4;90:x0.028:y0.103:f12.44:tf14.98:p0.0181:tok5;95:x0.029:y0.137:f12.75:tf14.98:p0.0186:tok6
ablate_no_safety_penalty,combined_stress,4,1000,,0,0.89583,2.95991,1.89929,0.19755,1.34682,0.02421,0.00000,0.26744,0.04651,4,5,0.72715,-0.11732,0.66600,723.88202,0.47157,40,0:x-0.119:y-0.423:f0.00:tf10.40:p0.0000:tok1;15:x0.021:y-0.417:f8.00:tf10.40:p0.0208:tok4;30:x0.023:y-0.362:f7.95:tf10.40:p0.0231:tok6;45:x0.023:y-0.274:f8.33:tf10.40:p0.0229:tok6;60:x0.025:y-0.157:f12.84:tf10.40:p0.0150:tok4;75:x0.028:y-0.022:f12.59:tf14.98:p0.0185:tok4;90:x0.028:y0.104:f12.64:tf14.98:p0.0177:tok4;95:x0.028:y0.137:f13.06:tf14.98:p0.0177:tok6
ablate_no_slip_context,combined_stress,4,1000,,0,0.89583,2.67190,1.66711,0.17833,1.22286,0.02584,0.00000,0.10465,0.00000,0,5,0.73025,-0.11830,0.64320,724.73761,0.47140,41,0:x-0.114:y-0.434:f0.23:tf10.40:p0.0000:tok1;15:x0.020:y-0.427:f6.40:tf10.40:p0.0200:tok5;30:x0.023:y-0.367:f8.91:tf10.40:p0.0234:tok6;45:x0.024:y-0.272:f8.65:tf10.40:p0.0236:tok6;60:x0.026:y-0.149:f10.77:tf10.40:p0.0156:tok6;75:x0.028:y-0.026:f13.65:tf14.98:p0.0183:tok6;90:x0.029:y0.086:f13.23:tf14.98:p0.0187:tok6;95:x0.028:y0.117:f12.96:tf14.98:p0.0179:tok6
ablate_no_tail_risk_objective,combined_stress,4,1000,,0,0.89583,2.18966,0.89729,0.14614,1.41224,0.02739,0.00000,0.40698,0.11628,10,5,0.67312,-0.08709,0.73892,715.22644,0.47147,22,0:x-0.119:y-0.430:f0.23:tf10.40:p0.0000:tok1;15:x0.021:y-0.424:f8.83:tf10.40:p0.0206:tok7;30:x0.027:y-0.346:f10.14:tf10.40:p0.0271:tok3;45:x0.027:y-0.233:f9.15:tf10.40:p0.0266:tok3;60:x0.028:y-0.100:f12.04:tf10.40:p0.0175:tok3;75:x0.030:y0.035:f13.70:tf14.98:p0.0202:tok3;90:x0.030:y0.163:f13.44:tf14.98:p0.0198:tok3;95:x0.030:y0.199:f14.85:tf14.98:p0.0203:tok2
ablate_no_calibration_guard,combined_stress,4,1000,,0,0.90625,2.39492,1.52667,0.15984,1.61394,0.02897,0.00000,0.24138,0.06897,6,5,1.02659,-0.15040,0.70227,715.40714,0.47142,33,0:x-0.115:y-0.436:f0.17:tf10.40:p0.0000:tok1;15:x0.028:y-0.427:f11.37:tf10.40:p0.0277:tok7;30:x0.024:y-0.360:f8.81:tf10.40:p0.0243:tok6;45:x0.026:y-0.256:f8.52:tf10.40:p0.0256:tok6;60:x0.030:y-0.131:f13.25:tf10.40:p0.0205:tok7;75:x0.029:y0.024:f14.07:tf14.98:p0.0188:tok6;90:x0.029:y0.139:f12.72:tf14.98:p0.0187:tok6;95:x0.028:y0.169:f12.53:tf14.98:p0.0183:tok6
ablate_no_phase_memory,combined_stress,4,1000,,0,0.90625,2.29276,0.75520,0.15302,1.30185,0.02765,0.00000,0.42529,0.03448,3,5,0.60636,-0.07153,0.73413,716.40759,0.47149,38,0:x-0.104:y-0.422:f0.04:tf10.40:p0.0000:tok1;15:x0.021:y-0.416:f8.27:tf10.40:p0.0206:tok6;30:x0.025:y-0.352:f8.88:tf10.40:p0.0247:tok0;45:x0.026:y-0.247:f8.34:tf10.40:p0.0260:tok3;60:x0.028:y-0.112:f11.73:tf10.40:p0.0182:tok3;75:x0.030:y0.028:f15.43:tf14.98:p0.0204:tok3;90:x0.030:y0.159:f13.38:tf14.98:p0.0201:tok3;95:x0.030:y0.194:f14.09:tf14.98:p0.0203:tok3
impedance_token_policy_v4,combined_stress,4,1000,,0,0.89583,2.18882,0.89793,0.14609,1.54948,0.02813,0.00000,0.47674,0.08140,7,5,0.79986,-0.11067,0.73150,724.92667,0.47149,55,0:x-0.123:y-0.429:f0.00:tf10.40:p0.0000:tok1;15:x0.021:y-0.423:f9.59:tf10.40:p0.0213:tok7;30:x0.026:y-0.358:f9.71:tf10.40:p0.0260:tok7;45:x0.027:y-0.242:f10.45:tf10.40:p0.0269:tok2;60:x0.027:y-0.111:f10.96:tf10.40:p0.0165:tok4;75:x0.030:y0.022:f14.35:tf14.98:p0.0203:tok3;90:x0.031:y0.153:f15.61:tf14.98:p0.0212:tok5;95:x0.030:y0.192:f15.22:tf14.98:p0.0205:tok5
learned_only_token_replacement,combined_stress,4,1000,,1,0.89583,2.67390,0.84291,0.17846,1.57756,0.02895,0.00000,0.56977,0.05814,5,5,0.59787,-0.15802,0.78087,720.55845,0.47143,0,0:x-0.117:y-0.440:f0.65:tf10.40:p0.0000:tok-1;15:x0.017:y-0.435:f7.09:tf10.40:p0.0165:tok-1;30:x0.025:y-0.360:f8.03:tf10.40:p0.0249:tok-1;45:x0.028:y-0.228:f8.89:tf10.40:p0.0285:tok-1;60:x0.030:y-0.075:f13.67:tf10.40:p0.0197:tok-1;75:x0.031:y0.072:f15.13:tf14.98:p0.0214:tok-1;90:x0.031:y0.202:f14.80:tf14.98:p0.0205:tok-1;95:x0.031:y0.235:f13.82:tf14.98:p0.0206:tok-1
token_full_v5,combined_stress,4,1001,,0,0.89583,3.16043,2.89441,0.19449,1.38545,0.03032,0.00000,0.01163,0.04651,4,8,0.73827,-0.12134,0.64287,795.87810,0.48378,55,0:x-0.118:y-0.427:f0.00:tf10.89:p0.0000:tok1;15:x0.023:y-0.420:f8.59:tf10.89:p0.0234:tok0;30:x0.029:y-0.356:f9.99:tf10.89:p0.0290:tok6;45:x0.028:y-0.251:f14.60:tf10.89:p0.0185:tok6;60:x0.023:y-0.145:f9.79:tf10.89:p0.0126:tok4;75:x0.027:y-0.026:f12.91:tf16.25:p0.0165:tok6;90:x0.028:y0.085:f15.04:tf16.25:p0.0183:tok6;95:x0.029:y0.117:f14.76:tf16.25:p0.0187:tok6
ablate_no_memory,combined_stress,4,1001,,0,0.89583,2.99443,1.52030,0.18427,1.47960,0.03040,0.00000,0.36047,0.04651,4,5,0.46201,-0.06979,0.71701,783.29213,0.48393,17,0:x-0.103:y-0.425:f0.00:tf10.89:p0.0000:tok3;15:x0.019:y-0.421:f7.80:tf10.89:p0.0194:tok5;30:x0.028:y-0.360:f7.51:tf10.89:p0.0277:tok2;45:x0.030:y-0.256:f16.01:tf10.89:p0.0201:tok4;60:x0.024:y-0.132:f12.68:tf10.89:p0.0143:tok3;75:x0.029:y0.008:f16.00:tf16.25:p0.0187:tok3;90:x0.030:y0.143:f15.42:tf16.25:p0.0197:tok3;95:x0.030:y0.180:f15.08:tf16.25:p0.0198:tok3
ablate_no_discrete_tokens,combined_stress,4,1001,,1,0.91667,2.21572,0.90134,0.13635,1.96534,0.03555,0.04545,0.59091,0.07955,7,5,0.80947,-0.10234,0.82448,786.11889,0.48392,0,0:x-0.118:y-0.425:f1.48:tf10.89:p0.0000:tok1;15:x0.030:y-0.415:f8.38:tf10.89:p0.0304:tok1;30:x0.033:y-0.338:f10.33:tf10.89:p0.0331:tok1;45:x0.035:y-0.206:f19.90:tf10.89:p0.0253:tok1;60:x0.025:y-0.060:f11.09:tf10.89:p0.0149:tok1;75:x0.031:y0.095:f16.17:tf16.25:p0.0211:tok1;90:x0.031:y0.237:f15.32:tf16.25:p0.0209:tok1;95:x0.031:y0.273:f16.59:tf16.25:p0.0207:tok1
ablate_no_force_update,combined_stress,4,1001,,0,0.89583,3.70975,3.04517,0.22829,1.40529,0.02862,0.00000,0.06977,0.02326,2,5,0.83769,-0.12357,0.67668,420.00000,0.20000,69,0:x-0.120:y-0.426:f0.00:tf10.89:p0.0000:tok1;15:x0.024:y-0.420:f7.24:tf10.89:p0.0238:tok2;30:x0.028:y-0.352:f8.60:tf10.89:p0.0282:tok6;45:x0.026:y-0.247:f10.89:tf10.89:p0.0165:tok4;60:x0.028:y-0.133:f14.36:tf10.89:p0.0183:tok6;75:x0.034:y-0.005:f18.68:tf16.25:p0.0238:tok4;90:x0.035:y0.110:f19.75:tf16.25:p0.0248:tok6;95:x0.036:y0.145:f19.97:tf16.25:p0.0259:tok5
ablate_no_transition_planner,combined_stress,4,1001,,0,0.89583,3.19079,2.90191,0.19636,1.57630,0.02957,0.00000,0.03488,0.01163,1,5,0.71665,-0.10194,0.65459,799.14799,0.48385,51,0:x-0.113:y-0.437:f0.49:tf10.89:p0.0000:tok1;15:x0.023:y-0.430:f8.24:tf10.89:p0.0232:tok2;30:x0.029:y-0.362:f8.44:tf10.89:p0.0288:tok6;45:x0.028:y-0.261:f14.91:tf10.89:p0.0184:tok6;60:x0.023:y-0.144:f10.69:tf10.89:p0.0127:tok4;75:x0.027:y-0.021:f12.81:tf16.25:p0.0167:tok6;90:x0.028:y0.093:f15.43:tf16.25:p0.0181:tok4;95:x0.028:y0.126:f14.60:tf16.25:p0.0181:tok6
ablate_no_safety_penalty,combined_stress,4,1001,,0,0.89583,3.24385,2.67944,0.19962,1.45661,0.02929,0.00000,0.02326,0.03488,3,5,0.74733,-0.11100,0.64520,805.84848,0.48385,48,0:x-0.120:y-0.450:f0.72:tf10.89:p0.0000:tok1;15:x0.024:y-0.443:f8.08:tf10.89:p0.0236:tok5;30:x0.028:y-0.373:f8.10:tf10.89:p0.0280:tok2;45:x0.029:y-0.267:f14.80:tf10.89:p0.0186:tok6;60:x0.023:y-0.153:f11.00:tf10.89:p0.0132:tok4;75:x0.027:y-0.029:f13.22:tf16.25:p0.0170:tok6;90:x0.028:y0.083:f14.45:tf16.25:p0.0178:tok6;95:x0.028:y0.118:f15.09:tf16.25:p0.0179:tok6
ablate_no_slip_context,combined_stress,4,1001,,0,0.90625,3.43285,2.90186,0.21125,1.63967,0.03053,0.00000,0.11494,0.02299,2,5,0.76035,-0.11808,0.64690,781.15708,0.48367,49,0:x-0.109:y-0.429:f0.69:tf10.89:p0.0000:tok1;15:x0.022:y-0.422:f7.91:tf10.89:p0.0224:tok5;30:x0.029:y-0.356:f9.31:tf10.89:p0.0290:tok6;45:x0.031:y-0.252:f15.68:tf10.89:p0.0208:tok2;60:x0.024:y-0.120:f11.47:tf10.89:p0.0144:tok6;75:x0.027:y-0.009:f12.74:tf16.25:p0.0166:tok6;90:x0.028:y0.094:f13.46:tf16.25:p0.0179:tok6;95:x0.028:y0.121:f14.28:tf16.25:p0.0177:tok6
ablate_no_tail_risk_objective,combined_stress,4,1001,,0,0.89583,2.87791,1.35854,0.17710,1.85233,0.03382,0.01163,0.39535,0.02326,2,5,0.74240,-0.10106,0.73200,790.50059,0.48384,32,0:x-0.121:y-0.439:f0.00:tf10.89:p0.0000:tok1;15:x0.022:y-0.432:f6.63:tf10.89:p0.0225:tok2;30:x0.032:y-0.352:f9.32:tf10.89:p0.0318:tok3;45:x0.033:y-0.235:f16.09:tf10.89:p0.0228:tok3;60:x0.024:y-0.103:f10.71:tf10.89:p0.0145:tok3;75:x0.029:y0.030:f15.00:tf16.25:p0.0189:tok3;90:x0.030:y0.158:f16.00:tf16.25:p0.0196:tok3;95:x0.030:y0.193:f15.54:tf16.25:p0.0199:tok2
ablate_no_calibration_guard,combined_stress,4,1001,,0,0.90625,2.88795,2.03639,0.17772,1.63657,0.03316,0.00000,0.12644,0.02299,2,5,1.04167,-0.17058,0.66347,786.46969,0.48380,45,0:x-0.119:y-0.439:f0.49:tf10.89:p0.0000:tok1;15:x0.028:y-0.430:f10.64:tf10.89:p0.0276:tok7;30:x0.029:y-0.359:f8.00:tf10.89:p0.0287:tok5;45:x0.033:y-0.255:f17.83:tf10.89:p0.0228:tok4;60:x0.024:y-0.140:f11.50:tf10.89:p0.0142:tok6;75:x0.028:y-0.021:f13.82:tf16.25:p0.0180:tok6;90:x0.029:y0.103:f14.28:tf16.25:p0.0186:tok6;95:x0.028:y0.135:f14.47:tf16.25:p0.0181:tok6
ablate_no_phase_memory,combined_stress,4,1001,,0,0.89583,2.94479,1.47484,0.18122,1.72908,0.03218,0.02326,0.33721,0.06977,6,5,0.73043,-0.10131,0.71643,780.62830,0.48392,39,0:x-0.116:y-0.441:f0.71:tf10.89:p0.0000:tok1;15:x0.023:y-0.434:f8.95:tf10.89:p0.0233:tok0;30:x0.028:y-0.364:f9.59:tf10.89:p0.0282:tok6;45:x0.033:y-0.251:f18.65:tf10.89:p0.0227:tok4;60:x0.024:y-0.130:f11.48:tf10.89:p0.0141:tok3;75:x0.029:y0.008:f14.02:tf16.25:p0.0187:tok3;90:x0.030:y0.143:f15.05:tf16.25:p0.0201:tok3;95:x0.030:y0.180:f15.16:tf16.25:p0.0199:tok6
impedance_token_policy_v4,combined_stress,4,1001,,0,0.89583,2.78242,1.31049,0.17123,1.62971,0.03153,0.00000,0.40698,0.04651,4,5,0.77505,-0.10266,0.71673,789.35421,0.48386,53,0:x-0.119:y-0.430:f0.00:tf10.89:p0.0000:tok1;15:x0.023:y-0.424:f7.74:tf10.89:p0.0231:tok5;30:x0.030:y-0.361:f10.45:tf10.89:p0.0298:tok6;45:x0.032:y-0.251:f17.75:tf10.89:p0.0219:tok4;60:x0.025:y-0.124:f12.02:tf10.89:p0.0151:tok3;75:x0.029:y0.009:f14.25:tf16.25:p0.0190:tok3;90:x0.030:y0.141:f15.45:tf16.25:p0.0202:tok7;95:x0.031:y0.179:f16.39:tf16.25:p0.0206:tok7
learned_only_token_replacement,combined_stress,4,1001,,1,0.88542,3.54568,1.20183,0.21820,1.83770,0.03313,0.05882,0.58824,0.04706,4,5,0.55947,-0.15903,0.76739,790.66807,0.48390,0,0:x-0.116:y-0.441:f1.34:tf10.89:p0.0000:tok-1;15:x0.016:y-0.435:f6.99:tf10.89:p0.0163:tok-1;30:x0.029:y-0.360:f8.21:tf10.89:p0.0287:tok-1;45:x0.034:y-0.228:f18.74:tf10.89:p0.0237:tok-1;60:x0.026:y-0.089:f12.23:tf10.89:p0.0155:tok-1;75:x0.029:y0.054:f16.16:tf16.25:p0.0194:tok-1;90:x0.029:y0.188:f14.71:tf16.25:p0.0195:tok-1;95:x0.029:y0.223:f15.12:tf16.25:p0.0194:tok-1
token_full_v5,combined_stress,4,1002,,0,0.89583,3.24969,2.96801,0.20293,1.79647,0.02858,0.01163,0.19767,0.06977,6,6,0.67618,-0.09404,0.67380,696.00230,0.44247,51,0:x-0.110:y-0.428:f0.00:tf9.97:p0.0000:tok1;15:x0.021:y-0.422:f7.03:tf9.97:p0.0206:tok5;30:x0.027:y-0.357:f7.95:tf9.97:p0.0272:tok6;45:x0.028:y-0.261:f7.04:tf9.97:p0.0277:tok2;60:x0.025:y-0.142:f11.13:tf9.97:p0.0145:tok4;75:x0.024:y-0.012:f10.10:tf16.01:p0.0140:tok6;90:x0.030:y0.108:f15.67:tf16.01:p0.0203:tok4;95:x0.031:y0.143:f15.86:tf16.01:p0.0215:tok4
ablate_no_memory,combined_stress,4,1002,,0,0.87500,2.97102,1.80561,0.18553,1.77794,0.03071,0.01190,0.51190,0.05952,5,5,0.54332,-0.09204,0.73232,681.80651,0.44256,18,0:x-0.121:y-0.441:f0.00:tf9.97:p0.0000:tok3;15:x0.015:y-0.438:f5.47:tf9.97:p0.0145:tok5;30:x0.027:y-0.371:f7.56:tf9.97:p0.0267:tok6;45:x0.030:y-0.260:f8.62:tf9.97:p0.0303:tok3;60:x0.027:y-0.126:f11.05:tf9.97:p0.0166:tok3;75:x0.026:y0.018:f11.74:tf16.01:p0.0156:tok3;90:x0.032:y0.156:f15.24:tf16.01:p0.0223:tok3;95:x0.032:y0.193:f15.18:tf16.01:p0.0224:tok3
ablate_no_discrete_tokens,combined_stress,4,1002,,0,0.91667,2.08328,1.09244,0.13009,1.64424,0.03404,0.00000,0.60227,0.01136,1,5,0.78259,-0.09509,0.83780,679.45485,0.44250,0,0:x-0.118:y-0.439:f0.13:tf9.97:p0.0000:tok1;15:x0.028:y-0.427:f7.08:tf9.97:p0.0277:tok1;30:x0.030:y-0.344:f9.33:tf9.97:p0.0301:tok1;45:x0.034:y-0.207:f9.19:tf9.97:p0.0339:tok1;60:x0.025:y-0.052:f10.95:tf9.97:p0.0150:tok1;75:x0.026:y0.106:f11.15:tf16.01:p0.0158:tok1;90:x0.034:y0.249:f16.14:tf16.01:p0.0238:tok1;95:x0.034:y0.284:f16.45:tf16.01:p0.0236:tok1
ablate_no_force_update,combined_stress,4,1002,,0,0.89583,2.98599,2.01240,0.18646,1.28787,0.02674,0.00000,0.27907,0.03488,3,5,0.71991,-0.10706,0.69269,420.00000,0.20000,53,0:x-0.114:y-0.435:f2.18:tf9.97:p0.0000:tok1;15:x0.020:y-0.429:f7.17:tf9.97:p0.0202:tok5;30:x0.025:y-0.361:f6.28:tf9.97:p0.0251:tok5;45:x0.024:y-0.253:f7.19:tf9.97:p0.0241:tok6;60:x0.027:y-0.135:f12.84:tf9.97:p0.0173:tok7;75:x0.027:y-0.004:f12.53:tf16.01:p0.0175:tok7;90:x0.036:y0.127:f17.28:tf16.01:p0.0264:tok4;95:x0.036:y0.160:f17.59:tf16.01:p0.0257:tok6
ablate_no_transition_planner,combined_stress,4,1002,,0,0.88542,3.01506,3.18571,0.18828,1.28463,0.02846,0.00000,0.05882,0.08235,7,10,0.78909,-0.13133,0.66182,683.13205,0.44244,46,0:x-0.128:y-0.429:f0.30:tf9.97:p0.0000:tok1;15:x0.019:y-0.424:f8.39:tf9.97:p0.0189:tok0;30:x0.027:y-0.358:f8.24:tf9.97:p0.0267:tok6;45:x0.028:y-0.255:f8.40:tf9.97:p0.0280:tok4;60:x0.025:y-0.141:f8.09:tf9.97:p0.0150:tok4;75:x0.025:y-0.018:f12.55:tf16.01:p0.0153:tok6;90:x0.031:y0.100:f12.54:tf16.01:p0.0205:tok6;95:x0.031:y0.133:f14.13:tf16.01:p0.0209:tok6
ablate_no_safety_penalty,combined_stress,4,1002,,0,0.89583,2.95015,3.05069,0.18422,1.42713,0.02725,0.00000,0.10465,0.03488,3,5,0.65477,-0.08510,0.66702,679.10662,0.44246,49,0:x-0.108:y-0.439:f0.38:tf9.97:p0.0000:tok1;15:x0.019:y-0.432:f7.66:tf9.97:p0.0193:tok0;30:x0.025:y-0.367:f6.71:tf9.97:p0.0248:tok2;45:x0.027:y-0.264:f6.77:tf9.97:p0.0272:tok6;60:x0.025:y-0.145:f10.94:tf9.97:p0.0154:tok4;75:x0.024:y-0.019:f9.22:tf16.01:p0.0142:tok7;90:x0.030:y0.103:f13.95:tf16.01:p0.0197:tok6;95:x0.031:y0.137:f14.26:tf16.01:p0.0214:tok4
ablate_no_slip_context,combined_stress,4,1002,,0,0.89583,2.84483,2.34808,0.17765,1.28397,0.02825,0.00000,0.10465,0.08140,7,5,0.82046,-0.12609,0.65827,690.89290,0.44238,41,0:x-0.125:y-0.424:f0.00:tf9.97:p0.0000:tok1;15:x0.019:y-0.419:f5.94:tf9.97:p0.0186:tok5;30:x0.026:y-0.357:f7.97:tf9.97:p0.0258:tok6;45:x0.028:y-0.256:f8.11:tf9.97:p0.0280:tok6;60:x0.026:y-0.144:f9.58:tf9.97:p0.0155:tok6;75:x0.024:y-0.034:f9.52:tf16.01:p0.0135:tok2;90:x0.030:y0.095:f13.43:tf16.01:p0.0203:tok5;95:x0.031:y0.129:f16.21:tf16.01:p0.0215:tok6
ablate_no_tail_risk_objective,combined_stress,4,1002,,1,0.89583,2.72420,1.94353,0.17011,1.54205,0.03065,0.00000,0.45349,0.05814,5,5,0.65949,-0.07466,0.74608,684.95773,0.44245,28,0:x-0.113:y-0.440:f0.65:tf9.97:p0.0000:tok1;15:x0.019:y-0.434:f6.66:tf9.97:p0.0195:tok2;30:x0.028:y-0.353:f7.68:tf9.97:p0.0283:tok3;45:x0.031:y-0.236:f11.03:tf9.97:p0.0306:tok3;60:x0.026:y-0.101:f12.27:tf9.97:p0.0164:tok3;75:x0.025:y0.038:f10.06:tf16.01:p0.0152:tok3;90:x0.032:y0.169:f15.82:tf16.01:p0.0222:tok3;95:x0.033:y0.205:f16.61:tf16.01:p0.0227:tok2
ablate_no_calibration_guard,combined_stress,4,1002,,0,0.90625,2.82927,2.49390,0.17667,1.57360,0.02966,0.00000,0.28736,0.04598,4,5,1.07547,-0.15514,0.70159,677.60916,0.44237,46,0:x-0.117:y-0.416:f0.00:tf9.97:p0.0000:tok1;15:x0.025:y-0.409:f6.80:tf9.97:p0.0247:tok7;30:x0.028:y-0.344:f8.09:tf9.97:p0.0285:tok6;45:x0.028:y-0.253:f10.18:tf9.97:p0.0280:tok6;60:x0.028:y-0.122:f10.02:tf9.97:p0.0175:tok6;75:x0.024:y0.011:f10.38:tf16.01:p0.0143:tok6;90:x0.030:y0.135:f14.09:tf16.01:p0.0204:tok6;95:x0.031:y0.167:f12.59:tf16.01:p0.0206:tok2
ablate_no_phase_memory,combined_stress,4,1002,,0,0.89583,2.71890,1.79988,0.16978,1.54562,0.03122,0.00000,0.41860,0.05814,5,5,0.73147,-0.10512,0.73473,678.86485,0.44248,37,0:x-0.123:y-0.429:f0.23:tf9.97:p0.0000:tok1;15:x0.019:y-0.425:f6.88:tf9.97:p0.0193:tok5;30:x0.028:y-0.357:f7.51:tf9.97:p0.0280:tok6;45:x0.031:y-0.243:f9.45:tf9.97:p0.0311:tok3;60:x0.027:y-0.115:f11.24:tf9.97:p0.0167:tok3;75:x0.026:y0.024:f11.72:tf16.01:p0.0157:tok3;90:x0.032:y0.159:f13.98:tf16.01:p0.0224:tok3;95:x0.033:y0.195:f15.70:tf16.01:p0.0226:tok6
impedance_token_policy_v4,combined_stress,4,1002,,0,0.89583,2.77957,2.04931,0.17357,1.46145,0.03098,0.00000,0.45349,0.06977,6,5,0.88184,-0.10278,0.72444,684.97639,0.44250,66,0:x-0.130:y-0.441:f0.39:tf9.97:p0.0000:tok1;15:x0.021:y-0.435:f6.66:tf9.97:p0.0205:tok5;30:x0.028:y-0.366:f8.98:tf9.97:p0.0278:tok0;45:x0.031:y-0.245:f9.50:tf9.97:p0.0306:tok4;60:x0.026:y-0.115:f10.34:tf9.97:p0.0165:tok2;75:x0.025:y0.015:f11.03:tf16.01:p0.0145:tok3;90:x0.033:y0.143:f15.72:tf16.01:p0.0226:tok4;95:x0.034:y0.185:f17.25:tf16.01:p0.0242:tok7
learned_only_token_replacement,combined_stress,4,1002,,1,0.89583,3.09738,1.37364,0.19342,1.68698,0.03188,0.00000,0.58140,0.02326,2,5,0.57665,-0.14081,0.78224,678.28582,0.44242,0,0:x-0.113:y-0.437:f0.00:tf9.97:p0.0000:tok-1;15:x0.016:y-0.432:f6.35:tf9.97:p0.0163:tok-1;30:x0.027:y-0.356:f7.20:tf9.97:p0.0274:tok-1;45:x0.032:y-0.225:f9.89:tf9.97:p0.0316:tok-1;60:x0.029:y-0.078:f15.11:tf9.97:p0.0189:tok-1;75:x0.026:y0.067:f10.96:tf16.01:p0.0161:tok-1;90:x0.033:y0.202:f16.58:tf16.01:p0.0230:tok-1;95:x0.033:y0.236:f15.65:tf16.01:p0.0234:tok-1
token_full_v5,combined_stress,4,1003,,0,0.89583,2.91673,2.67110,0.18000,1.23179,0.02541,0.00000,0.12791,0.04651,4,5,0.70496,-0.09783,0.64906,794.47634,0.47144,51,0:x-0.112:y-0.432:f0.00:tf10.97:p0.0000:tok1;15:x0.021:y-0.426:f7.81:tf10.97:p0.0211:tok2;30:x0.024:y-0.364:f9.06:tf10.97:p0.0243:tok6;45:x0.025:y-0.270:f11.65:tf10.97:p0.0155:tok4;60:x0.023:y-0.159:f10.31:tf10.97:p0.0128:tok4;75:x0.027:y-0.032:f14.82:tf16.20:p0.0171:tok4;90:x0.028:y0.086:f13.31:tf16.20:p0.0175:tok2;95:x0.028:y0.121:f15.43:tf16.20:p0.0184:tok4
ablate_no_memory,combined_stress,4,1003,,0,0.88542,2.72530,1.35794,0.16819,1.35245,0.02693,0.00000,0.43529,0.09412,8,5,0.48388,-0.08085,0.71778,800.78274,0.47148,15,0:x-0.111:y-0.435:f0.00:tf10.97:p0.0000:tok3;15:x0.018:y-0.431:f8.99:tf10.97:p0.0180:tok0;30:x0.024:y-0.370:f7.60:tf10.97:p0.0238:tok2;45:x0.027:y-0.265:f13.52:tf10.97:p0.0174:tok3;60:x0.025:y-0.134:f12.96:tf10.97:p0.0146:tok3;75:x0.029:y0.007:f14.59:tf16.20:p0.0188:tok3;90:x0.030:y0.143:f16.13:tf16.20:p0.0196:tok3;95:x0.029:y0.180:f16.72:tf16.20:p0.0194:tok3
ablate_no_discrete_tokens,combined_stress,4,1003,,1,0.91667,2.10977,0.97209,0.13020,1.52497,0.03009,0.00000,0.59091,0.07955,7,5,0.77228,-0.09800,0.82591,797.97899,0.47149,0,0:x-0.115:y-0.430:f0.27:tf10.97:p0.0000:tok1;15:x0.029:y-0.420:f10.84:tf10.97:p0.0292:tok1;30:x0.028:y-0.341:f9.67:tf10.97:p0.0283:tok1;45:x0.030:y-0.209:f16.42:tf10.97:p0.0197:tok1;60:x0.026:y-0.060:f13.31:tf10.97:p0.0156:tok1;75:x0.031:y0.095:f16.37:tf16.20:p0.0207:tok1;90:x0.030:y0.238:f16.78:tf16.20:p0.0203:tok1;95:x0.030:y0.274:f16.66:tf16.20:p0.0203:tok1
ablate_no_force_update,combined_stress,4,1003,,0,0.89583,3.55160,3.60651,0.21918,1.49961,0.02730,0.00000,0.16279,0.03488,3,5,0.72660,-0.10502,0.67403,420.00000,0.20000,61,0:x-0.112:y-0.426:f0.00:tf10.97:p0.0000:tok1;15:x0.022:y-0.421:f7.62:tf10.97:p0.0216:tok5;30:x0.025:y-0.360:f9.06:tf10.97:p0.0248:tok6;45:x0.025:y-0.264:f12.56:tf10.97:p0.0149:tok4;60:x0.028:y-0.150:f14.77:tf10.97:p0.0178:tok6;75:x0.033:y-0.021:f19.95:tf16.20:p0.0233:tok6;90:x0.036:y0.103:f20.82:tf16.20:p0.0261:tok3;95:x0.037:y0.142:f21.93:tf16.20:p0.0267:tok3
ablate_no_transition_planner,combined_stress,4,1003,,0,0.89583,3.02035,2.80519,0.18639,1.29725,0.02615,0.00000,0.02326,0.05814,5,7,0.73161,-0.11564,0.63961,815.16704,0.47137,51,0:x-0.118:y-0.432:f0.34:tf10.97:p0.0000:tok1;15:x0.021:y-0.426:f8.87:tf10.97:p0.0212:tok6;30:x0.025:y-0.363:f8.57:tf10.97:p0.0255:tok6;45:x0.026:y-0.264:f12.55:tf10.97:p0.0162:tok4;60:x0.023:y-0.153:f11.39:tf10.97:p0.0130:tok4;75:x0.026:y-0.031:f13.42:tf16.20:p0.0165:tok6;90:x0.027:y0.081:f15.11:tf16.20:p0.0172:tok6;95:x0.028:y0.113:f13.60:tf16.20:p0.0176:tok5
ablate_no_safety_penalty,combined_stress,4,1003,,0,0.89583,2.99534,2.80749,0.18485,1.27454,0.02526,0.00000,0.02326,0.03488,3,6,0.72281,-0.12245,0.63641,809.95299,0.47136,48,0:x-0.117:y-0.425:f0.05:tf10.97:p0.0000:tok1;15:x0.021:y-0.419:f7.49:tf10.97:p0.0209:tok2;30:x0.024:y-0.360:f9.17:tf10.97:p0.0237:tok6;45:x0.025:y-0.262:f11.77:tf10.97:p0.0150:tok4;60:x0.022:y-0.153:f9.20:tf10.97:p0.0122:tok4;75:x0.026:y-0.033:f12.32:tf16.20:p0.0160:tok6;90:x0.028:y0.079:f14.18:tf16.20:p0.0180:tok6;95:x0.028:y0.111:f14.65:tf16.20:p0.0175:tok6
ablate_no_slip_context,combined_stress,4,1003,,0,0.90625,2.75886,2.11871,0.17026,1.21135,0.02615,0.00000,0.16092,0.03448,3,5,0.74790,-0.10738,0.64314,831.02617,0.47138,45,0:x-0.104:y-0.447:f0.01:tf10.97:p0.0000:tok1;15:x0.021:y-0.440:f7.38:tf10.97:p0.0214:tok2;30:x0.024:y-0.371:f8.75:tf10.97:p0.0242:tok6;45:x0.026:y-0.269:f13.24:tf10.97:p0.0162:tok6;60:x0.024:y-0.164:f12.29:tf10.97:p0.0141:tok6;75:x0.027:y-0.043:f14.72:tf16.20:p0.0174:tok6;90:x0.027:y0.085:f15.33:tf16.20:p0.0172:tok6;95:x0.028:y0.117:f15.22:tf16.20:p0.0175:tok6
ablate_no_tail_risk_objective,combined_stress,4,1003,,0,0.89583,2.31855,1.39603,0.14308,1.38877,0.02860,0.00000,0.27907,0.06977,6,5,0.64938,-0.08109,0.72712,809.59181,0.47140,23,0:x-0.112:y-0.425:f0.77:tf10.97:p0.0000:tok1;15:x0.023:y-0.419:f9.84:tf10.97:p0.0235:tok7;30:x0.028:y-0.342:f9.73:tf10.97:p0.0285:tok3;45:x0.028:y-0.229:f15.23:tf10.97:p0.0179:tok3;60:x0.024:y-0.109:f10.28:tf10.97:p0.0141:tok3;75:x0.028:y0.022:f15.72:tf16.20:p0.0182:tok3;90:x0.029:y0.153:f14.97:tf16.20:p0.0192:tok3;95:x0.029:y0.188:f14.91:tf16.20:p0.0192:tok3
ablate_no_calibration_guard,combined_stress,4,1003,,0,0.90625,2.54072,1.82217,0.15679,1.48925,0.02921,0.00000,0.25287,0.09195,8,5,0.99912,-0.14716,0.67125,797.50808,0.47133,32,0:x-0.113:y-0.449:f0.00:tf10.97:p0.0000:tok1;15:x0.029:y-0.438:f10.74:tf10.97:p0.0292:tok7;30:x0.025:y-0.367:f8.62:tf10.97:p0.0248:tok6;45:x0.028:y-0.265:f14.84:tf10.97:p0.0176:tok7;60:x0.024:y-0.135:f12.09:tf10.97:p0.0144:tok6;75:x0.029:y-0.009:f14.58:tf16.20:p0.0188:tok6;90:x0.028:y0.111:f14.99:tf16.20:p0.0184:tok6;95:x0.028:y0.142:f14.22:tf16.20:p0.0179:tok6
ablate_no_phase_memory,combined_stress,4,1003,,0,0.89583,2.76354,1.49112,0.17055,1.37405,0.02734,0.00000,0.37209,0.05814,5,5,0.75940,-0.11643,0.72193,797.56590,0.47146,33,0:x-0.125:y-0.432:f0.00:tf10.97:p0.0000:tok1;15:x0.021:y-0.426:f8.61:tf10.97:p0.0207:tok4;30:x0.025:y-0.361:f10.04:tf10.97:p0.0255:tok0;45:x0.028:y-0.250:f14.83:tf10.97:p0.0176:tok3;60:x0.024:y-0.123:f9.64:tf10.97:p0.0140:tok3;75:x0.029:y0.014:f15.14:tf16.20:p0.0188:tok3;90:x0.029:y0.148:f16.56:tf16.20:p0.0195:tok3;95:x0.029:y0.184:f15.36:tf16.20:p0.0194:tok0
impedance_token_policy_v4,combined_stress,4,1003,,0,0.89583,2.63705,1.56177,0.16274,1.46336,0.02954,0.00000,0.23256,0.02326,2,5,0.83709,-0.08922,0.72108,830.33512,0.47142,73,0:x-0.116:y-0.411:f1.26:tf10.97:p0.0000:tok1;15:x0.022:y-0.406:f8.21:tf10.97:p0.0222:tok7;30:x0.025:y-0.349:f8.72:tf10.97:p0.0252:tok7;45:x0.029:y-0.240:f15.64:tf10.97:p0.0194:tok5;60:x0.023:y-0.115:f10.37:tf10.97:p0.0131:tok4;75:x0.028:y0.015:f14.43:tf16.20:p0.0183:tok4;90:x0.030:y0.140:f15.34:tf16.20:p0.0196:tok7;95:x0.030:y0.182:f17.15:tf16.20:p0.0202:tok7
learned_only_token_replacement,combined_stress,4,1003,,1,0.89583,3.03951,1.68192,0.18758,1.57032,0.02863,0.00000,0.56977,0.02326,2,5,0.56955,-0.14107,0.77287,802.91889,0.47149,0,0:x-0.111:y-0.436:f0.00:tf10.97:p0.0000:tok-1;15:x0.017:y-0.430:f6.81:tf10.97:p0.0172:tok-1;30:x0.026:y-0.355:f10.17:tf10.97:p0.0259:tok-1;45:x0.029:y-0.227:f14.93:tf10.97:p0.0192:tok-1;60:x0.025:y-0.087:f15.46:tf10.97:p0.0149:tok-1;75:x0.028:y0.057:f13.22:tf16.20:p0.0179:tok-1;90:x0.029:y0.192:f16.80:tf16.20:p0.0193:tok-1;95:x0.029:y0.228:f15.04:tf16.20:p0.0193:tok-1
token_full_v5,combined_stress,5,1000,,0,0.89583,2.83751,2.74144,0.18486,1.40542,0.02640,0.00000,0.04651,0.03488,3,5,0.69963,-0.11657,0.63934,763.18719,0.52662,44,0:x-0.119:y-0.427:f0.00:tf10.18:p0.0000:tok1;15:x0.020:y-0.421:f7.00:tf10.18:p0.0196:tok5;30:x0.025:y-0.357:f7.30:tf10.18:p0.0255:tok2;45:x0.026:y-0.259:f10.67:tf10.18:p0.0157:tok4;60:x0.023:y-0.150:f9.68:tf10.18:p0.0129:tok4;75:x0.026:y-0.029:f11.76:tf15.35:p0.0161:tok6;90:x0.027:y0.083:f13.36:tf15.35:p0.0173:tok6;95:x0.028:y0.114:f13.21:tf15.35:p0.0178:tok6
ablate_no_memory,combined_stress,5,1000,,0,0.88542,2.76910,1.55946,0.18041,1.45536,0.02690,0.00000,0.37647,0.03529,3,5,0.48702,-0.08150,0.71188,756.15499,0.52676,17,0:x-0.112:y-0.426:f1.09:tf10.18:p0.0000:tok3;15:x0.016:y-0.423:f7.25:tf10.18:p0.0159:tok5;30:x0.026:y-0.360:f8.51:tf10.18:p0.0257:tok6;45:x0.027:y-0.262:f13.53:tf10.18:p0.0173:tok3;60:x0.024:y-0.135:f9.84:tf10.18:p0.0142:tok3;75:x0.027:y0.004:f13.70:tf15.35:p0.0172:tok3;90:x0.029:y0.139:f14.14:tf15.35:p0.0191:tok3;95:x0.029:y0.176:f14.09:tf15.35:p0.0193:tok6
ablate_no_discrete_tokens,combined_stress,5,1000,,0,0.91667,2.00295,0.98717,0.13049,1.70890,0.03135,0.01136,0.60227,0.07955,7,5,0.76889,-0.09618,0.82362,758.58272,0.52675,0,0:x-0.116:y-0.434:f0.00:tf10.18:p0.0000:tok1;15:x0.027:y-0.423:f8.41:tf10.18:p0.0270:tok1;30:x0.029:y-0.342:f9.50:tf10.18:p0.0288:tok1;45:x0.031:y-0.207:f16.90:tf10.18:p0.0212:tok1;60:x0.024:y-0.058:f10.50:tf10.18:p0.0140:tok1;75:x0.028:y0.096:f15.27:tf15.35:p0.0184:tok1;90:x0.030:y0.237:f14.92:tf15.35:p0.0200:tok1;95:x0.030:y0.272:f15.52:tf15.35:p0.0202:tok1
ablate_no_force_update,combined_stress,5,1000,,0,0.89583,3.06867,2.26709,0.19992,1.37011,0.02571,0.00000,0.18605,0.04651,4,5,0.73510,-0.12037,0.66669,420.00000,0.20000,53,0:x-0.116:y-0.433:f0.65:tf10.18:p0.0000:tok1;15:x0.021:y-0.427:f7.12:tf10.18:p0.0206:tok5;30:x0.025:y-0.361:f8.55:tf10.18:p0.0248:tok6;45:x0.023:y-0.258:f11.21:tf10.18:p0.0127:tok4;60:x0.027:y-0.146:f12.25:tf10.18:p0.0172:tok4;75:x0.032:y-0.015:f17.12:tf15.35:p0.0216:tok4;90:x0.032:y0.107:f17.44:tf15.35:p0.0225:tok6;95:x0.032:y0.138:f17.23:tf15.35:p0.0221:tok6
ablate_no_transition_planner,combined_stress,5,1000,,0,0.89583,3.05863,2.88946,0.19927,1.58274,0.02852,0.00000,0.00000,0.01163,1,8,0.68297,-0.11880,0.61880,763.03922,0.52658,46,0:x-0.119:y-0.416:f0.83:tf10.18:p0.0000:tok1;15:x0.019:y-0.410:f8.58:tf10.18:p0.0193:tok4;30:x0.025:y-0.351:f7.44:tf10.18:p0.0252:tok2;45:x0.028:y-0.255:f15.13:tf10.18:p0.0183:tok4;60:x0.023:y-0.151:f9.46:tf10.18:p0.0131:tok6;75:x0.025:y-0.047:f12.25:tf15.35:p0.0148:tok6;90:x0.027:y0.062:f12.42:tf15.35:p0.0171:tok5;95:x0.028:y0.096:f13.10:tf15.35:p0.0177:tok6
ablate_no_safety_penalty,combined_stress,5,1000,,0,0.89583,3.02306,2.67868,0.19695,1.44101,0.02630,0.00000,0.04651,0.01163,1,5,0.67010,-0.10560,0.64911,776.14203,0.52667,52,0:x-0.113:y-0.431:f0.00:tf10.18:p0.0000:tok1;15:x0.020:y-0.425:f8.52:tf10.18:p0.0200:tok4;30:x0.024:y-0.363:f8.50:tf10.18:p0.0243:tok6;45:x0.026:y-0.264:f12.82:tf10.18:p0.0163:tok7;60:x0.023:y-0.149:f9.85:tf10.18:p0.0128:tok4;75:x0.025:y-0.028:f13.92:tf15.35:p0.0154:tok4;90:x0.027:y0.089:f13.57:tf15.35:p0.0169:tok6;95:x0.027:y0.122:f13.55:tf15.35:p0.0173:tok6
ablate_no_slip_context,combined_stress,5,1000,,0,0.89583,3.10930,2.65578,0.20257,1.61778,0.02871,0.00000,0.11628,0.02326,2,5,0.73837,-0.11133,0.64296,761.21470,0.52650,42,0:x-0.109:y-0.420:f0.52:tf10.18:p0.0000:tok1;15:x0.020:y-0.414:f7.29:tf10.18:p0.0195:tok5;30:x0.025:y-0.353:f8.19:tf10.18:p0.0246:tok6;45:x0.029:y-0.254:f15.46:tf10.18:p0.0194:tok4;60:x0.024:y-0.124:f10.08:tf10.18:p0.0138:tok6;75:x0.025:y-0.019:f12.39:tf15.35:p0.0150:tok7;90:x0.028:y0.088:f14.46:tf15.35:p0.0179:tok6;95:x0.028:y0.118:f13.42:tf15.35:p0.0176:tok6
ablate_no_tail_risk_objective,combined_stress,5,1000,,0,0.89583,2.36722,1.41720,0.15422,1.64407,0.02832,0.00000,0.27907,0.02326,2,5,0.71115,-0.09606,0.72262,767.55838,0.52668,23,0:x-0.124:y-0.438:f0.00:tf10.18:p0.0000:tok1;15:x0.019:y-0.433:f7.80:tf10.18:p0.0186:tok0;30:x0.028:y-0.353:f9.00:tf10.18:p0.0282:tok3;45:x0.027:y-0.235:f10.76:tf10.18:p0.0166:tok3;60:x0.024:y-0.112:f11.11:tf10.18:p0.0140:tok3;75:x0.027:y0.020:f13.16:tf15.35:p0.0169:tok3;90:x0.029:y0.149:f14.25:tf15.35:p0.0190:tok3;95:x0.029:y0.184:f13.87:tf15.35:p0.0192:tok2
ablate_no_calibration_guard,combined_stress,5,1000,,0,0.90625,2.32162,1.86409,0.15125,1.64353,0.03014,0.00000,0.11494,0.03448,3,5,0.91264,-0.11104,0.67442,763.89695,0.52663,37,0:x-0.107:y-0.422:f0.00:tf10.18:p0.0000:tok1;15:x0.028:y-0.413:f9.44:tf10.18:p0.0282:tok7;30:x0.025:y-0.351:f7.58:tf10.18:p0.0249:tok2;45:x0.028:y-0.250:f11.12:tf10.18:p0.0180:tok6;60:x0.023:y-0.136:f9.79:tf10.18:p0.0134:tok6;75:x0.028:y-0.017:f14.21:tf15.35:p0.0176:tok6;90:x0.028:y0.108:f13.70:tf15.35:p0.0179:tok7;95:x0.029:y0.143:f13.62:tf15.35:p0.0186:tok7
ablate_no_phase_memory,combined_stress,5,1000,,0,0.89583,2.59363,1.33068,0.16897,1.59317,0.02867,0.00000,0.31395,0.03488,3,5,0.69090,-0.09473,0.71689,769.20995,0.52669,35,0:x-0.118:y-0.427:f0.00:tf10.18:p0.0000:tok1;15:x0.019:y-0.421:f9.23:tf10.18:p0.0195:tok0;30:x0.026:y-0.354:f9.90:tf10.18:p0.0262:tok4;45:x0.029:y-0.244:f16.21:tf10.18:p0.0188:tok4;60:x0.024:y-0.122:f9.90:tf10.18:p0.0141:tok3;75:x0.027:y0.013:f13.46:tf15.35:p0.0170:tok3;90:x0.029:y0.144:f14.42:tf15.35:p0.0193:tok3;95:x0.029:y0.180:f15.15:tf15.35:p0.0190:tok0
impedance_token_policy_v4,combined_stress,5,1000,,0,0.89583,2.54856,1.74855,0.16604,1.81609,0.02844,0.01163,0.34884,0.06977,6,5,0.76928,-0.06903,0.71275,770.93596,0.52674,72,0:x-0.108:y-0.440:f0.00:tf10.18:p0.0000:tok1;15:x0.021:y-0.434:f6.38:tf10.18:p0.0212:tok5;30:x0.026:y-0.365:f7.46:tf10.18:p0.0263:tok2;45:x0.029:y-0.250:f14.03:tf10.18:p0.0188:tok3;60:x0.024:y-0.121:f10.27:tf10.18:p0.0136:tok4;75:x0.026:y0.009:f11.52:tf15.35:p0.0161:tok3;90:x0.030:y0.133:f15.76:tf15.35:p0.0199:tok2;95:x0.030:y0.175:f14.96:tf15.35:p0.0198:tok2
learned_only_token_replacement,combined_stress,5,1000,,1,0.88542,2.82959,1.34614,0.18435,1.70156,0.02921,0.01176,0.54118,0.05882,5,5,0.59848,-0.16585,0.76521,761.61416,0.52669,0,0:x-0.120:y-0.414:f0.29:tf10.18:p0.0000:tok-1;15:x0.016:y-0.409:f5.75:tf10.18:p0.0156:tok-1;30:x0.026:y-0.343:f9.17:tf10.18:p0.0262:tok-1;45:x0.029:y-0.219:f16.65:tf10.18:p0.0194:tok-1;60:x0.025:y-0.082:f10.12:tf10.18:p0.0148:tok-1;75:x0.027:y0.057:f14.73:tf15.35:p0.0174:tok-1;90:x0.029:y0.188:f14.69:tf15.35:p0.0188:tok-1;95:x0.029:y0.222:f14.23:tf15.35:p0.0191:tok-1
token_full_v5,combined_stress,5,1001,,0,0.89583,3.06413,3.25953,0.17639,1.47254,0.02394,0.00000,0.10465,0.02326,2,6,0.75048,-0.11578,0.66064,771.71061,0.43289,48,0:x-0.123:y-0.424:f0.56:tf10.74:p0.0000:tok1;15:x0.020:y-0.418:f9.21:tf10.74:p0.0198:tok0;30:x0.023:y-0.359:f8.97:tf10.74:p0.0229:tok6;45:x0.024:y-0.266:f10.38:tf10.74:p0.0239:tok4;60:x0.024:y-0.148:f10.91:tf10.74:p0.0142:tok4;75:x0.026:y-0.022:f12.85:tf17.37:p0.0163:tok7;90:x0.029:y0.097:f15.38:tf17.37:p0.0191:tok6;95:x0.030:y0.131:f15.09:tf17.37:p0.0203:tok4
ablate_no_memory,combined_stress,5,1001,,0,0.88542,2.74634,1.77293,0.15810,1.21667,0.02393,0.00000,0.35294,0.04706,4,5,0.54145,-0.08398,0.70495,781.50297,0.43304,13,0:x-0.118:y-0.423:f0.99:tf10.74:p0.0000:tok3;15:x0.017:y-0.420:f8.22:tf10.74:p0.0169:tok5;30:x0.023:y-0.366:f8.75:tf10.74:p0.0229:tok6;45:x0.023:y-0.271:f8.81:tf10.74:p0.0229:tok6;60:x0.024:y-0.167:f11.74:tf10.74:p0.0145:tok3;75:x0.029:y-0.022:f15.18:tf17.37:p0.0188:tok3;90:x0.031:y0.128:f16.58:tf17.37:p0.0212:tok3;95:x0.031:y0.169:f16.68:tf17.37:p0.0213:tok3
ablate_no_discrete_tokens,combined_stress,5,1001,,0,0.91667,1.94279,1.35020,0.11184,1.39151,0.02831,0.00000,0.60227,0.06818,6,5,0.81225,-0.10522,0.83395,778.90820,0.43290,0,0:x-0.119:y-0.433:f1.16:tf10.74:p0.0000:tok1;15:x0.028:y-0.423:f10.59:tf10.74:p0.0280:tok1;30:x0.027:y-0.342:f9.12:tf10.74:p0.0266:tok1;45:x0.027:y-0.207:f10.16:tf10.74:p0.0275:tok1;60:x0.025:y-0.053:f11.24:tf10.74:p0.0154:tok1;75:x0.030:y0.104:f15.75:tf17.37:p0.0204:tok1;90:x0.032:y0.246:f17.99:tf17.37:p0.0223:tok1;95:x0.032:y0.281:f18.41:tf17.37:p0.0224:tok1
ablate_no_force_update,combined_stress,5,1001,,0,0.90625,3.02732,2.81027,0.17427,1.33697,0.02713,0.00000,0.17241,0.03448,3,5,0.65926,-0.09553,0.66770,420.00000,0.20000,49,0:x-0.103:y-0.424:f0.00:tf10.74:p0.0000:tok1;15:x0.023:y-0.418:f9.19:tf10.74:p0.0228:tok6;30:x0.023:y-0.364:f8.68:tf10.74:p0.0231:tok6;45:x0.023:y-0.270:f9.01:tf10.74:p0.0231:tok4;60:x0.027:y-0.152:f12.84:tf10.74:p0.0170:tok4;75:x0.035:y-0.024:f19.03:tf17.37:p0.0245:tok4;90:x0.036:y0.103:f20.48:tf17.37:p0.0258:tok6;95:x0.036:y0.138:f19.49:tf17.37:p0.0260:tok6
ablate_no_transition_planner,combined_stress,5,1001,,0,0.89583,2.91303,3.26345,0.16769,1.10839,0.02377,0.00000,0.17442,0.06977,6,6,0.68393,-0.09966,0.64774,780.86347,0.43291,39,0:x-0.112:y-0.436:f0.17:tf10.74:p0.0000:tok1;15:x0.021:y-0.429:f6.89:tf10.74:p0.0211:tok2;30:x0.023:y-0.369:f8.45:tf10.74:p0.0228:tok6;45:x0.023:y-0.275:f10.12:tf10.74:p0.0232:tok6;60:x0.023:y-0.165:f9.70:tf10.74:p0.0134:tok4;75:x0.026:y-0.038:f12.80:tf17.37:p0.0162:tok7;90:x0.029:y0.088:f13.60:tf17.37:p0.0192:tok6;95:x0.029:y0.120:f14.10:tf17.37:p0.0189:tok2
ablate_no_safety_penalty,combined_stress,5,1001,,0,0.89583,3.08291,3.33676,0.17747,1.35488,0.02377,0.00000,0.05814,0.05814,5,7,0.73121,-0.12176,0.64491,775.60051,0.43285,41,0:x-0.119:y-0.431:f0.79:tf10.74:p0.0000:tok1;15:x0.020:y-0.425:f8.47:tf10.74:p0.0202:tok6;30:x0.023:y-0.363:f8.88:tf10.74:p0.0232:tok6;45:x0.023:y-0.270:f8.49:tf10.74:p0.0232:tok6;60:x0.023:y-0.155:f11.41:tf10.74:p0.0135:tok4;75:x0.027:y-0.028:f13.08:tf17.37:p0.0167:tok6;90:x0.030:y0.086:f15.27:tf17.37:p0.0197:tok6;95:x0.030:y0.118:f15.72:tf17.37:p0.0202:tok6
ablate_no_slip_context,combined_stress,5,1001,,0,0.89583,2.84213,2.43890,0.16361,1.22356,0.02354,0.00000,0.13953,0.06977,6,5,0.79741,-0.11970,0.65134,791.55785,0.43288,39,0:x-0.118:y-0.426:f0.00:tf10.74:p0.0000:tok1;15:x0.020:y-0.420:f9.57:tf10.74:p0.0205:tok6;30:x0.022:y-0.363:f9.01:tf10.74:p0.0225:tok6;45:x0.024:y-0.272:f9.61:tf10.74:p0.0235:tok6;60:x0.023:y-0.159:f11.08:tf10.74:p0.0132:tok6;75:x0.029:y-0.039:f15.24:tf17.37:p0.0190:tok6;90:x0.030:y0.087:f15.39:tf17.37:p0.0196:tok6;95:x0.030:y0.123:f16.31:tf17.37:p0.0196:tok6
ablate_no_tail_risk_objective,combined_stress,5,1001,,0,0.89583,2.28421,1.64652,0.13149,1.40953,0.02649,0.00000,0.37209,0.05814,5,5,0.67050,-0.08584,0.73603,785.32602,0.43287,22,0:x-0.115:y-0.439:f0.21:tf10.74:p0.0000:tok1;15:x0.022:y-0.432:f9.84:tf10.74:p0.0225:tok0;30:x0.026:y-0.351:f9.53:tf10.74:p0.0263:tok3;45:x0.026:y-0.236:f10.76:tf10.74:p0.0261:tok3;60:x0.024:y-0.108:f11.04:tf10.74:p0.0139:tok3;75:x0.029:y0.029:f15.36:tf17.37:p0.0192:tok3;90:x0.031:y0.160:f17.55:tf17.37:p0.0214:tok3;95:x0.031:y0.196:f17.69:tf17.37:p0.0215:tok3
ablate_no_calibration_guard,combined_stress,5,1001,,0,0.90625,2.23587,2.15992,0.12871,1.28950,0.02847,0.00000,0.13793,0.03448,3,5,1.01764,-0.15821,0.65769,781.66447,0.43281,26,0:x-0.121:y-0.437:f0.00:tf10.74:p0.0000:tok1;15:x0.028:y-0.427:f10.49:tf10.74:p0.0285:tok7;30:x0.023:y-0.360:f8.16:tf10.74:p0.0234:tok2;45:x0.025:y-0.264:f10.58:tf10.74:p0.0249:tok6;60:x0.023:y-0.151:f11.25:tf10.74:p0.0134:tok6;75:x0.030:y-0.031:f15.76:tf17.37:p0.0202:tok6;90:x0.030:y0.095:f15.38:tf17.37:p0.0203:tok6;95:x0.030:y0.129:f16.13:tf17.37:p0.0202:tok6
ablate_no_phase_memory,combined_stress,5,1001,,0,0.89583,2.58169,1.80465,0.14862,1.44133,0.02652,0.00000,0.46512,0.00000,0,5,0.65580,-0.08738,0.73229,771.27606,0.43290,36,0:x-0.110:y-0.425:f0.00:tf10.74:p0.0000:tok1;15:x0.020:y-0.419:f7.67:tf10.74:p0.0203:tok2;30:x0.024:y-0.356:f8.70:tf10.74:p0.0242:tok0;45:x0.026:y-0.248:f6.41:tf10.74:p0.0261:tok3;60:x0.024:y-0.118:f11.12:tf10.74:p0.0141:tok3;75:x0.029:y0.023:f15.00:tf17.37:p0.0191:tok3;90:x0.031:y0.157:f16.25:tf17.37:p0.0214:tok3;95:x0.032:y0.193:f17.56:tf17.37:p0.0216:tok0
impedance_token_policy_v4,combined_stress,5,1001,,0,0.89583,2.34884,2.19749,0.13521,1.33966,0.02733,0.00000,0.39535,0.06977,6,5,0.83430,-0.10701,0.71608,783.88031,0.43291,72,0:x-0.118:y-0.442:f0.00:tf10.74:p0.0000:tok1;15:x0.022:y-0.436:f8.26:tf10.74:p0.0217:tok7;30:x0.025:y-0.369:f10.93:tf10.74:p0.0254:tok2;45:x0.025:y-0.246:f11.10:tf10.74:p0.0247:tok4;60:x0.024:y-0.118:f10.62:tf10.74:p0.0135:tok4;75:x0.028:y0.014:f15.38:tf17.37:p0.0184:tok4;90:x0.031:y0.142:f16.07:tf17.37:p0.0208:tok7;95:x0.031:y0.179:f16.74:tf17.37:p0.0210:tok0
learned_only_token_replacement,combined_stress,5,1001,,1,0.89583,2.89480,1.60779,0.16664,1.45111,0.02757,0.00000,0.55814,0.06977,6,5,0.64572,-0.17989,0.78170,783.18170,0.43288,0,0:x-0.124:y-0.420:f0.00:tf10.74:p0.0000:tok-1;15:x0.017:y-0.416:f7.69:tf10.74:p0.0171:tok-1;30:x0.024:y-0.347:f10.00:tf10.74:p0.0244:tok-1;45:x0.028:y-0.222:f12.69:tf10.74:p0.0276:tok-1;60:x0.026:y-0.078:f12.78:tf10.74:p0.0164:tok-1;75:x0.029:y0.066:f15.38:tf17.37:p0.0194:tok-1;90:x0.031:y0.201:f17.07:tf17.37:p0.0210:tok-1;95:x0.031:y0.236:f16.51:tf17.37:p0.0209:tok-1
token_full_v5,combined_stress,5,1002,,0,0.89583,2.96298,2.75293,0.18871,1.21788,0.02594,0.00000,0.13953,0.06977,6,5,0.66288,-0.09247,0.63495,810.51273,0.41898,36,0:x-0.117:y-0.438:f0.74:tf10.47:p0.0000:tok1;15:x0.023:y-0.431:f9.21:tf10.47:p0.0227:tok4;30:x0.025:y-0.367:f7.52:tf10.47:p0.0254:tok2;45:x0.025:y-0.276:f9.43:tf10.47:p0.0147:tok6;60:x0.022:y-0.178:f9.13:tf10.47:p0.0118:tok6;75:x0.026:y-0.055:f13.07:tf15.70:p0.0162:tok6;90:x0.027:y0.072:f13.96:tf15.70:p0.0167:tok4;95:x0.027:y0.109:f13.22:tf15.70:p0.0167:tok4
ablate_no_memory,combined_stress,5,1002,,0,0.88542,2.63635,1.50893,0.16790,1.32066,0.02587,0.00000,0.40000,0.08235,7,5,0.48231,-0.05946,0.71641,819.72466,0.41909,11,0:x-0.106:y-0.428:f0.40:tf10.47:p0.0000:tok3;15:x0.018:y-0.424:f7.11:tf10.47:p0.0178:tok5;30:x0.025:y-0.365:f8.75:tf10.47:p0.0248:tok6;45:x0.024:y-0.273:f12.20:tf10.47:p0.0143:tok6;60:x0.023:y-0.161:f10.14:tf10.47:p0.0130:tok3;75:x0.027:y-0.010:f13.18:tf15.70:p0.0175:tok3;90:x0.028:y0.138:f15.48:tf15.70:p0.0180:tok3;95:x0.028:y0.179:f14.45:tf15.70:p0.0182:tok3
ablate_no_discrete_tokens,combined_stress,5,1002,,0,0.91667,1.90365,0.92607,0.12124,1.56694,0.02939,0.00000,0.61364,0.04545,4,5,0.78646,-0.09607,0.83623,820.82738,0.41899,0,0:x-0.118:y-0.438:f0.00:tf10.47:p0.0000:tok1;15:x0.028:y-0.427:f10.04:tf10.47:p0.0281:tok1;30:x0.028:y-0.345:f9.68:tf10.47:p0.0279:tok1;45:x0.029:y-0.209:f13.69:tf10.47:p0.0188:tok1;60:x0.024:y-0.058:f11.01:tf10.47:p0.0136:tok1;75:x0.029:y0.101:f16.05:tf15.70:p0.0192:tok1;90:x0.029:y0.246:f16.14:tf15.70:p0.0191:tok1;95:x0.029:y0.283:f14.27:tf15.70:p0.0189:tok1
ablate_no_force_update,combined_stress,5,1002,,0,0.89583,3.42125,2.97826,0.21789,1.53156,0.02574,0.00000,0.20930,0.04651,4,6,0.78476,-0.12167,0.67559,420.00000,0.20000,56,0:x-0.119:y-0.421:f0.00:tf10.47:p0.0000:tok1;15:x0.023:y-0.415:f7.95:tf10.47:p0.0225:tok2;30:x0.025:y-0.356:f8.61:tf10.47:p0.0245:tok6;45:x0.025:y-0.257:f16.04:tf10.47:p0.0150:tok4;60:x0.027:y-0.147:f13.82:tf10.47:p0.0168:tok6;75:x0.033:y-0.013:f18.65:tf15.70:p0.0228:tok6;90:x0.033:y0.109:f19.12:tf15.70:p0.0231:tok6;95:x0.035:y0.144:f21.36:tf15.70:p0.0248:tok6
ablate_no_transition_planner,combined_stress,5,1002,,0,0.89583,3.04148,2.53851,0.19371,1.42985,0.02674,0.00000,0.26744,0.01163,1,6,0.73435,-0.10711,0.66960,816.36601,0.41895,52,0:x-0.120:y-0.440:f0.19:tf10.47:p0.0000:tok1;15:x0.021:y-0.434:f8.78:tf10.47:p0.0206:tok4;30:x0.025:y-0.369:f7.99:tf10.47:p0.0249:tok6;45:x0.027:y-0.269:f13.99:tf10.47:p0.0172:tok6;60:x0.022:y-0.150:f10.02:tf10.47:p0.0125:tok4;75:x0.026:y-0.020:f13.55:tf15.70:p0.0163:tok4;90:x0.027:y0.103:f13.59:tf15.70:p0.0166:tok4;95:x0.027:y0.139:f14.53:tf15.70:p0.0172:tok4
ablate_no_safety_penalty,combined_stress,5,1002,,0,0.89583,2.94123,2.81586,0.18732,1.35142,0.02585,0.00000,0.06977,0.01163,1,5,0.67511,-0.09664,0.65765,813.62016,0.41893,50,0:x-0.114:y-0.446:f0.00:tf10.47:p0.0000:tok1;15:x0.020:y-0.439:f8.77:tf10.47:p0.0202:tok0;30:x0.025:y-0.371:f8.58:tf10.47:p0.0251:tok6;45:x0.025:y-0.269:f11.29:tf10.47:p0.0150:tok4;60:x0.022:y-0.151:f10.46:tf10.47:p0.0120:tok4;75:x0.026:y-0.024:f12.80:tf15.70:p0.0156:tok6;90:x0.026:y0.095:f13.66:tf15.70:p0.0165:tok4;95:x0.027:y0.129:f13.98:tf15.70:p0.0170:tok6
ablate_no_slip_context,combined_stress,5,1002,,0,0.89583,2.97618,2.38528,0.18955,1.43181,0.02635,0.00000,0.17442,0.02326,2,5,0.75212,-0.10727,0.66462,807.11342,0.41876,47,0:x-0.108:y-0.422:f0.11:tf10.47:p0.0000:tok1;15:x0.021:y-0.417:f7.21:tf10.47:p0.0214:tok2;30:x0.026:y-0.355:f9.05:tf10.47:p0.0256:tok6;45:x0.026:y-0.259:f13.14:tf10.47:p0.0165:tok2;60:x0.023:y-0.125:f10.74:tf10.47:p0.0132:tok6;75:x0.027:y-0.005:f13.54:tf15.70:p0.0172:tok6;90:x0.027:y0.106:f14.41:tf15.70:p0.0174:tok6;95:x0.027:y0.136:f13.41:tf15.70:p0.0169:tok6
ablate_no_tail_risk_objective,combined_stress,5,1002,,0,0.89583,2.39514,1.37917,0.15254,1.64345,0.02870,0.00000,0.32558,0.04651,4,5,0.63376,-0.07016,0.73631,811.78211,0.41893,23,0:x-0.109:y-0.434:f0.00:tf10.47:p0.0000:tok1;15:x0.022:y-0.427:f8.70:tf10.47:p0.0220:tok7;30:x0.028:y-0.347:f9.84:tf10.47:p0.0283:tok3;45:x0.028:y-0.233:f13.56:tf10.47:p0.0181:tok3;60:x0.023:y-0.111:f11.59:tf10.47:p0.0134:tok3;75:x0.027:y0.025:f15.42:tf15.70:p0.0174:tok3;90:x0.028:y0.159:f15.43:tf15.70:p0.0185:tok3;95:x0.028:y0.196:f14.55:tf15.70:p0.0184:tok2
ablate_no_calibration_guard,combined_stress,5,1002,,0,0.90625,2.42537,1.81806,0.15447,1.54846,0.02959,0.00000,0.24138,0.03448,3,5,1.01195,-0.14311,0.68744,832.96864,0.41883,32,0:x-0.115:y-0.439:f0.18:tf10.47:p0.0000:tok1;15:x0.027:y-0.429:f9.47:tf10.47:p0.0271:tok7;30:x0.025:y-0.361:f8.46:tf10.47:p0.0250:tok7;45:x0.027:y-0.256:f15.97:tf10.47:p0.0171:tok4;60:x0.023:y-0.129:f10.78:tf10.47:p0.0127:tok6;75:x0.027:y-0.001:f13.44:tf15.70:p0.0172:tok6;90:x0.027:y0.124:f14.39:tf15.70:p0.0168:tok6;95:x0.026:y0.155:f13.01:tf15.70:p0.0163:tok2
ablate_no_phase_memory,combined_stress,5,1002,,0,0.89583,2.64734,1.38372,0.16860,1.55018,0.02719,0.00000,0.37209,0.02326,2,5,0.70996,-0.09804,0.73252,810.64823,0.41897,38,0:x-0.119:y-0.427:f0.00:tf10.47:p0.0000:tok1;15:x0.020:y-0.421:f8.74:tf10.47:p0.0202:tok4;30:x0.025:y-0.355:f8.17:tf10.47:p0.0254:tok6;45:x0.028:y-0.246:f15.81:tf10.47:p0.0180:tok4;60:x0.023:y-0.122:f9.72:tf10.47:p0.0128:tok3;75:x0.028:y0.018:f14.89:tf15.70:p0.0175:tok3;90:x0.028:y0.156:f14.58:tf15.70:p0.0183:tok3;95:x0.029:y0.193:f15.38:tf15.70:p0.0186:tok3
impedance_token_policy_v4,combined_stress,5,1002,,0,0.89583,2.42808,1.26023,0.15464,1.60774,0.02844,0.00000,0.47674,0.09302,8,5,0.66976,-0.06954,0.73465,824.60556,0.41896,50,0:x-0.109:y-0.434:f0.30:tf10.47:p0.0000:tok1;15:x0.022:y-0.428:f7.46:tf10.47:p0.0217:tok5;30:x0.028:y-0.362:f10.95:tf10.47:p0.0278:tok0;45:x0.028:y-0.250:f15.74:tf10.47:p0.0177:tok4;60:x0.023:y-0.122:f11.06:tf10.47:p0.0131:tok3;75:x0.028:y0.016:f15.17:tf15.70:p0.0180:tok3;90:x0.029:y0.152:f15.25:tf15.70:p0.0190:tok3;95:x0.029:y0.194:f16.69:tf15.70:p0.0195:tok6
learned_only_token_replacement,combined_stress,5,1002,,1,0.89583,3.14333,1.31792,0.20019,1.72601,0.02985,0.02326,0.59302,0.02326,2,5,0.57488,-0.14104,0.78172,817.40347,0.41898,0,0:x-0.113:y-0.441:f0.15:tf10.47:p0.0000:tok-1;15:x0.017:y-0.434:f5.85:tf10.47:p0.0169:tok-1;30:x0.027:y-0.357:f8.80:tf10.47:p0.0268:tok-1;45:x0.030:y-0.227:f17.00:tf10.47:p0.0205:tok-1;60:x0.023:y-0.085:f9.71:tf10.47:p0.0133:tok-1;75:x0.028:y0.061:f14.86:tf15.70:p0.0181:tok-1;90:x0.028:y0.199:f13.57:tf15.70:p0.0182:tok-1;95:x0.028:y0.236:f16.08:tf15.70:p0.0180:tok-1
token_full_v5,combined_stress,5,1003,,0,0.89583,3.11694,2.81330,0.20136,1.36282,0.02801,0.00000,0.00000,0.03488,3,8,0.73218,-0.11679,0.64237,741.90686,0.51725,44,0:x-0.120:y-0.459:f0.00:tf10.90:p0.0000:tok1;15:x0.023:y-0.451:f7.80:tf10.90:p0.0234:tok5;30:x0.027:y-0.378:f9.33:tf10.90:p0.0272:tok6;45:x0.028:y-0.273:f10.64:tf10.90:p0.0278:tok4;60:x0.025:y-0.153:f11.51:tf10.90:p0.0148:tok4;75:x0.025:y-0.030:f11.86:tf15.48:p0.0148:tok6;90:x0.028:y0.082:f12.57:tf15.48:p0.0183:tok5;95:x0.029:y0.116:f14.39:tf15.48:p0.0186:tok6
ablate_no_memory,combined_stress,5,1003,,0,0.88542,3.12829,1.50218,0.20210,1.71242,0.03265,0.01176,0.38824,0.05882,5,5,0.55289,-0.10488,0.71439,737.99475,0.51732,17,0:x-0.120:y-0.431:f0.00:tf10.90:p0.0000:tok3;15:x0.018:y-0.428:f7.77:tf10.90:p0.0179:tok5;30:x0.028:y-0.368:f8.53:tf10.90:p0.0280:tok6;45:x0.032:y-0.260:f10.22:tf10.90:p0.0325:tok3;60:x0.026:y-0.132:f12.37:tf10.90:p0.0158:tok3;75:x0.027:y0.007:f12.48:tf15.48:p0.0170:tok3;90:x0.030:y0.142:f14.13:tf15.48:p0.0199:tok3;95:x0.030:y0.178:f14.67:tf15.48:p0.0200:tok6
ablate_no_discrete_tokens,combined_stress,5,1003,,0,0.91667,2.15747,0.89247,0.13938,1.85826,0.03407,0.01136,0.60227,0.07955,7,5,0.78571,-0.09734,0.82372,742.50530,0.51729,0,0:x-0.115:y-0.440:f0.74:tf10.90:p0.0000:tok1;15:x0.031:y-0.429:f10.15:tf10.90:p0.0310:tok1;30:x0.032:y-0.346:f9.92:tf10.90:p0.0318:tok1;45:x0.034:y-0.209:f11.61:tf10.90:p0.0340:tok1;60:x0.026:y-0.057:f11.38:tf10.90:p0.0156:tok1;75:x0.029:y0.096:f14.87:tf15.48:p0.0187:tok1;90:x0.031:y0.237:f15.79:tf15.48:p0.0213:tok1;95:x0.031:y0.272:f15.75:tf15.48:p0.0208:tok1
ablate_no_force_update,combined_stress,5,1003,,0,0.89583,3.50331,2.98196,0.22632,1.43021,0.02794,0.00000,0.20930,0.04651,4,5,0.77402,-0.11137,0.69282,420.00000,0.20000,68,0:x-0.112:y-0.422:f0.00:tf10.90:p0.0000:tok1;15:x0.024:y-0.416:f7.59:tf10.90:p0.0240:tok2;30:x0.027:y-0.353:f7.40:tf10.90:p0.0266:tok2;45:x0.026:y-0.246:f9.71:tf10.90:p0.0260:tok4;60:x0.027:y-0.131:f13.92:tf10.90:p0.0174:tok6;75:x0.031:y-0.002:f17.56:tf15.48:p0.0212:tok4;90:x0.035:y0.125:f18.75:tf15.48:p0.0251:tok6;95:x0.036:y0.159:f18.71:tf15.48:p0.0260:tok5
ablate_no_transition_planner,combined_stress,5,1003,,0,0.89583,3.08353,2.57511,0.19920,1.50747,0.02980,0.00000,0.04651,0.02326,2,5,0.77301,-0.12129,0.64826,756.90404,0.51723,46,0:x-0.122:y-0.436:f0.72:tf10.90:p0.0000:tok1;15:x0.024:y-0.429:f7.66:tf10.90:p0.0235:tok5;30:x0.027:y-0.364:f9.05:tf10.90:p0.0272:tok6;45:x0.029:y-0.263:f10.70:tf10.90:p0.0295:tok4;60:x0.024:y-0.149:f11.38:tf10.90:p0.0142:tok4;75:x0.026:y-0.027:f12.27:tf15.48:p0.0159:tok6;90:x0.028:y0.088:f13.36:tf15.48:p0.0180:tok4;95:x0.028:y0.121:f13.51:tf15.48:p0.0180:tok6
ablate_no_safety_penalty,combined_stress,5,1003,,0,0.89583,3.06742,2.76676,0.19816,1.46770,0.02867,0.00000,0.04651,0.02326,2,8,0.76452,-0.12052,0.64578,738.95044,0.51726,44,0:x-0.122:y-0.434:f0.62:tf10.90:p0.0000:tok1;15:x0.024:y-0.427:f8.44:tf10.90:p0.0237:tok0;30:x0.028:y-0.362:f8.63:tf10.90:p0.0277:tok6;45:x0.027:y-0.263:f8.17:tf10.90:p0.0275:tok6;60:x0.024:y-0.152:f10.87:tf10.90:p0.0141:tok4;75:x0.026:y-0.030:f12.87:tf15.48:p0.0155:tok6;90:x0.028:y0.085:f12.59:tf15.48:p0.0181:tok6;95:x0.029:y0.119:f13.41:tf15.48:p0.0185:tok6
ablate_no_slip_context,combined_stress,5,1003,,0,0.89583,2.84803,2.15500,0.18399,1.49578,0.02930,0.00000,0.11628,0.05814,5,5,0.81365,-0.12611,0.65186,740.71278,0.51712,53,0:x-0.112:y-0.436:f0.36:tf10.90:p0.0000:tok1;15:x0.024:y-0.429:f8.51:tf10.90:p0.0238:tok0;30:x0.028:y-0.364:f10.60:tf10.90:p0.0279:tok6;45:x0.029:y-0.258:f12.33:tf10.90:p0.0291:tok6;60:x0.025:y-0.132:f12.10:tf10.90:p0.0153:tok6;75:x0.026:y-0.022:f12.80:tf15.48:p0.0164:tok5;90:x0.028:y0.096:f14.09:tf15.48:p0.0182:tok6;95:x0.028:y0.125:f13.90:tf15.48:p0.0180:tok6
ablate_no_tail_risk_objective,combined_stress,5,1003,,0,0.89583,2.67696,1.50514,0.17294,1.60032,0.03183,0.00000,0.36047,0.06977,6,5,0.65646,-0.08338,0.72966,736.41382,0.51722,29,0:x-0.112:y-0.421:f0.00:tf10.90:p0.0000:tok1;15:x0.024:y-0.415:f9.50:tf10.90:p0.0236:tok0;30:x0.031:y-0.340:f9.74:tf10.90:p0.0312:tok3;45:x0.032:y-0.227:f10.29:tf10.90:p0.0317:tok3;60:x0.027:y-0.101:f13.39:tf10.90:p0.0165:tok3;75:x0.027:y0.029:f13.72:tf15.48:p0.0170:tok3;90:x0.030:y0.155:f13.35:tf15.48:p0.0198:tok3;95:x0.031:y0.191:f15.65:tf15.48:p0.0207:tok3
ablate_no_calibration_guard,combined_stress,5,1003,,0,0.90625,2.54971,1.96313,0.16472,1.75089,0.03289,0.01149,0.14943,0.04598,4,5,1.03654,-0.15334,0.67025,749.42986,0.51707,37,0:x-0.117:y-0.438:f0.87:tf10.90:p0.0000:tok1;15:x0.031:y-0.428:f11.45:tf10.90:p0.0313:tok7;30:x0.028:y-0.359:f8.05:tf10.90:p0.0277:tok5;45:x0.031:y-0.250:f9.82:tf10.90:p0.0313:tok6;60:x0.027:y-0.116:f13.26:tf10.90:p0.0170:tok6;75:x0.027:y-0.002:f12.93:tf15.48:p0.0174:tok7;90:x0.028:y0.112:f14.42:tf15.48:p0.0181:tok6;95:x0.028:y0.141:f13.50:tf15.48:p0.0183:tok6
ablate_no_phase_memory,combined_stress,5,1003,,0,0.89583,2.71799,1.23058,0.17559,1.57800,0.03083,0.00000,0.30233,0.06977,6,5,0.73411,-0.10204,0.71725,751.02008,0.51726,40,0:x-0.119:y-0.426:f0.37:tf10.90:p0.0000:tok1;15:x0.023:y-0.420:f8.27:tf10.90:p0.0230:tok5;30:x0.029:y-0.353:f8.75:tf10.90:p0.0294:tok4;45:x0.030:y-0.246:f6.99:tf10.90:p0.0304:tok3;60:x0.026:y-0.123:f11.63:tf10.90:p0.0161:tok3;75:x0.027:y0.011:f13.30:tf15.48:p0.0173:tok3;90:x0.030:y0.144:f15.91:tf15.48:p0.0199:tok3;95:x0.030:y0.180:f14.62:tf15.48:p0.0197:tok3
impedance_token_policy_v4,combined_stress,5,1003,,0,0.89583,2.77870,1.92281,0.17951,1.59580,0.03264,0.00000,0.27907,0.06977,6,5,0.84391,-0.10843,0.69599,744.92804,0.51724,72,0:x-0.120:y-0.445:f0.00:tf10.90:p0.0000:tok1;15:x0.025:y-0.439:f7.72:tf10.90:p0.0251:tok5;30:x0.030:y-0.370:f9.37:tf10.90:p0.0297:tok6;45:x0.032:y-0.252:f12.27:tf10.90:p0.0323:tok4;60:x0.026:y-0.126:f11.34:tf10.90:p0.0155:tok0;75:x0.026:y0.004:f12.52:tf15.48:p0.0163:tok4;90:x0.028:y0.125:f13.67:tf15.48:p0.0181:tok7;95:x0.031:y0.161:f15.35:tf15.48:p0.0205:tok2
learned_only_token_replacement,combined_stress,5,1003,,1,0.89583,3.25052,1.19446,0.20999,1.69315,0.03278,0.00000,0.55814,0.02326,2,5,0.62439,-0.17139,0.76482,731.54705,0.51722,0,0:x-0.120:y-0.435:f0.04:tf10.90:p0.0000:tok-1;15:x0.017:y-0.428:f6.78:tf10.90:p0.0174:tok-1;30:x0.028:y-0.353:f9.64:tf10.90:p0.0284:tok-1;45:x0.033:y-0.224:f11.95:tf10.90:p0.0327:tok-1;60:x0.028:y-0.082:f14.35:tf10.90:p0.0180:tok-1;75:x0.028:y0.058:f12.69:tf15.48:p0.0179:tok-1;90:x0.030:y0.187:f14.99:tf15.48:p0.0200:tok-1;95:x0.030:y0.221:f14.20:tf15.48:p0.0203:tok-1
token_full_v5,combined_stress,6,1000,,0,0.89583,2.85394,2.78182,0.18058,1.39940,0.02225,0.00000,0.10465,0.05814,5,5,0.70709,-0.11097,0.65856,807.12665,0.44875,46,0:x-0.118:y-0.424:f1.19:tf10.29:p0.0000:tok1;15:x0.018:y-0.418:f7.65:tf10.29:p0.0182:tok5;30:x0.022:y-0.358:f9.27:tf10.29:p0.0218:tok6;45:x0.021:y-0.270:f7.64:tf10.29:p0.0211:tok2;60:x0.023:y-0.150:f9.85:tf10.29:p0.0131:tok4;75:x0.025:y-0.023:f13.51:tf15.80:p0.0154:tok4;90:x0.027:y0.097:f13.51:tf15.80:p0.0167:tok6;95:x0.027:y0.130:f13.37:tf15.80:p0.0173:tok6
ablate_no_memory,combined_stress,6,1000,,0,0.88542,2.79156,1.48780,0.17663,1.41252,0.02466,0.00000,0.43529,0.03529,3,5,0.48933,-0.07688,0.72719,806.55269,0.44886,13,0:x-0.111:y-0.418:f0.00:tf10.29:p0.0000:tok3;15:x0.017:y-0.415:f7.98:tf10.29:p0.0169:tok0;30:x0.021:y-0.361:f7.12:tf10.29:p0.0214:tok2;45:x0.022:y-0.267:f8.37:tf10.29:p0.0218:tok6;60:x0.025:y-0.137:f13.71:tf10.29:p0.0148:tok3;75:x0.027:y0.011:f13.88:tf15.80:p0.0166:tok3;90:x0.029:y0.151:f15.39:tf15.80:p0.0188:tok3;95:x0.029:y0.188:f15.66:tf15.80:p0.0188:tok3
ablate_no_discrete_tokens,combined_stress,6,1000,,1,0.91667,1.88548,0.88864,0.11930,1.55135,0.02712,0.00000,0.59091,0.06818,6,5,0.74294,-0.09108,0.83699,800.07700,0.44878,0,0:x-0.113:y-0.424:f0.00:tf10.29:p0.0000:tok1;15:x0.027:y-0.414:f10.44:tf10.29:p0.0267:tok1;30:x0.025:y-0.337:f9.93:tf10.29:p0.0250:tok1;45:x0.026:y-0.205:f11.54:tf10.29:p0.0264:tok1;60:x0.025:y-0.048:f11.68:tf10.29:p0.0152:tok1;75:x0.028:y0.108:f15.06:tf15.80:p0.0181:tok1;90:x0.030:y0.249:f15.50:tf15.80:p0.0197:tok1;95:x0.030:y0.284:f15.60:tf15.80:p0.0198:tok1
ablate_no_force_update,combined_stress,6,1000,,0,0.89583,2.77541,1.65575,0.17561,1.61479,0.02390,0.00000,0.11628,0.02326,2,5,0.77676,-0.11230,0.65834,420.00000,0.20000,40,0:x-0.125:y-0.424:f0.00:tf10.29:p0.0000:tok1;15:x0.020:y-0.421:f8.57:tf10.29:p0.0200:tok7;30:x0.022:y-0.370:f9.79:tf10.29:p0.0217:tok6;45:x0.021:y-0.275:f7.96:tf10.29:p0.0214:tok4;60:x0.025:y-0.154:f11.96:tf10.29:p0.0154:tok4;75:x0.029:y-0.023:f16.25:tf15.80:p0.0194:tok6;90:x0.031:y0.094:f18.36:tf15.80:p0.0215:tok2;95:x0.034:y0.129:f18.74:tf15.80:p0.0239:tok2
ablate_no_transition_planner,combined_stress,6,1000,,0,0.89583,2.79823,2.89168,0.17705,1.31675,0.02286,0.00000,0.23256,0.04651,4,6,0.62063,-0.08320,0.64972,795.30714,0.44877,38,0:x-0.105:y-0.434:f0.00:tf10.29:p0.0000:tok1;15:x0.018:y-0.428:f7.77:tf10.29:p0.0185:tok5;30:x0.022:y-0.367:f8.50:tf10.29:p0.0220:tok6;45:x0.022:y-0.278:f8.57:tf10.29:p0.0219:tok6;60:x0.022:y-0.162:f10.48:tf10.29:p0.0125:tok4;75:x0.025:y-0.030:f12.61:tf15.80:p0.0152:tok6;90:x0.027:y0.091:f13.63:tf15.80:p0.0170:tok6;95:x0.027:y0.122:f13.26:tf15.80:p0.0169:tok2
ablate_no_safety_penalty,combined_stress,6,1000,,0,0.89583,2.89793,2.64718,0.18336,1.20757,0.02268,0.00000,0.13953,0.04651,4,6,0.73706,-0.11599,0.65763,820.79830,0.44875,41,0:x-0.123:y-0.419:f0.09:tf10.29:p0.0000:tok1;15:x0.018:y-0.415:f8.30:tf10.29:p0.0181:tok6;30:x0.022:y-0.360:f8.75:tf10.29:p0.0224:tok6;45:x0.022:y-0.271:f8.64:tf10.29:p0.0217:tok6;60:x0.023:y-0.152:f9.58:tf10.29:p0.0130:tok4;75:x0.026:y-0.024:f11.60:tf15.80:p0.0155:tok6;90:x0.027:y0.096:f14.05:tf15.80:p0.0168:tok4;95:x0.027:y0.129:f15.13:tf15.80:p0.0171:tok6
ablate_no_slip_context,combined_stress,6,1000,,0,0.89583,2.76236,2.08235,0.17478,1.22227,0.02266,0.00000,0.12791,0.08140,7,5,0.75012,-0.11081,0.65566,802.14753,0.44873,45,0:x-0.113:y-0.431:f0.00:tf10.29:p0.0000:tok1;15:x0.019:y-0.425:f8.60:tf10.29:p0.0194:tok4;30:x0.022:y-0.365:f9.09:tf10.29:p0.0217:tok6;45:x0.023:y-0.269:f7.80:tf10.29:p0.0227:tok6;60:x0.023:y-0.153:f11.76:tf10.29:p0.0127:tok6;75:x0.027:y-0.031:f13.49:tf15.80:p0.0166:tok6;90:x0.028:y0.093:f13.97:tf15.80:p0.0179:tok6;95:x0.028:y0.127:f14.64:tf15.80:p0.0182:tok6
ablate_no_tail_risk_objective,combined_stress,6,1000,,1,0.89583,2.29375,1.36409,0.14513,1.41802,0.02494,0.00000,0.41860,0.04651,4,5,0.73440,-0.09897,0.74575,817.95716,0.44873,24,0:x-0.124:y-0.426:f0.10:tf10.29:p0.0000:tok1;15:x0.019:y-0.422:f9.65:tf10.29:p0.0191:tok7;30:x0.024:y-0.345:f9.41:tf10.29:p0.0244:tok3;45:x0.025:y-0.231:f9.37:tf10.29:p0.0247:tok3;60:x0.025:y-0.101:f14.59:tf10.29:p0.0149:tok3;75:x0.027:y0.037:f14.06:tf15.80:p0.0172:tok3;90:x0.028:y0.169:f15.55:tf15.80:p0.0185:tok3;95:x0.029:y0.204:f15.18:tf15.80:p0.0187:tok2
ablate_no_calibration_guard,combined_stress,6,1000,,0,0.90625,2.18141,1.97188,0.13802,1.24994,0.02588,0.00000,0.09195,0.09195,8,5,1.09500,-0.17217,0.66589,811.03424,0.44868,30,0:x-0.129:y-0.433:f0.00:tf10.29:p0.0000:tok1;15:x0.025:y-0.425:f9.61:tf10.29:p0.0245:tok7;30:x0.022:y-0.360:f8.16:tf10.29:p0.0219:tok6;45:x0.024:y-0.258:f9.57:tf10.29:p0.0243:tok6;60:x0.024:y-0.142:f7.90:tf10.29:p0.0137:tok6;75:x0.027:y-0.019:f14.12:tf15.80:p0.0174:tok6;90:x0.027:y0.101:f13.83:tf15.80:p0.0171:tok6;95:x0.028:y0.136:f14.20:tf15.80:p0.0181:tok6
ablate_no_phase_memory,combined_stress,6,1000,,0,0.89583,2.33800,1.14559,0.14793,1.45657,0.02613,0.00000,0.43023,0.04651,4,5,0.65380,-0.09329,0.73681,818.76263,0.44870,36,0:x-0.113:y-0.407:f0.38:tf10.29:p0.0000:tok1;15:x0.020:y-0.402:f7.62:tf10.29:p0.0196:tok2;30:x0.024:y-0.345:f9.15:tf10.29:p0.0241:tok4;45:x0.025:y-0.234:f10.15:tf10.29:p0.0254:tok3;60:x0.025:y-0.103:f13.50:tf10.29:p0.0154:tok3;75:x0.027:y0.032:f14.25:tf15.80:p0.0174:tok3;90:x0.029:y0.163:f14.69:tf15.80:p0.0187:tok3;95:x0.028:y0.198:f16.00:tf15.80:p0.0183:tok6
impedance_token_policy_v4,combined_stress,6,1000,,0,0.89583,2.39672,1.58420,0.15165,1.32331,0.02528,0.00000,0.41860,0.06977,6,5,0.75372,-0.07180,0.72034,825.78045,0.44880,71,0:x-0.113:y-0.430:f0.38:tf10.29:p0.0000:tok1;15:x0.019:y-0.425:f6.09:tf10.29:p0.0187:tok5;30:x0.023:y-0.362:f9.61:tf10.29:p0.0230:tok2;45:x0.025:y-0.250:f10.09:tf10.29:p0.0250:tok4;60:x0.024:y-0.120:f11.20:tf10.29:p0.0142:tok4;75:x0.026:y0.010:f13.41:tf15.80:p0.0165:tok4;90:x0.028:y0.139:f15.78:tf15.80:p0.0181:tok7;95:x0.029:y0.181:f16.77:tf15.80:p0.0195:tok7
learned_only_token_replacement,combined_stress,6,1000,,1,0.89583,2.76815,0.72101,0.17515,1.57452,0.02740,0.00000,0.56977,0.04651,4,5,0.57839,-0.14576,0.78433,821.01052,0.44872,0,0:x-0.113:y-0.436:f0.00:tf10.29:p0.0000:tok-1;15:x0.013:y-0.431:f6.50:tf10.29:p0.0128:tok-1;30:x0.023:y-0.357:f9.14:tf10.29:p0.0227:tok-1;45:x0.026:y-0.227:f10.71:tf10.29:p0.0261:tok-1;60:x0.026:y-0.075:f14.32:tf10.29:p0.0164:tok-1;75:x0.029:y0.071:f15.04:tf15.80:p0.0188:tok-1;90:x0.029:y0.203:f15.75:tf15.80:p0.0187:tok-1;95:x0.029:y0.238:f15.76:tf15.80:p0.0185:tok-1
token_full_v5,combined_stress,6,1001,,0,0.90625,2.93711,2.16323,0.17756,1.32236,0.02538,0.00000,0.27586,0.04598,4,5,0.65949,-0.09301,0.68373,766.51995,0.39500,52,0:x-0.107:y-0.428:f1.06:tf11.02:p0.0000:tok1;15:x0.021:y-0.422:f8.20:tf11.02:p0.0212:tok2;30:x0.024:y-0.362:f8.55:tf11.02:p0.0244:tok6;45:x0.025:y-0.262:f9.98:tf11.02:p0.0253:tok4;60:x0.027:y-0.139:f10.00:tf11.02:p0.0165:tok4;75:x0.029:y-0.009:f15.35:tf16.54:p0.0191:tok4;90:x0.029:y0.116:f14.14:tf16.54:p0.0186:tok4;95:x0.029:y0.151:f15.08:tf16.54:p0.0193:tok4
ablate_no_memory,combined_stress,6,1001,,0,0.88542,2.80293,1.23543,0.16945,1.42743,0.02723,0.00000,0.44706,0.07059,6,5,0.52254,-0.08315,0.73365,766.54903,0.39509,15,0:x-0.113:y-0.433:f0.61:tf11.02:p0.0000:tok3;15:x0.018:y-0.429:f8.20:tf11.02:p0.0181:tok5;30:x0.026:y-0.366:f9.39:tf11.02:p0.0259:tok6;45:x0.024:y-0.270:f9.16:tf11.02:p0.0244:tok6;60:x0.027:y-0.138:f11.93:tf11.02:p0.0173:tok3;75:x0.030:y0.013:f15.83:tf16.54:p0.0200:tok3;90:x0.031:y0.156:f15.09:tf16.54:p0.0207:tok3;95:x0.031:y0.194:f16.55:tf16.54:p0.0207:tok3
ablate_no_discrete_tokens,combined_stress,6,1001,,0,0.91667,1.93202,0.72748,0.11680,1.68093,0.03027,0.00000,0.60227,0.07955,7,5,0.79998,-0.10289,0.84277,765.33903,0.39499,0,0:x-0.116:y-0.435:f0.56:tf11.02:p0.0000:tok1;15:x0.029:y-0.425:f9.86:tf11.02:p0.0295:tok1;30:x0.029:y-0.343:f9.50:tf11.02:p0.0286:tok1;45:x0.030:y-0.207:f11.63:tf11.02:p0.0303:tok1;60:x0.029:y-0.047:f12.30:tf11.02:p0.0185:tok1;75:x0.032:y0.111:f16.74:tf16.54:p0.0217:tok1;90:x0.032:y0.254:f16.18:tf16.54:p0.0215:tok1;95:x0.032:y0.289:f17.64:tf16.54:p0.0217:tok1
ablate_no_force_update,combined_stress,6,1001,,0,0.90625,3.22519,2.57063,0.19498,1.49495,0.02625,0.00000,0.35632,0.03448,3,5,0.72424,-0.10997,0.67781,420.00000,0.20000,57,0:x-0.109:y-0.443:f0.07:tf11.02:p0.0000:tok1;15:x0.022:y-0.437:f8.76:tf11.02:p0.0220:tok7;30:x0.025:y-0.376:f8.97:tf11.02:p0.0245:tok6;45:x0.024:y-0.276:f8.03:tf11.02:p0.0236:tok6;60:x0.028:y-0.150:f11.32:tf11.02:p0.0182:tok4;75:x0.035:y-0.012:f19.94:tf16.54:p0.0253:tok6;90:x0.035:y0.110:f19.12:tf16.54:p0.0247:tok2;95:x0.036:y0.146:f19.15:tf16.54:p0.0261:tok6
ablate_no_transition_planner,combined_stress,6,1001,,0,0.89583,2.89319,2.35561,0.17491,1.27937,0.02605,0.00000,0.13953,0.02326,2,6,0.68586,-0.10198,0.67811,761.28180,0.39500,47,0:x-0.113:y-0.426:f0.12:tf11.02:p0.0000:tok1;15:x0.022:y-0.420:f7.99:tf11.02:p0.0219:tok5;30:x0.025:y-0.360:f8.88:tf11.02:p0.0252:tok6;45:x0.026:y-0.263:f9.89:tf11.02:p0.0260:tok4;60:x0.027:y-0.141:f12.82:tf11.02:p0.0167:tok4;75:x0.029:y-0.013:f13.65:tf16.54:p0.0191:tok6;90:x0.029:y0.112:f14.73:tf16.54:p0.0189:tok4;95:x0.029:y0.146:f15.70:tf16.54:p0.0194:tok6
ablate_no_safety_penalty,combined_stress,6,1001,,0,0.89583,3.06516,2.70229,0.18531,1.51401,0.02607,0.00000,0.32558,0.01163,1,5,0.71745,-0.09930,0.66694,744.91246,0.39501,50,0:x-0.114:y-0.436:f0.19:tf11.02:p0.0000:tok1;15:x0.021:y-0.429:f8.08:tf11.02:p0.0213:tok2;30:x0.024:y-0.368:f9.72:tf11.02:p0.0240:tok6;45:x0.024:y-0.274:f9.46:tf11.02:p0.0242:tok6;60:x0.026:y-0.150:f12.09:tf11.02:p0.0164:tok4;75:x0.028:y-0.018:f13.60:tf16.54:p0.0181:tok6;90:x0.029:y0.104:f15.05:tf16.54:p0.0189:tok6;95:x0.029:y0.136:f13.94:tf16.54:p0.0194:tok2
ablate_no_slip_context,combined_stress,6,1001,,0,0.89583,2.86067,2.15606,0.17294,1.36983,0.02575,0.00000,0.25581,0.04651,4,5,0.83114,-0.11794,0.68370,741.59842,0.39500,45,0:x-0.113:y-0.414:f0.19:tf11.02:p0.0000:tok1;15:x0.022:y-0.409:f8.59:tf11.02:p0.0222:tok4;30:x0.025:y-0.352:f9.98:tf11.02:p0.0249:tok6;45:x0.025:y-0.260:f9.24:tf11.02:p0.0249:tok6;60:x0.027:y-0.142:f12.48:tf11.02:p0.0166:tok6;75:x0.029:y-0.008:f14.86:tf16.54:p0.0193:tok6;90:x0.030:y0.116:f14.03:tf16.54:p0.0195:tok2;95:x0.030:y0.152:f14.59:tf16.54:p0.0196:tok6
ablate_no_tail_risk_objective,combined_stress,6,1001,,1,0.90625,2.33344,1.04703,0.14107,1.56451,0.02878,0.00000,0.40230,0.05747,5,5,0.62004,-0.07111,0.75245,766.06736,0.39492,21,0:x-0.104:y-0.417:f0.18:tf11.02:p0.0000:tok1;15:x0.022:y-0.411:f9.21:tf11.02:p0.0224:tok7;30:x0.029:y-0.337:f10.92:tf11.02:p0.0286:tok3;45:x0.029:y-0.225:f9.61:tf11.02:p0.0286:tok3;60:x0.028:y-0.095:f15.47:tf11.02:p0.0180:tok3;75:x0.030:y0.043:f15.31:tf16.54:p0.0204:tok3;90:x0.031:y0.175:f16.15:tf16.54:p0.0206:tok3;95:x0.031:y0.210:f15.70:tf16.54:p0.0208:tok2
ablate_no_calibration_guard,combined_stress,6,1001,,0,0.90625,2.33239,1.79493,0.14101,1.26730,0.02988,0.00000,0.17241,0.11494,10,5,1.04252,-0.14157,0.68647,753.19293,0.39494,31,0:x-0.117:y-0.439:f0.00:tf11.02:p0.0000:tok1;15:x0.030:y-0.429:f10.48:tf11.02:p0.0298:tok7;30:x0.025:y-0.360:f8.75:tf11.02:p0.0250:tok6;45:x0.026:y-0.260:f8.26:tf11.02:p0.0263:tok7;60:x0.026:y-0.140:f12.60:tf11.02:p0.0158:tok6;75:x0.030:y-0.003:f14.52:tf16.54:p0.0203:tok6;90:x0.029:y0.117:f14.99:tf16.54:p0.0195:tok7;95:x0.030:y0.153:f14.78:tf16.54:p0.0201:tok7
ablate_no_phase_memory,combined_stress,6,1001,,1,0.89583,2.35112,1.03431,0.14214,1.36666,0.02835,0.00000,0.46512,0.04651,4,5,0.71056,-0.10301,0.74481,761.70395,0.39497,33,0:x-0.116:y-0.428:f0.00:tf11.02:p0.0000:tok1;15:x0.021:y-0.422:f9.23:tf11.02:p0.0210:tok6;30:x0.028:y-0.354:f10.00:tf11.02:p0.0278:tok4;45:x0.028:y-0.242:f10.02:tf11.02:p0.0277:tok3;60:x0.027:y-0.106:f13.34:tf11.02:p0.0172:tok3;75:x0.030:y0.035:f14.59:tf16.54:p0.0203:tok3;90:x0.031:y0.168:f16.33:tf16.54:p0.0209:tok3;95:x0.030:y0.204:f16.04:tf16.54:p0.0204:tok4
impedance_token_policy_v4,combined_stress,6,1001,,0,0.90625,2.52138,1.72749,0.15243,1.49711,0.02851,0.00000,0.42529,0.04598,4,5,0.70579,-0.07731,0.72902,754.63162,0.39496,68,0:x-0.105:y-0.431:f0.00:tf11.02:p0.0000:tok1;15:x0.022:y-0.424:f8.05:tf11.02:p0.0224:tok7;30:x0.027:y-0.358:f8.43:tf11.02:p0.0268:tok4;45:x0.027:y-0.240:f9.58:tf11.02:p0.0266:tok4;60:x0.027:y-0.109:f13.77:tf11.02:p0.0174:tok4;75:x0.029:y0.025:f14.74:tf16.54:p0.0192:tok4;90:x0.032:y0.150:f17.90:tf16.54:p0.0216:tok7;95:x0.033:y0.189:f16.34:tf16.54:p0.0230:tok5
learned_only_token_replacement,combined_stress,6,1001,,1,0.89583,2.74075,1.03489,0.16569,1.51419,0.02931,0.00000,0.55814,0.10465,9,5,0.60025,-0.15669,0.79245,760.25750,0.39496,0,0:x-0.115:y-0.428:f0.17:tf11.02:p0.0000:tok-1;15:x0.017:y-0.422:f6.74:tf11.02:p0.0175:tok-1;30:x0.027:y-0.349:f8.94:tf11.02:p0.0270:tok-1;45:x0.029:y-0.221:f10.19:tf11.02:p0.0292:tok-1;60:x0.029:y-0.070:f16.44:tf11.02:p0.0191:tok-1;75:x0.031:y0.077:f15.41:tf16.54:p0.0207:tok-1;90:x0.031:y0.210:f17.05:tf16.54:p0.0211:tok-1;95:x0.031:y0.245:f16.19:tf16.54:p0.0208:tok-1
token_full_v5,combined_stress,6,1002,,0,0.89583,2.81043,3.11602,0.17537,1.20857,0.02232,0.00000,0.11628,0.04651,4,5,0.68475,-0.09998,0.63159,799.93048,0.49657,37,0:x-0.116:y-0.419:f1.24:tf9.97:p0.0000:tok1;15:x0.018:y-0.414:f7.65:tf9.97:p0.0184:tok4;30:x0.021:y-0.357:f7.58:tf9.97:p0.0212:tok6;45:x0.022:y-0.267:f7.60:tf9.97:p0.0116:tok6;60:x0.021:y-0.172:f7.44:tf9.97:p0.0115:tok5;75:x0.022:y-0.050:f10.30:tf16.03:p0.0121:tok6;90:x0.027:y0.072:f13.33:tf16.03:p0.0169:tok2;95:x0.027:y0.107:f14.15:tf16.03:p0.0175:tok6
ablate_no_memory,combined_stress,6,1002,,0,0.88542,2.66475,1.78574,0.16628,1.39414,0.02318,0.00000,0.41176,0.08235,7,5,0.49169,-0.08082,0.71803,788.78224,0.49665,14,0:x-0.112:y-0.431:f0.00:tf9.97:p0.0000:tok3;15:x0.015:y-0.428:f6.46:tf9.97:p0.0151:tok5;30:x0.022:y-0.367:f8.81:tf9.97:p0.0225:tok6;45:x0.025:y-0.264:f11.86:tf9.97:p0.0148:tok3;60:x0.023:y-0.135:f8.67:tf9.97:p0.0126:tok3;75:x0.023:y0.007:f10.66:tf16.03:p0.0135:tok3;90:x0.029:y0.144:f14.64:tf16.03:p0.0192:tok3;95:x0.030:y0.181:f15.92:tf16.03:p0.0195:tok6
ablate_no_discrete_tokens,combined_stress,6,1002,,1,0.91667,1.87846,0.95500,0.11722,1.53134,0.02692,0.00000,0.57955,0.07955,7,5,0.82629,-0.10977,0.82744,795.09007,0.49664,0,0:x-0.124:y-0.422:f0.00:tf9.97:p0.0000:tok1;15:x0.026:y-0.414:f8.97:tf9.97:p0.0255:tok1;30:x0.026:y-0.339:f9.95:tf9.97:p0.0256:tok1;45:x0.027:y-0.208:f14.16:tf9.97:p0.0166:tok1;60:x0.024:y-0.060:f11.13:tf9.97:p0.0136:tok1;75:x0.024:y0.096:f11.48:tf16.03:p0.0136:tok1;90:x0.030:y0.240:f16.13:tf16.03:p0.0203:tok1;95:x0.030:y0.275:f16.15:tf16.03:p0.0202:tok1
ablate_no_force_update,combined_stress,6,1002,,0,0.89583,3.34248,3.49830,0.20857,1.61427,0.02562,0.00000,0.33721,0.02326,2,9,0.79597,-0.09797,0.68992,420.00000,0.20000,52,0:x-0.112:y-0.435:f0.53:tf9.97:p0.0000:tok1;15:x0.019:y-0.429:f7.32:tf9.97:p0.0194:tok2;30:x0.022:y-0.372:f7.38:tf9.97:p0.0216:tok2;45:x0.023:y-0.277:f10.05:tf9.97:p0.0134:tok4;60:x0.025:y-0.161:f12.51:tf9.97:p0.0154:tok7;75:x0.028:y-0.017:f14.59:tf16.03:p0.0176:tok4;90:x0.034:y0.121:f19.61:tf16.03:p0.0244:tok6;95:x0.035:y0.156:f22.22:tf16.03:p0.0253:tok2
ablate_no_transition_planner,combined_stress,6,1002,,0,0.89583,2.80457,3.06892,0.17501,1.45279,0.02305,0.00000,0.09302,0.05814,5,6,0.65198,-0.09294,0.64370,802.18761,0.49657,43,0:x-0.111:y-0.445:f0.09:tf9.97:p0.0000:tok1;15:x0.018:y-0.438:f7.15:tf9.97:p0.0182:tok2;30:x0.021:y-0.375:f8.08:tf9.97:p0.0215:tok6;45:x0.024:y-0.274:f11.47:tf9.97:p0.0140:tok4;60:x0.022:y-0.161:f7.02:tf9.97:p0.0121:tok6;75:x0.022:y-0.037:f11.24:tf16.03:p0.0121:tok7;90:x0.027:y0.084:f13.59:tf16.03:p0.0171:tok6;95:x0.028:y0.117:f14.28:tf16.03:p0.0176:tok6
ablate_no_safety_penalty,combined_stress,6,1002,,0,0.89583,2.87931,3.37099,0.17967,1.21197,0.02377,0.00000,0.04651,0.04651,4,7,0.67801,-0.09856,0.64761,798.48796,0.49658,43,0:x-0.112:y-0.425:f0.00:tf9.97:p0.0000:tok1;15:x0.018:y-0.420:f7.45:tf9.97:p0.0177:tok5;30:x0.021:y-0.361:f7.25:tf9.97:p0.0213:tok2;45:x0.023:y-0.261:f10.83:tf9.97:p0.0133:tok4;60:x0.021:y-0.151:f10.86:tf9.97:p0.0114:tok4;75:x0.021:y-0.033:f8.93:tf16.03:p0.0114:tok6;90:x0.027:y0.087:f13.68:tf16.03:p0.0174:tok4;95:x0.028:y0.120:f14.45:tf16.03:p0.0180:tok6
ablate_no_slip_context,combined_stress,6,1002,,0,0.89583,2.52389,2.53467,0.15749,1.17922,0.02280,0.00000,0.09302,0.04651,4,5,0.65356,-0.08941,0.62426,796.16270,0.49648,39,0:x-0.105:y-0.433:f0.00:tf9.97:p0.0000:tok1;15:x0.019:y-0.426:f8.35:tf9.97:p0.0194:tok0;30:x0.022:y-0.363:f8.24:tf9.97:p0.0223:tok6;45:x0.024:y-0.267:f10.51:tf9.97:p0.0141:tok6;60:x0.022:y-0.168:f8.53:tf9.97:p0.0120:tok6;75:x0.022:y-0.060:f9.49:tf16.03:p0.0118:tok2;90:x0.027:y0.068:f14.43:tf16.03:p0.0175:tok6;95:x0.027:y0.100:f12.65:tf16.03:p0.0172:tok5
ablate_no_tail_risk_objective,combined_stress,6,1002,,0,0.89583,2.36686,1.98138,0.14769,1.54274,0.02532,0.00000,0.27907,0.06977,6,5,0.64206,-0.07721,0.73137,801.21341,0.49655,25,0:x-0.114:y-0.415:f0.23:tf9.97:p0.0000:tok1;15:x0.018:y-0.410:f6.94:tf9.97:p0.0184:tok2;30:x0.025:y-0.338:f9.44:tf9.97:p0.0253:tok3;45:x0.026:y-0.226:f12.63:tf9.97:p0.0158:tok3;60:x0.023:y-0.105:f10.92:tf9.97:p0.0127:tok3;75:x0.023:y0.027:f11.50:tf16.03:p0.0129:tok3;90:x0.029:y0.157:f14.49:tf16.03:p0.0188:tok3;95:x0.029:y0.192:f15.75:tf16.03:p0.0195:tok2
ablate_no_calibration_guard,combined_stress,6,1002,,0,0.90625,2.26796,2.00238,0.14152,1.44173,0.02605,0.00000,0.26437,0.09195,8,5,1.10826,-0.16456,0.69142,793.62162,0.49651,40,0:x-0.119:y-0.422:f0.12:tf9.97:p0.0000:tok1;15:x0.024:y-0.413:f8.69:tf9.97:p0.0239:tok7;30:x0.023:y-0.348:f7.69:tf9.97:p0.0234:tok6;45:x0.025:y-0.253:f9.74:tf9.97:p0.0149:tok7;60:x0.023:y-0.134:f12.79:tf9.97:p0.0130:tok7;75:x0.023:y-0.004:f11.50:tf16.03:p0.0129:tok7;90:x0.029:y0.127:f15.10:tf16.03:p0.0186:tok6;95:x0.028:y0.159:f15.10:tf16.03:p0.0179:tok6
ablate_no_phase_memory,combined_stress,6,1002,,0,0.89583,2.47824,1.76671,0.15465,1.39379,0.02405,0.00000,0.36047,0.05814,5,5,0.72943,-0.11104,0.72116,787.05024,0.49659,35,0:x-0.124:y-0.429:f0.08:tf9.97:p0.0000:tok1;15:x0.018:y-0.424:f7.11:tf9.97:p0.0177:tok2;30:x0.024:y-0.359:f10.44:tf9.97:p0.0239:tok4;45:x0.025:y-0.249:f11.76:tf9.97:p0.0153:tok3;60:x0.023:y-0.123:f8.75:tf9.97:p0.0128:tok3;75:x0.024:y0.015:f11.11:tf16.03:p0.0135:tok3;90:x0.030:y0.148:f15.63:tf16.03:p0.0196:tok3;95:x0.029:y0.184:f14.11:tf16.03:p0.0191:tok6
impedance_token_policy_v4,combined_stress,6,1002,,0,0.89583,2.30394,2.01338,0.14377,1.36040,0.02611,0.00000,0.31395,0.04651,4,5,0.77627,-0.07547,0.71623,795.53787,0.49653,71,0:x-0.109:y-0.420:f0.22:tf9.97:p0.0000:tok1;15:x0.020:y-0.415:f7.97:tf9.97:p0.0200:tok7;30:x0.024:y-0.354:f7.98:tf9.97:p0.0241:tok6;45:x0.025:y-0.236:f12.32:tf9.97:p0.0146:tok5;60:x0.022:y-0.109:f8.75:tf9.97:p0.0117:tok0;75:x0.022:y0.021:f9.94:tf16.03:p0.0124:tok3;90:x0.029:y0.141:f16.02:tf16.03:p0.0185:tok2;95:x0.031:y0.178:f16.11:tf16.03:p0.0207:tok2
learned_only_token_replacement,combined_stress,6,1002,,1,0.89583,2.94288,1.80091,0.18364,1.64513,0.02545,0.00000,0.58140,0.05814,5,5,0.53255,-0.12780,0.77119,790.68249,0.49662,0,0:x-0.108:y-0.435:f0.37:tf9.97:p0.0000:tok-1;15:x0.014:y-0.430:f5.25:tf9.97:p0.0143:tok-1;30:x0.023:y-0.357:f8.69:tf9.97:p0.0229:tok-1;45:x0.027:y-0.228:f11.97:tf9.97:p0.0169:tok-1;60:x0.023:y-0.087:f8.83:tf9.97:p0.0135:tok-1;75:x0.024:y0.057:f11.27:tf16.03:p0.0136:tok-1;90:x0.029:y0.192:f15.16:tf16.03:p0.0193:tok-1;95:x0.030:y0.227:f15.98:tf16.03:p0.0198:tok-1
token_full_v5,combined_stress,6,1003,,0,0.90625,3.22673,2.89881,0.18237,1.37663,0.02431,0.00000,0.00000,0.03448,3,5,0.68629,-0.10280,0.61704,764.89905,0.51837,54,0:x-0.110:y-0.439:f0.00:tf11.26:p0.0000:tok1;15:x0.021:y-0.433:f9.74:tf11.26:p0.0210:tok6;30:x0.023:y-0.370:f9.46:tf11.26:p0.0228:tok6;45:x0.026:y-0.275:f12.21:tf11.26:p0.0157:tok4;60:x0.024:y-0.166:f12.11:tf17.69:p0.0143:tok6;75:x0.029:y-0.052:f14.84:tf17.69:p0.0195:tok6;90:x0.030:y0.057:f15.73:tf17.69:p0.0205:tok4;95:x0.030:y0.094:f15.70:tf17.69:p0.0205:tok4
ablate_no_memory,combined_stress,6,1003,,0,0.88542,2.76125,1.38148,0.15607,1.31767,0.02453,0.00000,0.38824,0.08235,7,5,0.54284,-0.11052,0.69988,776.89425,0.51844,12,0:x-0.122:y-0.429:f0.52:tf11.26:p0.0000:tok3;15:x0.018:y-0.424:f8.15:tf11.26:p0.0179:tok5;30:x0.022:y-0.367:f9.23:tf11.26:p0.0223:tok6;45:x0.026:y-0.268:f14.84:tf11.26:p0.0164:tok3;60:x0.026:y-0.141:f13.56:tf17.69:p0.0159:tok3;75:x0.032:y-0.004:f17.47:tf17.69:p0.0217:tok3;90:x0.032:y0.129:f17.71:tf17.69:p0.0220:tok3;95:x0.032:y0.165:f18.12:tf17.69:p0.0219:tok6
ablate_no_discrete_tokens,combined_stress,6,1003,,1,0.91667,2.06970,1.12651,0.11698,1.59295,0.02920,0.00000,0.57955,0.12500,11,5,0.84876,-0.12119,0.81121,767.42172,0.51846,0,0:x-0.123:y-0.422:f0.94:tf11.26:p0.0000:tok1;15:x0.028:y-0.413:f12.15:tf11.26:p0.0283:tok1;30:x0.026:y-0.338:f10.24:tf11.26:p0.0258:tok1;45:x0.028:y-0.210:f14.82:tf11.26:p0.0181:tok1;60:x0.026:y-0.064:f11.29:tf17.69:p0.0160:tok1;75:x0.033:y0.085:f17.36:tf17.69:p0.0230:tok1;90:x0.033:y0.226:f17.90:tf17.69:p0.0230:tok1;95:x0.033:y0.261:f18.76:tf17.69:p0.0232:tok1
ablate_no_force_update,combined_stress,6,1003,,0,0.90625,3.46710,4.13909,0.19596,1.44328,0.03165,0.00000,0.22989,0.06897,6,5,0.74011,-0.10343,0.66134,420.00000,0.20000,46,0:x-0.103:y-0.434:f0.00:tf11.26:p0.0000:tok1;15:x0.022:y-0.427:f10.33:tf11.26:p0.0225:tok7;30:x0.023:y-0.372:f9.34:tf11.26:p0.0226:tok6;45:x0.025:y-0.284:f12.01:tf11.26:p0.0145:tok6;60:x0.028:y-0.179:f13.58:tf17.69:p0.0175:tok6;75:x0.039:y-0.051:f21.48:tf17.69:p0.0289:tok6;90:x0.040:y0.093:f22.75:tf17.69:p0.0303:tok6;95:x0.038:y0.132:f23.16:tf17.69:p0.0279:tok6
ablate_no_transition_planner,combined_stress,6,1003,,0,0.90625,3.09439,2.95152,0.17489,1.29748,0.02320,0.00000,0.00000,0.03448,3,6,0.69836,-0.11069,0.61746,770.28768,0.51839,51,0:x-0.113:y-0.430:f0.00:tf11.26:p0.0000:tok1;15:x0.021:y-0.424:f9.59:tf11.26:p0.0206:tok6;30:x0.022:y-0.368:f9.57:tf11.26:p0.0216:tok6;45:x0.025:y-0.272:f11.30:tf11.26:p0.0146:tok4;60:x0.025:y-0.168:f12.56:tf17.69:p0.0146:tok6;75:x0.030:y-0.055:f15.93:tf17.69:p0.0197:tok4;90:x0.030:y0.060:f15.17:tf17.69:p0.0197:tok5;95:x0.031:y0.094:f16.44:tf17.69:p0.0210:tok6
ablate_no_safety_penalty,combined_stress,6,1003,,0,0.90625,3.19874,3.30455,0.18079,1.07893,0.02343,0.00000,0.00000,0.03448,3,14,0.64727,-0.10125,0.60013,764.44009,0.51839,40,0:x-0.112:y-0.427:f0.38:tf11.26:p0.0000:tok1;15:x0.020:y-0.421:f7.80:tf11.26:p0.0201:tok2;30:x0.022:y-0.366:f9.88:tf11.26:p0.0223:tok6;45:x0.023:y-0.279:f10.22:tf11.26:p0.0126:tok6;60:x0.024:y-0.177:f11.38:tf17.69:p0.0140:tok6;75:x0.029:y-0.068:f14.47:tf17.69:p0.0194:tok6;90:x0.030:y0.043:f16.57:tf17.69:p0.0204:tok4;95:x0.030:y0.079:f15.12:tf17.69:p0.0201:tok6
ablate_no_slip_context,combined_stress,6,1003,,0,0.89583,2.85570,2.10936,0.16140,1.24623,0.02400,0.00000,0.05814,0.08140,7,5,0.88698,-0.15035,0.62880,770.36771,0.51830,47,0:x-0.125:y-0.425:f0.00:tf11.26:p0.0000:tok1;15:x0.021:y-0.419:f10.55:tf11.26:p0.0207:tok6;30:x0.023:y-0.364:f8.87:tf11.26:p0.0227:tok6;45:x0.025:y-0.272:f14.04:tf11.26:p0.0145:tok2;60:x0.025:y-0.162:f15.27:tf17.69:p0.0151:tok6;75:x0.031:y-0.039:f16.39:tf17.69:p0.0207:tok6;90:x0.030:y0.073:f15.02:tf17.69:p0.0204:tok5;95:x0.030:y0.104:f14.95:tf17.69:p0.0204:tok5
ablate_no_tail_risk_objective,combined_stress,6,1003,,0,0.89583,2.20233,1.36382,0.12448,1.39459,0.02672,0.00000,0.16279,0.10465,9,5,0.70477,-0.10087,0.70772,770.86844,0.51838,22,0:x-0.119:y-0.434:f0.37:tf11.26:p0.0000:tok1;15:x0.023:y-0.428:f11.63:tf11.26:p0.0233:tok0;30:x0.026:y-0.350:f11.01:tf11.26:p0.0263:tok3;45:x0.027:y-0.238:f12.17:tf11.26:p0.0167:tok3;60:x0.026:y-0.118:f12.10:tf17.69:p0.0158:tok3;75:x0.032:y0.009:f16.60:tf17.69:p0.0218:tok3;90:x0.032:y0.136:f17.19:tf17.69:p0.0221:tok3;95:x0.032:y0.172:f17.74:tf17.69:p0.0222:tok3
ablate_no_calibration_guard,combined_stress,6,1003,,0,0.90625,2.48682,2.02709,0.14055,1.26598,0.02952,0.00000,0.04598,0.12644,11,5,1.00073,-0.15192,0.63673,773.98598,0.51829,33,0:x-0.113:y-0.422:f0.00:tf11.26:p0.0000:tok1;15:x0.030:y-0.414:f12.29:tf11.26:p0.0295:tok7;30:x0.023:y-0.353:f9.60:tf11.26:p0.0233:tok6;45:x0.025:y-0.266:f12.48:tf11.26:p0.0152:tok6;60:x0.026:y-0.155:f13.77:tf17.69:p0.0158:tok7;75:x0.030:y-0.032:f16.55:tf17.69:p0.0205:tok6;90:x0.030:y0.081:f15.32:tf17.69:p0.0201:tok6;95:x0.030:y0.111:f14.98:tf17.69:p0.0203:tok5
ablate_no_phase_memory,combined_stress,6,1003,,0,0.90625,2.36146,1.29280,0.13347,1.33110,0.02516,0.00000,0.29885,0.08046,7,5,0.69006,-0.10574,0.70376,766.16056,0.51839,33,0:x-0.114:y-0.427:f0.40:tf11.26:p0.0000:tok1;15:x0.021:y-0.421:f9.66:tf11.26:p0.0209:tok6;30:x0.024:y-0.357:f9.59:tf11.26:p0.0239:tok4;45:x0.027:y-0.247:f12.99:tf11.26:p0.0168:tok3;60:x0.026:y-0.124:f12.88:tf17.69:p0.0164:tok3;75:x0.032:y0.005:f17.12:tf17.69:p0.0222:tok3;90:x0.032:y0.133:f15.95:tf17.69:p0.0219:tok3;95:x0.032:y0.169:f16.00:tf17.69:p0.0216:tok4
impedance_token_policy_v4,combined_stress,6,1003,,0,0.89583,2.37962,1.80343,0.13450,1.38732,0.02717,0.00000,0.29070,0.08140,7,5,0.92551,-0.13596,0.69703,777.74972,0.51843,72,0:x-0.123:y-0.445:f0.29:tf11.26:p0.0000:tok1;15:x0.022:y-0.439:f10.09:tf11.26:p0.0223:tok7;30:x0.024:y-0.375:f10.42:tf11.26:p0.0242:tok4;45:x0.026:y-0.255:f11.22:tf11.26:p0.0160:tok6;60:x0.025:y-0.128:f13.31:tf17.69:p0.0150:tok3;75:x0.030:y0.000:f15.87:tf17.69:p0.0205:tok6;90:x0.032:y0.126:f17.38:tf17.69:p0.0222:tok0;95:x0.031:y0.163:f16.18:tf17.69:p0.0211:tok6
learned_only_token_replacement,combined_stress,6,1003,,1,0.89583,2.71962,1.12179,0.15371,1.51852,0.02607,0.00000,0.54651,0.06977,6,5,0.62731,-0.17806,0.74905,762.79869,0.51840,0,0:x-0.121:y-0.434:f0.00:tf11.26:p0.0000:tok-1;15:x0.018:y-0.428:f9.07:tf11.26:p0.0180:tok-1;30:x0.024:y-0.355:f10.29:tf11.26:p0.0241:tok-1;45:x0.029:y-0.229:f14.94:tf11.26:p0.0187:tok-1;60:x0.027:y-0.092:f12.77:tf17.69:p0.0172:tok-1;75:x0.033:y0.044:f17.07:tf17.69:p0.0226:tok-1;90:x0.032:y0.173:f17.70:tf17.69:p0.0222:tok-1;95:x0.032:y0.208:f15.88:tf17.69:p0.0219:tok-1
token_full_v5,combined_stress,7,1000,,0,0.90625,3.23108,3.00435,0.19018,1.37625,0.02974,0.00000,0.02299,0.04598,4,6,0.63951,-0.09925,0.64869,749.21900,0.47146,50,0:x-0.102:y-0.437:f0.00:tf10.83:p0.0000:tok1;15:x0.021:y-0.430:f7.42:tf10.83:p0.0215:tok5;30:x0.028:y-0.360:f9.55:tf10.83:p0.0283:tok6;45:x0.030:y-0.254:f11.29:tf10.83:p0.0296:tok4;60:x0.026:y-0.139:f11.49:tf10.83:p0.0158:tok4;75:x0.028:y-0.018:f14.11:tf16.99:p0.0178:tok6;90:x0.030:y0.092:f15.27:tf16.99:p0.0200:tok6;95:x0.030:y0.122:f15.43:tf16.99:p0.0195:tok6
ablate_no_memory,combined_stress,7,1000,,0,0.88542,3.05796,1.51548,0.17999,1.52677,0.03316,0.00000,0.37647,0.07059,6,5,0.53480,-0.09809,0.72264,739.67519,0.47156,18,0:x-0.115:y-0.430:f0.43:tf10.83:p0.0000:tok3;15:x0.018:y-0.426:f7.72:tf10.83:p0.0184:tok5;30:x0.030:y-0.360:f9.74:tf10.83:p0.0305:tok6;45:x0.033:y-0.244:f8.10:tf10.83:p0.0327:tok3;60:x0.027:y-0.116:f12.83:tf10.83:p0.0168:tok3;75:x0.030:y0.018:f15.02:tf16.99:p0.0203:tok3;90:x0.032:y0.150:f15.76:tf16.99:p0.0220:tok3;95:x0.032:y0.185:f15.87:tf16.99:p0.0216:tok6
ablate_no_discrete_tokens,combined_stress,7,1000,,0,0.91667,2.31731,1.08185,0.13640,2.15946,0.03769,0.03409,0.61364,0.07955,7,5,0.83367,-0.11213,0.82900,747.55629,0.47161,0,0:x-0.121:y-0.447:f0.00:tf10.83:p0.0000:tok1;15:x0.030:y-0.435:f9.18:tf10.83:p0.0301:tok1;30:x0.033:y-0.349:f9.80:tf10.83:p0.0334:tok1;45:x0.037:y-0.211:f10.66:tf10.83:p0.0367:tok1;60:x0.025:y-0.055:f11.47:tf10.83:p0.0151:tok1;75:x0.032:y0.101:f17.28:tf16.99:p0.0222:tok1;90:x0.032:y0.242:f16.58:tf16.99:p0.0224:tok1;95:x0.033:y0.277:f17.33:tf16.99:p0.0229:tok1
ablate_no_force_update,combined_stress,7,1000,,0,0.90625,3.38824,2.67967,0.19943,1.40987,0.02859,0.00000,0.16092,0.03448,3,5,0.69102,-0.08663,0.68583,420.00000,0.20000,64,0:x-0.101:y-0.426:f0.68:tf10.83:p0.0000:tok1;15:x0.024:y-0.419:f7.63:tf10.83:p0.0240:tok2;30:x0.026:y-0.357:f7.05:tf10.83:p0.0262:tok2;45:x0.025:y-0.250:f7.85:tf10.83:p0.0254:tok6;60:x0.027:y-0.129:f13.09:tf10.83:p0.0174:tok4;75:x0.036:y0.000:f19.32:tf16.99:p0.0255:tok4;90:x0.037:y0.118:f21.60:tf16.99:p0.0271:tok6;95:x0.038:y0.153:f20.48:tf16.99:p0.0284:tok2
ablate_no_transition_planner,combined_stress,7,1000,,0,0.89583,2.94959,1.39249,0.17361,1.73117,0.03085,0.01163,0.29070,0.03488,3,5,0.71052,-0.09446,0.71246,751.71392,0.47160,47,0:x-0.113:y-0.424:f0.48:tf10.83:p0.0000:tok1;15:x0.023:y-0.417:f8.06:tf10.83:p0.0231:tok5;30:x0.029:y-0.353:f9.24:tf10.83:p0.0293:tok6;45:x0.030:y-0.250:f7.01:tf10.83:p0.0296:tok6;60:x0.026:y-0.135:f11.37:tf10.83:p0.0159:tok3;75:x0.030:y0.001:f14.12:tf16.99:p0.0204:tok3;90:x0.032:y0.138:f16.12:tf16.99:p0.0217:tok3;95:x0.032:y0.176:f16.47:tf16.99:p0.0216:tok3
ablate_no_safety_penalty,combined_stress,7,1000,,0,0.89583,3.26076,2.87753,0.19193,1.56071,0.03004,0.00000,0.03488,0.01163,1,8,0.71991,-0.11616,0.65292,751.56903,0.47151,49,0:x-0.114:y-0.438:f0.00:tf10.83:p0.0000:tok1;15:x0.022:y-0.431:f7.50:tf10.83:p0.0223:tok5;30:x0.029:y-0.363:f8.59:tf10.83:p0.0288:tok6;45:x0.030:y-0.260:f7.44:tf10.83:p0.0299:tok6;60:x0.025:y-0.144:f10.27:tf10.83:p0.0147:tok4;75:x0.028:y-0.019:f13.42:tf16.99:p0.0179:tok6;90:x0.031:y0.092:f15.20:tf16.99:p0.0207:tok4;95:x0.030:y0.125:f15.62:tf16.99:p0.0200:tok6
ablate_no_slip_context,combined_stress,7,1000,,0,0.90625,3.28542,2.60204,0.19338,1.56274,0.03147,0.00000,0.10345,0.03448,3,5,0.74229,-0.11423,0.65142,754.17211,0.47137,43,0:x-0.105:y-0.431:f0.00:tf10.83:p0.0000:tok1;15:x0.023:y-0.425:f7.43:tf10.83:p0.0226:tok5;30:x0.029:y-0.357:f8.29:tf10.83:p0.0287:tok2;45:x0.031:y-0.254:f11.00:tf10.83:p0.0315:tok6;60:x0.027:y-0.128:f13.20:tf10.83:p0.0168:tok6;75:x0.030:y-0.007:f14.58:tf16.99:p0.0196:tok6;90:x0.029:y0.098:f14.94:tf16.99:p0.0192:tok6;95:x0.029:y0.125:f13.73:tf16.99:p0.0190:tok6
ablate_no_tail_risk_objective,combined_stress,7,1000,,0,0.90625,2.78026,1.46840,0.16365,1.74081,0.03312,0.01149,0.33333,0.08046,7,5,0.63375,-0.07650,0.73220,748.17705,0.47152,26,0:x-0.108:y-0.430:f0.00:tf10.83:p0.0000:tok1;15:x0.022:y-0.423:f8.13:tf10.83:p0.0221:tok5;30:x0.032:y-0.345:f9.17:tf10.83:p0.0322:tok3;45:x0.032:y-0.232:f9.17:tf10.83:p0.0325:tok3;60:x0.026:y-0.104:f10.69:tf10.83:p0.0164:tok3;75:x0.030:y0.030:f15.31:tf16.99:p0.0204:tok3;90:x0.032:y0.158:f15.98:tf16.99:p0.0215:tok3;95:x0.032:y0.193:f16.46:tf16.99:p0.0219:tok2
ablate_no_calibration_guard,combined_stress,7,1000,,0,0.90625,2.72273,2.04442,0.16026,1.61111,0.03311,0.00000,0.22989,0.02299,2,5,0.91006,-0.12671,0.67711,755.49553,0.47143,35,0:x-0.104:y-0.431:f0.71:tf10.83:p0.0000:tok1;15:x0.031:y-0.421:f7.83:tf10.83:p0.0314:tok5;30:x0.031:y-0.356:f10.18:tf10.83:p0.0307:tok6;45:x0.032:y-0.255:f9.26:tf10.83:p0.0324:tok6;60:x0.027:y-0.130:f13.24:tf10.83:p0.0174:tok6;75:x0.030:y0.003:f15.87:tf16.99:p0.0203:tok6;90:x0.029:y0.115:f14.15:tf16.99:p0.0194:tok2;95:x0.031:y0.146:f16.21:tf16.99:p0.0205:tok6
ablate_no_phase_memory,combined_stress,7,1000,,0,0.89583,2.80127,1.52143,0.16488,1.81475,0.03285,0.01163,0.41860,0.05814,5,5,0.71955,-0.10598,0.72553,740.11572,0.47155,36,0:x-0.117:y-0.430:f1.25:tf10.83:p0.0000:tok1;15:x0.023:y-0.423:f7.82:tf10.83:p0.0229:tok5;30:x0.029:y-0.356:f9.06:tf10.83:p0.0293:tok0;45:x0.032:y-0.242:f12.19:tf10.83:p0.0322:tok3;60:x0.027:y-0.114:f11.88:tf10.83:p0.0169:tok3;75:x0.030:y0.022:f15.86:tf16.99:p0.0202:tok3;90:x0.032:y0.153:f15.52:tf16.99:p0.0217:tok3;95:x0.032:y0.188:f16.32:tf16.99:p0.0216:tok0
impedance_token_policy_v4,combined_stress,7,1000,,0,0.90625,2.83080,1.37264,0.16662,1.71170,0.03338,0.01149,0.43678,0.10345,9,5,0.70462,-0.08337,0.72168,752.88694,0.47154,54,0:x-0.109:y-0.440:f0.00:tf10.83:p0.0000:tok1;15:x0.024:y-0.434:f8.38:tf10.83:p0.0242:tok6;30:x0.030:y-0.366:f9.20:tf10.83:p0.0301:tok6;45:x0.032:y-0.246:f11.89:tf10.83:p0.0324:tok4;60:x0.028:y-0.118:f12.90:tf10.83:p0.0177:tok3;75:x0.031:y0.017:f15.40:tf16.99:p0.0207:tok3;90:x0.031:y0.147:f15.45:tf16.99:p0.0214:tok6;95:x0.032:y0.183:f16.54:tf16.99:p0.0218:tok1
learned_only_token_replacement,combined_stress,7,1000,,1,0.88542,3.61436,1.03465,0.21274,1.91997,0.03651,0.07059,0.55294,0.03529,3,5,0.59609,-0.17013,0.77163,751.76096,0.47150,0,0:x-0.119:y-0.424:f0.81:tf10.83:p0.0000:tok-1;15:x0.016:y-0.419:f5.51:tf10.83:p0.0156:tok-1;30:x0.029:y-0.349:f7.72:tf10.83:p0.0289:tok-1;45:x0.036:y-0.223:f9.89:tf10.83:p0.0355:tok-1;60:x0.030:y-0.078:f16.08:tf10.83:p0.0203:tok-1;75:x0.031:y0.063:f16.13:tf16.99:p0.0209:tok-1;90:x0.032:y0.193:f17.62:tf16.99:p0.0220:tok-1;95:x0.032:y0.227:f15.01:tf16.99:p0.0217:tok-1
token_full_v5,combined_stress,7,1001,,0,0.89583,3.05156,2.49653,0.19292,1.30473,0.02884,0.00000,0.02326,0.05814,5,6,0.76144,-0.12602,0.65235,783.36947,0.44768,53,0:x-0.122:y-0.412:f0.01:tf11.36:p0.0000:tok1;15:x0.023:y-0.407:f9.56:tf11.36:p0.0234:tok4;30:x0.028:y-0.347:f9.34:tf11.36:p0.0281:tok6;45:x0.027:y-0.254:f12.18:tf11.36:p0.0270:tok6;60:x0.024:y-0.148:f10.51:tf11.36:p0.0137:tok4;75:x0.027:y-0.029:f13.93:tf15.82:p0.0174:tok4;90:x0.027:y0.092:f13.80:tf15.82:p0.0173:tok6;95:x0.028:y0.124:f13.31:tf15.82:p0.0180:tok5
ablate_no_memory,combined_stress,7,1001,,0,0.88542,2.83283,1.06686,0.17909,1.45123,0.02890,0.00000,0.42353,0.03529,3,5,0.50019,-0.08362,0.72133,782.73104,0.44779,13,0:x-0.111:y-0.429:f0.00:tf11.36:p0.0000:tok3;15:x0.021:y-0.424:f8.44:tf11.36:p0.0208:tok5;30:x0.028:y-0.363:f9.49:tf11.36:p0.0284:tok6;45:x0.029:y-0.265:f11.38:tf11.36:p0.0289:tok3;60:x0.026:y-0.136:f12.35:tf11.36:p0.0158:tok3;75:x0.029:y0.007:f14.92:tf15.82:p0.0189:tok3;90:x0.029:y0.146:f15.15:tf15.82:p0.0193:tok3;95:x0.029:y0.183:f16.28:tf15.82:p0.0195:tok3
ablate_no_discrete_tokens,combined_stress,7,1001,,0,0.91667,2.11909,0.59939,0.13397,1.52024,0.03337,0.00000,0.60227,0.09091,8,5,0.85904,-0.11850,0.83088,800.15127,0.44773,0,0:x-0.124:y-0.430:f0.00:tf11.36:p0.0000:tok1;15:x0.031:y-0.419:f8.92:tf11.36:p0.0306:tok1;30:x0.031:y-0.340:f12.13:tf11.36:p0.0311:tok1;45:x0.033:y-0.206:f9.22:tf11.36:p0.0332:tok1;60:x0.026:y-0.056:f13.07:tf11.36:p0.0156:tok1;75:x0.030:y0.099:f16.22:tf15.82:p0.0202:tok1;90:x0.030:y0.242:f15.85:tf15.82:p0.0197:tok1;95:x0.030:y0.278:f16.01:tf15.82:p0.0198:tok1
ablate_no_force_update,combined_stress,7,1001,,0,0.89583,3.50380,3.07815,0.22151,1.41173,0.02798,0.00000,0.05814,0.02326,2,6,0.79834,-0.11890,0.67207,420.00000,0.20000,59,0:x-0.120:y-0.420:f0.00:tf11.36:p0.0000:tok1;15:x0.025:y-0.414:f9.75:tf11.36:p0.0246:tok6;30:x0.027:y-0.355:f10.11:tf11.36:p0.0272:tok6;45:x0.026:y-0.252:f9.75:tf11.36:p0.0255:tok4;60:x0.028:y-0.139:f14.11:tf11.36:p0.0179:tok7;75:x0.035:y-0.012:f18.84:tf15.82:p0.0249:tok6;90:x0.035:y0.104:f20.87:tf15.82:p0.0252:tok6;95:x0.037:y0.140:f21.56:tf15.82:p0.0267:tok7
ablate_no_transition_planner,combined_stress,7,1001,,0,0.89583,2.94614,2.24538,0.18625,1.35155,0.02815,0.00000,0.10465,0.04651,4,5,0.74933,-0.12628,0.65767,795.23648,0.44768,52,0:x-0.121:y-0.423:f0.30:tf11.36:p0.0000:tok1;15:x0.023:y-0.417:f8.97:tf11.36:p0.0235:tok4;30:x0.027:y-0.358:f9.41:tf11.36:p0.0268:tok6;45:x0.027:y-0.258:f8.99:tf11.36:p0.0273:tok4;60:x0.024:y-0.148:f10.22:tf11.36:p0.0140:tok4;75:x0.027:y-0.024:f13.63:tf15.82:p0.0172:tok4;90:x0.027:y0.097:f13.20:tf15.82:p0.0173:tok6;95:x0.028:y0.129:f15.72:tf15.82:p0.0179:tok6
ablate_no_safety_penalty,combined_stress,7,1001,,0,0.89583,3.11096,2.42632,0.19667,1.49656,0.02799,0.00000,0.04651,0.01163,1,5,0.72883,-0.11016,0.65951,777.53684,0.44774,49,0:x-0.116:y-0.430:f0.05:tf11.36:p0.0000:tok1;15:x0.021:y-0.424:f7.73:tf11.36:p0.0206:tok5;30:x0.026:y-0.360:f9.27:tf11.36:p0.0263:tok6;45:x0.028:y-0.265:f11.41:tf11.36:p0.0277:tok4;60:x0.024:y-0.150:f11.43:tf11.36:p0.0135:tok4;75:x0.027:y-0.026:f13.66:tf15.82:p0.0171:tok4;90:x0.027:y0.094:f12.71:tf15.82:p0.0174:tok6;95:x0.028:y0.130:f13.61:tf15.82:p0.0179:tok4
ablate_no_slip_context,combined_stress,7,1001,,0,0.90625,3.02597,2.03874,0.19130,1.48456,0.02871,0.00000,0.09195,0.01149,1,5,0.80145,-0.11717,0.66456,773.17249,0.44762,53,0:x-0.111:y-0.414:f0.00:tf11.36:p0.0000:tok1;15:x0.023:y-0.408:f8.53:tf11.36:p0.0231:tok5;30:x0.027:y-0.349:f7.52:tf11.36:p0.0269:tok2;45:x0.028:y-0.253:f11.24:tf11.36:p0.0284:tok6;60:x0.025:y-0.140:f12.07:tf11.36:p0.0149:tok6;75:x0.028:y-0.014:f13.63:tf15.82:p0.0182:tok6;90:x0.028:y0.102:f14.08:tf15.82:p0.0183:tok6;95:x0.028:y0.135:f13.11:tf15.82:p0.0177:tok2
ablate_no_tail_risk_objective,combined_stress,7,1001,,0,0.90625,2.54921,1.01121,0.16116,1.52708,0.03078,0.00000,0.41379,0.04598,4,5,0.64164,-0.07945,0.73482,782.18850,0.44767,26,0:x-0.108:y-0.441:f0.02:tf11.36:p0.0000:tok1;15:x0.023:y-0.434:f8.35:tf11.36:p0.0228:tok5;30:x0.030:y-0.353:f10.70:tf11.36:p0.0298:tok3;45:x0.031:y-0.236:f10.47:tf11.36:p0.0306:tok3;60:x0.026:y-0.105:f11.01:tf11.36:p0.0155:tok3;75:x0.029:y0.029:f15.35:tf15.82:p0.0193:tok3;90:x0.029:y0.159:f14.27:tf15.82:p0.0193:tok3;95:x0.030:y0.195:f15.99:tf15.82:p0.0197:tok3
ablate_no_calibration_guard,combined_stress,7,1001,,0,0.90625,2.53653,1.67302,0.16036,1.63699,0.03169,0.00000,0.04598,0.08046,7,5,1.02428,-0.16274,0.66216,795.54755,0.44754,36,0:x-0.122:y-0.425:f0.19:tf11.36:p0.0000:tok1;15:x0.031:y-0.416:f9.88:tf11.36:p0.0313:tok7;30:x0.027:y-0.352:f10.02:tf11.36:p0.0273:tok6;45:x0.030:y-0.250:f9.38:tf11.36:p0.0303:tok6;60:x0.026:y-0.129:f12.22:tf11.36:p0.0158:tok6;75:x0.028:y-0.011:f13.73:tf15.82:p0.0182:tok6;90:x0.028:y0.101:f14.95:tf15.82:p0.0180:tok6;95:x0.028:y0.133:f15.21:tf15.82:p0.0180:tok6
ablate_no_phase_memory,combined_stress,7,1001,,0,0.90625,2.70678,1.04409,0.17112,1.70278,0.03114,0.01149,0.35632,0.09195,8,5,0.69837,-0.09867,0.72676,791.43205,0.44770,39,0:x-0.112:y-0.426:f0.55:tf11.36:p0.0000:tok1;15:x0.023:y-0.420:f8.11:tf11.36:p0.0233:tok2;30:x0.029:y-0.355:f9.09:tf11.36:p0.0288:tok6;45:x0.031:y-0.243:f7.48:tf11.36:p0.0311:tok3;60:x0.026:y-0.117:f12.59:tf11.36:p0.0160:tok3;75:x0.029:y0.018:f16.37:tf15.82:p0.0193:tok3;90:x0.029:y0.152:f16.42:tf15.82:p0.0193:tok3;95:x0.029:y0.188:f15.01:tf15.82:p0.0190:tok6
impedance_token_policy_v4,combined_stress,7,1001,,0,0.90625,2.85557,1.81796,0.18053,1.62020,0.03093,0.00000,0.35632,0.02299,2,5,0.83523,-0.11505,0.71334,780.24609,0.44773,77,0:x-0.117:y-0.432:f0.21:tf11.36:p0.0000:tok1;15:x0.024:y-0.426:f8.26:tf11.36:p0.0242:tok5;30:x0.028:y-0.361:f9.93:tf11.36:p0.0283:tok2;45:x0.029:y-0.244:f8.97:tf11.36:p0.0286:tok6;60:x0.025:y-0.115:f13.37:tf11.36:p0.0147:tok4;75:x0.028:y0.013:f13.42:tf15.82:p0.0179:tok4;90:x0.028:y0.141:f12.54:tf15.82:p0.0183:tok5;95:x0.029:y0.177:f14.37:tf15.82:p0.0187:tok6
learned_only_token_replacement,combined_stress,7,1001,,1,0.89583,3.03496,0.86831,0.19187,1.68376,0.03215,0.00000,0.59302,0.03488,3,5,0.66237,-0.18353,0.77399,778.05062,0.44772,0,0:x-0.124:y-0.442:f0.00:tf11.36:p0.0000:tok-1;15:x0.018:y-0.435:f7.53:tf11.36:p0.0185:tok-1;30:x0.029:y-0.358:f8.80:tf11.36:p0.0287:tok-1;45:x0.032:y-0.225:f12.35:tf11.36:p0.0322:tok-1;60:x0.027:y-0.083:f13.63:tf11.36:p0.0171:tok-1;75:x0.030:y0.059:f15.14:tf15.82:p0.0197:tok-1;90:x0.030:y0.193:f15.43:tf15.82:p0.0195:tok-1;95:x0.029:y0.229:f14.84:tf15.82:p0.0193:tok-1
token_full_v5,combined_stress,7,1002,,0,0.90625,2.97387,3.24558,0.16520,1.35209,0.02586,0.00000,0.04598,0.03448,3,6,0.66984,-0.10908,0.65565,778.58959,0.50557,45,0:x-0.105:y-0.421:f0.00:tf10.90:p0.0000:tok1;15:x0.021:y-0.415:f8.55:tf10.90:p0.0214:tok4;30:x0.025:y-0.356:f9.60:tf10.90:p0.0250:tok6;45:x0.026:y-0.260:f8.41:tf10.90:p0.0257:tok6;60:x0.025:y-0.144:f11.44:tf10.90:p0.0148:tok4;75:x0.024:y-0.020:f11.21:tf18.00:p0.0135:tok7;90:x0.031:y0.096:f16.24:tf18.00:p0.0209:tok6;95:x0.031:y0.128:f16.52:tf18.00:p0.0211:tok6
ablate_no_memory,combined_stress,7,1002,,0,0.88542,3.07144,1.96869,0.17062,1.48540,0.02863,0.00000,0.44706,0.04706,4,5,0.59770,-0.12782,0.71764,777.33915,0.50566,16,0:x-0.127:y-0.435:f0.62:tf10.90:p0.0000:tok3;15:x0.016:y-0.432:f7.99:tf10.90:p0.0163:tok5;30:x0.026:y-0.366:f9.87:tf10.90:p0.0257:tok6;45:x0.027:y-0.267:f8.44:tf10.90:p0.0269:tok3;60:x0.028:y-0.129:f13.81:tf10.90:p0.0181:tok3;75:x0.025:y0.013:f13.00:tf18.00:p0.0152:tok3;90:x0.032:y0.147:f16.88:tf18.00:p0.0220:tok3;95:x0.031:y0.181:f16.48:tf18.00:p0.0215:tok6
ablate_no_discrete_tokens,combined_stress,7,1002,,1,0.91667,2.04602,1.15720,0.11366,1.62946,0.03089,0.00000,0.56818,0.07955,7,5,0.79459,-0.10418,0.82695,783.67700,0.50561,0,0:x-0.115:y-0.431:f0.15:tf10.90:p0.0000:tok1;15:x0.029:y-0.421:f10.27:tf10.90:p0.0288:tok1;30:x0.028:y-0.341:f9.63:tf10.90:p0.0281:tok1;45:x0.031:y-0.207:f9.34:tf10.90:p0.0305:tok1;60:x0.028:y-0.049:f12.73:tf10.90:p0.0183:tok1;75:x0.026:y0.105:f13.37:tf18.00:p0.0162:tok1;90:x0.033:y0.242:f18.92:tf18.00:p0.0231:tok1;95:x0.033:y0.275:f17.60:tf18.00:p0.0228:tok1
ablate_no_force_update,combined_stress,7,1002,,0,0.90625,3.16473,2.40165,0.17580,1.43018,0.02652,0.00000,0.19540,0.02299,2,5,0.70170,-0.11588,0.66660,420.00000,0.20000,46,0:x-0.106:y-0.424:f0.55:tf10.90:p0.0000:tok1;15:x0.022:y-0.418:f6.67:tf10.90:p0.0222:tok5;30:x0.024:y-0.365:f8.93:tf10.90:p0.0239:tok6;45:x0.023:y-0.265:f6.59:tf10.90:p0.0229:tok6;60:x0.026:y-0.147:f12.84:tf10.90:p0.0161:tok4;75:x0.031:y-0.016:f18.21:tf18.00:p0.0207:tok4;90:x0.036:y0.108:f19.72:tf18.00:p0.0257:tok6;95:x0.036:y0.138:f19.35:tf18.00:p0.0256:tok6
ablate_no_transition_planner,combined_stress,7,1002,,0,0.89583,2.95664,3.10080,0.16424,1.40144,0.02602,0.00000,0.04651,0.01163,1,5,0.73538,-0.12026,0.66165,796.23274,0.50557,53,0:x-0.115:y-0.417:f0.38:tf10.90:p0.0000:tok1;15:x0.022:y-0.412:f7.03:tf10.90:p0.0217:tok2;30:x0.025:y-0.354:f9.50:tf10.90:p0.0252:tok6;45:x0.025:y-0.256:f9.65:tf10.90:p0.0254:tok4;60:x0.026:y-0.139:f10.98:tf10.90:p0.0158:tok4;75:x0.024:y-0.015:f11.60:tf18.00:p0.0136:tok7;90:x0.030:y0.101:f16.94:tf18.00:p0.0200:tok6;95:x0.031:y0.133:f16.69:tf18.00:p0.0210:tok6
ablate_no_safety_penalty,combined_stress,7,1002,,0,0.89583,3.01124,3.41185,0.16727,1.20561,0.02603,0.00000,0.04651,0.02326,2,6,0.74265,-0.12220,0.65442,775.10290,0.50561,44,0:x-0.118:y-0.439:f0.00:tf10.90:p0.0000:tok1;15:x0.021:y-0.433:f8.21:tf10.90:p0.0208:tok2;30:x0.025:y-0.367:f9.10:tf10.90:p0.0251:tok6;45:x0.025:y-0.265:f10.82:tf10.90:p0.0253:tok4;60:x0.026:y-0.147:f13.14:tf10.90:p0.0165:tok4;75:x0.024:y-0.023:f10.59:tf18.00:p0.0137:tok7;90:x0.030:y0.094:f15.86:tf18.00:p0.0204:tok6;95:x0.031:y0.127:f16.07:tf18.00:p0.0206:tok6
ablate_no_slip_context,combined_stress,7,1002,,0,0.89583,2.67518,2.39988,0.14860,1.22053,0.02639,0.00000,0.13953,0.03488,3,5,0.78586,-0.11184,0.65434,782.93159,0.50561,43,0:x-0.111:y-0.437:f0.99:tf10.90:p0.0000:tok1;15:x0.023:y-0.430:f8.96:tf10.90:p0.0225:tok4;30:x0.025:y-0.368:f10.64:tf10.90:p0.0255:tok6;45:x0.026:y-0.269:f8.86:tf10.90:p0.0262:tok6;60:x0.026:y-0.151:f11.86:tf10.90:p0.0157:tok6;75:x0.025:y-0.042:f13.15:tf18.00:p0.0147:tok5;90:x0.030:y0.093:f15.65:tf18.00:p0.0202:tok6;95:x0.030:y0.126:f15.56:tf18.00:p0.0203:tok6
ablate_no_tail_risk_objective,combined_stress,7,1002,,0,0.89583,2.57741,1.87673,0.14317,1.56042,0.02911,0.00000,0.40698,0.08140,7,5,0.66361,-0.08336,0.73475,771.97554,0.50558,26,0:x-0.112:y-0.437:f0.00:tf10.90:p0.0000:tok1;15:x0.023:y-0.430:f9.85:tf10.90:p0.0230:tok0;30:x0.028:y-0.349:f9.22:tf10.90:p0.0278:tok3;45:x0.028:y-0.234:f7.49:tf10.90:p0.0282:tok3;60:x0.028:y-0.102:f14.36:tf10.90:p0.0182:tok3;75:x0.026:y0.035:f13.32:tf18.00:p0.0155:tok3;90:x0.032:y0.160:f16.46:tf18.00:p0.0222:tok3;95:x0.033:y0.195:f19.11:tf18.00:p0.0233:tok3
ablate_no_calibration_guard,combined_stress,7,1002,,0,0.90625,2.24240,1.89271,0.12456,1.18641,0.02855,0.00000,0.10345,0.05747,5,5,1.03361,-0.17048,0.65931,783.75922,0.50554,28,0:x-0.126:y-0.430:f0.00:tf10.90:p0.0000:tok1;15:x0.027:y-0.421:f10.67:tf10.90:p0.0269:tok7;30:x0.025:y-0.357:f8.76:tf10.90:p0.0247:tok6;45:x0.026:y-0.258:f7.48:tf10.90:p0.0262:tok7;60:x0.025:y-0.146:f11.90:tf10.90:p0.0151:tok6;75:x0.025:y-0.034:f12.54:tf18.00:p0.0153:tok7;90:x0.031:y0.095:f17.51:tf18.00:p0.0214:tok6;95:x0.032:y0.130:f18.07:tf18.00:p0.0219:tok6
ablate_no_phase_memory,combined_stress,7,1002,,0,0.89583,2.73262,1.81943,0.15180,1.48400,0.02860,0.00000,0.46512,0.03488,3,5,0.72921,-0.10897,0.72605,772.51194,0.50560,34,0:x-0.120:y-0.436:f0.00:tf10.90:p0.0000:tok1;15:x0.022:y-0.429:f6.91:tf10.90:p0.0217:tok2;30:x0.026:y-0.363:f8.33:tf10.90:p0.0258:tok2;45:x0.028:y-0.246:f10.20:tf10.90:p0.0279:tok3;60:x0.028:y-0.109:f14.15:tf10.90:p0.0183:tok3;75:x0.026:y0.026:f13.08:tf18.00:p0.0157:tok3;90:x0.032:y0.154:f16.75:tf18.00:p0.0219:tok3;95:x0.032:y0.188:f16.51:tf18.00:p0.0219:tok0
impedance_token_policy_v4,combined_stress,7,1002,,0,0.89583,2.62620,1.96385,0.14588,1.36036,0.02899,0.00000,0.41860,0.05814,5,5,0.81024,-0.08880,0.72610,796.33348,0.50565,68,0:x-0.115:y-0.437:f0.00:tf10.90:p0.0000:tok1;15:x0.022:y-0.431:f8.80:tf10.90:p0.0219:tok6;30:x0.026:y-0.365:f8.96:tf10.90:p0.0263:tok7;45:x0.028:y-0.244:f9.81:tf10.90:p0.0278:tok4;60:x0.028:y-0.114:f13.17:tf10.90:p0.0178:tok4;75:x0.025:y0.016:f12.50:tf18.00:p0.0149:tok3;90:x0.033:y0.146:f19.13:tf18.00:p0.0232:tok4;95:x0.034:y0.186:f19.35:tf18.00:p0.0240:tok1
learned_only_token_replacement,combined_stress,7,1002,,1,0.89583,3.11582,1.81772,0.17308,1.75616,0.03131,0.01163,0.52326,0.09302,8,5,0.62512,-0.17265,0.77430,770.18788,0.50555,0,0:x-0.118:y-0.418:f0.00:tf10.90:p0.0000:tok-1;15:x0.018:y-0.412:f6.88:tf10.90:p0.0176:tok-1;30:x0.027:y-0.343:f9.20:tf10.90:p0.0266:tok-1;45:x0.029:y-0.219:f11.84:tf10.90:p0.0293:tok-1;60:x0.030:y-0.071:f16.12:tf10.90:p0.0202:tok-1;75:x0.026:y0.071:f13.44:tf18.00:p0.0164:tok-1;90:x0.032:y0.198:f16.42:tf18.00:p0.0222:tok-1;95:x0.032:y0.230:f16.81:tf18.00:p0.0222:tok-1
token_full_v5,combined_stress,7,1003,,0,0.89583,2.97509,3.26354,0.17191,1.48408,0.02444,0.00000,0.04651,0.05814,5,7,0.65521,-0.09575,0.65120,850.15353,0.47641,47,0:x-0.111:y-0.422:f0.00:tf10.05:p0.0000:tok1;15:x0.020:y-0.416:f7.33:tf10.05:p0.0196:tok2;30:x0.023:y-0.357:f7.74:tf10.05:p0.0231:tok6;45:x0.024:y-0.261:f13.17:tf10.05:p0.0144:tok6;60:x0.022:y-0.149:f9.19:tf10.05:p0.0117:tok4;75:x0.025:y-0.025:f13.65:tf17.31:p0.0154:tok6;90:x0.027:y0.089:f14.80:tf17.31:p0.0174:tok2;95:x0.029:y0.124:f15.85:tf17.31:p0.0186:tok6
ablate_no_memory,combined_stress,7,1003,,0,0.87500,2.82103,1.86792,0.16301,1.51419,0.02635,0.00000,0.44048,0.05952,5,5,0.54631,-0.09973,0.72059,829.98288,0.47654,17,0:x-0.122:y-0.446:f0.00:tf10.05:p0.0000:tok3;15:x0.014:y-0.443:f6.23:tf10.05:p0.0144:tok5;30:x0.024:y-0.375:f8.77:tf10.05:p0.0243:tok6;45:x0.026:y-0.261:f14.74:tf10.05:p0.0164:tok4;60:x0.023:y-0.131:f11.35:tf10.05:p0.0125:tok3;75:x0.027:y0.011:f15.48:tf17.31:p0.0169:tok3;90:x0.030:y0.147:f16.69:tf17.31:p0.0199:tok3;95:x0.030:y0.183:f15.88:tf17.31:p0.0198:tok6
ablate_no_discrete_tokens,combined_stress,7,1003,,0,0.91667,1.92790,1.07572,0.11140,1.70973,0.02815,0.01136,0.61364,0.06818,6,5,0.82153,-0.10801,0.82823,836.24820,0.47649,0,0:x-0.123:y-0.443:f0.00:tf10.05:p0.0000:tok1;15:x0.027:y-0.434:f10.47:tf10.05:p0.0267:tok1;30:x0.027:y-0.349:f9.51:tf10.05:p0.0270:tok1;45:x0.028:y-0.210:f15.12:tf10.05:p0.0178:tok1;60:x0.022:y-0.057:f9.61:tf10.05:p0.0125:tok1;75:x0.028:y0.100:f16.49:tf17.31:p0.0181:tok1;90:x0.030:y0.241:f17.65:tf17.31:p0.0204:tok1;95:x0.031:y0.276:f17.01:tf17.31:p0.0206:tok1
ablate_no_force_update,combined_stress,7,1003,,0,0.89583,3.17460,2.70875,0.18344,1.45527,0.02566,0.00000,0.22093,0.02326,2,5,0.74006,-0.10809,0.66882,420.00000,0.20000,60,0:x-0.114:y-0.426:f0.17:tf10.05:p0.0000:tok1;15:x0.020:y-0.421:f7.61:tf10.05:p0.0202:tok6;30:x0.022:y-0.364:f8.81:tf10.05:p0.0223:tok6;45:x0.023:y-0.263:f10.11:tf10.05:p0.0128:tok4;60:x0.025:y-0.151:f13.71:tf10.05:p0.0152:tok7;75:x0.033:y-0.013:f21.01:tf17.31:p0.0232:tok6;90:x0.034:y0.109:f19.46:tf17.31:p0.0245:tok6;95:x0.036:y0.139:f22.87:tf17.31:p0.0257:tok5
ablate_no_transition_planner,combined_stress,7,1003,,0,0.89583,2.93675,3.30050,0.16969,1.43427,0.02466,0.00000,0.03488,0.01163,1,7,0.64912,-0.09286,0.65086,835.28068,0.47642,45,0:x-0.109:y-0.419:f0.51:tf10.05:p0.0000:tok1;15:x0.019:y-0.414:f7.16:tf10.05:p0.0192:tok2;30:x0.023:y-0.353:f7.31:tf10.05:p0.0234:tok2;45:x0.025:y-0.258:f12.25:tf10.05:p0.0146:tok6;60:x0.021:y-0.149:f10.19:tf10.05:p0.0112:tok4;75:x0.024:y-0.028:f10.61:tf17.31:p0.0139:tok7;90:x0.028:y0.089:f15.90:tf17.31:p0.0184:tok4;95:x0.030:y0.123:f17.13:tf17.31:p0.0199:tok6
ablate_no_safety_penalty,combined_stress,7,1003,,0,0.89583,2.99668,3.32212,0.17316,1.33119,0.02404,0.00000,0.05814,0.04651,4,7,0.65540,-0.08855,0.64859,832.73997,0.47646,43,0:x-0.109:y-0.437:f0.16:tf10.05:p0.0000:tok1;15:x0.019:y-0.431:f7.41:tf10.05:p0.0195:tok5;30:x0.023:y-0.368:f7.34:tf10.05:p0.0226:tok2;45:x0.024:y-0.266:f13.38:tf10.05:p0.0144:tok6;60:x0.022:y-0.155:f10.19:tf10.05:p0.0118:tok4;75:x0.025:y-0.030:f12.97:tf17.31:p0.0150:tok6;90:x0.028:y0.086:f15.19:tf17.31:p0.0182:tok4;95:x0.029:y0.121:f16.03:tf17.31:p0.0186:tok6
ablate_no_slip_context,combined_stress,7,1003,,0,0.89583,2.67322,2.32375,0.15447,1.48324,0.02471,0.00000,0.10465,0.03488,3,5,0.76842,-0.12065,0.64113,830.71792,0.47634,42,0:x-0.119:y-0.417:f0.67:tf10.05:p0.0000:tok1;15:x0.019:y-0.411:f8.11:tf10.05:p0.0191:tok0;30:x0.023:y-0.355:f8.15:tf10.05:p0.0227:tok6;45:x0.025:y-0.258:f10.05:tf10.05:p0.0148:tok6;60:x0.022:y-0.153:f10.01:tf10.05:p0.0118:tok6;75:x0.028:y-0.042:f16.69:tf17.31:p0.0183:tok6;90:x0.028:y0.083:f14.86:tf17.31:p0.0183:tok6;95:x0.029:y0.115:f15.49:tf17.31:p0.0188:tok6
ablate_no_tail_risk_objective,combined_stress,7,1003,,0,0.89583,2.66543,1.97985,0.15401,1.53268,0.02746,0.00000,0.38372,0.05814,5,5,0.67521,-0.08627,0.73495,841.28021,0.47642,27,0:x-0.116:y-0.425:f0.00:tf10.05:p0.0000:tok1;15:x0.019:y-0.419:f8.43:tf10.05:p0.0191:tok7;30:x0.026:y-0.343:f7.72:tf10.05:p0.0261:tok3;45:x0.028:y-0.230:f15.41:tf10.05:p0.0177:tok3;60:x0.022:y-0.101:f10.32:tf10.05:p0.0124:tok3;75:x0.027:y0.032:f15.33:tf17.31:p0.0166:tok3;90:x0.030:y0.160:f17.18:tf17.31:p0.0196:tok3;95:x0.030:y0.195:f17.87:tf17.31:p0.0203:tok3
ablate_no_calibration_guard,combined_stress,7,1003,,0,0.90625,2.47720,2.14806,0.14314,1.66764,0.02650,0.00000,0.19540,0.05747,5,5,1.02223,-0.16364,0.67213,841.40149,0.47632,35,0:x-0.122:y-0.422:f0.84:tf10.05:p0.0000:tok1;15:x0.024:y-0.415:f8.88:tf10.05:p0.0242:tok7;30:x0.025:y-0.350:f7.80:tf10.05:p0.0249:tok6;45:x0.025:y-0.258:f13.94:tf10.05:p0.0155:tok7;60:x0.022:y-0.129:f8.92:tf10.05:p0.0120:tok6;75:x0.028:y-0.014:f14.79:tf17.31:p0.0181:tok7;90:x0.028:y0.110:f14.30:tf17.31:p0.0178:tok5;95:x0.029:y0.142:f16.20:tf17.31:p0.0190:tok6
ablate_no_phase_memory,combined_stress,7,1003,,0,0.89583,2.60154,1.79284,0.15032,1.56124,0.02645,0.00000,0.36047,0.08140,7,5,0.73711,-0.10737,0.72182,841.44536,0.47648,38,0:x-0.125:y-0.435:f0.07:tf10.05:p0.0000:tok1;15:x0.019:y-0.431:f7.73:tf10.05:p0.0188:tok6;30:x0.023:y-0.365:f7.44:tf10.05:p0.0233:tok2;45:x0.027:y-0.251:f15.70:tf10.05:p0.0170:tok4;60:x0.023:y-0.126:f11.16:tf10.05:p0.0131:tok3;75:x0.027:y0.014:f13.49:tf17.31:p0.0167:tok3;90:x0.030:y0.148:f17.28:tf17.31:p0.0196:tok3;95:x0.030:y0.184:f15.74:tf17.31:p0.0195:tok0
impedance_token_policy_v4,combined_stress,7,1003,,0,0.89583,2.43426,2.07754,0.14066,1.46526,0.02668,0.00000,0.29070,0.04651,4,5,0.79379,-0.07794,0.72696,835.52763,0.47647,70,0:x-0.113:y-0.425:f0.19:tf10.05:p0.0000:tok1;15:x0.021:y-0.420:f7.39:tf10.05:p0.0210:tok7;30:x0.026:y-0.354:f9.88:tf10.05:p0.0257:tok2;45:x0.026:y-0.233:f11.65:tf10.05:p0.0158:tok2;60:x0.022:y-0.108:f9.84:tf10.05:p0.0120:tok0;75:x0.026:y0.020:f13.60:tf17.31:p0.0165:tok3;90:x0.030:y0.147:f16.31:tf17.31:p0.0196:tok7;95:x0.031:y0.187:f16.61:tf17.31:p0.0211:tok7
learned_only_token_replacement,combined_stress,7,1003,,1,0.89583,3.07341,2.04770,0.17759,1.77453,0.02756,0.02326,0.54651,0.04651,4,5,0.58323,-0.15413,0.77679,831.00425,0.47648,0,0:x-0.117:y-0.417:f0.12:tf10.05:p0.0000:tok-1;15:x0.015:y-0.412:f6.66:tf10.05:p0.0154:tok-1;30:x0.025:y-0.344:f9.72:tf10.05:p0.0247:tok-1;45:x0.028:y-0.219:f15.37:tf10.05:p0.0179:tok-1;60:x0.023:y-0.079:f10.09:tf10.05:p0.0132:tok-1;75:x0.027:y0.064:f14.61:tf17.31:p0.0169:tok-1;90:x0.029:y0.197:f15.77:tf17.31:p0.0194:tok-1;95:x0.029:y0.232:f16.10:tf17.31:p0.0192:tok-1
token_full_v5,combined_extreme_stress,0,1000,,0,0.89583,3.11765,3.76152,0.16730,1.45905,0.02699,0.00000,0.15116,0.06977,6,7,0.73624,-0.11300,0.66884,881.37057,0.42654,50,0:x-0.113:y-0.428:f0.00:tf10.62:p0.0000:tok1;15:x0.023:y-0.421:f8.14:tf10.62:p0.0227:tok4;30:x0.027:y-0.356:f9.73:tf10.62:p0.0269:tok6;45:x0.027:y-0.262:f9.70:tf10.62:p0.0266:tok4;60:x0.033:y-0.144:f11.91:tf10.62:p0.0154:tok4;75:x0.030:y-0.021:f10.91:tf10.62:p0.0120:tok4;90:x0.036:y0.104:f15.56:tf18.64:p0.0176:tok6;95:x0.037:y0.139:f16.50:tf18.64:p0.0186:tok6
ablate_no_memory,combined_extreme_stress,0,1000,,0,0.88542,2.85352,2.53727,0.15312,1.48069,0.02853,0.00000,0.44706,0.10588,9,5,0.51210,-0.09118,0.73458,882.58818,0.42655,23,0:x-0.111:y-0.412:f0.40:tf10.62:p0.0000:tok3;15:x0.018:y-0.408:f8.59:tf10.62:p0.0180:tok0;30:x0.025:y-0.350:f9.49:tf10.62:p0.0255:tok6;45:x0.028:y-0.248:f8.30:tf10.62:p0.0277:tok3;60:x0.033:y-0.111:f12.03:tf10.62:p0.0147:tok3;75:x0.030:y0.027:f10.04:tf10.62:p0.0124:tok3;90:x0.038:y0.161:f19.36:tf18.64:p0.0199:tok3;95:x0.038:y0.195:f16.96:tf18.64:p0.0197:tok6
ablate_no_discrete_tokens,combined_extreme_stress,0,1000,,1,0.91667,2.09158,1.45902,0.11224,1.48901,0.03167,0.00000,0.56818,0.10227,9,5,0.84389,-0.11510,0.83659,878.09959,0.42654,0,0:x-0.122:y-0.417:f0.59:tf10.62:p0.0000:tok1;15:x0.029:y-0.408:f8.93:tf10.62:p0.0288:tok1;30:x0.029:y-0.334:f9.07:tf10.62:p0.0287:tok1;45:x0.031:y-0.203:f10.57:tf10.62:p0.0311:tok1;60:x0.034:y-0.046:f13.33:tf10.62:p0.0155:tok1;75:x0.031:y0.109:f10.86:tf10.62:p0.0128:tok1;90:x0.039:y0.251:f18.58:tf18.64:p0.0214:tok1;95:x0.039:y0.284:f18.79:tf18.64:p0.0213:tok1
ablate_no_force_update,combined_extreme_stress,0,1000,,0,0.89583,3.52829,2.00020,0.18933,1.73268,0.02792,0.02326,0.26744,0.01163,1,5,0.81329,-0.10697,0.68914,420.00000,0.20000,60,0:x-0.114:y-0.426:f0.00:tf10.62:p0.0000:tok1;15:x0.022:y-0.420:f7.01:tf10.62:p0.0216:tok2;30:x0.024:y-0.362:f7.05:tf10.62:p0.0241:tok2;45:x0.023:y-0.261:f9.05:tf10.62:p0.0232:tok4;60:x0.031:y-0.141:f10.94:tf10.62:p0.0133:tok4;75:x0.034:y-0.006:f14.54:tf10.62:p0.0160:tok6;90:x0.041:y0.125:f19.96:tf18.64:p0.0230:tok6;95:x0.046:y0.156:f24.04:tf18.64:p0.0279:tok2
ablate_no_transition_planner,combined_extreme_stress,0,1000,,0,0.89583,3.13842,3.77131,0.16841,1.39493,0.02635,0.00000,0.36047,0.12791,11,7,0.81306,-0.12896,0.68490,873.81443,0.42660,54,0:x-0.120:y-0.440:f0.35:tf10.62:p0.0000:tok1;15:x0.021:y-0.433:f7.69:tf10.62:p0.0206:tok2;30:x0.026:y-0.366:f8.79:tf10.62:p0.0256:tok6;45:x0.025:y-0.264:f7.74:tf10.62:p0.0247:tok6;60:x0.030:y-0.139:f11.82:tf10.62:p0.0124:tok4;75:x0.030:y-0.005:f11.21:tf10.62:p0.0119:tok4;90:x0.036:y0.118:f16.71:tf18.64:p0.0184:tok4;95:x0.037:y0.153:f17.24:tf18.64:p0.0191:tok6
ablate_no_safety_penalty,combined_extreme_stress,0,1000,,0,0.89583,3.04142,3.63167,0.16321,1.28084,0.02625,0.00000,0.23256,0.06977,6,7,0.79503,-0.12591,0.68209,882.40060,0.42660,44,0:x-0.120:y-0.419:f0.00:tf10.62:p0.0000:tok1;15:x0.021:y-0.414:f9.11:tf10.62:p0.0210:tok4;30:x0.024:y-0.358:f7.60:tf10.62:p0.0242:tok2;45:x0.026:y-0.261:f8.36:tf10.62:p0.0262:tok4;60:x0.029:y-0.139:f12.90:tf10.62:p0.0114:tok4;75:x0.029:y-0.011:f9.37:tf10.62:p0.0113:tok4;90:x0.035:y0.116:f15.59:tf18.64:p0.0173:tok2;95:x0.037:y0.150:f17.12:tf18.64:p0.0189:tok6
ablate_no_slip_context,combined_extreme_stress,0,1000,,0,0.89583,2.91282,2.90179,0.15630,1.25126,0.02594,0.00000,0.20930,0.09302,8,5,0.80584,-0.11983,0.67434,899.10439,0.42653,47,0:x-0.113:y-0.416:f0.00:tf10.62:p0.0000:tok1;15:x0.022:y-0.410:f7.48:tf10.62:p0.0222:tok5;30:x0.026:y-0.352:f8.96:tf10.62:p0.0256:tok6;45:x0.026:y-0.261:f8.80:tf10.62:p0.0259:tok6;60:x0.031:y-0.146:f12.65:tf10.62:p0.0126:tok6;75:x0.029:y-0.016:f10.08:tf10.62:p0.0112:tok6;90:x0.036:y0.109:f17.06:tf18.64:p0.0182:tok6;95:x0.036:y0.144:f16.66:tf18.64:p0.0183:tok6
ablate_no_tail_risk_objective,combined_extreme_stress,0,1000,,1,0.89583,2.67777,2.82248,0.14369,1.51417,0.02847,0.00000,0.44186,0.10465,9,5,0.75425,-0.10288,0.74525,881.04673,0.42653,24,0:x-0.125:y-0.439:f0.00:tf10.62:p0.0000:tok1;15:x0.021:y-0.433:f9.01:tf10.62:p0.0214:tok7;30:x0.028:y-0.352:f9.08:tf10.62:p0.0282:tok3;45:x0.028:y-0.236:f11.20:tf10.62:p0.0281:tok3;60:x0.033:y-0.102:f12.62:tf10.62:p0.0155:tok3;75:x0.030:y0.037:f9.91:tf10.62:p0.0123:tok3;90:x0.038:y0.169:f16.57:tf18.64:p0.0196:tok3;95:x0.039:y0.204:f19.10:tf18.64:p0.0207:tok2
ablate_no_calibration_guard,combined_extreme_stress,0,1000,,0,0.90625,2.36191,2.71651,0.12674,1.30474,0.03067,0.00000,0.13793,0.17241,15,5,0.94691,-0.13541,0.67784,873.41791,0.42644,30,0:x-0.107:y-0.434:f0.00:tf10.62:p0.0000:tok1;15:x0.030:y-0.424:f9.44:tf10.62:p0.0296:tok7;30:x0.027:y-0.357:f8.87:tf10.62:p0.0266:tok7;45:x0.028:y-0.249:f10.44:tf10.62:p0.0285:tok6;60:x0.029:y-0.129:f7.01:tf10.62:p0.0112:tok7;75:x0.029:y-0.007:f9.89:tf10.62:p0.0112:tok6;90:x0.037:y0.114:f16.92:tf18.64:p0.0193:tok6;95:x0.037:y0.147:f17.55:tf18.64:p0.0192:tok6
ablate_no_phase_memory,combined_extreme_stress,0,1000,,0,0.89583,2.73369,2.60631,0.14669,1.53668,0.02977,0.00000,0.44186,0.09302,8,5,0.67934,-0.09118,0.73558,871.66114,0.42653,40,0:x-0.112:y-0.418:f1.35:tf10.62:p0.0000:tok1;15:x0.022:y-0.412:f7.86:tf10.62:p0.0222:tok5;30:x0.026:y-0.351:f8.50:tf10.62:p0.0263:tok7;45:x0.029:y-0.244:f9.87:tf10.62:p0.0289:tok3;60:x0.033:y-0.109:f11.34:tf10.62:p0.0153:tok3;75:x0.031:y0.027:f10.01:tf10.62:p0.0129:tok3;90:x0.038:y0.161:f18.45:tf18.64:p0.0200:tok3;95:x0.039:y0.196:f18.55:tf18.64:p0.0206:tok0
impedance_token_policy_v4,combined_extreme_stress,0,1000,,0,0.90625,2.76436,2.59752,0.14834,1.55367,0.02892,0.00000,0.39080,0.11494,10,5,0.72096,-0.09592,0.71379,869.64312,0.42650,64,0:x-0.107:y-0.429:f0.00:tf10.62:p0.0000:tok1;15:x0.022:y-0.423:f7.74:tf10.62:p0.0223:tok2;30:x0.028:y-0.357:f8.46:tf10.62:p0.0284:tok6;45:x0.028:y-0.241:f7.76:tf10.62:p0.0275:tok2;60:x0.033:y-0.111:f14.13:tf10.62:p0.0150:tok3;75:x0.030:y0.018:f10.06:tf10.62:p0.0120:tok4;90:x0.037:y0.143:f15.38:tf18.64:p0.0189:tok5;95:x0.038:y0.177:f17.72:tf18.64:p0.0202:tok7
learned_only_token_replacement,combined_extreme_stress,0,1000,,1,0.89583,3.14229,2.64026,0.16862,1.69337,0.03053,0.00000,0.58140,0.10465,9,6,0.65029,-0.17399,0.78543,888.87262,0.42653,0,0:x-0.121:y-0.437:f0.00:tf10.62:p0.0000:tok-1;15:x0.017:y-0.432:f6.21:tf10.62:p0.0171:tok-1;30:x0.026:y-0.357:f10.54:tf10.62:p0.0262:tok-1;45:x0.029:y-0.226:f10.56:tf10.62:p0.0290:tok-1;60:x0.034:y-0.073:f17.35:tf10.62:p0.0160:tok-1;75:x0.032:y0.072:f12.09:tf10.62:p0.0135:tok-1;90:x0.037:y0.206:f17.00:tf18.64:p0.0192:tok-1;95:x0.037:y0.239:f17.69:tf18.64:p0.0189:tok-1
token_full_v5,combined_extreme_stress,0,1001,,0,0.89583,2.95896,3.63651,0.15735,1.30850,0.02469,0.00000,0.38372,0.02326,2,7,0.70747,-0.09885,0.68876,918.09000,0.34618,48,0:x-0.116:y-0.445:f0.00:tf9.39:p0.0000:tok1;15:x0.018:y-0.440:f7.40:tf9.39:p0.0182:tok0;30:x0.021:y-0.379:f6.65:tf9.39:p0.0210:tok2;45:x0.022:y-0.281:f5.04:tf9.39:p0.0216:tok2;60:x0.023:y-0.152:f5.32:tf9.39:p0.0048:tok3;75:x0.028:y-0.008:f8.81:tf9.39:p0.0100:tok4;90:x0.035:y0.122:f15.84:tf18.80:p0.0175:tok5;95:x0.036:y0.156:f16.06:tf18.80:p0.0179:tok5
ablate_no_memory,combined_extreme_stress,0,1001,,1,0.87500,2.95150,2.20855,0.15696,1.43197,0.02651,0.00000,0.48810,0.08333,7,5,0.55022,-0.09994,0.74784,900.52323,0.34617,14,0:x-0.122:y-0.420:f0.07:tf9.39:p0.0000:tok3;15:x0.013:y-0.419:f5.77:tf9.39:p0.0127:tok5;30:x0.022:y-0.362:f9.18:tf9.39:p0.0224:tok6;45:x0.025:y-0.258:f6.48:tf9.39:p0.0248:tok3;60:x0.027:y-0.119:f5.18:tf9.39:p0.0086:tok3;75:x0.029:y0.031:f11.67:tf9.39:p0.0114:tok3;90:x0.038:y0.171:f17.73:tf18.80:p0.0196:tok3;95:x0.038:y0.207:f17.94:tf18.80:p0.0198:tok6
ablate_no_discrete_tokens,combined_extreme_stress,0,1001,,1,0.90625,1.93051,1.83856,0.10266,1.51158,0.02837,0.00000,0.59770,0.09195,8,5,0.79105,-0.09765,0.84852,917.50837,0.34609,0,0:x-0.120:y-0.422:f0.00:tf9.39:p0.0000:tok1;15:x0.026:y-0.414:f9.42:tf9.39:p0.0263:tok1;30:x0.025:y-0.339:f9.74:tf9.39:p0.0250:tok1;45:x0.028:y-0.207:f9.14:tf9.39:p0.0283:tok1;60:x0.026:y-0.048:f7.22:tf9.39:p0.0083:tok1;75:x0.029:y0.116:f11.98:tf9.39:p0.0112:tok1;90:x0.038:y0.260:f18.61:tf18.80:p0.0203:tok1;95:x0.038:y0.294:f18.60:tf18.80:p0.0203:tok1
ablate_no_force_update,combined_extreme_stress,0,1001,,0,0.89583,3.60686,4.51184,0.19181,1.62476,0.03038,0.00000,0.32558,0.04651,4,5,0.79441,-0.10016,0.70756,420.00000,0.20000,60,0:x-0.110:y-0.437:f0.00:tf9.39:p0.0000:tok1;15:x0.019:y-0.433:f7.73:tf9.39:p0.0186:tok6;30:x0.023:y-0.369:f6.71:tf9.39:p0.0225:tok5;45:x0.021:y-0.267:f5.19:tf9.39:p0.0207:tok6;60:x0.021:y-0.143:f5.11:tf9.39:p0.0029:tok3;75:x0.032:y-0.000:f13.08:tf9.39:p0.0141:tok2;90:x0.042:y0.137:f22.39:tf18.80:p0.0245:tok5;95:x0.048:y0.172:f25.63:tf18.80:p0.0301:tok5
ablate_no_transition_planner,combined_extreme_stress,0,1001,,0,0.89583,3.09814,3.55862,0.16475,1.40686,0.02602,0.00000,0.43023,0.06977,6,5,0.72729,-0.10155,0.70117,906.72892,0.34628,48,0:x-0.119:y-0.441:f0.00:tf9.39:p0.0000:tok1;15:x0.018:y-0.436:f7.62:tf9.39:p0.0181:tok0;30:x0.022:y-0.375:f8.86:tf9.39:p0.0217:tok6;45:x0.022:y-0.281:f8.67:tf9.39:p0.0218:tok4;60:x0.026:y-0.153:f9.10:tf9.39:p0.0084:tok4;75:x0.028:y-0.010:f10.42:tf9.39:p0.0097:tok4;90:x0.036:y0.129:f16.77:tf18.80:p0.0181:tok4;95:x0.037:y0.166:f16.77:tf18.80:p0.0185:tok4
ablate_no_safety_penalty,combined_extreme_stress,0,1001,,0,0.89583,2.89236,3.66917,0.15381,1.40561,0.02437,0.00000,0.31395,0.06977,6,5,0.62719,-0.09131,0.68860,926.90450,0.34608,44,0:x-0.104:y-0.416:f1.07:tf9.39:p0.0000:tok1;15:x0.017:y-0.411:f6.18:tf9.39:p0.0175:tok5;30:x0.023:y-0.352:f6.84:tf9.39:p0.0225:tok2;45:x0.024:y-0.255:f6.96:tf9.39:p0.0243:tok4;60:x0.023:y-0.134:f4.73:tf9.39:p0.0051:tok3;75:x0.028:y0.001:f10.27:tf9.39:p0.0102:tok4;90:x0.035:y0.125:f15.66:tf18.80:p0.0170:tok5;95:x0.036:y0.156:f16.90:tf18.80:p0.0177:tok6
ablate_no_slip_context,combined_extreme_stress,0,1001,,0,0.89583,2.80550,2.84250,0.14919,1.21806,0.02434,0.00000,0.37209,0.03488,3,6,0.81492,-0.11954,0.68484,911.92839,0.34613,43,0:x-0.117:y-0.441:f0.00:tf9.39:p0.0000:tok1;15:x0.017:y-0.436:f7.33:tf9.39:p0.0168:tok0;30:x0.020:y-0.374:f6.24:tf9.39:p0.0199:tok2;45:x0.022:y-0.277:f8.48:tf9.39:p0.0218:tok6;60:x0.023:y-0.150:f4.51:tf9.39:p0.0048:tok6;75:x0.027:y-0.010:f7.76:tf9.39:p0.0094:tok6;90:x0.036:y0.120:f17.41:tf18.80:p0.0178:tok6;95:x0.036:y0.153:f16.54:tf18.80:p0.0184:tok6
ablate_no_tail_risk_objective,combined_extreme_stress,0,1001,,1,0.89583,2.30425,1.89046,0.12254,1.38521,0.02547,0.00000,0.43023,0.03488,3,5,0.58658,-0.05557,0.75991,912.03599,0.34607,23,0:x-0.102:y-0.428:f0.00:tf9.39:p0.0000:tok1;15:x0.018:y-0.422:f7.65:tf9.39:p0.0181:tok2;30:x0.025:y-0.346:f8.38:tf9.39:p0.0250:tok3;45:x0.025:y-0.232:f9.56:tf9.39:p0.0255:tok3;60:x0.024:y-0.100:f7.43:tf9.39:p0.0060:tok3;75:x0.029:y0.044:f10.36:tf9.39:p0.0110:tok3;90:x0.038:y0.181:f18.48:tf18.80:p0.0198:tok3;95:x0.038:y0.217:f18.89:tf18.80:p0.0200:tok2
ablate_no_calibration_guard,combined_extreme_stress,0,1001,,0,0.90625,2.34453,2.56845,0.12468,1.28887,0.02728,0.00000,0.24138,0.09195,8,5,1.04711,-0.16607,0.69450,903.54862,0.34601,41,0:x-0.125:y-0.417:f0.00:tf9.39:p0.0000:tok1;15:x0.023:y-0.410:f7.93:tf9.39:p0.0230:tok7;30:x0.023:y-0.347:f6.85:tf9.39:p0.0229:tok5;45:x0.024:y-0.258:f7.74:tf9.39:p0.0235:tok7;60:x0.026:y-0.127:f7.81:tf9.39:p0.0082:tok4;75:x0.028:y-0.003:f9.36:tf9.39:p0.0099:tok6;90:x0.036:y0.125:f16.94:tf18.80:p0.0185:tok6;95:x0.037:y0.161:f16.26:tf18.80:p0.0187:tok5
ablate_no_phase_memory,combined_extreme_stress,0,1001,,1,0.89583,2.59012,2.50617,0.13774,1.52442,0.02593,0.00000,0.47674,0.06977,6,5,0.59583,-0.06037,0.75075,895.94272,0.34612,36,0:x-0.102:y-0.439:f0.24:tf9.39:p0.0000:tok1;15:x0.018:y-0.433:f7.80:tf9.39:p0.0177:tok6;30:x0.023:y-0.364:f7.02:tf9.39:p0.0226:tok2;45:x0.024:y-0.251:f8.78:tf9.39:p0.0243:tok3;60:x0.026:y-0.112:f7.63:tf9.39:p0.0079:tok3;75:x0.029:y0.035:f11.08:tf9.39:p0.0110:tok3;90:x0.038:y0.173:f18.27:tf18.80:p0.0198:tok3;95:x0.039:y0.209:f19.65:tf18.80:p0.0206:tok3
impedance_token_policy_v4,combined_extreme_stress,0,1001,,0,0.89583,2.51995,2.54266,0.13401,1.28346,0.02573,0.00000,0.44186,0.11628,10,5,0.70012,-0.07579,0.73204,903.38722,0.34608,61,0:x-0.109:y-0.418:f0.09:tf9.39:p0.0000:tok1;15:x0.020:y-0.413:f7.08:tf9.39:p0.0198:tok7;30:x0.024:y-0.353:f7.64:tf9.39:p0.0243:tok2;45:x0.025:y-0.241:f8.45:tf9.39:p0.0252:tok0;60:x0.023:y-0.110:f3.45:tf9.39:p0.0049:tok3;75:x0.028:y0.023:f8.44:tf9.39:p0.0103:tok4;90:x0.037:y0.151:f18.60:tf18.80:p0.0194:tok7;95:x0.040:y0.192:f18.96:tf18.80:p0.0221:tok6
learned_only_token_replacement,combined_extreme_stress,0,1001,,1,0.89583,2.88575,2.74645,0.15346,1.75166,0.02663,0.01163,0.58140,0.10465,9,5,0.54091,-0.11809,0.80134,906.00020,0.34612,0,0:x-0.105:y-0.432:f0.49:tf9.39:p0.0000:tok-1;15:x0.015:y-0.427:f5.59:tf9.39:p0.0147:tok-1;30:x0.023:y-0.354:f7.82:tf9.39:p0.0233:tok-1;45:x0.026:y-0.225:f9.22:tf9.39:p0.0258:tok-1;60:x0.027:y-0.072:f8.08:tf9.39:p0.0090:tok-1;75:x0.029:y0.081:f9.74:tf9.39:p0.0114:tok-1;90:x0.037:y0.218:f18.40:tf18.80:p0.0188:tok-1;95:x0.036:y0.253:f16.90:tf18.80:p0.0183:tok-1
token_full_v5,combined_extreme_stress,0,1002,,0,0.89583,2.94638,4.09787,0.14887,1.30895,0.02431,0.00000,0.22093,0.08140,7,7,0.68885,-0.10824,0.66701,833.89164,0.47310,47,0:x-0.108:y-0.435:f0.00:tf9.87:p0.0000:tok1;15:x0.018:y-0.429:f7.38:tf9.87:p0.0184:tok6;30:x0.024:y-0.363:f9.78:tf9.87:p0.0242:tok6;45:x0.023:y-0.267:f7.34:tf9.87:p0.0227:tok2;60:x0.030:y-0.144:f12.42:tf9.87:p0.0122:tok6;75:x0.029:y-0.015:f9.38:tf9.87:p0.0113:tok4;90:x0.038:y0.105:f16.66:tf19.79:p0.0204:tok2;95:x0.040:y0.138:f18.61:tf19.79:p0.0218:tok6
ablate_no_memory,combined_extreme_stress,0,1002,,0,0.88542,3.02881,3.04276,0.15304,1.48882,0.02603,0.00000,0.45882,0.09412,8,5,0.53658,-0.09797,0.71966,837.83319,0.47317,16,0:x-0.114:y-0.435:f1.49:tf9.87:p0.0000:tok3;15:x0.014:y-0.432:f6.97:tf9.87:p0.0142:tok5;30:x0.022:y-0.374:f8.01:tf9.87:p0.0220:tok6;45:x0.024:y-0.274:f9.26:tf9.87:p0.0237:tok3;60:x0.032:y-0.133:f10.92:tf9.87:p0.0140:tok3;75:x0.030:y0.014:f10.11:tf9.87:p0.0121:tok3;90:x0.040:y0.150:f18.33:tf19.79:p0.0219:tok3;95:x0.040:y0.183:f17.94:tf19.79:p0.0217:tok6
ablate_no_discrete_tokens,combined_extreme_stress,0,1002,,1,0.91667,2.16940,1.94690,0.10961,1.73946,0.03088,0.01136,0.57955,0.11364,10,5,0.72006,-0.08395,0.83047,848.72714,0.47308,0,0:x-0.106:y-0.434:f0.44:tf9.87:p0.0000:tok1;15:x0.028:y-0.423:f10.07:tf9.87:p0.0278:tok1;30:x0.027:y-0.342:f9.19:tf9.87:p0.0269:tok1;45:x0.029:y-0.207:f11.17:tf9.87:p0.0292:tok1;60:x0.033:y-0.047:f13.99:tf9.87:p0.0153:tok1;75:x0.030:y0.109:f10.60:tf9.87:p0.0121:tok1;90:x0.042:y0.247:f19.55:tf19.79:p0.0236:tok1;95:x0.041:y0.279:f20.76:tf19.79:p0.0235:tok1
ablate_no_force_update,combined_extreme_stress,0,1002,,0,0.89583,3.81706,4.35099,0.19287,1.79179,0.03494,0.01163,0.34884,0.06977,6,5,0.86620,-0.13712,0.69171,420.00000,0.20000,61,0:x-0.116:y-0.449:f0.08:tf9.87:p0.0000:tok1;15:x0.021:y-0.444:f7.30:tf9.87:p0.0208:tok2;30:x0.024:y-0.379:f8.60:tf9.87:p0.0235:tok6;45:x0.021:y-0.275:f7.70:tf9.87:p0.0214:tok4;60:x0.030:y-0.146:f12.49:tf9.87:p0.0119:tok7;75:x0.033:y0.004:f13.07:tf9.87:p0.0147:tok6;90:x0.047:y0.126:f23.30:tf19.79:p0.0287:tok5;95:x0.053:y0.159:f29.52:tf19.79:p0.0349:tok6
ablate_no_transition_planner,combined_extreme_stress,0,1002,,0,0.89583,3.03451,4.46069,0.15333,1.18203,0.02381,0.00000,0.19767,0.04651,4,7,0.74649,-0.10695,0.67349,853.30012,0.47313,46,0:x-0.114:y-0.434:f0.00:tf9.87:p0.0000:tok1;15:x0.019:y-0.427:f8.10:tf9.87:p0.0187:tok4;30:x0.023:y-0.364:f8.31:tf9.87:p0.0225:tok6;45:x0.023:y-0.261:f8.81:tf9.87:p0.0232:tok4;60:x0.028:y-0.140:f10.71:tf9.87:p0.0101:tok4;75:x0.028:y-0.016:f8.61:tf9.87:p0.0101:tok4;90:x0.038:y0.109:f16.60:tf19.79:p0.0198:tok6;95:x0.039:y0.143:f17.24:tf19.79:p0.0205:tok2
ablate_no_safety_penalty,combined_extreme_stress,0,1002,,0,0.89583,3.22366,4.47417,0.16288,1.40130,0.02407,0.00000,0.36047,0.06977,6,10,0.77582,-0.12779,0.67564,847.94658,0.47314,52,0:x-0.121:y-0.431:f0.00:tf9.87:p0.0000:tok1;15:x0.019:y-0.427:f7.80:tf9.87:p0.0186:tok4;30:x0.022:y-0.369:f6.41:tf9.87:p0.0222:tok2;45:x0.024:y-0.270:f7.26:tf9.87:p0.0240:tok6;60:x0.029:y-0.142:f9.53:tf9.87:p0.0108:tok4;75:x0.029:y-0.010:f9.47:tf9.87:p0.0108:tok4;90:x0.038:y0.112:f15.15:tf19.79:p0.0196:tok5;95:x0.039:y0.145:f18.79:tf19.79:p0.0214:tok6
ablate_no_slip_context,combined_extreme_stress,0,1002,,0,0.89583,2.93646,2.98059,0.14837,1.51993,0.02615,0.00000,0.17442,0.09302,8,5,0.82394,-0.14083,0.67107,842.47857,0.47298,51,0:x-0.116:y-0.424:f0.58:tf9.87:p0.0000:tok1;15:x0.019:y-0.420:f7.62:tf9.87:p0.0188:tok4;30:x0.024:y-0.357:f9.07:tf9.87:p0.0244:tok6;45:x0.026:y-0.256:f10.32:tf9.87:p0.0259:tok6;60:x0.032:y-0.134:f15.00:tf9.87:p0.0140:tok4;75:x0.029:y-0.012:f8.45:tf9.87:p0.0107:tok6;90:x0.039:y0.112:f18.37:tf19.79:p0.0211:tok6;95:x0.038:y0.142:f18.18:tf19.79:p0.0205:tok6
ablate_no_tail_risk_objective,combined_extreme_stress,0,1002,,1,0.88542,2.50030,2.99449,0.12633,1.45872,0.02689,0.00000,0.43529,0.08235,7,5,0.75408,-0.10514,0.74340,841.90039,0.47307,26,0:x-0.128:y-0.431:f0.42:tf9.87:p0.0000:tok1;15:x0.019:y-0.427:f8.27:tf9.87:p0.0189:tok7;30:x0.026:y-0.349:f9.61:tf9.87:p0.0265:tok3;45:x0.027:y-0.233:f8.78:tf9.87:p0.0267:tok3;60:x0.031:y-0.099:f14.39:tf9.87:p0.0128:tok3;75:x0.030:y0.039:f10.48:tf9.87:p0.0121:tok3;90:x0.040:y0.168:f17.92:tf19.79:p0.0217:tok2;95:x0.042:y0.203:f19.82:tf19.79:p0.0235:tok3
ablate_no_calibration_guard,combined_extreme_stress,0,1002,,0,0.90625,2.62274,2.62818,0.13252,1.73407,0.02719,0.01149,0.24138,0.12644,11,5,1.04073,-0.16568,0.68479,859.73209,0.47296,35,0:x-0.112:y-0.442:f0.00:tf9.87:p0.0000:tok1;15:x0.025:y-0.432:f8.67:tf9.87:p0.0247:tok7;30:x0.024:y-0.363:f7.05:tf9.87:p0.0237:tok2;45:x0.025:y-0.263:f8.37:tf9.87:p0.0249:tok6;60:x0.035:y-0.135:f15.22:tf9.87:p0.0173:tok4;75:x0.029:y-0.007:f10.72:tf9.87:p0.0114:tok6;90:x0.040:y0.119:f21.13:tf19.79:p0.0218:tok6;95:x0.039:y0.153:f18.97:tf19.79:p0.0212:tok6
ablate_no_phase_memory,combined_extreme_stress,0,1002,,0,0.89583,2.63013,2.73236,0.13289,1.45830,0.02693,0.00000,0.46512,0.13953,12,5,0.67880,-0.08631,0.73389,860.64600,0.47309,35,0:x-0.116:y-0.434:f1.19:tf9.87:p0.0000:tok1;15:x0.020:y-0.430:f7.92:tf9.87:p0.0199:tok6;30:x0.025:y-0.363:f6.61:tf9.87:p0.0255:tok2;45:x0.026:y-0.247:f8.60:tf9.87:p0.0257:tok3;60:x0.031:y-0.108:f12.51:tf9.87:p0.0127:tok3;75:x0.029:y0.031:f7.72:tf9.87:p0.0114:tok3;90:x0.040:y0.161:f18.88:tf19.79:p0.0215:tok3;95:x0.040:y0.194:f20.28:tf19.79:p0.0225:tok7
impedance_token_policy_v4,combined_extreme_stress,0,1002,,0,0.89583,2.56246,2.41388,0.12947,1.56803,0.02837,0.00000,0.48837,0.12791,11,5,0.75713,-0.10724,0.72499,863.11461,0.47306,55,0:x-0.117:y-0.434:f0.00:tf9.87:p0.0000:tok1;15:x0.020:y-0.428:f7.36:tf9.87:p0.0204:tok7;30:x0.027:y-0.362:f9.43:tf9.87:p0.0267:tok0;45:x0.026:y-0.240:f10.09:tf9.87:p0.0256:tok4;60:x0.029:y-0.111:f7.73:tf9.87:p0.0113:tok6;75:x0.029:y0.020:f9.71:tf9.87:p0.0115:tok3;90:x0.041:y0.151:f19.90:tf19.79:p0.0233:tok0;95:x0.039:y0.187:f19.10:tf19.79:p0.0215:tok0
learned_only_token_replacement,combined_extreme_stress,0,1002,,1,0.89583,3.39648,3.82665,0.17162,1.73975,0.02691,0.01163,0.54651,0.11628,10,5,0.57657,-0.14081,0.78145,848.06627,0.47311,0,0:x-0.108:y-0.426:f0.00:tf9.87:p0.0000:tok-1;15:x0.012:y-0.422:f4.98:tf9.87:p0.0123:tok-1;30:x0.023:y-0.350:f6.92:tf9.87:p0.0229:tok-1;45:x0.027:y-0.222:f8.76:tf9.87:p0.0267:tok-1;60:x0.033:y-0.070:f12.10:tf9.87:p0.0145:tok-1;75:x0.030:y0.074:f9.62:tf9.87:p0.0120:tok-1;90:x0.038:y0.204:f17.49:tf19.79:p0.0204:tok-1;95:x0.039:y0.236:f17.62:tf19.79:p0.0206:tok-1
token_full_v5,combined_extreme_stress,0,1003,,0,0.88542,2.73976,1.84088,0.13627,1.10595,0.02656,0.00000,0.29412,0.02353,2,5,0.77798,-0.13232,0.68910,831.35581,0.40550,44,0:x-0.116:y-0.422:f0.00:tf9.14:p0.0000:tok1;15:x0.018:y-0.418:f6.65:tf9.14:p0.0177:tok4;30:x0.023:y-0.359:f6.32:tf9.14:p0.0231:tok2;45:x0.025:y-0.261:f7.15:tf9.14:p0.0250:tok4;60:x0.026:y-0.137:f6.78:tf9.14:p0.0255:tok4;75:x0.042:y0.006:f20.37:tf20.11:p0.0240:tok4;90:x0.040:y0.128:f19.28:tf20.11:p0.0222:tok6;95:x0.039:y0.157:f17.61:tf20.11:p0.0212:tok6
ablate_no_memory,combined_extreme_stress,0,1003,,0,0.87500,2.73950,1.84072,0.13626,1.28445,0.02860,0.00000,0.46429,0.17857,15,5,0.55375,-0.10786,0.73624,804.22318,0.40548,13,0:x-0.116:y-0.424:f0.00:tf9.14:p0.0000:tok3;15:x0.013:y-0.421:f4.91:tf9.14:p0.0133:tok5;30:x0.023:y-0.363:f7.19:tf9.14:p0.0230:tok6;45:x0.027:y-0.254:f8.86:tf9.14:p0.0274:tok3;60:x0.028:y-0.113:f7.40:tf9.14:p0.0278:tok3;75:x0.044:y0.040:f22.02:tf20.11:p0.0255:tok3;90:x0.042:y0.169:f19.77:tf20.11:p0.0242:tok6;95:x0.040:y0.198:f17.34:tf20.11:p0.0223:tok2
ablate_no_discrete_tokens,combined_extreme_stress,0,1003,,1,0.91667,2.22533,2.00015,0.11068,1.72133,0.03458,0.01136,0.55682,0.13636,12,9,0.69906,-0.07764,0.83521,809.37304,0.40544,0,0:x-0.103:y-0.429:f0.26:tf9.14:p0.0000:tok1;15:x0.026:y-0.419:f6.64:tf9.14:p0.0256:tok1;30:x0.027:y-0.339:f10.33:tf9.14:p0.0273:tok1;45:x0.030:y-0.205:f8.12:tf9.14:p0.0304:tok1;60:x0.033:y-0.045:f8.57:tf9.14:p0.0331:tok1;75:x0.047:y0.120:f24.44:tf20.11:p0.0292:tok1;90:x0.043:y0.252:f22.00:tf20.11:p0.0248:tok1;95:x0.043:y0.283:f20.51:tf20.11:p0.0246:tok1
ablate_no_force_update,combined_extreme_stress,0,1003,,0,0.88542,4.45535,6.65159,0.22160,1.49327,0.03474,0.00000,0.36471,0.02353,2,11,0.91699,-0.15144,0.71477,420.00000,0.20000,73,0:x-0.113:y-0.435:f0.82:tf9.14:p0.0000:tok1;15:x0.019:y-0.430:f7.32:tf9.14:p0.0190:tok4;30:x0.022:y-0.366:f6.42:tf9.14:p0.0221:tok2;45:x0.022:y-0.258:f7.04:tf9.14:p0.0219:tok4;60:x0.021:y-0.131:f5.61:tf9.14:p0.0206:tok7;75:x0.047:y0.017:f26.16:tf20.11:p0.0287:tok6;90:x0.052:y0.146:f29.73:tf20.11:p0.0336:tok4;95:x0.052:y0.178:f28.05:tf20.11:p0.0342:tok2
ablate_no_transition_planner,combined_extreme_stress,0,1003,,0,0.88542,2.98725,2.23020,0.14858,1.30385,0.02505,0.00000,0.25882,0.04706,4,5,0.85546,-0.14041,0.68561,809.40494,0.40555,49,0:x-0.132:y-0.431:f1.18:tf9.14:p0.0000:tok1;15:x0.017:y-0.426:f7.63:tf9.14:p0.0173:tok0;30:x0.024:y-0.361:f6.83:tf9.14:p0.0237:tok6;45:x0.025:y-0.258:f7.33:tf9.14:p0.0248:tok4;60:x0.024:y-0.138:f7.70:tf9.14:p0.0237:tok4;75:x0.042:y0.002:f20.43:tf20.11:p0.0238:tok4;90:x0.040:y0.124:f19.22:tf20.11:p0.0216:tok6;95:x0.040:y0.154:f17.24:tf20.11:p0.0220:tok5
ablate_no_safety_penalty,combined_extreme_stress,0,1003,,0,0.88542,2.61598,1.60812,0.13011,1.15024,0.02715,0.00000,0.28235,0.09412,8,5,0.77196,-0.14289,0.68993,809.98426,0.40549,47,0:x-0.119:y-0.419:f0.25:tf9.14:p0.0000:tok1;15:x0.019:y-0.415:f6.19:tf9.14:p0.0185:tok5;30:x0.025:y-0.353:f6.99:tf9.14:p0.0252:tok6;45:x0.027:y-0.254:f9.02:tf9.14:p0.0267:tok4;60:x0.027:y-0.133:f8.91:tf9.14:p0.0270:tok4;75:x0.042:y0.007:f21.88:tf20.11:p0.0244:tok4;90:x0.040:y0.126:f17.16:tf20.11:p0.0217:tok2;95:x0.040:y0.157:f18.48:tf20.11:p0.0223:tok6
ablate_no_slip_context,combined_extreme_stress,0,1003,,0,0.88542,2.73143,1.65228,0.13586,1.27073,0.02843,0.00000,0.31765,0.09412,8,5,0.82253,-0.14358,0.66886,813.02238,0.40542,42,0:x-0.116:y-0.435:f0.95:tf9.14:p0.0000:tok1;15:x0.017:y-0.430:f5.95:tf9.14:p0.0171:tok5;30:x0.024:y-0.368:f7.05:tf9.14:p0.0240:tok6;45:x0.026:y-0.271:f8.48:tf9.14:p0.0259:tok6;60:x0.027:y-0.145:f6.81:tf9.14:p0.0268:tok6;75:x0.041:y-0.001:f18.35:tf20.11:p0.0231:tok6;90:x0.040:y0.113:f18.06:tf20.11:p0.0220:tok6;95:x0.039:y0.140:f18.57:tf20.11:p0.0213:tok6
ablate_no_tail_risk_objective,combined_extreme_stress,0,1003,,1,0.89583,2.34551,1.62794,0.11666,1.28952,0.02814,0.00000,0.38372,0.15116,13,5,0.62887,-0.07394,0.75561,818.72437,0.40543,26,0:x-0.101:y-0.421:f1.57:tf9.14:p0.0000:tok1;15:x0.019:y-0.415:f7.01:tf9.14:p0.0190:tok0;30:x0.027:y-0.340:f7.89:tf9.14:p0.0273:tok3;45:x0.028:y-0.227:f8.73:tf9.14:p0.0277:tok3;60:x0.027:y-0.095:f9.72:tf9.14:p0.0272:tok3;75:x0.043:y0.053:f21.66:tf20.11:p0.0255:tok3;90:x0.042:y0.178:f20.52:tf20.11:p0.0244:tok2;95:x0.043:y0.213:f21.80:tf20.11:p0.0247:tok2
ablate_no_calibration_guard,combined_extreme_stress,0,1003,,0,0.90625,2.18332,1.49439,0.10859,1.33648,0.03215,0.00000,0.27586,0.08046,7,5,1.07113,-0.19512,0.70215,821.75208,0.40530,40,0:x-0.113:y-0.413:f0.00:tf9.14:p0.0000:tok1;15:x0.024:y-0.406:f7.75:tf9.14:p0.0242:tok7;30:x0.025:y-0.347:f8.49:tf9.14:p0.0247:tok6;45:x0.026:y-0.244:f8.67:tf9.14:p0.0261:tok6;60:x0.032:y-0.111:f9.33:tf9.14:p0.0318:tok6;75:x0.042:y0.038:f20.17:tf20.11:p0.0239:tok4;90:x0.040:y0.144:f19.09:tf20.11:p0.0220:tok6;95:x0.040:y0.169:f19.97:tf20.11:p0.0221:tok6
ablate_no_phase_memory,combined_extreme_stress,0,1003,,0,0.88542,2.56860,1.80857,0.12776,1.35152,0.03044,0.00000,0.45882,0.14118,12,5,0.69771,-0.10565,0.73584,820.04937,0.40545,36,0:x-0.114:y-0.441:f1.08:tf9.14:p0.0000:tok1;15:x0.018:y-0.436:f8.36:tf9.14:p0.0180:tok4;30:x0.024:y-0.367:f7.64:tf9.14:p0.0238:tok0;45:x0.027:y-0.253:f8.74:tf9.14:p0.0274:tok3;60:x0.029:y-0.112:f5.44:tf9.14:p0.0294:tok3;75:x0.045:y0.041:f23.53:tf20.11:p0.0268:tok3;90:x0.042:y0.168:f19.53:tf20.11:p0.0239:tok6;95:x0.041:y0.197:f20.74:tf20.11:p0.0227:tok6
impedance_token_policy_v4,combined_extreme_stress,0,1003,,0,0.89583,2.76714,2.20668,0.13763,1.22562,0.02694,0.00000,0.43023,0.10465,9,5,0.77841,-0.09566,0.72772,831.15967,0.40557,68,0:x-0.115:y-0.429:f0.00:tf9.14:p0.0000:tok1;15:x0.019:y-0.424:f6.51:tf9.14:p0.0193:tok2;30:x0.025:y-0.359:f7.76:tf9.14:p0.0252:tok0;45:x0.025:y-0.252:f7.53:tf9.14:p0.0253:tok0;60:x0.025:y-0.121:f5.21:tf9.14:p0.0245:tok3;75:x0.045:y0.019:f24.19:tf20.11:p0.0267:tok3;90:x0.043:y0.149:f20.25:tf20.11:p0.0249:tok0;95:x0.043:y0.188:f23.25:tf20.11:p0.0249:tok5
learned_only_token_replacement,combined_extreme_stress,0,1003,,1,0.88542,2.99213,2.55712,0.14882,1.48220,0.02946,0.00000,0.54118,0.11765,10,6,0.72275,-0.20307,0.78849,825.62400,0.40542,0,0:x-0.125:y-0.428:f0.00:tf9.14:p0.0000:tok-1;15:x0.014:y-0.425:f6.18:tf9.14:p0.0136:tok-1;30:x0.024:y-0.354:f6.48:tf9.14:p0.0237:tok-1;45:x0.027:y-0.224:f7.74:tf9.14:p0.0272:tok-1;60:x0.029:y-0.070:f7.77:tf9.14:p0.0289:tok-1;75:x0.047:y0.088:f22.64:tf20.11:p0.0293:tok-1;90:x0.042:y0.212:f19.85:tf20.11:p0.0242:tok-1;95:x0.041:y0.242:f21.17:tf20.11:p0.0230:tok-1
token_full_v5,combined_extreme_stress,1,1000,,0,0.89583,2.87189,2.11473,0.15150,1.30029,0.03010,0.00000,0.34884,0.05814,5,5,0.71735,-0.11857,0.68807,894.70370,0.43257,47,0:x-0.113:y-0.440:f0.44:tf10.12:p0.0000:tok1;15:x0.020:y-0.433:f8.19:tf10.12:p0.0201:tok0;30:x0.025:y-0.367:f8.42:tf10.12:p0.0249:tok6;45:x0.026:y-0.262:f8.61:tf10.12:p0.0255:tok4;60:x0.029:y-0.135:f9.95:tf10.12:p0.0292:tok4;75:x0.031:y0.005:f10.99:tf10.12:p0.0126:tok4;90:x0.037:y0.129:f18.35:tf18.96:p0.0191:tok6;95:x0.036:y0.157:f19.04:tf18.96:p0.0182:tok6
ablate_no_memory,combined_extreme_stress,1,1000,,0,0.87500,2.74522,1.30644,0.14482,1.30597,0.02842,0.00000,0.44048,0.11905,10,5,0.60739,-0.11818,0.73743,877.15541,0.43266,13,0:x-0.124:y-0.427:f1.99:tf10.12:p0.0000:tok3;15:x0.015:y-0.424:f6.32:tf10.12:p0.0148:tok5;30:x0.026:y-0.362:f8.96:tf10.12:p0.0257:tok6;45:x0.025:y-0.269:f9.17:tf10.12:p0.0254:tok3;60:x0.027:y-0.130:f8.26:tf10.12:p0.0270:tok3;75:x0.032:y0.030:f13.22:tf10.12:p0.0138:tok3;90:x0.039:y0.168:f18.88:tf18.96:p0.0207:tok3;95:x0.038:y0.199:f19.06:tf18.96:p0.0195:tok6
ablate_no_discrete_tokens,combined_extreme_stress,1,1000,,1,0.91667,2.15370,1.49887,0.11361,1.52281,0.03376,0.00000,0.56818,0.14773,13,5,0.78943,-0.10299,0.84177,883.60801,0.43253,0,0:x-0.113:y-0.424:f0.00:tf10.12:p0.0000:tok1;15:x0.028:y-0.414:f10.26:tf10.12:p0.0284:tok1;30:x0.030:y-0.337:f10.52:tf10.12:p0.0298:tok1;45:x0.032:y-0.206:f11.70:tf10.12:p0.0316:tok1;60:x0.033:y-0.047:f10.46:tf10.12:p0.0332:tok1;75:x0.033:y0.121:f14.43:tf10.12:p0.0150:tok1;90:x0.040:y0.259:f19.97:tf18.96:p0.0219:tok1;95:x0.039:y0.289:f19.76:tf18.96:p0.0211:tok1
ablate_no_force_update,combined_extreme_stress,1,1000,,0,0.89583,3.86022,4.68999,0.20364,1.52758,0.02984,0.00000,0.31395,0.02326,2,5,0.77479,-0.11671,0.69460,420.00000,0.20000,67,0:x-0.113:y-0.439:f0.08:tf10.12:p0.0000:tok1;15:x0.022:y-0.433:f8.61:tf10.12:p0.0223:tok4;30:x0.024:y-0.368:f8.31:tf10.12:p0.0235:tok6;45:x0.023:y-0.263:f7.06:tf10.12:p0.0225:tok6;60:x0.023:y-0.138:f6.53:tf10.12:p0.0229:tok6;75:x0.029:y0.004:f10.85:tf10.12:p0.0113:tok4;90:x0.045:y0.128:f26.10:tf18.96:p0.0267:tok6;95:x0.047:y0.161:f26.35:tf18.96:p0.0292:tok5
ablate_no_transition_planner,combined_extreme_stress,1,1000,,0,0.89583,3.07486,2.89955,0.16221,1.27880,0.02971,0.00000,0.31395,0.05814,5,5,0.79400,-0.13213,0.69317,878.50876,0.43261,46,0:x-0.118:y-0.425:f0.66:tf10.12:p0.0000:tok1;15:x0.020:y-0.419:f8.82:tf10.12:p0.0198:tok0;30:x0.026:y-0.355:f7.15:tf10.12:p0.0256:tok2;45:x0.026:y-0.256:f7.31:tf10.12:p0.0261:tok5;60:x0.029:y-0.134:f8.61:tf10.12:p0.0288:tok4;75:x0.031:y0.009:f11.24:tf10.12:p0.0130:tok4;90:x0.037:y0.133:f17.57:tf18.96:p0.0188:tok6;95:x0.036:y0.161:f17.06:tf18.96:p0.0184:tok6
ablate_no_safety_penalty,combined_extreme_stress,1,1000,,0,0.89583,3.10657,2.93169,0.16388,1.27186,0.02899,0.00000,0.36047,0.12791,11,7,0.83215,-0.14826,0.68832,873.45524,0.43261,50,0:x-0.127:y-0.445:f0.00:tf10.12:p0.0000:tok1;15:x0.019:y-0.439:f6.83:tf10.12:p0.0192:tok5;30:x0.025:y-0.373:f6.27:tf10.12:p0.0247:tok2;45:x0.026:y-0.270:f6.97:tf10.12:p0.0258:tok7;60:x0.027:y-0.141:f7.66:tf10.12:p0.0267:tok4;75:x0.031:y0.008:f11.75:tf10.12:p0.0130:tok4;90:x0.038:y0.128:f20.15:tf18.96:p0.0198:tok6;95:x0.037:y0.157:f17.13:tf18.96:p0.0189:tok6
ablate_no_slip_context,combined_extreme_stress,1,1000,,0,0.89583,2.83957,2.09303,0.14980,1.26711,0.03121,0.00000,0.30233,0.13953,12,5,0.80453,-0.12713,0.67804,894.26745,0.43254,44,0:x-0.111:y-0.440:f1.28:tf10.12:p0.0000:tok1;15:x0.021:y-0.433:f7.52:tf10.12:p0.0208:tok2;30:x0.027:y-0.366:f9.53:tf10.12:p0.0266:tok6;45:x0.029:y-0.265:f3.58:tf10.12:p0.0287:tok5;60:x0.028:y-0.133:f9.08:tf10.12:p0.0284:tok6;75:x0.029:y-0.001:f11.23:tf10.12:p0.0110:tok6;90:x0.037:y0.120:f18.49:tf18.96:p0.0190:tok6;95:x0.036:y0.148:f18.74:tf18.96:p0.0182:tok6
ablate_no_tail_risk_objective,combined_extreme_stress,1,1000,,1,0.89583,2.38323,1.43863,0.12572,1.36028,0.03029,0.00000,0.40698,0.13953,12,5,0.66660,-0.07585,0.75591,884.94990,0.43253,22,0:x-0.114:y-0.431:f0.97:tf10.12:p0.0000:tok1;15:x0.021:y-0.424:f7.67:tf10.12:p0.0210:tok0;30:x0.029:y-0.346:f8.72:tf10.12:p0.0294:tok3;45:x0.030:y-0.232:f8.90:tf10.12:p0.0298:tok3;60:x0.030:y-0.099:f7.50:tf10.12:p0.0296:tok3;75:x0.032:y0.049:f12.55:tf10.12:p0.0142:tok3;90:x0.039:y0.179:f19.47:tf18.96:p0.0206:tok3;95:x0.040:y0.213:f20.12:tf18.96:p0.0215:tok2
ablate_no_calibration_guard,combined_extreme_stress,1,1000,,0,0.90625,2.36769,1.90974,0.12490,1.23600,0.02958,0.00000,0.26437,0.10345,9,5,0.99489,-0.16508,0.67956,886.83029,0.43250,32,0:x-0.116:y-0.435:f0.00:tf10.12:p0.0000:tok1;15:x0.028:y-0.425:f9.94:tf10.12:p0.0278:tok7;30:x0.027:y-0.356:f8.22:tf10.12:p0.0269:tok6;45:x0.028:y-0.257:f10.36:tf10.12:p0.0281:tok6;60:x0.029:y-0.131:f8.88:tf10.12:p0.0285:tok6;75:x0.029:y0.001:f9.39:tf10.12:p0.0105:tok6;90:x0.037:y0.120:f18.25:tf18.96:p0.0192:tok6;95:x0.037:y0.149:f17.78:tf18.96:p0.0190:tok6
ablate_no_phase_memory,combined_extreme_stress,1,1000,,1,0.89583,2.59589,1.52258,0.13694,1.34374,0.02973,0.00000,0.46512,0.10465,9,5,0.71557,-0.10047,0.74930,881.66416,0.43258,37,0:x-0.115:y-0.443:f0.21:tf10.12:p0.0000:tok1;15:x0.020:y-0.436:f7.95:tf10.12:p0.0199:tok0;30:x0.026:y-0.366:f8.18:tf10.12:p0.0262:tok0;45:x0.028:y-0.250:f7.89:tf10.12:p0.0285:tok3;60:x0.029:y-0.111:f9.04:tf10.12:p0.0287:tok3;75:x0.032:y0.043:f12.77:tf10.12:p0.0140:tok3;90:x0.039:y0.176:f20.24:tf18.96:p0.0208:tok7;95:x0.039:y0.208:f19.98:tf18.96:p0.0210:tok6
impedance_token_policy_v4,combined_extreme_stress,1,1000,,0,0.89583,2.65782,1.63705,0.14021,1.31311,0.02929,0.00000,0.44186,0.11628,10,5,0.69489,-0.10012,0.71819,873.63911,0.43259,59,0:x-0.110:y-0.427:f0.00:tf10.12:p0.0000:tok1;15:x0.023:y-0.421:f9.64:tf10.12:p0.0226:tok2;30:x0.027:y-0.358:f9.30:tf10.12:p0.0270:tok6;45:x0.029:y-0.247:f8.62:tf10.12:p0.0288:tok4;60:x0.027:y-0.115:f9.61:tf10.12:p0.0273:tok4;75:x0.031:y0.020:f13.29:tf10.12:p0.0129:tok3;90:x0.039:y0.148:f19.42:tf18.96:p0.0212:tok6;95:x0.037:y0.181:f17.04:tf18.96:p0.0195:tok0
learned_only_token_replacement,combined_extreme_stress,1,1000,,1,0.89583,2.79687,1.07569,0.14754,1.46641,0.03145,0.00000,0.55814,0.18605,16,5,0.61980,-0.15768,0.79676,878.10407,0.43252,0,0:x-0.112:y-0.433:f0.08:tf10.12:p0.0000:tok-1;15:x0.013:y-0.428:f2.47:tf10.12:p0.0128:tok-1;30:x0.026:y-0.355:f9.44:tf10.12:p0.0257:tok-1;45:x0.030:y-0.225:f13.14:tf10.12:p0.0297:tok-1;60:x0.031:y-0.071:f8.35:tf10.12:p0.0307:tok-1;75:x0.033:y0.089:f14.68:tf10.12:p0.0153:tok-1;90:x0.038:y0.220:f17.21:tf18.96:p0.0201:tok-1;95:x0.037:y0.250:f17.19:tf18.96:p0.0195:tok-1
token_full_v5,combined_extreme_stress,1,1001,,0,0.88542,2.92179,3.51946,0.17256,1.38354,0.02334,0.00000,0.17647,0.20000,17,6,0.74016,-0.10903,0.66805,876.22040,0.51252,58,0:x-0.116:y-0.434:f0.00:tf9.24:p0.0000:tok1;15:x0.017:y-0.429:f6.12:tf9.24:p0.0172:tok2;30:x0.022:y-0.366:f7.40:tf9.24:p0.0219:tok6;45:x0.023:y-0.262:f7.41:tf9.24:p0.0228:tok4;60:x0.029:y-0.132:f10.61:tf9.24:p0.0114:tok4;75:x0.028:y-0.009:f7.85:tf9.24:p0.0097:tok4;90:x0.035:y0.107:f14.82:tf16.93:p0.0169:tok6;95:x0.035:y0.138:f14.23:tf16.93:p0.0171:tok2
ablate_no_memory,combined_extreme_stress,1,1001,,0,0.87500,2.74696,2.33858,0.16223,1.39231,0.02336,0.00000,0.47619,0.09524,8,5,0.52953,-0.10205,0.71846,880.01326,0.51263,11,0:x-0.120:y-0.442:f0.00:tf9.24:p0.0000:tok3;15:x0.013:y-0.440:f5.42:tf9.24:p0.0127:tok5;30:x0.021:y-0.376:f7.08:tf9.24:p0.0213:tok6;45:x0.023:y-0.273:f7.86:tf9.24:p0.0228:tok3;60:x0.030:y-0.130:f10.23:tf9.24:p0.0123:tok3;75:x0.029:y0.014:f9.75:tf9.24:p0.0106:tok3;90:x0.036:y0.149:f15.44:tf16.93:p0.0183:tok3;95:x0.036:y0.182:f15.78:tf16.93:p0.0178:tok6
ablate_no_discrete_tokens,combined_extreme_stress,1,1001,,0,0.91667,2.10728,1.74411,0.12445,1.47822,0.02755,0.00000,0.60227,0.17045,15,5,0.67133,-0.07195,0.82713,875.82633,0.51254,0,0:x-0.103:y-0.441:f0.00:tf9.24:p0.0000:tok1;15:x0.024:y-0.430:f8.01:tf9.24:p0.0241:tok1;30:x0.026:y-0.346:f8.20:tf9.24:p0.0257:tok1;45:x0.027:y-0.208:f9.73:tf9.24:p0.0273:tok1;60:x0.032:y-0.049:f10.84:tf9.24:p0.0137:tok1;75:x0.029:y0.105:f9.83:tf9.24:p0.0111:tok1;90:x0.037:y0.243:f16.04:tf16.93:p0.0194:tok1;95:x0.037:y0.276:f17.19:tf16.93:p0.0194:tok1
ablate_no_force_update,combined_extreme_stress,1,1001,,0,0.88542,3.56202,4.16073,0.21037,1.57516,0.02930,0.00000,0.37647,0.07059,6,5,0.86070,-0.12915,0.69668,420.00000,0.20000,64,0:x-0.123:y-0.428:f0.00:tf9.24:p0.0000:tok1;15:x0.017:y-0.424:f6.72:tf9.24:p0.0171:tok5;30:x0.021:y-0.366:f7.08:tf9.24:p0.0211:tok6;45:x0.021:y-0.262:f6.54:tf9.24:p0.0206:tok6;60:x0.031:y-0.133:f11.51:tf9.24:p0.0127:tok4;75:x0.033:y0.001:f14.31:tf9.24:p0.0148:tok4;90:x0.042:y0.129:f22.33:tf16.93:p0.0243:tok5;95:x0.047:y0.163:f24.87:tf16.93:p0.0286:tok6
ablate_no_transition_planner,combined_extreme_stress,1,1001,,0,0.88542,2.90596,3.54758,0.17162,1.39008,0.02363,0.00000,0.11765,0.07059,6,6,0.73640,-0.11032,0.66767,870.86874,0.51260,46,0:x-0.118:y-0.426:f0.00:tf9.24:p0.0000:tok1;15:x0.018:y-0.421:f7.51:tf9.24:p0.0176:tok0;30:x0.021:y-0.361:f7.69:tf9.24:p0.0212:tok6;45:x0.023:y-0.264:f8.68:tf9.24:p0.0235:tok4;60:x0.031:y-0.140:f11.22:tf9.24:p0.0127:tok4;75:x0.028:y-0.016:f8.01:tf9.24:p0.0099:tok4;90:x0.035:y0.103:f15.81:tf16.93:p0.0165:tok6;95:x0.036:y0.138:f14.80:tf16.93:p0.0177:tok6
ablate_no_safety_penalty,combined_extreme_stress,1,1001,,0,0.89583,2.82917,3.34263,0.16709,1.30122,0.02359,0.00000,0.09302,0.11628,10,5,0.68166,-0.10643,0.66280,878.02945,0.51252,50,0:x-0.111:y-0.434:f0.03:tf9.24:p0.0000:tok1;15:x0.018:y-0.429:f6.24:tf9.24:p0.0175:tok5;30:x0.023:y-0.362:f6.98:tf9.24:p0.0229:tok6;45:x0.023:y-0.261:f5.71:tf9.24:p0.0229:tok6;60:x0.029:y-0.139:f9.76:tf9.24:p0.0107:tok4;75:x0.028:y-0.014:f7.98:tf9.24:p0.0095:tok4;90:x0.035:y0.103:f15.87:tf16.93:p0.0175:tok4;95:x0.035:y0.134:f14.66:tf16.93:p0.0168:tok6
ablate_no_slip_context,combined_extreme_stress,1,1001,,0,0.89583,2.72980,2.67758,0.16122,1.37161,0.02340,0.00000,0.13953,0.09302,8,5,0.77380,-0.11453,0.65646,882.71051,0.51245,44,0:x-0.114:y-0.423:f0.00:tf9.24:p0.0000:tok1;15:x0.017:y-0.419:f6.86:tf9.24:p0.0171:tok4;30:x0.020:y-0.362:f7.24:tf9.24:p0.0204:tok6;45:x0.022:y-0.262:f7.36:tf9.24:p0.0217:tok6;60:x0.028:y-0.135:f10.19:tf9.24:p0.0101:tok6;75:x0.027:y-0.023:f7.64:tf9.24:p0.0093:tok6;90:x0.035:y0.096:f13.91:tf16.93:p0.0166:tok2;95:x0.035:y0.129:f15.32:tf16.93:p0.0169:tok6
ablate_no_tail_risk_objective,combined_extreme_stress,1,1001,,0,0.89583,2.49432,2.17013,0.14731,1.54358,0.02543,0.00000,0.48837,0.08140,7,5,0.61309,-0.06444,0.73531,875.61863,0.51252,30,0:x-0.110:y-0.438:f0.00:tf9.24:p0.0000:tok1;15:x0.020:y-0.433:f8.19:tf9.24:p0.0197:tok0;30:x0.024:y-0.353:f7.70:tf9.24:p0.0244:tok3;45:x0.024:y-0.235:f10.95:tf9.24:p0.0241:tok3;60:x0.030:y-0.099:f10.88:tf9.24:p0.0123:tok3;75:x0.028:y0.035:f8.04:tf9.24:p0.0103:tok3;90:x0.036:y0.161:f17.10:tf16.93:p0.0181:tok2;95:x0.037:y0.195:f15.78:tf16.93:p0.0189:tok2
ablate_no_calibration_guard,combined_extreme_stress,1,1001,,0,0.90625,2.14032,2.56585,0.12640,1.26963,0.02586,0.00000,0.06897,0.09195,8,5,0.94304,-0.13917,0.66135,862.47166,0.51240,33,0:x-0.114:y-0.431:f0.00:tf9.24:p0.0000:tok1;15:x0.022:y-0.423:f7.40:tf9.24:p0.0224:tok7;30:x0.023:y-0.354:f7.34:tf9.24:p0.0230:tok6;45:x0.023:y-0.250:f9.74:tf9.24:p0.0235:tok6;60:x0.028:y-0.132:f8.49:tf9.24:p0.0103:tok6;75:x0.028:y-0.021:f8.25:tf9.24:p0.0097:tok6;90:x0.035:y0.099:f14.10:tf16.93:p0.0166:tok2;95:x0.036:y0.132:f15.45:tf16.93:p0.0183:tok6
ablate_no_phase_memory,combined_extreme_stress,1,1001,,0,0.89583,2.55899,2.26015,0.15113,1.54597,0.02582,0.00000,0.41860,0.09302,8,5,0.61194,-0.08138,0.72509,868.75242,0.51254,44,0:x-0.110:y-0.424:f0.00:tf9.24:p0.0000:tok1;15:x0.018:y-0.419:f6.84:tf9.24:p0.0176:tok4;30:x0.023:y-0.356:f7.15:tf9.24:p0.0231:tok4;45:x0.025:y-0.247:f8.76:tf9.24:p0.0252:tok3;60:x0.030:y-0.114:f10.46:tf9.24:p0.0120:tok3;75:x0.029:y0.022:f9.56:tf9.24:p0.0106:tok3;90:x0.036:y0.153:f15.13:tf16.93:p0.0182:tok3;95:x0.037:y0.187:f16.56:tf16.93:p0.0190:tok6
impedance_token_policy_v4,combined_extreme_stress,1,1001,,0,0.89583,2.48447,2.48216,0.14673,1.63854,0.02426,0.00000,0.33721,0.12791,11,5,0.79093,-0.10345,0.70166,865.90990,0.51254,67,0:x-0.117:y-0.445:f0.00:tf9.24:p0.0000:tok1;15:x0.018:y-0.439:f6.10:tf9.24:p0.0184:tok5;30:x0.023:y-0.368:f7.17:tf9.24:p0.0230:tok7;45:x0.023:y-0.248:f4.96:tf9.24:p0.0227:tok3;60:x0.029:y-0.118:f11.69:tf9.24:p0.0112:tok0;75:x0.028:y0.006:f8.17:tf9.24:p0.0102:tok4;90:x0.036:y0.129:f15.52:tf16.93:p0.0181:tok2;95:x0.038:y0.167:f16.43:tf16.93:p0.0195:tok6
learned_only_token_replacement,combined_extreme_stress,1,1001,,1,0.88542,2.89905,3.14889,0.17121,1.53659,0.02577,0.00000,0.55294,0.09412,8,7,0.51485,-0.13116,0.77811,860.62292,0.51259,0,0:x-0.108:y-0.422:f1.05:tf9.24:p0.0000:tok-1;15:x0.013:y-0.419:f6.89:tf9.24:p0.0132:tok-1;30:x0.022:y-0.351:f7.11:tf9.24:p0.0221:tok-1;45:x0.025:y-0.222:f8.00:tf9.24:p0.0251:tok-1;60:x0.032:y-0.072:f12.86:tf9.24:p0.0136:tok-1;75:x0.028:y0.071:f11.35:tf9.24:p0.0105:tok-1;90:x0.035:y0.201:f15.30:tf16.93:p0.0175:tok-1;95:x0.036:y0.233:f16.35:tf16.93:p0.0177:tok-1
token_full_v5,combined_extreme_stress,1,1002,,0,0.89583,2.96074,3.40819,0.17102,1.44328,0.02532,0.00000,0.26744,0.05814,5,8,0.70493,-0.10834,0.67139,965.61743,0.41140,49,0:x-0.115:y-0.434:f0.84:tf9.54:p0.0000:tok1;15:x0.018:y-0.429:f8.17:tf9.54:p0.0177:tok4;30:x0.022:y-0.365:f7.65:tf9.54:p0.0215:tok6;45:x0.023:y-0.264:f8.54:tf9.54:p0.0234:tok4;60:x0.029:y-0.140:f11.72:tf9.54:p0.0108:tok4;75:x0.027:y-0.011:f9.04:tf9.54:p0.0089:tok4;90:x0.033:y0.110:f15.38:tf17.31:p0.0147:tok6;95:x0.033:y0.141:f15.08:tf17.31:p0.0153:tok6
ablate_no_memory,combined_extreme_stress,1,1002,,0,0.87500,2.73662,1.82684,0.15807,1.44067,0.02570,0.00000,0.47619,0.13095,11,5,0.51005,-0.08609,0.73248,953.44456,0.41153,14,0:x-0.116:y-0.426:f0.75:tf9.54:p0.0000:tok3;15:x0.014:y-0.423:f6.97:tf9.54:p0.0137:tok5;30:x0.022:y-0.366:f8.38:tf9.54:p0.0221:tok6;45:x0.024:y-0.269:f8.55:tf9.54:p0.0235:tok3;60:x0.030:y-0.130:f10.50:tf9.54:p0.0124:tok3;75:x0.028:y0.017:f9.60:tf9.54:p0.0102:tok3;90:x0.035:y0.157:f17.07:tf17.31:p0.0170:tok3;95:x0.035:y0.193:f15.64:tf17.31:p0.0169:tok6
ablate_no_discrete_tokens,combined_extreme_stress,1,1002,,1,0.91667,2.09759,1.45265,0.12116,1.53709,0.02831,0.00000,0.57955,0.09091,8,5,0.77931,-0.09777,0.83877,961.14260,0.41142,0,0:x-0.119:y-0.423:f1.66:tf9.54:p0.0000:tok1;15:x0.025:y-0.414:f9.13:tf9.54:p0.0247:tok1;30:x0.026:y-0.338:f9.74:tf9.54:p0.0258:tok1;45:x0.028:y-0.205:f8.03:tf9.54:p0.0278:tok1;60:x0.030:y-0.047:f12.36:tf9.54:p0.0122:tok1;75:x0.028:y0.110:f11.14:tf9.54:p0.0102:tok1;90:x0.036:y0.252:f18.16:tf17.31:p0.0182:tok1;95:x0.036:y0.285:f17.61:tf17.31:p0.0176:tok1
ablate_no_force_update,combined_extreme_stress,1,1002,,0,0.89583,3.61163,3.59951,0.20861,1.64597,0.02540,0.00000,0.37209,0.05814,5,5,0.80662,-0.10956,0.68801,420.00000,0.20000,60,0:x-0.118:y-0.435:f0.22:tf9.54:p0.0000:tok1;15:x0.018:y-0.431:f6.99:tf9.54:p0.0184:tok5;30:x0.023:y-0.368:f7.75:tf9.54:p0.0226:tok6;45:x0.020:y-0.271:f6.79:tf9.54:p0.0203:tok6;60:x0.030:y-0.146:f12.63:tf9.54:p0.0120:tok7;75:x0.032:y-0.006:f15.06:tf9.54:p0.0141:tok4;90:x0.040:y0.121:f22.04:tf17.31:p0.0217:tok2;95:x0.043:y0.155:f22.79:tf17.31:p0.0250:tok2
ablate_no_transition_planner,combined_extreme_stress,1,1002,,0,0.88542,2.85558,3.13020,0.16494,1.44522,0.02372,0.00000,0.31765,0.03529,3,6,0.78408,-0.12397,0.67827,957.41659,0.41147,48,0:x-0.128:y-0.439:f0.00:tf9.54:p0.0000:tok1;15:x0.017:y-0.435:f5.48:tf9.54:p0.0171:tok5;30:x0.023:y-0.370:f9.44:tf9.54:p0.0232:tok6;45:x0.023:y-0.265:f6.48:tf9.54:p0.0229:tok6;60:x0.028:y-0.142:f13.00:tf9.54:p0.0101:tok7;75:x0.027:y-0.009:f9.07:tf9.54:p0.0089:tok4;90:x0.033:y0.114:f14.44:tf17.31:p0.0150:tok5;95:x0.034:y0.147:f14.32:tf17.31:p0.0157:tok5
ablate_no_safety_penalty,combined_extreme_stress,1,1002,,0,0.89583,2.82427,3.09491,0.16313,1.24650,0.02482,0.00000,0.10465,0.08140,7,6,0.67325,-0.09787,0.67861,950.77260,0.41142,45,0:x-0.112:y-0.426:f0.87:tf9.54:p0.0000:tok1;15:x0.018:y-0.421:f7.60:tf9.54:p0.0176:tok0;30:x0.022:y-0.361:f7.02:tf9.54:p0.0219:tok2;45:x0.024:y-0.258:f8.12:tf9.54:p0.0238:tok4;60:x0.028:y-0.135:f6.40:tf9.54:p0.0104:tok6;75:x0.027:y-0.010:f8.76:tf9.54:p0.0093:tok4;90:x0.034:y0.113:f16.40:tf17.31:p0.0157:tok4;95:x0.034:y0.147:f15.13:tf17.31:p0.0163:tok6
ablate_no_slip_context,combined_extreme_stress,1,1002,,0,0.88542,3.00032,2.71044,0.17330,1.69013,0.02611,0.00000,0.24706,0.05882,5,5,0.94214,-0.14051,0.69734,942.30950,0.41139,59,0:x-0.128:y-0.432:f0.00:tf9.54:p0.0000:tok1;15:x0.018:y-0.428:f7.64:tf9.54:p0.0177:tok6;30:x0.021:y-0.364:f8.18:tf9.54:p0.0215:tok6;45:x0.024:y-0.263:f9.09:tf9.54:p0.0236:tok6;60:x0.031:y-0.127:f13.17:tf9.54:p0.0126:tok2;75:x0.027:y0.012:f10.64:tf9.54:p0.0094:tok6;90:x0.034:y0.130:f15.17:tf17.31:p0.0156:tok6;95:x0.035:y0.163:f17.59:tf17.31:p0.0166:tok6
ablate_no_tail_risk_objective,combined_extreme_stress,1,1002,,1,0.89583,2.43815,1.85233,0.14083,1.61480,0.02757,0.00000,0.46512,0.15116,13,5,0.57861,-0.05931,0.74563,963.25563,0.41140,27,0:x-0.105:y-0.445:f1.06:tf9.54:p0.0000:tok1;15:x0.019:y-0.438:f6.95:tf9.54:p0.0188:tok2;30:x0.025:y-0.355:f7.85:tf9.54:p0.0251:tok3;45:x0.026:y-0.237:f7.51:tf9.54:p0.0255:tok3;60:x0.030:y-0.099:f12.18:tf9.54:p0.0117:tok3;75:x0.028:y0.038:f9.04:tf9.54:p0.0099:tok3;90:x0.035:y0.169:f15.93:tf17.31:p0.0166:tok3;95:x0.035:y0.204:f18.44:tf17.31:p0.0173:tok3
ablate_no_calibration_guard,combined_extreme_stress,1,1002,,0,0.89583,2.13850,2.22856,0.12352,1.54744,0.02638,0.00000,0.13953,0.10465,9,5,1.01508,-0.16215,0.67901,962.47976,0.41125,35,0:x-0.126:y-0.410:f1.25:tf9.54:p0.0000:tok1;15:x0.024:y-0.403:f9.75:tf9.54:p0.0239:tok7;30:x0.023:y-0.342:f8.62:tf9.54:p0.0227:tok6;45:x0.025:y-0.241:f7.05:tf9.54:p0.0249:tok6;60:x0.028:y-0.115:f8.28:tf9.54:p0.0103:tok6;75:x0.027:y-0.003:f8.55:tf9.54:p0.0087:tok6;90:x0.033:y0.116:f15.60:tf17.31:p0.0152:tok6;95:x0.034:y0.147:f15.99:tf17.31:p0.0157:tok7
ablate_no_phase_memory,combined_extreme_stress,1,1002,,0,0.89583,2.62199,2.05568,0.15145,1.65029,0.02617,0.00000,0.47674,0.06977,6,5,0.68441,-0.08501,0.73773,959.89016,0.41144,37,0:x-0.118:y-0.434:f0.00:tf9.54:p0.0000:tok1;15:x0.018:y-0.429:f6.37:tf9.54:p0.0180:tok2;30:x0.024:y-0.362:f7.86:tf9.54:p0.0242:tok6;45:x0.024:y-0.250:f6.93:tf9.54:p0.0244:tok3;60:x0.028:y-0.114:f10.20:tf9.54:p0.0103:tok3;75:x0.028:y0.026:f10.37:tf9.54:p0.0099:tok3;90:x0.035:y0.162:f18.78:tf17.31:p0.0170:tok3;95:x0.035:y0.198:f16.88:tf17.31:p0.0171:tok3
impedance_token_policy_v4,combined_extreme_stress,1,1002,,0,0.89583,2.29807,1.97314,0.13274,1.58842,0.02665,0.00000,0.45349,0.10465,9,6,0.73907,-0.06679,0.73705,961.47862,0.41144,69,0:x-0.110:y-0.436:f0.56:tf9.54:p0.0000:tok1;15:x0.019:y-0.430:f6.40:tf9.54:p0.0191:tok5;30:x0.024:y-0.359:f8.01:tf9.54:p0.0244:tok7;45:x0.024:y-0.235:f5.60:tf9.54:p0.0237:tok3;60:x0.029:y-0.104:f10.56:tf9.54:p0.0110:tok4;75:x0.027:y0.027:f10.05:tf9.54:p0.0091:tok4;90:x0.035:y0.154:f17.35:tf17.31:p0.0173:tok2;95:x0.036:y0.196:f16.81:tf17.31:p0.0182:tok2
learned_only_token_replacement,combined_extreme_stress,1,1002,,1,0.89583,2.96831,2.49487,0.17145,1.67639,0.02749,0.00000,0.56977,0.11628,10,5,0.56178,-0.13111,0.79136,961.53619,0.41145,0,0:x-0.109:y-0.433:f0.00:tf9.54:p0.0000:tok-1;15:x0.015:y-0.428:f5.27:tf9.54:p0.0146:tok-1;30:x0.024:y-0.354:f7.17:tf9.54:p0.0239:tok-1;45:x0.027:y-0.224:f8.10:tf9.54:p0.0270:tok-1;60:x0.031:y-0.072:f13.89:tf9.54:p0.0134:tok-1;75:x0.027:y0.075:f9.45:tf9.54:p0.0095:tok-1;90:x0.034:y0.210:f17.43:tf17.31:p0.0164:tok-1;95:x0.034:y0.244:f15.90:tf17.31:p0.0163:tok-1
token_full_v5,combined_extreme_stress,1,1003,,0,0.89583,3.50557,3.50853,0.18062,1.53610,0.03427,0.00000,0.30233,0.06977,6,5,0.81078,-0.13423,0.68410,852.40487,0.44640,53,0:x-0.119:y-0.423:f0.00:tf10.05:p0.0000:tok1;15:x0.020:y-0.419:f7.52:tf10.05:p0.0203:tok5;30:x0.030:y-0.353:f8.15:tf10.05:p0.0296:tok6;45:x0.032:y-0.254:f7.51:tf10.05:p0.0317:tok6;60:x0.033:y-0.131:f5.05:tf10.05:p0.0327:tok7;75:x0.030:y-0.000:f8.81:tf10.05:p0.0120:tok4;90:x0.038:y0.120:f18.83:tf19.41:p0.0203:tok4;95:x0.039:y0.153:f17.56:tf19.41:p0.0207:tok6
ablate_no_memory,combined_extreme_stress,1,1003,,0,0.87500,3.35396,2.18930,0.17280,1.57838,0.03638,0.00000,0.50000,0.11905,10,5,0.60391,-0.11692,0.72467,868.56827,0.44641,19,0:x-0.124:y-0.439:f0.85:tf10.05:p0.0000:tok3;15:x0.016:y-0.436:f5.95:tf10.05:p0.0156:tok5;30:x0.029:y-0.373:f8.13:tf10.05:p0.0291:tok6;45:x0.034:y-0.259:f8.76:tf10.05:p0.0336:tok3;60:x0.036:y-0.117:f9.91:tf10.05:p0.0362:tok3;75:x0.031:y0.024:f11.93:tf10.05:p0.0134:tok3;90:x0.039:y0.155:f18.01:tf19.41:p0.0210:tok3;95:x0.038:y0.188:f17.63:tf19.41:p0.0203:tok6
ablate_no_discrete_tokens,combined_extreme_stress,1,1003,,1,0.91667,2.48517,1.45030,0.12804,1.56608,0.03779,0.00000,0.55682,0.13636,12,5,0.73960,-0.09029,0.83372,858.13830,0.44640,0,0:x-0.110:y-0.417:f0.00:tf10.05:p0.0000:tok1;15:x0.029:y-0.408:f8.48:tf10.05:p0.0293:tok1;30:x0.034:y-0.333:f8.76:tf10.05:p0.0340:tok1;45:x0.037:y-0.204:f8.77:tf10.05:p0.0373:tok1;60:x0.035:y-0.046:f12.60:tf10.05:p0.0353:tok1;75:x0.031:y0.113:f9.39:tf10.05:p0.0128:tok1;90:x0.041:y0.250:f20.56:tf19.41:p0.0227:tok1;95:x0.040:y0.281:f19.13:tf19.41:p0.0224:tok1
ablate_no_force_update,combined_extreme_stress,1,1003,,0,0.89583,4.22078,5.51041,0.21747,1.57864,0.03249,0.00000,0.36047,0.01163,1,5,0.84572,-0.13936,0.69922,420.00000,0.20000,74,0:x-0.120:y-0.436:f0.00:tf10.05:p0.0000:tok1;15:x0.022:y-0.431:f7.59:tf10.05:p0.0217:tok4;30:x0.026:y-0.363:f7.17:tf10.05:p0.0265:tok6;45:x0.025:y-0.256:f7.39:tf10.05:p0.0246:tok7;60:x0.024:y-0.124:f9.38:tf10.05:p0.0241:tok4;75:x0.033:y0.014:f12.71:tf10.05:p0.0147:tok6;90:x0.048:y0.132:f26.34:tf19.41:p0.0303:tok5;95:x0.050:y0.165:f29.58:tf19.41:p0.0323:tok4
ablate_no_transition_planner,combined_extreme_stress,1,1003,,0,0.89583,3.62550,3.63752,0.18680,1.68308,0.03542,0.00000,0.30233,0.03488,3,5,0.81305,-0.11876,0.68431,857.59015,0.44640,52,0:x-0.115:y-0.438:f0.61:tf10.05:p0.0000:tok1;15:x0.021:y-0.431:f6.43:tf10.05:p0.0206:tok2;30:x0.028:y-0.365:f7.44:tf10.05:p0.0284:tok2;45:x0.029:y-0.257:f8.05:tf10.05:p0.0293:tok4;60:x0.033:y-0.135:f5.58:tf10.05:p0.0331:tok6;75:x0.030:y0.002:f10.05:tf10.05:p0.0124:tok4;90:x0.036:y0.120:f15.95:tf19.41:p0.0184:tok2;95:x0.039:y0.152:f18.45:tf19.41:p0.0209:tok6
ablate_no_safety_penalty,combined_extreme_stress,1,1003,,0,0.89583,3.45803,3.57976,0.17817,1.52921,0.03145,0.00000,0.29070,0.06977,6,6,0.78999,-0.12473,0.68102,861.53339,0.44638,53,0:x-0.116:y-0.426:f0.00:tf10.05:p0.0000:tok1;15:x0.020:y-0.420:f5.98:tf10.05:p0.0204:tok2;30:x0.031:y-0.355:f8.84:tf10.05:p0.0306:tok6;45:x0.031:y-0.253:f6.85:tf10.05:p0.0308:tok6;60:x0.031:y-0.136:f6.89:tf10.05:p0.0315:tok6;75:x0.030:y-0.002:f11.10:tf10.05:p0.0123:tok4;90:x0.037:y0.118:f17.50:tf19.41:p0.0191:tok6;95:x0.039:y0.150:f17.13:tf19.41:p0.0208:tok6
ablate_no_slip_context,combined_extreme_stress,1,1003,,0,0.89583,3.37858,2.31757,0.17407,1.56225,0.03459,0.00000,0.31395,0.06977,6,5,0.89012,-0.13417,0.72869,871.54669,0.44644,59,0:x-0.112:y-0.423:f0.00:tf10.05:p0.0000:tok1;15:x0.022:y-0.417:f7.96:tf10.05:p0.0224:tok4;30:x0.030:y-0.353:f7.76:tf10.05:p0.0300:tok6;45:x0.031:y-0.251:f8.28:tf10.05:p0.0315:tok6;60:x0.032:y-0.134:f4.57:tf10.05:p0.0320:tok2;75:x0.033:y0.009:f12.62:tf10.05:p0.0148:tok5;90:x0.038:y0.162:f18.10:tf19.41:p0.0197:tok6;95:x0.037:y0.192:f16.97:tf19.41:p0.0192:tok6
ablate_no_tail_risk_objective,combined_extreme_stress,1,1003,,1,0.89583,3.01240,2.35393,0.15521,1.55326,0.03550,0.00000,0.43023,0.04651,4,5,0.69652,-0.07838,0.75166,853.82902,0.44639,29,0:x-0.115:y-0.436:f1.28:tf10.05:p0.0000:tok1;15:x0.022:y-0.429:f7.50:tf10.05:p0.0223:tok5;30:x0.032:y-0.349:f9.78:tf10.05:p0.0324:tok3;45:x0.034:y-0.231:f7.83:tf10.05:p0.0341:tok3;60:x0.035:y-0.097:f12.08:tf10.05:p0.0355:tok3;75:x0.031:y0.045:f11.54:tf10.05:p0.0129:tok3;90:x0.039:y0.175:f18.84:tf19.41:p0.0212:tok2;95:x0.041:y0.209:f19.15:tf19.41:p0.0226:tok2
ablate_no_calibration_guard,combined_extreme_stress,1,1003,,0,0.90625,2.98112,2.15873,0.15359,1.68597,0.03533,0.00000,0.35632,0.08046,7,5,1.04682,-0.16428,0.72372,867.82549,0.44639,51,0:x-0.110:y-0.430:f0.32:tf10.05:p0.0000:tok1;15:x0.028:y-0.420:f8.32:tf10.05:p0.0281:tok7;30:x0.031:y-0.348:f7.39:tf10.05:p0.0308:tok2;45:x0.033:y-0.249:f9.42:tf10.05:p0.0334:tok6;60:x0.035:y-0.129:f7.09:tf10.05:p0.0346:tok7;75:x0.031:y0.012:f13.21:tf10.05:p0.0134:tok7;90:x0.039:y0.156:f18.74:tf19.41:p0.0208:tok6;95:x0.038:y0.187:f17.04:tf19.41:p0.0198:tok6
ablate_no_phase_memory,combined_extreme_stress,1,1003,,0,0.89583,3.06234,2.02041,0.15778,1.64924,0.03667,0.00000,0.41860,0.05814,5,5,0.66316,-0.07862,0.73160,864.19550,0.44637,42,0:x-0.104:y-0.418:f0.00:tf10.05:p0.0000:tok1;15:x0.022:y-0.412:f7.27:tf10.05:p0.0220:tok2;30:x0.030:y-0.349:f7.21:tf10.05:p0.0300:tok7;45:x0.033:y-0.243:f7.23:tf10.05:p0.0328:tok3;60:x0.036:y-0.108:f8.58:tf10.05:p0.0364:tok3;75:x0.031:y0.028:f12.49:tf10.05:p0.0133:tok3;90:x0.039:y0.158:f18.59:tf19.41:p0.0212:tok3;95:x0.040:y0.193:f19.38:tf19.41:p0.0223:tok6
impedance_token_policy_v4,combined_extreme_stress,1,1003,,0,0.89583,2.71681,1.96232,0.13998,1.45559,0.03501,0.00000,0.50000,0.10465,9,5,0.70738,-0.07911,0.72487,856.77072,0.44642,54,0:x-0.109:y-0.446:f0.00:tf10.05:p0.0000:tok1;15:x0.023:y-0.439:f5.77:tf10.05:p0.0228:tok5;30:x0.031:y-0.369:f8.99:tf10.05:p0.0311:tok6;45:x0.033:y-0.249:f8.69:tf10.05:p0.0329:tok7;60:x0.032:y-0.118:f9.91:tf10.05:p0.0320:tok4;75:x0.032:y0.014:f10.77:tf10.05:p0.0136:tok3;90:x0.041:y0.146:f20.39:tf19.41:p0.0227:tok0;95:x0.042:y0.186:f20.57:tf19.41:p0.0240:tok0
learned_only_token_replacement,combined_extreme_stress,1,1003,,1,0.87500,3.62829,2.11498,0.18694,1.77710,0.03649,0.01190,0.54762,0.07143,6,5,0.55669,-0.14628,0.78461,871.86990,0.44635,0,0:x-0.110:y-0.413:f1.24:tf10.05:p0.0000:tok-1;15:x0.010:y-0.412:f3.88:tf10.05:p0.0104:tok-1;30:x0.028:y-0.347:f6.66:tf10.05:p0.0276:tok-1;45:x0.035:y-0.222:f10.63:tf10.05:p0.0346:tok-1;60:x0.036:y-0.070:f7.62:tf10.05:p0.0360:tok-1;75:x0.034:y0.078:f14.07:tf10.05:p0.0156:tok-1;90:x0.039:y0.207:f18.04:tf19.41:p0.0205:tok-1;95:x0.038:y0.239:f18.47:tf19.41:p0.0203:tok-1
token_full_v5,combined_extreme_stress,2,1000,,0,0.89583,3.17725,3.03339,0.17308,1.26530,0.02898,0.00000,0.31395,0.09302,8,5,0.78121,-0.13525,0.68167,831.18029,0.43686,53,0:x-0.119:y-0.430:f0.41:tf9.87:p0.0000:tok1;15:x0.018:y-0.426:f5.91:tf9.87:p0.0180:tok5;30:x0.027:y-0.362:f8.37:tf9.87:p0.0266:tok6;45:x0.027:y-0.261:f9.09:tf9.87:p0.0273:tok4;60:x0.027:y-0.140:f4.73:tf9.87:p0.0273:tok7;75:x0.030:y-0.000:f10.50:tf9.87:p0.0121:tok4;90:x0.037:y0.119:f16.91:tf18.36:p0.0194:tok6;95:x0.038:y0.151:f17.96:tf18.36:p0.0199:tok6
ablate_no_memory,combined_extreme_stress,2,1000,,0,0.88542,2.93451,1.64758,0.15985,1.43075,0.03289,0.00000,0.48235,0.11765,10,5,0.48337,-0.07550,0.73866,844.89761,0.43684,13,0:x-0.102:y-0.447:f0.00:tf9.87:p0.0000:tok3;15:x0.017:y-0.442:f5.36:tf9.87:p0.0169:tok5;30:x0.027:y-0.371:f9.12:tf9.87:p0.0270:tok6;45:x0.030:y-0.256:f8.20:tf9.87:p0.0303:tok3;60:x0.032:y-0.115:f10.44:tf9.87:p0.0321:tok3;75:x0.031:y0.036:f11.39:tf9.87:p0.0133:tok3;90:x0.038:y0.168:f17.19:tf18.36:p0.0204:tok3;95:x0.038:y0.200:f17.15:tf18.36:p0.0200:tok6
ablate_no_discrete_tokens,combined_extreme_stress,2,1000,,1,0.91667,2.25470,1.84165,0.12282,1.64463,0.03519,0.00000,0.56818,0.13636,12,5,0.70294,-0.07971,0.83630,827.52882,0.43680,0,0:x-0.105:y-0.428:f0.00:tf9.87:p0.0000:tok1;15:x0.028:y-0.418:f7.35:tf9.87:p0.0283:tok1;30:x0.030:y-0.339:f8.03:tf9.87:p0.0304:tok1;45:x0.033:y-0.206:f8.69:tf9.87:p0.0326:tok1;60:x0.034:y-0.047:f11.07:tf9.87:p0.0344:tok1;75:x0.033:y0.116:f12.59:tf9.87:p0.0145:tok1;90:x0.040:y0.253:f19.41:tf18.36:p0.0223:tok1;95:x0.040:y0.284:f20.00:tf18.36:p0.0222:tok1
ablate_no_force_update,combined_extreme_stress,2,1000,,0,0.89583,4.34086,5.89818,0.23646,1.49761,0.03097,0.00000,0.36047,0.02326,2,96,0.80396,-0.12396,0.70976,420.00000,0.20000,70,0:x-0.112:y-0.425:f1.77:tf9.87:p0.0000:tok1;15:x0.020:y-0.419:f6.99:tf9.87:p0.0204:tok2;30:x0.025:y-0.353:f6.66:tf9.87:p0.0255:tok2;45:x0.024:y-0.247:f6.41:tf9.87:p0.0239:tok6;60:x0.024:y-0.120:f8.08:tf9.87:p0.0241:tok4;75:x0.032:y0.018:f12.68:tf9.87:p0.0137:tok6;90:x0.046:y0.142:f22.79:tf18.36:p0.0285:tok5;95:x0.048:y0.174:f25.06:tf18.36:p0.0299:tok2
ablate_no_transition_planner,combined_extreme_stress,2,1000,,0,0.89583,2.96434,2.90246,0.16148,1.17678,0.02932,0.00000,0.27907,0.09302,8,7,0.65671,-0.10518,0.67705,833.40618,0.43683,54,0:x-0.106:y-0.430:f0.00:tf9.87:p0.0000:tok1;15:x0.022:y-0.423:f9.48:tf9.87:p0.0221:tok4;30:x0.026:y-0.360:f6.88:tf9.87:p0.0257:tok2;45:x0.028:y-0.254:f8.63:tf9.87:p0.0278:tok4;60:x0.029:y-0.136:f7.84:tf9.87:p0.0288:tok4;75:x0.031:y-0.002:f10.99:tf9.87:p0.0126:tok4;90:x0.037:y0.117:f15.25:tf18.36:p0.0188:tok5;95:x0.037:y0.147:f15.97:tf18.36:p0.0192:tok6
ablate_no_safety_penalty,combined_extreme_stress,2,1000,,0,0.89583,2.95696,2.51251,0.16108,1.23924,0.02791,0.00000,0.32558,0.08140,7,5,0.68810,-0.09594,0.68505,832.35330,0.43686,52,0:x-0.107:y-0.428:f0.00:tf9.87:p0.0000:tok1;15:x0.020:y-0.422:f6.66:tf9.87:p0.0198:tok5;30:x0.027:y-0.359:f8.66:tf9.87:p0.0270:tok6;45:x0.026:y-0.265:f7.67:tf9.87:p0.0263:tok6;60:x0.027:y-0.142:f8.92:tf9.87:p0.0272:tok4;75:x0.031:y-0.002:f10.40:tf9.87:p0.0131:tok4;90:x0.038:y0.122:f16.80:tf18.36:p0.0197:tok4;95:x0.037:y0.153:f15.40:tf18.36:p0.0190:tok2
ablate_no_slip_context,combined_extreme_stress,2,1000,,0,0.89583,2.92396,2.21627,0.15928,1.25709,0.03047,0.00000,0.27907,0.05814,5,5,0.80225,-0.12595,0.67761,837.07651,0.43677,46,0:x-0.111:y-0.428:f0.00:tf9.87:p0.0000:tok1;15:x0.019:y-0.422:f7.14:tf9.87:p0.0192:tok2;30:x0.026:y-0.357:f6.08:tf9.87:p0.0264:tok2;45:x0.027:y-0.263:f8.46:tf9.87:p0.0270:tok6;60:x0.030:y-0.141:f12.41:tf9.87:p0.0297:tok2;75:x0.030:y0.000:f10.17:tf9.87:p0.0122:tok6;90:x0.037:y0.121:f15.66:tf18.36:p0.0191:tok6;95:x0.037:y0.148:f16.22:tf18.36:p0.0188:tok6
ablate_no_tail_risk_objective,combined_extreme_stress,2,1000,,1,0.89583,2.66454,1.18319,0.14515,1.44270,0.03321,0.00000,0.39535,0.08140,7,5,0.75578,-0.09916,0.75722,828.12879,0.43680,30,0:x-0.123:y-0.421:f0.00:tf9.87:p0.0000:tok1;15:x0.019:y-0.417:f7.17:tf9.87:p0.0189:tok2;30:x0.030:y-0.342:f7.12:tf9.87:p0.0299:tok7;45:x0.031:y-0.226:f10.49:tf9.87:p0.0313:tok3;60:x0.032:y-0.095:f8.50:tf9.87:p0.0321:tok3;75:x0.033:y0.048:f12.92:tf9.87:p0.0146:tok3;90:x0.039:y0.180:f18.71:tf18.36:p0.0213:tok2;95:x0.040:y0.214:f17.92:tf18.36:p0.0219:tok2
ablate_no_calibration_guard,combined_extreme_stress,2,1000,,0,0.90625,2.40556,2.33554,0.13104,1.24729,0.03103,0.00000,0.19540,0.04598,4,5,0.87037,-0.15213,0.67194,827.41898,0.43677,33,0:x-0.108:y-0.431:f0.00:tf9.87:p0.0000:tok1;15:x0.025:y-0.422:f8.67:tf9.87:p0.0250:tok7;30:x0.029:y-0.350:f7.63:tf9.87:p0.0289:tok6;45:x0.029:y-0.251:f9.58:tf9.87:p0.0291:tok6;60:x0.030:y-0.137:f7.63:tf9.87:p0.0302:tok6;75:x0.029:y-0.010:f8.76:tf9.87:p0.0113:tok6;90:x0.037:y0.112:f14.94:tf18.36:p0.0194:tok5;95:x0.038:y0.142:f16.74:tf18.36:p0.0197:tok6
ablate_no_phase_memory,combined_extreme_stress,2,1000,,0,0.89583,2.88870,1.51632,0.15736,1.58994,0.03396,0.00000,0.43023,0.08140,7,5,0.70254,-0.10474,0.73411,843.82315,0.43679,37,0:x-0.114:y-0.431:f0.05:tf9.87:p0.0000:tok1;15:x0.020:y-0.425:f7.55:tf9.87:p0.0202:tok0;30:x0.029:y-0.357:f8.37:tf9.87:p0.0295:tok6;45:x0.031:y-0.247:f8.80:tf9.87:p0.0311:tok3;60:x0.033:y-0.110:f9.29:tf9.87:p0.0333:tok3;75:x0.033:y0.035:f13.35:tf9.87:p0.0146:tok3;90:x0.039:y0.165:f18.33:tf18.36:p0.0206:tok3;95:x0.037:y0.196:f15.98:tf18.36:p0.0195:tok0
impedance_token_policy_v4,combined_extreme_stress,2,1000,,0,0.89583,2.65388,1.81238,0.14457,1.34993,0.03042,0.00000,0.43023,0.06977,6,5,0.83193,-0.13626,0.72014,824.78851,0.43683,62,0:x-0.123:y-0.423:f1.08:tf9.87:p0.0000:tok1;15:x0.021:y-0.418:f8.12:tf9.87:p0.0213:tok2;30:x0.027:y-0.355:f8.77:tf9.87:p0.0272:tok6;45:x0.029:y-0.243:f9.40:tf9.87:p0.0294:tok4;60:x0.028:y-0.109:f6.79:tf9.87:p0.0276:tok3;75:x0.031:y0.025:f11.00:tf9.87:p0.0130:tok4;90:x0.040:y0.151:f18.65:tf18.36:p0.0221:tok6;95:x0.038:y0.184:f17.67:tf18.36:p0.0204:tok6
learned_only_token_replacement,combined_extreme_stress,2,1000,,1,0.88542,3.20846,1.15389,0.17478,1.77694,0.03347,0.02353,0.52941,0.14118,12,5,0.54883,-0.14726,0.79188,846.68795,0.43673,0,0:x-0.111:y-0.416:f1.11:tf9.87:p0.0000:tok-1;15:x0.014:y-0.413:f5.77:tf9.87:p0.0144:tok-1;30:x0.027:y-0.347:f8.87:tf9.87:p0.0265:tok-1;45:x0.032:y-0.221:f8.18:tf9.87:p0.0320:tok-1;60:x0.033:y-0.071:f10.28:tf9.87:p0.0331:tok-1;75:x0.035:y0.084:f14.90:tf9.87:p0.0167:tok-1;90:x0.038:y0.214:f16.87:tf18.36:p0.0204:tok-1;95:x0.038:y0.245:f16.78:tf18.36:p0.0199:tok-1
token_full_v5,combined_extreme_stress,2,1001,,0,0.90625,3.08046,3.14178,0.16107,1.26417,0.02532,0.00000,0.34483,0.09195,8,5,0.70314,-0.11239,0.68046,859.01340,0.37595,57,0:x-0.106:y-0.426:f0.00:tf10.80:p0.0000:tok1;15:x0.021:y-0.419:f9.58:tf10.80:p0.0215:tok0;30:x0.023:y-0.360:f9.14:tf10.80:p0.0232:tok6;45:x0.024:y-0.264:f9.47:tf10.80:p0.0236:tok4;60:x0.029:y-0.139:f10.36:tf10.80:p0.0112:tok4;75:x0.031:y-0.007:f10.84:tf19.12:p0.0129:tok7;90:x0.038:y0.116:f17.59:tf19.12:p0.0197:tok6;95:x0.039:y0.149:f17.74:tf19.12:p0.0210:tok6
ablate_no_memory,combined_extreme_stress,2,1001,,0,0.88542,2.94609,1.99880,0.15405,1.47584,0.02759,0.00000,0.44706,0.11765,10,5,0.53079,-0.10083,0.73711,847.00882,0.37604,18,0:x-0.115:y-0.416:f1.15:tf10.80:p0.0000:tok3;15:x0.017:y-0.413:f8.31:tf10.80:p0.0170:tok0;30:x0.023:y-0.356:f7.18:tf10.80:p0.0234:tok2;45:x0.025:y-0.261:f7.65:tf10.80:p0.0253:tok3;60:x0.029:y-0.124:f10.09:tf10.80:p0.0111:tok3;75:x0.033:y0.024:f12.62:tf19.12:p0.0145:tok3;90:x0.039:y0.162:f18.24:tf19.12:p0.0212:tok3;95:x0.039:y0.198:f18.99:tf19.12:p0.0213:tok6
ablate_no_discrete_tokens,combined_extreme_stress,2,1001,,1,0.91667,2.00276,1.42841,0.10472,1.40864,0.02935,0.00000,0.57955,0.13636,12,5,0.70318,-0.07613,0.83966,857.94704,0.37594,0,0:x-0.100:y-0.425:f0.96:tf10.80:p0.0000:tok1;15:x0.029:y-0.415:f10.45:tf10.80:p0.0292:tok1;30:x0.027:y-0.338:f9.95:tf10.80:p0.0271:tok1;45:x0.027:y-0.206:f9.96:tf10.80:p0.0273:tok1;60:x0.031:y-0.046:f14.03:tf10.80:p0.0129:tok1;75:x0.032:y0.113:f11.95:tf19.12:p0.0144:tok1;90:x0.040:y0.253:f19.55:tf19.12:p0.0225:tok1;95:x0.040:y0.286:f19.69:tf19.12:p0.0222:tok1
ablate_no_force_update,combined_extreme_stress,2,1001,,0,0.89583,3.84593,5.08983,0.20110,1.48040,0.03221,0.00000,0.30233,0.06977,6,10,0.86143,-0.14111,0.69890,420.00000,0.20000,62,0:x-0.117:y-0.434:f0.40:tf10.80:p0.0000:tok1;15:x0.023:y-0.428:f10.42:tf10.80:p0.0227:tok6;30:x0.024:y-0.366:f9.39:tf10.80:p0.0238:tok6;45:x0.023:y-0.269:f6.52:tf10.80:p0.0231:tok6;60:x0.028:y-0.149:f11.93:tf10.80:p0.0096:tok4;75:x0.037:y-0.000:f16.98:tf19.12:p0.0193:tok4;90:x0.046:y0.131:f22.51:tf19.12:p0.0279:tok5;95:x0.050:y0.165:f28.31:tf19.12:p0.0322:tok6
ablate_no_transition_planner,combined_extreme_stress,2,1001,,0,0.89583,3.20680,3.64565,0.16768,1.28959,0.02447,0.00000,0.27907,0.04651,4,8,0.79514,-0.11774,0.67963,861.82863,0.37604,55,0:x-0.121:y-0.435:f0.00:tf10.80:p0.0000:tok1;15:x0.020:y-0.428:f8.47:tf10.80:p0.0203:tok6;30:x0.023:y-0.366:f9.81:tf10.80:p0.0233:tok6;45:x0.024:y-0.268:f10.33:tf10.80:p0.0244:tok4;60:x0.026:y-0.145:f8.84:tf10.80:p0.0083:tok4;75:x0.032:y-0.009:f13.88:tf19.12:p0.0137:tok6;90:x0.037:y0.112:f16.66:tf19.12:p0.0194:tok4;95:x0.038:y0.147:f16.31:tf19.12:p0.0197:tok2
ablate_no_safety_penalty,combined_extreme_stress,2,1001,,0,0.89583,3.07081,3.39718,0.16057,1.17031,0.02577,0.00000,0.32558,0.04651,4,6,0.84953,-0.14552,0.68210,865.77131,0.37599,46,0:x-0.127:y-0.422:f0.49:tf10.80:p0.0000:tok1;15:x0.019:y-0.417:f7.62:tf10.80:p0.0195:tok2;30:x0.023:y-0.358:f8.38:tf10.80:p0.0230:tok6;45:x0.023:y-0.265:f10.72:tf10.80:p0.0232:tok4;60:x0.028:y-0.137:f11.07:tf10.80:p0.0104:tok4;75:x0.031:y-0.004:f11.38:tf19.12:p0.0129:tok7;90:x0.037:y0.116:f16.61:tf19.12:p0.0194:tok2;95:x0.037:y0.151:f16.84:tf19.12:p0.0195:tok6
ablate_no_slip_context,combined_extreme_stress,2,1001,,0,0.89583,3.01509,2.78934,0.15766,1.28887,0.02750,0.00000,0.27907,0.09302,8,5,0.90836,-0.16418,0.66907,867.31043,0.37589,42,0:x-0.124:y-0.432:f0.00:tf10.80:p0.0000:tok1;15:x0.019:y-0.426:f7.89:tf10.80:p0.0193:tok5;30:x0.023:y-0.365:f7.70:tf10.80:p0.0233:tok2;45:x0.025:y-0.263:f6.92:tf10.80:p0.0254:tok5;60:x0.030:y-0.130:f9.80:tf10.80:p0.0122:tok6;75:x0.031:y-0.005:f11.54:tf19.12:p0.0130:tok5;90:x0.037:y0.112:f16.15:tf19.12:p0.0191:tok6;95:x0.037:y0.140:f17.14:tf19.12:p0.0189:tok6
ablate_no_tail_risk_objective,combined_extreme_stress,2,1001,,1,0.90625,2.49412,1.92695,0.13042,1.32491,0.02708,0.00000,0.39080,0.14943,13,5,0.62914,-0.07428,0.75086,878.44876,0.37594,22,0:x-0.106:y-0.418:f0.00:tf10.80:p0.0000:tok1;15:x0.022:y-0.412:f8.48:tf10.80:p0.0217:tok7;30:x0.027:y-0.338:f11.26:tf10.80:p0.0269:tok3;45:x0.026:y-0.226:f9.50:tf10.80:p0.0259:tok3;60:x0.028:y-0.095:f9.76:tf10.80:p0.0103:tok3;75:x0.032:y0.044:f14.88:tf19.12:p0.0145:tok3;90:x0.039:y0.174:f17.58:tf19.12:p0.0206:tok3;95:x0.039:y0.209:f19.93:tf19.12:p0.0214:tok2
ablate_no_calibration_guard,combined_extreme_stress,2,1001,,0,0.90625,2.30838,2.12213,0.12070,1.18324,0.02873,0.00000,0.17241,0.13793,12,5,1.06021,-0.17787,0.69812,866.15408,0.37587,38,0:x-0.122:y-0.421:f0.58:tf10.80:p0.0000:tok1;15:x0.026:y-0.414:f10.80:tf10.80:p0.0258:tok7;30:x0.027:y-0.350:f11.30:tf10.80:p0.0269:tok7;45:x0.027:y-0.241:f11.40:tf10.80:p0.0268:tok6;60:x0.029:y-0.115:f9.61:tf10.80:p0.0108:tok6;75:x0.032:y0.005:f13.35:tf19.12:p0.0139:tok7;90:x0.038:y0.131:f16.39:tf19.12:p0.0200:tok5;95:x0.039:y0.164:f19.98:tf19.12:p0.0208:tok6
ablate_no_phase_memory,combined_extreme_stress,2,1001,,1,0.90625,2.58178,2.14786,0.13500,1.39288,0.02677,0.00000,0.47126,0.09195,8,5,0.62107,-0.08174,0.74437,873.08352,0.37597,33,0:x-0.104:y-0.434:f0.26:tf10.80:p0.0000:tok1;15:x0.022:y-0.427:f9.12:tf10.80:p0.0222:tok4;30:x0.025:y-0.363:f9.82:tf10.80:p0.0245:tok4;45:x0.027:y-0.248:f10.63:tf10.80:p0.0268:tok3;60:x0.029:y-0.109:f13.45:tf10.80:p0.0111:tok3;75:x0.032:y0.036:f12.59:tf19.12:p0.0140:tok3;90:x0.039:y0.170:f19.09:tf19.12:p0.0211:tok3;95:x0.038:y0.204:f17.70:tf19.12:p0.0204:tok0
impedance_token_policy_v4,combined_extreme_stress,2,1001,,0,0.90625,2.66690,2.40753,0.13945,1.46165,0.02644,0.00000,0.43678,0.08046,7,5,0.73294,-0.08196,0.72908,859.96945,0.37600,61,0:x-0.111:y-0.428:f0.00:tf10.80:p0.0000:tok1;15:x0.022:y-0.422:f8.47:tf10.80:p0.0215:tok4;30:x0.024:y-0.359:f9.55:tf10.80:p0.0241:tok0;45:x0.024:y-0.243:f9.23:tf10.80:p0.0242:tok7;60:x0.028:y-0.111:f13.41:tf10.80:p0.0098:tok4;75:x0.031:y0.019:f12.35:tf19.12:p0.0133:tok3;90:x0.039:y0.148:f18.69:tf19.12:p0.0215:tok2;95:x0.040:y0.189:f17.67:tf19.12:p0.0223:tok2
learned_only_token_replacement,combined_extreme_stress,2,1001,,1,0.89583,3.12921,2.48628,0.16362,1.52290,0.02788,0.00000,0.54651,0.17442,15,5,0.58980,-0.14608,0.79459,860.29364,0.37597,0,0:x-0.109:y-0.421:f0.05:tf10.80:p0.0000:tok-1;15:x0.018:y-0.415:f8.51:tf10.80:p0.0176:tok-1;30:x0.025:y-0.345:f10.08:tf10.80:p0.0250:tok-1;45:x0.028:y-0.220:f13.10:tf10.80:p0.0277:tok-1;60:x0.031:y-0.069:f14.74:tf10.80:p0.0134:tok-1;75:x0.033:y0.080:f13.42:tf19.12:p0.0149:tok-1;90:x0.038:y0.213:f16.95:tf19.12:p0.0201:tok-1;95:x0.038:y0.247:f17.02:tf19.12:p0.0205:tok-1
token_full_v5,combined_extreme_stress,2,1002,,0,0.88542,3.08269,3.62898,0.16694,1.33120,0.02769,0.00000,0.17647,0.07059,6,9,0.78079,-0.13334,0.67632,903.55015,0.47217,50,0:x-0.123:y-0.417:f0.30:tf10.00:p0.0000:tok1;15:x0.020:y-0.413:f7.77:tf10.00:p0.0198:tok4;30:x0.026:y-0.352:f8.63:tf10.00:p0.0262:tok6;45:x0.028:y-0.254:f13.31:tf10.00:p0.0277:tok6;60:x0.025:y-0.134:f5.68:tf10.00:p0.0069:tok6;75:x0.028:y-0.007:f9.40:tf10.00:p0.0102:tok4;90:x0.036:y0.113:f15.29:tf18.47:p0.0175:tok5;95:x0.037:y0.146:f17.14:tf18.47:p0.0188:tok6
ablate_no_memory,combined_extreme_stress,2,1002,,0,0.88542,3.01099,2.41633,0.16306,1.50693,0.02961,0.00000,0.45882,0.04706,4,5,0.52969,-0.09410,0.72215,928.05305,0.47221,14,0:x-0.112:y-0.439:f0.43:tf10.00:p0.0000:tok3;15:x0.016:y-0.436:f6.15:tf10.00:p0.0159:tok5;30:x0.025:y-0.375:f6.61:tf10.00:p0.0246:tok2;45:x0.027:y-0.276:f6.59:tf10.00:p0.0266:tok3;60:x0.030:y-0.134:f8.92:tf10.00:p0.0115:tok3;75:x0.029:y0.015:f11.19:tf10.00:p0.0112:tok3;90:x0.037:y0.152:f15.91:tf18.47:p0.0188:tok3;95:x0.036:y0.185:f16.81:tf18.47:p0.0183:tok6
ablate_no_discrete_tokens,combined_extreme_stress,2,1002,,1,0.91667,2.21110,1.72448,0.11974,1.50428,0.03121,0.00000,0.56818,0.18182,16,5,0.76907,-0.09472,0.83207,942.82312,0.47212,0,0:x-0.113:y-0.419:f0.18:tf10.00:p0.0000:tok1;15:x0.027:y-0.410:f7.33:tf10.00:p0.0274:tok1;30:x0.028:y-0.335:f8.86:tf10.00:p0.0280:tok1;45:x0.031:y-0.204:f10.27:tf10.00:p0.0310:tok1;60:x0.031:y-0.046:f11.66:tf10.00:p0.0131:tok1;75:x0.029:y0.110:f11.16:tf10.00:p0.0115:tok1;90:x0.038:y0.248:f19.37:tf18.47:p0.0197:tok1;95:x0.037:y0.280:f18.95:tf18.47:p0.0194:tok1
ablate_no_force_update,combined_extreme_stress,2,1002,,0,0.89583,4.33827,6.68382,0.23493,1.56458,0.02943,0.00000,0.34884,0.05814,5,96,0.74988,-0.10931,0.70269,420.00000,0.20000,71,0:x-0.105:y-0.434:f0.00:tf10.00:p0.0000:tok1;15:x0.022:y-0.427:f7.73:tf10.00:p0.0223:tok6;30:x0.024:y-0.362:f7.56:tf10.00:p0.0243:tok6;45:x0.024:y-0.259:f4.75:tf10.00:p0.0238:tok6;60:x0.023:y-0.133:f4.33:tf10.00:p0.0052:tok3;75:x0.033:y0.003:f15.41:tf10.00:p0.0150:tok4;90:x0.045:y0.134:f25.91:tf18.47:p0.0274:tok5;95:x0.047:y0.168:f28.44:tf18.47:p0.0290:tok6
ablate_no_transition_planner,combined_extreme_stress,2,1002,,0,0.89583,3.09490,3.51819,0.16760,1.33170,0.02706,0.00000,0.24419,0.08140,7,5,0.73312,-0.11704,0.66680,925.33136,0.47215,48,0:x-0.112:y-0.426:f0.96:tf10.00:p0.0000:tok1;15:x0.021:y-0.420:f7.80:tf10.00:p0.0210:tok0;30:x0.026:y-0.358:f9.72:tf10.00:p0.0264:tok6;45:x0.027:y-0.259:f8.22:tf10.00:p0.0266:tok6;60:x0.025:y-0.149:f7.60:tf10.00:p0.0073:tok4;75:x0.029:y-0.015:f11.05:tf10.00:p0.0107:tok4;90:x0.036:y0.107:f17.33:tf18.47:p0.0177:tok6;95:x0.036:y0.138:f17.73:tf18.47:p0.0181:tok6
ablate_no_safety_penalty,combined_extreme_stress,2,1002,,0,0.88542,2.90320,3.54304,0.15722,1.31779,0.02786,0.00000,0.14118,0.07059,6,7,0.75135,-0.11423,0.66621,926.97909,0.47214,50,0:x-0.120:y-0.428:f0.00:tf10.00:p0.0000:tok1;15:x0.020:y-0.423:f7.49:tf10.00:p0.0203:tok2;30:x0.026:y-0.363:f8.92:tf10.00:p0.0258:tok6;45:x0.027:y-0.263:f9.70:tf10.00:p0.0273:tok4;60:x0.025:y-0.138:f8.41:tf10.00:p0.0067:tok4;75:x0.028:y-0.011:f9.66:tf10.00:p0.0100:tok6;90:x0.035:y0.102:f15.55:tf18.47:p0.0171:tok2;95:x0.035:y0.136:f15.02:tf18.47:p0.0173:tok2
ablate_no_slip_context,combined_extreme_stress,2,1002,,0,0.89583,2.70687,2.51518,0.14659,1.22252,0.02856,0.00000,0.09302,0.12791,11,5,0.75601,-0.12242,0.66221,917.64217,0.47210,42,0:x-0.117:y-0.442:f0.00:tf10.00:p0.0000:tok1;15:x0.020:y-0.435:f7.90:tf10.00:p0.0196:tok0;30:x0.027:y-0.366:f6.97:tf10.00:p0.0265:tok6;45:x0.026:y-0.265:f7.29:tf10.00:p0.0256:tok5;60:x0.024:y-0.145:f11.32:tf10.00:p0.0063:tok4;75:x0.028:y-0.023:f8.83:tf10.00:p0.0101:tok6;90:x0.036:y0.102:f16.94:tf18.47:p0.0181:tok6;95:x0.036:y0.134:f16.77:tf18.47:p0.0182:tok6
ablate_no_tail_risk_objective,combined_extreme_stress,2,1002,,1,0.89583,2.88466,2.36385,0.15621,1.47683,0.03025,0.00000,0.44186,0.17442,15,5,0.69911,-0.08507,0.75268,922.66571,0.47212,33,0:x-0.115:y-0.427:f0.46:tf10.00:p0.0000:tok1;15:x0.020:y-0.421:f7.28:tf10.00:p0.0199:tok2;30:x0.029:y-0.345:f8.55:tf10.00:p0.0291:tok3;45:x0.029:y-0.230:f5.38:tf10.00:p0.0285:tok7;60:x0.030:y-0.094:f13.06:tf10.00:p0.0118:tok3;75:x0.029:y0.048:f10.79:tf10.00:p0.0114:tok3;90:x0.037:y0.176:f17.94:tf18.47:p0.0186:tok2;95:x0.038:y0.210:f17.81:tf18.47:p0.0198:tok2
ablate_no_calibration_guard,combined_extreme_stress,2,1002,,0,0.90625,2.73245,2.20088,0.14797,1.69830,0.03260,0.00000,0.40230,0.05747,5,5,1.14395,-0.17961,0.73116,920.87877,0.47205,43,0:x-0.122:y-0.422:f0.11:tf10.00:p0.0000:tok1;15:x0.026:y-0.415:f9.43:tf10.00:p0.0264:tok7;30:x0.026:y-0.351:f9.74:tf10.00:p0.0262:tok6;45:x0.030:y-0.249:f9.61:tf10.00:p0.0297:tok6;60:x0.032:y-0.115:f12.24:tf10.00:p0.0142:tok6;75:x0.030:y0.038:f11.90:tf10.00:p0.0122:tok6;90:x0.036:y0.167:f18.17:tf18.47:p0.0181:tok6;95:x0.036:y0.194:f17.29:tf18.47:p0.0183:tok6
ablate_no_phase_memory,combined_extreme_stress,2,1002,,0,0.89583,2.82448,2.34675,0.15296,1.42073,0.02937,0.00000,0.41860,0.10465,9,5,0.67666,-0.09092,0.73454,934.95948,0.47214,39,0:x-0.112:y-0.430:f0.06:tf10.00:p0.0000:tok1;15:x0.021:y-0.424:f8.09:tf10.00:p0.0207:tok0;30:x0.029:y-0.356:f9.71:tf10.00:p0.0286:tok4;45:x0.029:y-0.248:f12.32:tf10.00:p0.0292:tok3;60:x0.027:y-0.112:f9.86:tf10.00:p0.0094:tok3;75:x0.029:y0.031:f10.35:tf10.00:p0.0113:tok3;90:x0.037:y0.161:f18.19:tf18.47:p0.0188:tok3;95:x0.037:y0.195:f19.02:tf18.47:p0.0187:tok7
impedance_token_policy_v4,combined_extreme_stress,2,1002,,0,0.90625,2.71950,2.71037,0.14727,1.31792,0.02891,0.00000,0.39080,0.14943,13,5,0.64330,-0.07728,0.70911,910.29071,0.47214,66,0:x-0.098:y-0.434:f0.48:tf10.00:p0.0000:tok1;15:x0.023:y-0.428:f7.43:tf10.00:p0.0234:tok4;30:x0.028:y-0.360:f10.42:tf10.00:p0.0282:tok4;45:x0.028:y-0.250:f6.24:tf10.00:p0.0277:tok5;60:x0.026:y-0.120:f6.40:tf10.00:p0.0078:tok3;75:x0.029:y0.011:f9.69:tf10.00:p0.0107:tok4;90:x0.038:y0.137:f19.30:tf18.47:p0.0197:tok6;95:x0.036:y0.173:f14.87:tf18.47:p0.0182:tok5
learned_only_token_replacement,combined_extreme_stress,2,1002,,1,0.89583,3.35893,3.07001,0.18190,1.68356,0.03064,0.00000,0.55814,0.11628,10,5,0.64754,-0.17015,0.78368,913.76363,0.47217,0,0:x-0.119:y-0.437:f0.00:tf10.00:p0.0000:tok-1;15:x0.016:y-0.432:f5.21:tf10.00:p0.0161:tok-1;30:x0.027:y-0.357:f9.27:tf10.00:p0.0270:tok-1;45:x0.030:y-0.226:f9.29:tf10.00:p0.0297:tok-1;60:x0.030:y-0.072:f11.24:tf10.00:p0.0115:tok-1;75:x0.029:y0.076:f11.10:tf10.00:p0.0114:tok-1;90:x0.036:y0.206:f15.87:tf18.47:p0.0181:tok-1;95:x0.036:y0.238:f16.90:tf18.47:p0.0181:tok-1
token_full_v5,combined_extreme_stress,2,1003,,0,0.89583,2.95738,3.18399,0.17292,1.16864,0.02682,0.00000,0.11628,0.12791,11,5,0.72413,-0.10775,0.66954,805.17248,0.48473,49,0:x-0.116:y-0.430:f0.00:tf10.08:p0.0000:tok1;15:x0.020:y-0.424:f6.96:tf10.08:p0.0197:tok5;30:x0.025:y-0.359:f8.29:tf10.08:p0.0246:tok6;45:x0.025:y-0.259:f8.08:tf10.08:p0.0249:tok4;60:x0.031:y-0.138:f10.48:tf10.08:p0.0132:tok4;75:x0.030:y-0.010:f9.67:tf17.10:p0.0123:tok6;90:x0.037:y0.106:f16.63:tf17.10:p0.0191:tok4;95:x0.036:y0.139:f13.53:tf17.10:p0.0184:tok2
ablate_no_memory,combined_extreme_stress,2,1003,,0,0.88542,2.83195,1.89826,0.16559,1.38730,0.02800,0.00000,0.48235,0.14118,12,5,0.51830,-0.09765,0.72315,804.86725,0.48473,17,0:x-0.115:y-0.437:f0.00:tf10.08:p0.0000:tok3;15:x0.016:y-0.434:f8.92:tf10.08:p0.0156:tok0;30:x0.024:y-0.370:f8.28:tf10.08:p0.0241:tok6;45:x0.026:y-0.252:f9.53:tf10.08:p0.0261:tok3;60:x0.032:y-0.113:f12.71:tf10.08:p0.0144:tok3;75:x0.032:y0.026:f12.77:tf17.10:p0.0142:tok3;90:x0.038:y0.155:f15.07:tf17.10:p0.0199:tok3;95:x0.037:y0.186:f14.56:tf17.10:p0.0191:tok2
ablate_no_discrete_tokens,combined_extreme_stress,2,1003,,1,0.91667,2.17985,1.38870,0.12746,1.49706,0.03113,0.00000,0.57955,0.15909,14,5,0.75025,-0.09070,0.82627,802.46365,0.48472,0,0:x-0.111:y-0.440:f0.23:tf10.08:p0.0000:tok1;15:x0.026:y-0.429:f9.62:tf10.08:p0.0263:tok1;30:x0.027:y-0.346:f8.84:tf10.08:p0.0274:tok1;45:x0.031:y-0.209:f11.64:tf10.08:p0.0308:tok1;60:x0.035:y-0.049:f13.22:tf10.08:p0.0171:tok1;75:x0.032:y0.105:f12.19:tf17.10:p0.0141:tok1;90:x0.039:y0.242:f15.95:tf17.10:p0.0213:tok1;95:x0.039:y0.275:f15.69:tf17.10:p0.0211:tok1
ablate_no_force_update,combined_extreme_stress,2,1003,,0,0.89583,3.63433,3.68066,0.21250,1.40882,0.02918,0.00000,0.29070,0.03488,3,5,0.80437,-0.12583,0.68303,420.00000,0.20000,68,0:x-0.114:y-0.436:f0.00:tf10.08:p0.0000:tok1;15:x0.020:y-0.430:f7.14:tf10.08:p0.0202:tok5;30:x0.024:y-0.364:f7.73:tf10.08:p0.0242:tok6;45:x0.023:y-0.263:f8.57:tf10.08:p0.0226:tok4;60:x0.032:y-0.135:f10.97:tf10.08:p0.0145:tok4;75:x0.036:y-0.005:f17.03:tf17.10:p0.0183:tok4;90:x0.045:y0.116:f22.69:tf17.10:p0.0269:tok6;95:x0.047:y0.151:f24.02:tf17.10:p0.0292:tok6
ablate_no_transition_planner,combined_extreme_stress,2,1003,,0,0.89583,3.04902,2.85139,0.17828,1.34690,0.02567,0.00000,0.19767,0.06977,6,5,0.83954,-0.13332,0.67165,795.31891,0.48471,52,0:x-0.126:y-0.435:f0.91:tf10.08:p0.0000:tok1;15:x0.018:y-0.430:f7.53:tf10.08:p0.0184:tok2;30:x0.025:y-0.364:f8.40:tf10.08:p0.0250:tok6;45:x0.025:y-0.260:f9.09:tf10.08:p0.0247:tok4;60:x0.031:y-0.133:f10.19:tf10.08:p0.0135:tok4;75:x0.031:y-0.007:f8.78:tf17.10:p0.0128:tok6;90:x0.037:y0.109:f14.59:tf17.10:p0.0188:tok2;95:x0.037:y0.141:f14.42:tf17.10:p0.0188:tok2
ablate_no_safety_penalty,combined_extreme_stress,2,1003,,0,0.89583,3.05734,3.32588,0.17877,1.17086,0.02488,0.00000,0.10465,0.08140,7,9,0.64967,-0.10803,0.65791,810.79990,0.48467,45,0:x-0.108:y-0.417:f0.38:tf10.08:p0.0000:tok1;15:x0.021:y-0.411:f7.82:tf10.08:p0.0210:tok0;30:x0.024:y-0.351:f9.13:tf10.08:p0.0239:tok6;45:x0.024:y-0.260:f6.06:tf10.08:p0.0245:tok6;60:x0.032:y-0.137:f11.67:tf10.08:p0.0140:tok4;75:x0.030:y-0.012:f9.82:tf17.10:p0.0122:tok6;90:x0.038:y0.099:f16.78:tf17.10:p0.0197:tok4;95:x0.037:y0.130:f16.09:tf17.10:p0.0189:tok6
ablate_no_slip_context,combined_extreme_stress,2,1003,,0,0.89583,2.80877,2.28683,0.16423,1.19336,0.02931,0.00000,0.18605,0.10465,9,6,0.82380,-0.12288,0.66564,833.19394,0.48465,51,0:x-0.112:y-0.434:f0.68:tf10.08:p0.0000:tok1;15:x0.019:y-0.428:f6.25:tf10.08:p0.0187:tok2;30:x0.023:y-0.362:f7.96:tf10.08:p0.0234:tok6;45:x0.027:y-0.257:f11.82:tf10.08:p0.0269:tok6;60:x0.030:y-0.127:f8.52:tf10.08:p0.0119:tok6;75:x0.030:y-0.019:f9.71:tf17.10:p0.0123:tok5;90:x0.037:y0.103:f15.65:tf17.10:p0.0193:tok6;95:x0.036:y0.137:f16.83:tf17.10:p0.0185:tok6
ablate_no_tail_risk_objective,combined_extreme_stress,2,1003,,0,0.90625,2.31832,1.81000,0.13556,1.28305,0.02784,0.00000,0.39080,0.12644,11,5,0.56358,-0.05917,0.73351,821.57465,0.48465,23,0:x-0.102:y-0.427:f0.00:tf10.08:p0.0000:tok1;15:x0.021:y-0.421:f8.25:tf10.08:p0.0210:tok7;30:x0.027:y-0.343:f9.48:tf10.08:p0.0267:tok3;45:x0.027:y-0.229:f8.94:tf10.08:p0.0265:tok3;60:x0.033:y-0.099:f11.32:tf10.08:p0.0148:tok3;75:x0.032:y0.034:f12.19:tf17.10:p0.0136:tok3;90:x0.038:y0.159:f15.15:tf17.10:p0.0198:tok3;95:x0.039:y0.194:f17.68:tf17.10:p0.0207:tok3
ablate_no_calibration_guard,combined_extreme_stress,2,1003,,0,0.90625,2.48949,2.09058,0.14556,1.46338,0.02977,0.00000,0.25287,0.12644,11,5,1.08788,-0.18059,0.69351,796.70737,0.48463,45,0:x-0.122:y-0.416:f0.46:tf10.08:p0.0000:tok1;15:x0.025:y-0.410:f9.82:tf10.08:p0.0246:tok7;30:x0.025:y-0.348:f10.12:tf10.08:p0.0250:tok6;45:x0.027:y-0.253:f6.33:tf10.08:p0.0269:tok7;60:x0.033:y-0.119:f11.95:tf10.08:p0.0148:tok6;75:x0.032:y0.004:f11.06:tf17.10:p0.0141:tok7;90:x0.038:y0.130:f15.86:tf17.10:p0.0199:tok6;95:x0.037:y0.161:f15.79:tf17.10:p0.0194:tok6
ablate_no_phase_memory,combined_extreme_stress,2,1003,,0,0.89583,2.68289,1.84238,0.15687,1.34561,0.02833,0.00000,0.44186,0.08140,7,5,0.67595,-0.08600,0.72657,794.03183,0.48472,38,0:x-0.114:y-0.435:f0.95:tf10.08:p0.0000:tok1;15:x0.021:y-0.429:f10.22:tf10.08:p0.0210:tok4;30:x0.024:y-0.361:f8.88:tf10.08:p0.0241:tok0;45:x0.027:y-0.250:f7.59:tf10.08:p0.0269:tok3;60:x0.034:y-0.113:f12.15:tf10.08:p0.0163:tok3;75:x0.032:y0.024:f11.60:tf17.10:p0.0138:tok3;90:x0.038:y0.153:f15.18:tf17.10:p0.0203:tok3;95:x0.039:y0.188:f16.95:tf17.10:p0.0214:tok3
impedance_token_policy_v4,combined_extreme_stress,2,1003,,0,0.89583,2.65155,2.18433,0.15504,1.57419,0.02768,0.00000,0.40698,0.12791,11,5,0.80817,-0.10233,0.71992,800.41468,0.48477,71,0:x-0.116:y-0.432:f0.00:tf10.08:p0.0000:tok1;15:x0.021:y-0.426:f7.34:tf10.08:p0.0207:tok7;30:x0.026:y-0.360:f9.89:tf10.08:p0.0260:tok4;45:x0.027:y-0.245:f7.31:tf10.08:p0.0270:tok4;60:x0.032:y-0.115:f11.01:tf10.08:p0.0141:tok4;75:x0.031:y0.015:f11.86:tf17.10:p0.0131:tok3;90:x0.038:y0.142:f15.72:tf17.10:p0.0204:tok2;95:x0.040:y0.182:f18.01:tf17.10:p0.0224:tok0
learned_only_token_replacement,combined_extreme_stress,2,1003,,1,0.87500,2.94458,1.67515,0.17217,1.39276,0.02727,0.00000,0.59524,0.09524,8,5,0.62825,-0.19044,0.77357,805.29401,0.48475,0,0:x-0.126:y-0.443:f1.33:tf10.08:p0.0000:tok-1;15:x0.012:y-0.441:f5.81:tf10.08:p0.0118:tok-1;30:x0.023:y-0.369:f7.40:tf10.08:p0.0230:tok-1;45:x0.027:y-0.233:f9.29:tf10.08:p0.0268:tok-1;60:x0.033:y-0.078:f12.81:tf10.08:p0.0146:tok-1;75:x0.033:y0.067:f14.29:tf17.10:p0.0146:tok-1;90:x0.038:y0.197:f17.63:tf17.10:p0.0201:tok-1;95:x0.039:y0.229:f16.54:tf17.10:p0.0208:tok-1
token_full_v5,combined_extreme_stress,3,1000,,0,0.88542,2.86271,3.38014,0.15810,1.23630,0.02596,0.00000,0.30588,0.05882,5,5,0.74940,-0.11337,0.68435,935.85176,0.40192,46,0:x-0.121:y-0.432:f0.00:tf9.57:p0.0000:tok1;15:x0.019:y-0.427:f7.53:tf9.57:p0.0187:tok0;30:x0.024:y-0.364:f7.25:tf9.57:p0.0236:tok6;45:x0.025:y-0.266:f7.15:tf9.57:p0.0252:tok4;60:x0.024:y-0.145:f6.12:tf9.57:p0.0236:tok6;75:x0.028:y-0.006:f10.00:tf9.57:p0.0102:tok4;90:x0.034:y0.120:f16.50:tf18.11:p0.0161:tok6;95:x0.035:y0.152:f14.07:tf18.11:p0.0166:tok5
ablate_no_memory,combined_extreme_stress,3,1000,,1,0.87500,2.88748,2.24233,0.15947,1.46588,0.02860,0.00000,0.51190,0.10714,9,5,0.57101,-0.10964,0.74054,922.38117,0.40195,14,0:x-0.124:y-0.433:f0.44:tf9.57:p0.0000:tok3;15:x0.014:y-0.431:f5.35:tf9.57:p0.0137:tok5;30:x0.025:y-0.373:f7.72:tf9.57:p0.0253:tok6;45:x0.027:y-0.267:f8.43:tf9.57:p0.0271:tok3;60:x0.029:y-0.122:f9.73:tf9.57:p0.0286:tok3;75:x0.029:y0.029:f9.59:tf9.57:p0.0113:tok3;90:x0.037:y0.167:f19.28:tf18.11:p0.0188:tok3;95:x0.036:y0.201:f17.37:tf18.11:p0.0180:tok6
ablate_no_discrete_tokens,combined_extreme_stress,3,1000,,1,0.91667,2.20735,1.93008,0.12191,1.59858,0.03049,0.00000,0.56818,0.15909,14,5,0.77194,-0.09422,0.84319,930.77065,0.40186,0,0:x-0.117:y-0.411:f0.83:tf9.57:p0.0000:tok1;15:x0.027:y-0.404:f8.69:tf9.57:p0.0270:tok1;30:x0.028:y-0.332:f10.48:tf9.57:p0.0276:tok1;45:x0.029:y-0.203:f6.56:tf9.57:p0.0290:tok1;60:x0.030:y-0.045:f9.95:tf9.57:p0.0303:tok1;75:x0.029:y0.115:f11.48:tf9.57:p0.0114:tok1;90:x0.037:y0.257:f18.56:tf18.11:p0.0194:tok1;95:x0.037:y0.289:f18.00:tf18.11:p0.0192:tok1
ablate_no_force_update,combined_extreme_stress,3,1000,,0,0.88542,3.69772,5.10424,0.20422,1.55591,0.02697,0.00000,0.28235,0.09412,8,5,0.81675,-0.12817,0.69955,420.00000,0.20000,65,0:x-0.124:y-0.413:f0.00:tf9.57:p0.0000:tok1;15:x0.020:y-0.408:f8.92:tf9.57:p0.0203:tok0;30:x0.023:y-0.352:f6.93:tf9.57:p0.0227:tok2;45:x0.021:y-0.255:f7.03:tf9.57:p0.0212:tok6;60:x0.021:y-0.134:f7.92:tf9.57:p0.0211:tok4;75:x0.032:y0.005:f12.27:tf9.57:p0.0138:tok7;90:x0.044:y0.132:f27.46:tf18.11:p0.0263:tok4;95:x0.045:y0.165:f25.24:tf18.11:p0.0265:tok2
ablate_no_transition_planner,combined_extreme_stress,3,1000,,0,0.89583,2.93601,3.64712,0.16215,1.20079,0.02556,0.00000,0.36047,0.05814,5,5,0.71749,-0.10911,0.68330,933.94333,0.40193,53,0:x-0.117:y-0.432:f0.00:tf9.57:p0.0000:tok1;15:x0.018:y-0.427:f6.83:tf9.57:p0.0182:tok2;30:x0.024:y-0.365:f7.63:tf9.57:p0.0236:tok6;45:x0.024:y-0.261:f8.86:tf9.57:p0.0243:tok4;60:x0.025:y-0.138:f8.32:tf9.57:p0.0249:tok4;75:x0.028:y-0.007:f11.40:tf9.57:p0.0104:tok4;90:x0.035:y0.118:f16.65:tf18.11:p0.0165:tok4;95:x0.035:y0.151:f15.11:tf18.11:p0.0165:tok5
ablate_no_safety_penalty,combined_extreme_stress,3,1000,,0,0.88542,2.99777,3.52684,0.16556,1.36609,0.02713,0.00000,0.38824,0.09412,8,5,0.74246,-0.11975,0.68541,909.67898,0.40191,49,0:x-0.118:y-0.433:f0.71:tf9.57:p0.0000:tok1;15:x0.019:y-0.428:f7.38:tf9.57:p0.0192:tok4;30:x0.023:y-0.368:f6.90:tf9.57:p0.0226:tok2;45:x0.024:y-0.264:f4.12:tf9.57:p0.0244:tok7;60:x0.025:y-0.133:f6.84:tf9.57:p0.0252:tok6;75:x0.028:y-0.001:f7.32:tf9.57:p0.0102:tok4;90:x0.035:y0.121:f17.28:tf18.11:p0.0169:tok6;95:x0.036:y0.153:f14.80:tf18.11:p0.0176:tok5
ablate_no_slip_context,combined_extreme_stress,3,1000,,0,0.89583,2.73172,2.45752,0.15087,1.18646,0.02671,0.00000,0.17442,0.13953,12,5,0.75593,-0.10885,0.68279,923.44921,0.40189,48,0:x-0.111:y-0.433:f0.00:tf9.57:p0.0000:tok1;15:x0.019:y-0.427:f6.72:tf9.57:p0.0189:tok2;30:x0.023:y-0.366:f6.81:tf9.57:p0.0226:tok2;45:x0.025:y-0.262:f3.18:tf9.57:p0.0254:tok5;60:x0.026:y-0.137:f8.16:tf9.57:p0.0258:tok6;75:x0.028:y-0.012:f9.23:tf9.57:p0.0098:tok6;90:x0.036:y0.114:f15.55:tf18.11:p0.0179:tok2;95:x0.035:y0.151:f16.60:tf18.11:p0.0174:tok6
ablate_no_tail_risk_objective,combined_extreme_stress,3,1000,,1,0.88542,2.48962,2.21137,0.13750,1.33413,0.02700,0.00000,0.45882,0.09412,8,5,0.74490,-0.09918,0.75220,927.03881,0.40190,23,0:x-0.128:y-0.439:f0.00:tf9.57:p0.0000:tok1;15:x0.018:y-0.434:f8.00:tf9.57:p0.0175:tok7;30:x0.026:y-0.354:f7.77:tf9.57:p0.0262:tok3;45:x0.026:y-0.237:f6.93:tf9.57:p0.0260:tok3;60:x0.027:y-0.101:f9.48:tf9.57:p0.0270:tok3;75:x0.029:y0.043:f9.89:tf9.57:p0.0109:tok3;90:x0.037:y0.175:f17.70:tf18.11:p0.0185:tok3;95:x0.037:y0.210:f19.02:tf18.11:p0.0192:tok2
ablate_no_calibration_guard,combined_extreme_stress,3,1000,,0,0.90625,2.24484,2.26029,0.12398,1.18258,0.02824,0.00000,0.21839,0.09195,8,5,0.90305,-0.14500,0.68891,937.13881,0.40176,33,0:x-0.113:y-0.426:f0.62:tf9.57:p0.0000:tok1;15:x0.023:y-0.418:f9.16:tf9.57:p0.0232:tok7;30:x0.025:y-0.351:f10.10:tf9.57:p0.0249:tok6;45:x0.026:y-0.249:f8.80:tf9.57:p0.0260:tok6;60:x0.026:y-0.122:f8.96:tf9.57:p0.0264:tok6;75:x0.028:y0.003:f8.65:tf9.57:p0.0099:tok6;90:x0.036:y0.125:f15.66:tf18.11:p0.0175:tok6;95:x0.035:y0.157:f17.86:tf18.11:p0.0168:tok6
ablate_no_phase_memory,combined_extreme_stress,3,1000,,1,0.89583,2.83367,2.20771,0.15650,1.51095,0.03087,0.00000,0.50000,0.10465,9,5,0.70009,-0.09194,0.74569,928.43301,0.40188,36,0:x-0.117:y-0.443:f0.55:tf9.57:p0.0000:tok1;15:x0.019:y-0.438:f6.62:tf9.57:p0.0187:tok5;30:x0.025:y-0.368:f8.42:tf9.57:p0.0252:tok0;45:x0.028:y-0.251:f9.11:tf9.57:p0.0285:tok3;60:x0.030:y-0.110:f8.68:tf9.57:p0.0302:tok3;75:x0.029:y0.035:f10.68:tf9.57:p0.0111:tok3;90:x0.036:y0.171:f18.50:tf18.11:p0.0179:tok3;95:x0.036:y0.205:f17.00:tf18.11:p0.0182:tok6
impedance_token_policy_v4,combined_extreme_stress,3,1000,,0,0.89583,2.39809,1.91030,0.13244,1.18100,0.02946,0.00000,0.45349,0.15116,13,5,0.74188,-0.09982,0.72109,933.25553,0.40186,61,0:x-0.115:y-0.433:f0.10:tf9.57:p0.0000:tok1;15:x0.021:y-0.427:f7.70:tf9.57:p0.0210:tok4;30:x0.024:y-0.360:f8.18:tf9.57:p0.0243:tok4;45:x0.027:y-0.241:f10.74:tf9.57:p0.0273:tok4;60:x0.024:y-0.110:f6.97:tf9.57:p0.0241:tok4;75:x0.028:y0.018:f10.28:tf9.57:p0.0104:tok4;90:x0.036:y0.145:f17.50:tf18.11:p0.0185:tok7;95:x0.036:y0.183:f16.45:tf18.11:p0.0184:tok0
learned_only_token_replacement,combined_extreme_stress,3,1000,,1,0.88542,3.01928,2.30867,0.16675,1.51587,0.02976,0.00000,0.56471,0.10588,9,5,0.61002,-0.15194,0.79755,919.00483,0.40187,0,0:x-0.116:y-0.420:f0.00:tf9.57:p0.0000:tok-1;15:x0.015:y-0.416:f5.54:tf9.57:p0.0145:tok-1;30:x0.025:y-0.346:f8.95:tf9.57:p0.0248:tok-1;45:x0.029:y-0.220:f6.65:tf9.57:p0.0287:tok-1;60:x0.029:y-0.068:f9.25:tf9.57:p0.0287:tok-1;75:x0.030:y0.082:f12.94:tf9.57:p0.0123:tok-1;90:x0.036:y0.216:f14.85:tf18.11:p0.0182:tok-1;95:x0.036:y0.250:f16.41:tf18.11:p0.0179:tok-1
token_full_v5,combined_extreme_stress,3,1001,,0,0.89583,3.13209,2.06762,0.17825,1.53797,0.02888,0.00000,0.12791,0.01163,1,5,0.73108,-0.11348,0.66298,938.88424,0.49274,55,0:x-0.112:y-0.423:f0.08:tf11.07:p0.0000:tok1;15:x0.023:y-0.417:f7.88:tf11.07:p0.0234:tok5;30:x0.028:y-0.356:f9.56:tf11.07:p0.0279:tok6;45:x0.029:y-0.260:f9.07:tf11.07:p0.0288:tok4;60:x0.033:y-0.141:f15.84:tf11.07:p0.0148:tok6;75:x0.035:y-0.016:f15.49:tf17.57:p0.0168:tok4;90:x0.035:y0.102:f16.79:tf17.57:p0.0168:tok4;95:x0.034:y0.134:f14.99:tf17.57:p0.0162:tok2
ablate_no_memory,combined_extreme_stress,3,1001,,0,0.88542,3.13572,1.33881,0.17846,1.68685,0.03231,0.00000,0.44706,0.07059,6,5,0.52425,-0.10718,0.70789,921.02881,0.49278,20,0:x-0.114:y-0.421:f0.00:tf11.07:p0.0000:tok3;15:x0.018:y-0.417:f7.84:tf11.07:p0.0182:tok5;30:x0.028:y-0.357:f9.45:tf11.07:p0.0278:tok6;45:x0.031:y-0.258:f9.84:tf11.07:p0.0306:tok3;60:x0.033:y-0.123:f16.91:tf11.07:p0.0152:tok4;75:x0.036:y0.012:f17.46:tf17.57:p0.0176:tok3;90:x0.036:y0.141:f16.04:tf17.57:p0.0178:tok3;95:x0.035:y0.173:f15.13:tf17.57:p0.0173:tok6
ablate_no_discrete_tokens,combined_extreme_stress,3,1001,,1,0.91667,2.25629,1.07065,0.12841,1.80231,0.03513,0.02273,0.57955,0.11364,10,5,0.81240,-0.11178,0.81647,938.15244,0.49277,0,0:x-0.118:y-0.434:f0.00:tf11.07:p0.0000:tok1;15:x0.031:y-0.423:f10.13:tf11.07:p0.0308:tok1;30:x0.031:y-0.343:f11.06:tf11.07:p0.0312:tok1;45:x0.034:y-0.209:f10.83:tf11.07:p0.0340:tok1;60:x0.033:y-0.051:f11.64:tf11.07:p0.0152:tok1;75:x0.038:y0.099:f19.21:tf17.57:p0.0199:tok1;90:x0.037:y0.233:f17.44:tf17.57:p0.0185:tok1;95:x0.037:y0.266:f18.72:tf17.57:p0.0186:tok1
ablate_no_force_update,combined_extreme_stress,3,1001,,0,0.89583,4.31323,5.32985,0.24547,1.52319,0.02829,0.00000,0.05814,0.04651,4,5,0.83980,-0.13470,0.67188,420.00000,0.20000,68,0:x-0.119:y-0.413:f1.11:tf11.07:p0.0000:tok1;15:x0.023:y-0.408:f8.76:tf11.07:p0.0232:tok6;30:x0.026:y-0.352:f6.65:tf11.07:p0.0262:tok2;45:x0.025:y-0.250:f8.08:tf11.07:p0.0252:tok6;60:x0.032:y-0.131:f14.26:tf11.07:p0.0144:tok6;75:x0.040:y-0.009:f19.63:tf17.57:p0.0220:tok4;90:x0.045:y0.107:f26.76:tf17.57:p0.0268:tok4;95:x0.044:y0.141:f23.07:tf17.57:p0.0261:tok2
ablate_no_transition_planner,combined_extreme_stress,3,1001,,0,0.89583,2.98863,2.22172,0.17009,1.33616,0.03023,0.00000,0.00000,0.11628,10,5,0.69680,-0.11013,0.65304,923.93786,0.49275,53,0:x-0.112:y-0.430:f0.00:tf11.07:p0.0000:tok1;15:x0.024:y-0.424:f7.67:tf11.07:p0.0236:tok5;30:x0.029:y-0.358:f9.10:tf11.07:p0.0291:tok6;45:x0.028:y-0.254:f8.33:tf11.07:p0.0278:tok6;60:x0.031:y-0.141:f12.16:tf11.07:p0.0128:tok4;75:x0.035:y-0.024:f15.50:tf17.57:p0.0168:tok4;90:x0.035:y0.092:f15.95:tf17.57:p0.0169:tok4;95:x0.035:y0.125:f15.47:tf17.57:p0.0169:tok6
ablate_no_safety_penalty,combined_extreme_stress,3,1001,,0,0.89583,3.08267,2.22778,0.17544,1.33102,0.02998,0.00000,0.00000,0.15116,13,5,0.75137,-0.12902,0.65375,923.20484,0.49271,59,0:x-0.118:y-0.415:f0.00:tf11.07:p0.0000:tok1;15:x0.021:y-0.410:f7.83:tf11.07:p0.0212:tok2;30:x0.028:y-0.348:f8.09:tf11.07:p0.0280:tok2;45:x0.030:y-0.251:f8.47:tf11.07:p0.0300:tok6;60:x0.031:y-0.139:f12.43:tf11.07:p0.0128:tok4;75:x0.035:y-0.018:f15.87:tf17.57:p0.0169:tok4;90:x0.034:y0.094:f14.68:tf17.57:p0.0163:tok2;95:x0.035:y0.126:f16.56:tf17.57:p0.0171:tok6
ablate_no_slip_context,combined_extreme_stress,3,1001,,0,0.90625,3.14637,1.98834,0.17906,1.55268,0.03236,0.00000,0.26437,0.09195,8,5,0.76506,-0.11163,0.67137,917.43995,0.49263,56,0:x-0.099:y-0.433:f0.23:tf11.07:p0.0000:tok1;15:x0.023:y-0.425:f7.64:tf11.07:p0.0230:tok2;30:x0.028:y-0.359:f9.51:tf11.07:p0.0281:tok6;45:x0.028:y-0.260:f9.23:tf11.07:p0.0277:tok6;60:x0.033:y-0.133:f14.29:tf11.07:p0.0152:tok5;75:x0.035:y0.014:f16.13:tf17.57:p0.0167:tok6;90:x0.035:y0.116:f14.97:tf17.57:p0.0167:tok6;95:x0.035:y0.142:f17.38:tf17.57:p0.0171:tok6
ablate_no_tail_risk_objective,combined_extreme_stress,3,1001,,0,0.89583,2.59509,1.21666,0.14769,1.59984,0.03281,0.00000,0.38372,0.11628,10,5,0.72101,-0.09187,0.73287,915.84633,0.49274,32,0:x-0.115:y-0.432:f1.15:tf11.07:p0.0000:tok1;15:x0.024:y-0.425:f9.41:tf11.07:p0.0240:tok0;30:x0.032:y-0.347:f11.65:tf11.07:p0.0317:tok3;45:x0.032:y-0.234:f9.36:tf11.07:p0.0316:tok3;60:x0.033:y-0.102:f17.71:tf11.07:p0.0152:tok3;75:x0.036:y0.035:f17.22:tf17.57:p0.0180:tok3;90:x0.036:y0.159:f16.71:tf17.57:p0.0184:tok3;95:x0.037:y0.193:f17.82:tf17.57:p0.0191:tok3
ablate_no_calibration_guard,combined_extreme_stress,3,1001,,0,0.90625,2.25462,1.61860,0.12831,1.29179,0.03295,0.00000,0.08046,0.12644,11,5,0.96687,-0.14973,0.65559,947.87198,0.49261,33,0:x-0.111:y-0.431:f0.00:tf11.07:p0.0000:tok1;15:x0.032:y-0.422:f12.16:tf11.07:p0.0323:tok7;30:x0.028:y-0.355:f9.54:tf11.07:p0.0285:tok7;45:x0.030:y-0.249:f9.80:tf11.07:p0.0303:tok6;60:x0.031:y-0.133:f14.30:tf11.07:p0.0126:tok7;75:x0.035:y-0.009:f16.77:tf17.57:p0.0169:tok6;90:x0.034:y0.101:f15.37:tf17.57:p0.0165:tok6;95:x0.035:y0.128:f17.07:tf17.57:p0.0169:tok6
ablate_no_phase_memory,combined_extreme_stress,3,1001,,0,0.89583,2.88784,1.25724,0.16435,1.56654,0.03263,0.00000,0.29070,0.15116,13,5,0.76370,-0.11912,0.71198,921.97449,0.49273,43,0:x-0.123:y-0.421:f0.00:tf11.07:p0.0000:tok1;15:x0.022:y-0.415:f6.71:tf11.07:p0.0220:tok2;30:x0.029:y-0.352:f8.92:tf11.07:p0.0289:tok6;45:x0.031:y-0.241:f10.20:tf11.07:p0.0314:tok3;60:x0.035:y-0.109:f17.18:tf11.07:p0.0172:tok4;75:x0.036:y0.018:f17.74:tf17.57:p0.0184:tok3;90:x0.036:y0.142:f18.19:tf17.57:p0.0181:tok3;95:x0.036:y0.176:f15.48:tf17.57:p0.0175:tok0
impedance_token_policy_v4,combined_extreme_stress,3,1001,,0,0.90625,2.45627,1.34878,0.13979,1.29993,0.03061,0.00000,0.28736,0.14943,13,5,0.79290,-0.11840,0.70374,929.45229,0.49269,71,0:x-0.107:y-0.418:f0.00:tf11.07:p0.0000:tok1;15:x0.025:y-0.411:f8.17:tf11.07:p0.0253:tok4;30:x0.029:y-0.351:f11.07:tf11.07:p0.0293:tok0;45:x0.030:y-0.239:f10.16:tf11.07:p0.0303:tok0;60:x0.032:y-0.111:f12.87:tf11.07:p0.0143:tok0;75:x0.036:y0.018:f15.53:tf17.57:p0.0179:tok2;90:x0.036:y0.141:f16.66:tf17.57:p0.0181:tok6;95:x0.035:y0.170:f15.64:tf17.57:p0.0167:tok6
learned_only_token_replacement,combined_extreme_stress,3,1001,,1,0.88542,3.02977,1.17234,0.17243,1.57546,0.03275,0.00000,0.54118,0.04706,4,5,0.56897,-0.16304,0.76355,937.27348,0.49278,0,0:x-0.114:y-0.423:f1.05:tf11.07:p0.0000:tok-1;15:x0.016:y-0.419:f7.85:tf11.07:p0.0158:tok-1;30:x0.028:y-0.349:f8.37:tf11.07:p0.0283:tok-1;45:x0.033:y-0.223:f10.61:tf11.07:p0.0326:tok-1;60:x0.035:y-0.074:f13.05:tf11.07:p0.0170:tok-1;75:x0.036:y0.062:f16.45:tf17.57:p0.0181:tok-1;90:x0.035:y0.188:f16.25:tf17.57:p0.0169:tok-1;95:x0.035:y0.221:f16.78:tf17.57:p0.0170:tok-1
token_full_v5,combined_extreme_stress,3,1002,,0,0.89583,2.87978,2.43780,0.15009,1.20068,0.02646,0.00000,0.27907,0.08140,7,5,0.66600,-0.11211,0.67817,903.11981,0.41366,49,0:x-0.100:y-0.430:f0.00:tf9.83:p0.0000:tok1;15:x0.021:y-0.424:f6.90:tf9.83:p0.0211:tok5;30:x0.024:y-0.362:f7.01:tf9.83:p0.0245:tok2;45:x0.025:y-0.259:f10.07:tf9.83:p0.0251:tok4;60:x0.025:y-0.137:f7.65:tf9.83:p0.0250:tok4;75:x0.041:y0.003:f22.66:tf19.19:p0.0229:tok6;90:x0.037:y0.120:f16.98:tf19.19:p0.0186:tok6;95:x0.036:y0.148:f15.55:tf19.19:p0.0180:tok5
ablate_no_memory,combined_extreme_stress,3,1002,,0,0.87500,3.04800,3.00200,0.15886,1.32360,0.03100,0.00000,0.47619,0.09524,8,5,0.58461,-0.11724,0.73039,918.15950,0.41369,12,0:x-0.119:y-0.436:f0.34:tf9.83:p0.0000:tok3;15:x0.015:y-0.433:f7.12:tf9.83:p0.0149:tok5;30:x0.024:y-0.372:f8.69:tf9.83:p0.0240:tok6;45:x0.027:y-0.269:f11.36:tf9.83:p0.0269:tok3;60:x0.029:y-0.125:f9.68:tf9.83:p0.0289:tok3;75:x0.043:y0.033:f25.08:tf19.19:p0.0254:tok3;90:x0.038:y0.164:f20.45:tf19.19:p0.0204:tok6;95:x0.036:y0.193:f17.67:tf19.19:p0.0184:tok6
ablate_no_discrete_tokens,combined_extreme_stress,3,1002,,1,0.91667,2.66726,4.20932,0.13902,1.54339,0.03343,0.00000,0.55682,0.10227,9,12,0.83944,-0.11721,0.83413,902.41948,0.41366,0,0:x-0.119:y-0.423:f0.00:tf9.83:p0.0000:tok1;15:x0.027:y-0.415:f9.79:tf9.83:p0.0273:tok1;30:x0.028:y-0.339:f9.51:tf9.83:p0.0280:tok1;45:x0.030:y-0.206:f11.75:tf9.83:p0.0301:tok1;60:x0.031:y-0.047:f10.38:tf9.83:p0.0313:tok1;75:x0.048:y0.120:f29.19:tf19.19:p0.0298:tok1;90:x0.039:y0.252:f21.16:tf19.19:p0.0209:tok1;95:x0.039:y0.282:f19.52:tf19.19:p0.0206:tok1
ablate_no_force_update,combined_extreme_stress,3,1002,,0,0.89583,5.02239,8.21654,0.26177,1.57782,0.03041,0.00000,0.37209,0.06977,6,5,0.89692,-0.14886,0.70595,420.00000,0.20000,63,0:x-0.114:y-0.431:f0.92:tf9.83:p0.0000:tok1;15:x0.021:y-0.424:f7.74:tf9.83:p0.0210:tok4;30:x0.024:y-0.363:f6.53:tf9.83:p0.0236:tok5;45:x0.024:y-0.259:f6.68:tf9.83:p0.0241:tok6;60:x0.022:y-0.129:f5.63:tf9.83:p0.0219:tok6;75:x0.041:y0.014:f23.20:tf19.19:p0.0234:tok2;90:x0.048:y0.142:f29.29:tf19.19:p0.0296:tok6;95:x0.047:y0.171:f28.13:tf19.19:p0.0291:tok6
ablate_no_transition_planner,combined_extreme_stress,3,1002,,0,0.89583,2.87277,1.95807,0.14973,1.36868,0.03004,0.00000,0.33721,0.05814,5,5,0.78870,-0.15696,0.68519,909.44322,0.41366,42,0:x-0.123:y-0.420:f0.63:tf9.83:p0.0000:tok1;15:x0.019:y-0.415:f6.58:tf9.83:p0.0191:tok5;30:x0.025:y-0.356:f7.22:tf9.83:p0.0247:tok2;45:x0.025:y-0.257:f3.65:tf9.83:p0.0251:tok6;60:x0.027:y-0.130:f8.50:tf9.83:p0.0268:tok4;75:x0.039:y0.009:f21.46:tf19.19:p0.0209:tok4;90:x0.038:y0.126:f20.30:tf19.19:p0.0196:tok6;95:x0.036:y0.154:f18.54:tf19.19:p0.0185:tok6
ablate_no_safety_penalty,combined_extreme_stress,3,1002,,0,0.89583,2.92787,2.14400,0.15260,1.32443,0.02753,0.00000,0.33721,0.04651,4,5,0.75742,-0.13495,0.67397,910.80131,0.41366,51,0:x-0.113:y-0.439:f0.00:tf9.83:p0.0000:tok1;15:x0.020:y-0.432:f8.57:tf9.83:p0.0199:tok0;30:x0.025:y-0.366:f7.86:tf9.83:p0.0252:tok6;45:x0.026:y-0.270:f5.00:tf9.83:p0.0256:tok7;60:x0.027:y-0.141:f6.93:tf9.83:p0.0268:tok6;75:x0.040:y-0.002:f21.59:tf19.19:p0.0223:tok4;90:x0.037:y0.116:f19.69:tf19.19:p0.0186:tok6;95:x0.036:y0.144:f16.58:tf19.19:p0.0178:tok5
ablate_no_slip_context,combined_extreme_stress,3,1002,,0,0.89583,3.24485,3.32247,0.16912,1.32490,0.03103,0.00000,0.43023,0.11628,10,5,0.91012,-0.16105,0.70636,900.94527,0.41370,46,0:x-0.119:y-0.436:f0.00:tf9.83:p0.0000:tok1;15:x0.018:y-0.431:f6.75:tf9.83:p0.0184:tok5;30:x0.023:y-0.368:f7.47:tf9.83:p0.0230:tok6;45:x0.027:y-0.265:f10.70:tf9.83:p0.0269:tok6;60:x0.027:y-0.133:f9.00:tf9.83:p0.0266:tok6;75:x0.040:y-0.000:f22.20:tf19.19:p0.0217:tok5;90:x0.038:y0.140:f19.94:tf19.19:p0.0200:tok6;95:x0.037:y0.172:f17.59:tf19.19:p0.0187:tok6
ablate_no_tail_risk_objective,combined_extreme_stress,3,1002,,1,0.89583,2.66587,2.88066,0.13895,1.32592,0.03233,0.00000,0.39535,0.09302,8,11,0.62967,-0.07152,0.75056,889.91399,0.41362,26,0:x-0.105:y-0.421:f0.94:tf9.83:p0.0000:tok1;15:x0.019:y-0.415:f6.96:tf9.83:p0.0192:tok5;30:x0.029:y-0.340:f9.64:tf9.83:p0.0286:tok3;45:x0.030:y-0.226:f11.65:tf9.83:p0.0304:tok3;60:x0.030:y-0.093:f8.78:tf9.83:p0.0301:tok3;75:x0.044:y0.052:f24.87:tf19.19:p0.0256:tok3;90:x0.039:y0.174:f18.59:tf19.19:p0.0212:tok2;95:x0.039:y0.209:f19.32:tf19.19:p0.0213:tok2
ablate_no_calibration_guard,combined_extreme_stress,3,1002,,1,0.90625,3.12549,4.79044,0.16290,1.54469,0.03105,0.00000,0.32184,0.11494,10,15,1.09648,-0.18672,0.74042,902.34910,0.41367,35,0:x-0.115:y-0.429:f0.00:tf9.83:p0.0000:tok1;15:x0.027:y-0.422:f9.48:tf9.83:p0.0270:tok7;30:x0.026:y-0.357:f7.68:tf9.83:p0.0256:tok7;45:x0.028:y-0.249:f7.15:tf9.83:p0.0278:tok7;60:x0.027:y-0.126:f7.93:tf9.83:p0.0266:tok6;75:x0.046:y0.012:f27.38:tf19.19:p0.0283:tok7;90:x0.039:y0.170:f18.53:tf19.19:p0.0207:tok6;95:x0.037:y0.202:f17.83:tf19.19:p0.0189:tok6
ablate_no_phase_memory,combined_extreme_stress,3,1002,,0,0.89583,3.04713,3.10732,0.15882,1.35856,0.03161,0.00000,0.43023,0.08140,7,9,0.76955,-0.12440,0.73443,908.14221,0.41366,36,0:x-0.123:y-0.437:f0.15:tf9.83:p0.0000:tok1;15:x0.019:y-0.432:f8.94:tf9.83:p0.0193:tok0;30:x0.027:y-0.363:f8.09:tf9.83:p0.0269:tok0;45:x0.026:y-0.252:f8.09:tf9.83:p0.0263:tok3;60:x0.029:y-0.113:f8.40:tf9.83:p0.0288:tok3;75:x0.043:y0.040:f26.07:tf19.19:p0.0255:tok3;90:x0.038:y0.167:f19.58:tf19.19:p0.0204:tok6;95:x0.037:y0.196:f17.72:tf19.19:p0.0188:tok0
impedance_token_policy_v4,combined_extreme_stress,3,1002,,0,0.89583,2.88192,2.76821,0.15021,1.37618,0.03097,0.00000,0.43023,0.05814,5,10,0.80737,-0.11249,0.72285,907.74348,0.41370,54,0:x-0.122:y-0.438:f0.00:tf9.83:p0.0000:tok1;15:x0.021:y-0.431:f9.06:tf9.83:p0.0208:tok4;30:x0.027:y-0.363:f8.22:tf9.83:p0.0271:tok2;45:x0.029:y-0.244:f10.68:tf9.83:p0.0287:tok4;60:x0.026:y-0.113:f9.08:tf9.83:p0.0255:tok4;75:x0.044:y0.024:f26.40:tf19.19:p0.0257:tok3;90:x0.037:y0.150:f20.20:tf19.19:p0.0192:tok6;95:x0.038:y0.185:f19.55:tf19.19:p0.0204:tok0
learned_only_token_replacement,combined_extreme_stress,3,1002,,1,0.89583,3.40760,4.40495,0.17760,1.42212,0.03347,0.00000,0.52326,0.16279,14,15,0.65155,-0.16648,0.78765,923.28333,0.41363,0,0:x-0.115:y-0.428:f0.00:tf9.83:p0.0000:tok-1;15:x0.016:y-0.423:f6.01:tf9.83:p0.0157:tok-1;30:x0.026:y-0.352:f9.93:tf9.83:p0.0256:tok-1;45:x0.029:y-0.224:f6.55:tf9.83:p0.0289:tok-1;60:x0.030:y-0.071:f8.30:tf9.83:p0.0301:tok-1;75:x0.045:y0.088:f25.67:tf19.19:p0.0270:tok-1;90:x0.038:y0.211:f20.18:tf19.19:p0.0197:tok-1;95:x0.036:y0.242:f17.98:tf19.19:p0.0185:tok-1
token_full_v5,combined_extreme_stress,3,1003,,0,0.89583,2.95461,3.40251,0.16048,1.26421,0.02694,0.00000,0.15116,0.03488,3,6,0.62501,-0.09638,0.65982,774.29550,0.47278,46,0:x-0.101:y-0.415:f0.37:tf10.14:p0.0000:tok1;15:x0.020:y-0.410:f8.55:tf10.14:p0.0198:tok6;30:x0.024:y-0.352:f8.65:tf10.14:p0.0236:tok6;45:x0.025:y-0.265:f9.75:tf10.14:p0.0253:tok4;60:x0.030:y-0.143:f10.08:tf10.14:p0.0117:tok4;75:x0.031:y-0.016:f12.09:tf18.41:p0.0134:tok7;90:x0.040:y0.101:f16.84:tf18.41:p0.0222:tok6;95:x0.039:y0.131:f15.72:tf18.41:p0.0210:tok5
ablate_no_memory,combined_extreme_stress,3,1003,,0,0.88542,2.93242,2.07901,0.15928,1.25326,0.02719,0.00000,0.47059,0.12941,11,5,0.52831,-0.10766,0.72143,769.65018,0.47284,13,0:x-0.115:y-0.426:f0.15:tf10.14:p0.0000:tok3;15:x0.016:y-0.423:f6.75:tf10.14:p0.0162:tok5;30:x0.023:y-0.367:f7.94:tf10.14:p0.0229:tok6;45:x0.027:y-0.263:f7.75:tf10.14:p0.0268:tok3;60:x0.032:y-0.121:f11.81:tf10.14:p0.0138:tok3;75:x0.033:y0.023:f12.48:tf18.41:p0.0151:tok3;90:x0.041:y0.154:f17.31:tf18.41:p0.0228:tok3;95:x0.040:y0.185:f17.61:tf18.41:p0.0217:tok6
ablate_no_discrete_tokens,combined_extreme_stress,3,1003,,1,0.91667,2.08002,1.57425,0.11298,1.36623,0.02916,0.00000,0.56818,0.17045,15,5,0.77960,-0.10109,0.82768,769.49968,0.47280,0,0:x-0.115:y-0.430:f0.91:tf10.14:p0.0000:tok1;15:x0.027:y-0.419:f9.80:tf10.14:p0.0268:tok1;30:x0.027:y-0.341:f8.81:tf10.14:p0.0272:tok1;45:x0.028:y-0.207:f10.19:tf10.14:p0.0284:tok1;60:x0.032:y-0.048:f10.66:tf10.14:p0.0141:tok1;75:x0.033:y0.108:f13.67:tf18.41:p0.0151:tok1;90:x0.042:y0.244:f19.38:tf18.41:p0.0239:tok1;95:x0.042:y0.276:f16.94:tf18.41:p0.0236:tok1
ablate_no_force_update,combined_extreme_stress,3,1003,,0,0.89583,3.60488,4.03428,0.19580,1.43516,0.03274,0.00000,0.26744,0.03488,3,5,0.78917,-0.12996,0.68426,420.00000,0.20000,66,0:x-0.115:y-0.437:f0.16:tf10.14:p0.0000:tok1;15:x0.020:y-0.431:f6.60:tf10.14:p0.0202:tok5;30:x0.023:y-0.370:f8.65:tf10.14:p0.0229:tok6;45:x0.022:y-0.264:f8.28:tf10.14:p0.0217:tok4;60:x0.028:y-0.139:f8.12:tf10.14:p0.0098:tok4;75:x0.037:y-0.006:f16.42:tf18.41:p0.0189:tok4;90:x0.048:y0.116:f25.46:tf18.41:p0.0301:tok2;95:x0.050:y0.152:f24.23:tf18.41:p0.0321:tok5
ablate_no_transition_planner,combined_extreme_stress,3,1003,,0,0.89583,3.11859,3.42560,0.16939,1.26643,0.02518,0.00000,0.32558,0.02326,2,8,0.76428,-0.11077,0.66771,761.78350,0.47286,45,0:x-0.115:y-0.440:f0.00:tf10.14:p0.0000:tok1;15:x0.019:y-0.433:f7.08:tf10.14:p0.0194:tok5;30:x0.024:y-0.367:f8.14:tf10.14:p0.0243:tok6;45:x0.024:y-0.274:f10.11:tf10.14:p0.0243:tok6;60:x0.028:y-0.148:f9.15:tf10.14:p0.0104:tok4;75:x0.031:y-0.014:f11.41:tf18.41:p0.0132:tok7;90:x0.039:y0.104:f14.65:tf18.41:p0.0206:tok5;95:x0.040:y0.138:f15.89:tf18.41:p0.0220:tok2
ablate_no_safety_penalty,combined_extreme_stress,3,1003,,0,0.89583,3.12630,3.36697,0.16981,1.14818,0.02675,0.00000,0.23256,0.10465,9,9,0.82732,-0.13527,0.66869,769.29821,0.47285,50,0:x-0.126:y-0.442:f0.00:tf10.14:p0.0000:tok1;15:x0.018:y-0.437:f7.28:tf10.14:p0.0181:tok5;30:x0.024:y-0.367:f7.83:tf10.14:p0.0241:tok6;45:x0.024:y-0.269:f7.15:tf10.14:p0.0245:tok6;60:x0.030:y-0.143:f9.73:tf10.14:p0.0123:tok4;75:x0.032:y-0.014:f12.29:tf18.41:p0.0136:tok7;90:x0.039:y0.103:f15.47:tf18.41:p0.0207:tok2;95:x0.040:y0.139:f16.66:tf18.41:p0.0217:tok6
ablate_no_slip_context,combined_extreme_stress,3,1003,,0,0.89583,2.86794,2.51359,0.15578,1.43963,0.02771,0.00000,0.24419,0.10465,9,6,0.89200,-0.13492,0.67763,772.66750,0.47279,46,0:x-0.116:y-0.430:f1.01:tf10.14:p0.0000:tok1;15:x0.019:y-0.424:f8.27:tf10.14:p0.0195:tok4;30:x0.024:y-0.359:f7.70:tf10.14:p0.0237:tok6;45:x0.024:y-0.267:f5.94:tf10.14:p0.0241:tok2;60:x0.032:y-0.136:f10.25:tf10.14:p0.0138:tok6;75:x0.032:y-0.016:f13.53:tf18.41:p0.0144:tok2;90:x0.039:y0.115:f15.74:tf18.41:p0.0212:tok2;95:x0.039:y0.147:f17.34:tf18.41:p0.0211:tok6
ablate_no_tail_risk_objective,combined_extreme_stress,3,1003,,1,0.89583,2.36468,1.59880,0.12844,1.31955,0.02891,0.00000,0.37209,0.10465,9,5,0.69976,-0.08811,0.74033,762.84043,0.47276,25,0:x-0.117:y-0.418:f1.24:tf10.14:p0.0000:tok1;15:x0.020:y-0.412:f7.51:tf10.14:p0.0199:tok5;30:x0.028:y-0.339:f10.46:tf10.14:p0.0277:tok3;45:x0.027:y-0.227:f10.58:tf10.14:p0.0275:tok3;60:x0.032:y-0.097:f12.93:tf10.14:p0.0139:tok3;75:x0.033:y0.037:f12.65:tf18.41:p0.0154:tok3;90:x0.041:y0.165:f17.69:tf18.41:p0.0227:tok2;95:x0.042:y0.200:f18.41:tf18.41:p0.0239:tok2
ablate_no_calibration_guard,combined_extreme_stress,3,1003,,0,0.90625,2.34188,2.38912,0.12720,1.18426,0.02817,0.00000,0.18391,0.11494,10,5,1.00038,-0.15666,0.67899,763.50879,0.47278,36,0:x-0.112:y-0.428:f0.00:tf10.14:p0.0000:tok1;15:x0.028:y-0.418:f10.15:tf10.14:p0.0281:tok7;30:x0.025:y-0.351:f8.61:tf10.14:p0.0251:tok6;45:x0.025:y-0.259:f11.45:tf10.14:p0.0253:tok6;60:x0.029:y-0.135:f10.07:tf10.14:p0.0112:tok6;75:x0.032:y-0.016:f13.12:tf18.41:p0.0139:tok7;90:x0.040:y0.116:f16.94:tf18.41:p0.0219:tok6;95:x0.040:y0.148:f17.42:tf18.41:p0.0221:tok6
ablate_no_phase_memory,combined_extreme_stress,3,1003,,0,0.89583,2.50804,2.15597,0.13623,1.20332,0.02815,0.00000,0.43023,0.10465,9,5,0.63683,-0.08309,0.73162,794.84604,0.47277,39,0:x-0.108:y-0.428:f0.03:tf10.14:p0.0000:tok1;15:x0.020:y-0.422:f6.47:tf10.14:p0.0199:tok2;30:x0.026:y-0.356:f7.66:tf10.14:p0.0256:tok6;45:x0.027:y-0.245:f10.02:tf10.14:p0.0274:tok3;60:x0.031:y-0.108:f10.52:tf10.14:p0.0131:tok3;75:x0.033:y0.031:f12.84:tf18.41:p0.0148:tok3;90:x0.041:y0.159:f19.01:tf18.41:p0.0228:tok3;95:x0.041:y0.193:f19.88:tf18.41:p0.0226:tok0
impedance_token_policy_v4,combined_extreme_stress,3,1003,,0,0.89583,2.39518,2.36895,0.13010,1.17329,0.02665,0.00000,0.37209,0.11628,10,5,0.73236,-0.08963,0.71371,763.63133,0.47281,67,0:x-0.104:y-0.436:f0.98:tf10.14:p0.0000:tok1;15:x0.020:y-0.430:f5.74:tf10.14:p0.0203:tok5;30:x0.025:y-0.363:f8.96:tf10.14:p0.0254:tok6;45:x0.026:y-0.245:f10.09:tf10.14:p0.0257:tok4;60:x0.030:y-0.113:f9.96:tf10.14:p0.0117:tok4;75:x0.032:y0.016:f13.25:tf18.41:p0.0143:tok3;90:x0.041:y0.143:f16.65:tf18.41:p0.0233:tok6;95:x0.042:y0.177:f19.11:tf18.41:p0.0236:tok6
learned_only_token_replacement,combined_extreme_stress,3,1003,,1,0.88542,3.05059,1.83804,0.16570,1.56026,0.03037,0.00000,0.56471,0.07059,6,5,0.63995,-0.17375,0.77447,764.99179,0.47275,0,0:x-0.119:y-0.438:f0.04:tf10.14:p0.0000:tok-1;15:x0.012:y-0.434:f5.53:tf10.14:p0.0119:tok-1;30:x0.025:y-0.361:f9.68:tf10.14:p0.0251:tok-1;45:x0.028:y-0.229:f10.72:tf10.14:p0.0284:tok-1;60:x0.034:y-0.074:f14.19:tf10.14:p0.0163:tok-1;75:x0.034:y0.072:f13.19:tf18.41:p0.0164:tok-1;90:x0.041:y0.199:f17.90:tf18.41:p0.0226:tok-1;95:x0.041:y0.230:f17.89:tf18.41:p0.0225:tok-1
token_full_v5,combined_extreme_stress,4,1000,,0,0.89583,3.03919,2.96295,0.15265,1.13235,0.02553,0.00000,0.30233,0.06977,6,5,0.82885,-0.14827,0.67775,895.70016,0.45612,49,0:x-0.118:y-0.419:f0.00:tf11.28:p0.0000:tok1;15:x0.022:y-0.413:f8.76:tf11.28:p0.0216:tok2;30:x0.022:y-0.358:f10.37:tf11.28:p0.0224:tok6;45:x0.025:y-0.261:f10.04:tf11.28:p0.0250:tok4;60:x0.024:y-0.138:f8.69:tf11.28:p0.0240:tok6;75:x0.031:y0.001:f11.50:tf11.28:p0.0129:tok4;90:x0.038:y0.119:f17.97:tf19.91:p0.0200:tok6;95:x0.038:y0.148:f19.23:tf19.91:p0.0202:tok6
ablate_no_memory,combined_extreme_stress,4,1000,,0,0.88542,2.89243,2.12828,0.14528,1.29648,0.02574,0.00000,0.44706,0.09412,8,5,0.54911,-0.11164,0.72896,881.96668,0.45616,14,0:x-0.111:y-0.420:f1.47:tf11.28:p0.0000:tok3;15:x0.018:y-0.416:f8.91:tf11.28:p0.0185:tok0;30:x0.022:y-0.361:f8.50:tf11.28:p0.0223:tok2;45:x0.025:y-0.260:f11.99:tf11.28:p0.0255:tok3;60:x0.025:y-0.119:f10.19:tf11.28:p0.0253:tok3;75:x0.031:y0.033:f10.76:tf11.28:p0.0135:tok3;90:x0.039:y0.163:f19.01:tf19.91:p0.0213:tok6;95:x0.038:y0.192:f17.61:tf19.91:p0.0201:tok6
ablate_no_discrete_tokens,combined_extreme_stress,4,1000,,1,0.91667,2.14755,1.77681,0.10786,1.29988,0.03012,0.00000,0.55682,0.18182,16,5,0.80612,-0.11178,0.83236,891.28626,0.45609,0,0:x-0.112:y-0.430:f0.49:tf11.28:p0.0000:tok1;15:x0.029:y-0.419:f12.08:tf11.28:p0.0293:tok1;30:x0.027:y-0.341:f10.77:tf11.28:p0.0267:tok1;45:x0.027:y-0.208:f12.67:tf11.28:p0.0266:tok1;60:x0.028:y-0.048:f11.59:tf11.28:p0.0282:tok1;75:x0.033:y0.116:f14.66:tf11.28:p0.0147:tok1;90:x0.041:y0.250:f20.15:tf19.91:p0.0226:tok1;95:x0.040:y0.280:f20.85:tf19.91:p0.0222:tok1
ablate_no_force_update,combined_extreme_stress,4,1000,,0,0.90625,3.63611,5.43176,0.18263,1.55835,0.03388,0.00000,0.21839,0.11494,10,5,0.79414,-0.12456,0.68163,420.00000,0.20000,61,0:x-0.110:y-0.419:f0.00:tf11.28:p0.0000:tok1;15:x0.022:y-0.414:f8.86:tf11.28:p0.0224:tok7;30:x0.024:y-0.358:f9.11:tf11.28:p0.0241:tok6;45:x0.023:y-0.265:f10.71:tf11.28:p0.0228:tok4;60:x0.022:y-0.148:f8.79:tf11.28:p0.0223:tok4;75:x0.034:y-0.010:f14.93:tf11.28:p0.0159:tok7;90:x0.049:y0.116:f28.07:tf19.91:p0.0311:tok5;95:x0.049:y0.150:f28.31:tf19.91:p0.0314:tok5
ablate_no_transition_planner,combined_extreme_stress,4,1000,,0,0.89583,3.09190,3.47337,0.15530,1.24692,0.02487,0.00000,0.24419,0.06977,6,5,0.84520,-0.13460,0.67899,872.76689,0.45622,48,0:x-0.120:y-0.430:f1.08:tf11.28:p0.0000:tok1;15:x0.022:y-0.424:f8.51:tf11.28:p0.0216:tok2;30:x0.023:y-0.365:f9.61:tf11.28:p0.0229:tok6;45:x0.023:y-0.264:f10.14:tf11.28:p0.0232:tok4;60:x0.022:y-0.145:f10.44:tf11.28:p0.0220:tok4;75:x0.031:y-0.006:f12.66:tf11.28:p0.0127:tok4;90:x0.038:y0.115:f17.14:tf19.91:p0.0200:tok2;95:x0.038:y0.148:f17.09:tf19.91:p0.0200:tok2
ablate_no_safety_penalty,combined_extreme_stress,4,1000,,0,0.89583,3.07733,3.22152,0.15456,1.11396,0.02464,0.00000,0.25581,0.05814,5,7,0.81325,-0.14411,0.66902,895.91726,0.45618,50,0:x-0.119:y-0.423:f0.00:tf11.28:p0.0000:tok1;15:x0.023:y-0.418:f8.86:tf11.28:p0.0226:tok6;30:x0.023:y-0.361:f8.96:tf11.28:p0.0228:tok6;45:x0.023:y-0.270:f10.06:tf11.28:p0.0225:tok4;60:x0.022:y-0.150:f10.32:tf11.28:p0.0224:tok4;75:x0.030:y-0.010:f9.69:tf11.28:p0.0119:tok4;90:x0.038:y0.110:f17.33:tf19.91:p0.0195:tok5;95:x0.038:y0.140:f18.16:tf19.91:p0.0198:tok6
ablate_no_slip_context,combined_extreme_stress,4,1000,,0,0.90625,2.95094,2.64702,0.14822,1.08569,0.02575,0.00000,0.27586,0.02299,2,5,0.86533,-0.15153,0.66786,893.55918,0.45611,43,0:x-0.114:y-0.434:f0.31:tf11.28:p0.0000:tok1;15:x0.020:y-0.427:f6.95:tf11.28:p0.0200:tok5;30:x0.023:y-0.366:f10.00:tf11.28:p0.0225:tok6;45:x0.024:y-0.269:f10.90:tf11.28:p0.0245:tok6;60:x0.025:y-0.142:f9.79:tf11.28:p0.0248:tok6;75:x0.030:y-0.014:f10.95:tf11.28:p0.0116:tok6;90:x0.038:y0.111:f17.38:tf19.91:p0.0197:tok6;95:x0.037:y0.139:f17.23:tf19.91:p0.0191:tok6
ablate_no_tail_risk_objective,combined_extreme_stress,4,1000,,1,0.89583,2.33742,1.89503,0.11740,1.39692,0.02716,0.00000,0.39535,0.17442,15,5,0.72555,-0.09854,0.74714,884.23859,0.45612,22,0:x-0.119:y-0.430:f0.30:tf11.28:p0.0000:tok1;15:x0.024:y-0.423:f11.41:tf11.28:p0.0237:tok7;30:x0.027:y-0.345:f11.70:tf11.28:p0.0270:tok3;45:x0.025:y-0.231:f9.22:tf11.28:p0.0249:tok3;60:x0.025:y-0.098:f9.88:tf11.28:p0.0252:tok3;75:x0.031:y0.045:f10.87:tf11.28:p0.0135:tok3;90:x0.039:y0.171:f18.33:tf19.91:p0.0215:tok2;95:x0.041:y0.206:f20.76:tf19.91:p0.0227:tok2
ablate_no_calibration_guard,combined_extreme_stress,4,1000,,0,0.90625,2.51407,2.38574,0.12627,1.26778,0.03026,0.00000,0.35632,0.16092,14,5,1.06935,-0.17471,0.69921,881.25605,0.45610,32,0:x-0.115:y-0.436:f0.23:tf11.28:p0.0000:tok1;15:x0.030:y-0.426:f13.73:tf11.28:p0.0303:tok7;30:x0.024:y-0.360:f9.95:tf11.28:p0.0238:tok6;45:x0.026:y-0.259:f9.57:tf11.28:p0.0260:tok6;60:x0.025:y-0.130:f9.13:tf11.28:p0.0247:tok6;75:x0.030:y0.001:f11.36:tf11.28:p0.0119:tok6;90:x0.039:y0.136:f18.06:tf19.91:p0.0212:tok6;95:x0.038:y0.166:f17.24:tf19.91:p0.0202:tok5
ablate_no_phase_memory,combined_extreme_stress,4,1000,,0,0.90625,2.44326,2.10864,0.12272,1.16913,0.02683,0.00000,0.41379,0.09195,8,5,0.66561,-0.09668,0.73598,883.97565,0.45608,39,0:x-0.104:y-0.422:f0.05:tf11.28:p0.0000:tok1;15:x0.022:y-0.415:f10.03:tf11.28:p0.0221:tok6;30:x0.025:y-0.350:f10.18:tf11.28:p0.0246:tok7;45:x0.026:y-0.242:f7.33:tf11.28:p0.0257:tok3;60:x0.026:y-0.106:f9.89:tf11.28:p0.0265:tok3;75:x0.032:y0.040:f13.12:tf11.28:p0.0137:tok3;90:x0.039:y0.167:f17.81:tf19.91:p0.0214:tok6;95:x0.039:y0.197:f17.92:tf19.91:p0.0208:tok0
impedance_token_policy_v4,combined_extreme_stress,4,1000,,0,0.89583,2.59891,2.06999,0.13053,1.25921,0.02585,0.00000,0.39535,0.11628,10,5,0.82222,-0.13421,0.71357,895.57644,0.45614,60,0:x-0.123:y-0.429:f0.00:tf11.28:p0.0000:tok1;15:x0.022:y-0.423:f11.74:tf11.28:p0.0225:tok7;30:x0.025:y-0.359:f10.51:tf11.28:p0.0249:tok6;45:x0.025:y-0.248:f12.31:tf11.28:p0.0250:tok0;60:x0.023:y-0.116:f8.53:tf11.28:p0.0231:tok4;75:x0.031:y0.016:f10.74:tf11.28:p0.0126:tok4;90:x0.042:y0.140:f21.54:tf19.91:p0.0238:tok7;95:x0.040:y0.177:f20.50:tf19.91:p0.0221:tok6
learned_only_token_replacement,combined_extreme_stress,4,1000,,1,0.89583,3.19520,2.15852,0.16048,1.68647,0.02794,0.00000,0.55814,0.11628,10,5,0.63577,-0.17839,0.78831,887.33468,0.45612,0,0:x-0.117:y-0.440:f0.87:tf11.28:p0.0000:tok-1;15:x0.018:y-0.435:f8.61:tf11.28:p0.0177:tok-1;30:x0.024:y-0.360:f8.79:tf11.28:p0.0244:tok-1;45:x0.027:y-0.229:f7.15:tf11.28:p0.0271:tok-1;60:x0.027:y-0.075:f10.55:tf11.28:p0.0271:tok-1;75:x0.034:y0.081:f13.59:tf11.28:p0.0156:tok-1;90:x0.038:y0.211:f18.17:tf19.91:p0.0202:tok-1;95:x0.038:y0.242:f16.85:tf19.91:p0.0203:tok-1
token_full_v5,combined_extreme_stress,4,1001,,0,0.89583,3.02451,4.39604,0.15162,1.26400,0.02300,0.00000,0.32558,0.09302,8,7,0.72240,-0.12120,0.66985,823.92507,0.53878,43,0:x-0.118:y-0.427:f0.00:tf9.46:p0.0000:tok1;15:x0.018:y-0.422:f7.95:tf9.46:p0.0180:tok0;30:x0.021:y-0.365:f9.32:tf9.46:p0.0212:tok6;45:x0.021:y-0.271:f7.50:tf9.46:p0.0209:tok6;60:x0.022:y-0.150:f4.09:tf9.46:p0.0042:tok3;75:x0.029:y-0.018:f8.40:tf9.46:p0.0107:tok4;90:x0.039:y0.107:f17.51:tf19.95:p0.0208:tok4;95:x0.041:y0.140:f18.39:tf19.95:p0.0227:tok6
ablate_no_memory,combined_extreme_stress,4,1001,,0,0.88542,2.89462,3.48366,0.14511,1.28968,0.02396,0.00000,0.44706,0.14118,12,5,0.46610,-0.07921,0.72146,806.21255,0.53875,15,0:x-0.103:y-0.425:f0.00:tf9.46:p0.0000:tok3;15:x0.015:y-0.422:f7.26:tf9.46:p0.0148:tok0;30:x0.020:y-0.367:f6.15:tf9.46:p0.0200:tok2;45:x0.023:y-0.264:f8.25:tf9.46:p0.0225:tok3;60:x0.025:y-0.123:f11.18:tf9.46:p0.0072:tok3;75:x0.030:y0.024:f11.39:tf9.46:p0.0124:tok3;90:x0.041:y0.154:f18.37:tf19.95:p0.0226:tok6;95:x0.040:y0.185:f17.36:tf19.95:p0.0223:tok2
ablate_no_discrete_tokens,combined_extreme_stress,4,1001,,1,0.91667,1.91385,2.09230,0.09595,1.45615,0.02665,0.00000,0.56818,0.11364,10,5,0.79616,-0.10363,0.82254,808.83641,0.53864,0,0:x-0.118:y-0.425:f1.96:tf9.46:p0.0000:tok1;15:x0.025:y-0.417:f7.85:tf9.46:p0.0245:tok1;30:x0.025:y-0.340:f9.33:tf9.46:p0.0249:tok1;45:x0.027:y-0.207:f9.56:tf9.46:p0.0265:tok1;60:x0.028:y-0.047:f6.47:tf9.46:p0.0095:tok1;75:x0.031:y0.107:f9.90:tf9.46:p0.0133:tok1;90:x0.043:y0.242:f18.98:tf19.95:p0.0253:tok1;95:x0.043:y0.272:f20.41:tf19.95:p0.0248:tok1
ablate_no_force_update,combined_extreme_stress,4,1001,,0,0.88542,3.69815,5.72273,0.18540,1.55769,0.03587,0.00000,0.37647,0.08235,7,5,0.86475,-0.13614,0.69902,420.00000,0.20000,61,0:x-0.120:y-0.426:f0.00:tf9.46:p0.0000:tok1;15:x0.018:y-0.422:f6.69:tf9.46:p0.0182:tok5;30:x0.022:y-0.362:f7.88:tf9.46:p0.0218:tok6;45:x0.021:y-0.265:f5.95:tf9.46:p0.0207:tok6;60:x0.023:y-0.138:f4.16:tf9.46:p0.0049:tok3;75:x0.033:y-0.000:f11.58:tf9.46:p0.0149:tok4;90:x0.050:y0.131:f27.44:tf19.95:p0.0317:tok2;95:x0.053:y0.165:f27.71:tf19.95:p0.0350:tok5
ablate_no_transition_planner,combined_extreme_stress,4,1001,,0,0.89583,3.03810,4.54568,0.15231,1.42373,0.02243,0.00000,0.33721,0.08140,7,9,0.73979,-0.11103,0.67720,830.18164,0.53881,50,0:x-0.113:y-0.437:f0.64:tf9.46:p0.0000:tok1;15:x0.017:y-0.432:f6.57:tf9.46:p0.0167:tok5;30:x0.021:y-0.371:f7.20:tf9.46:p0.0208:tok6;45:x0.021:y-0.276:f8.32:tf9.46:p0.0214:tok4;60:x0.022:y-0.149:f6.89:tf9.46:p0.0044:tok3;75:x0.028:y-0.010:f7.42:tf9.46:p0.0100:tok4;90:x0.039:y0.113:f19.21:tf19.95:p0.0211:tok4;95:x0.040:y0.146:f18.61:tf19.95:p0.0224:tok6
ablate_no_safety_penalty,combined_extreme_stress,4,1001,,0,0.88542,2.96311,4.22146,0.14855,1.15362,0.02224,0.00000,0.31765,0.03529,3,8,0.75151,-0.12624,0.66402,831.97167,0.53873,46,0:x-0.120:y-0.450:f0.95:tf9.46:p0.0000:tok1;15:x0.019:y-0.445:f7.76:tf9.46:p0.0188:tok4;30:x0.020:y-0.382:f6.44:tf9.46:p0.0203:tok2;45:x0.022:y-0.277:f7.81:tf9.46:p0.0216:tok4;60:x0.024:y-0.150:f7.76:tf9.46:p0.0059:tok3;75:x0.029:y-0.014:f8.93:tf9.46:p0.0114:tok4;90:x0.038:y0.106:f17.17:tf19.95:p0.0205:tok5;95:x0.040:y0.136:f19.12:tf19.95:p0.0220:tok6
ablate_no_slip_context,combined_extreme_stress,4,1001,,0,0.89583,2.84440,2.98455,0.14260,1.35236,0.02358,0.00000,0.25581,0.04651,4,5,0.78716,-0.10934,0.67735,808.22942,0.53874,45,0:x-0.109:y-0.429:f0.92:tf9.46:p0.0000:tok1;15:x0.018:y-0.423:f7.49:tf9.46:p0.0179:tok4;30:x0.022:y-0.363:f8.67:tf9.46:p0.0219:tok6;45:x0.021:y-0.271:f6.99:tf9.46:p0.0213:tok6;60:x0.023:y-0.152:f5.82:tf9.46:p0.0054:tok5;75:x0.029:y-0.015:f8.08:tf9.46:p0.0107:tok6;90:x0.041:y0.112:f18.10:tf19.95:p0.0234:tok6;95:x0.041:y0.146:f18.96:tf19.95:p0.0226:tok6
ablate_no_tail_risk_objective,combined_extreme_stress,4,1001,,0,0.88542,2.50208,2.89824,0.12543,1.30755,0.02543,0.00000,0.44706,0.08235,7,5,0.70622,-0.09217,0.73943,817.43900,0.53866,25,0:x-0.121:y-0.439:f0.00:tf9.46:p0.0000:tok1;15:x0.019:y-0.434:f6.01:tf9.46:p0.0188:tok5;30:x0.024:y-0.354:f8.52:tf9.46:p0.0245:tok3;45:x0.025:y-0.234:f7.80:tf9.46:p0.0250:tok3;60:x0.025:y-0.099:f4.89:tf9.46:p0.0073:tok3;75:x0.030:y0.040:f9.89:tf9.46:p0.0124:tok3;90:x0.041:y0.165:f19.57:tf19.95:p0.0228:tok2;95:x0.042:y0.199:f19.73:tf19.95:p0.0245:tok2
ablate_no_calibration_guard,combined_extreme_stress,4,1001,,0,0.89583,2.38881,2.67373,0.11976,1.83270,0.02570,0.01163,0.26744,0.09302,8,5,1.05343,-0.17481,0.69048,811.96668,0.53861,39,0:x-0.119:y-0.439:f0.65:tf9.46:p0.0000:tok1;15:x0.025:y-0.431:f11.37:tf9.46:p0.0247:tok7;30:x0.022:y-0.361:f6.54:tf9.46:p0.0216:tok2;45:x0.024:y-0.257:f8.48:tf9.46:p0.0240:tok6;60:x0.025:y-0.136:f7.23:tf9.46:p0.0066:tok6;75:x0.029:y0.005:f8.84:tf9.46:p0.0114:tok6;90:x0.040:y0.128:f17.64:tf19.95:p0.0224:tok6;95:x0.040:y0.159:f18.39:tf19.95:p0.0224:tok6
ablate_no_phase_memory,combined_extreme_stress,4,1001,,0,0.89583,2.70881,3.25782,0.13580,1.37310,0.02517,0.00000,0.47674,0.11628,10,5,0.69211,-0.09145,0.72899,803.46737,0.53871,35,0:x-0.116:y-0.441:f0.94:tf9.46:p0.0000:tok1;15:x0.018:y-0.436:f8.39:tf9.46:p0.0177:tok4;30:x0.022:y-0.369:f9.27:tf9.46:p0.0216:tok7;45:x0.024:y-0.253:f9.31:tf9.46:p0.0242:tok3;60:x0.025:y-0.112:f7.88:tf9.46:p0.0071:tok3;75:x0.030:y0.030:f8.70:tf9.46:p0.0122:tok3;90:x0.041:y0.157:f17.96:tf19.95:p0.0233:tok0;95:x0.043:y0.190:f19.46:tf19.95:p0.0249:tok7
impedance_token_policy_v4,combined_extreme_stress,4,1001,,0,0.89583,2.54242,2.84703,0.12746,1.27868,0.02629,0.00000,0.37209,0.11628,10,5,0.77907,-0.10805,0.71531,811.25023,0.53870,67,0:x-0.119:y-0.430:f0.00:tf9.46:p0.0000:tok1;15:x0.020:y-0.424:f8.81:tf9.46:p0.0196:tok2;30:x0.022:y-0.360:f8.83:tf9.46:p0.0216:tok7;45:x0.024:y-0.244:f8.70:tf9.46:p0.0239:tok4;60:x0.025:y-0.114:f7.35:tf9.46:p0.0074:tok4;75:x0.029:y0.015:f8.22:tf9.46:p0.0115:tok4;90:x0.044:y0.141:f20.80:tf19.95:p0.0259:tok2;95:x0.042:y0.178:f19.51:tf19.95:p0.0243:tok0
learned_only_token_replacement,combined_extreme_stress,4,1001,,1,0.87500,2.83434,2.48343,0.14209,1.69624,0.02645,0.00000,0.57143,0.14286,12,5,0.56899,-0.16441,0.77214,813.58999,0.53859,0,0:x-0.116:y-0.441:f1.77:tf9.46:p0.0000:tok-1;15:x0.013:y-0.437:f6.90:tf9.46:p0.0127:tok-1;30:x0.022:y-0.363:f7.04:tf9.46:p0.0217:tok-1;45:x0.025:y-0.231:f9.05:tf9.46:p0.0251:tok-1;60:x0.027:y-0.076:f8.43:tf9.46:p0.0094:tok-1;75:x0.032:y0.073:f11.89:tf9.46:p0.0135:tok-1;90:x0.041:y0.199:f17.88:tf19.95:p0.0231:tok-1;95:x0.041:y0.229:f18.00:tf19.95:p0.0225:tok-1
token_full_v5,combined_extreme_stress,4,1002,,0,0.89583,3.09366,2.91353,0.16584,1.32319,0.02643,0.00000,0.12791,0.11628,10,6,0.69239,-0.09858,0.64511,904.04613,0.52186,57,0:x-0.110:y-0.428:f0.00:tf9.37:p0.0000:tok1;15:x0.019:y-0.423:f6.79:tf9.37:p0.0193:tok5;30:x0.024:y-0.364:f7.62:tf9.37:p0.0242:tok6;45:x0.025:y-0.266:f6.45:tf9.37:p0.0250:tok6;60:x0.029:y-0.139:f11.04:tf9.37:p0.0114:tok4;75:x0.036:y-0.018:f15.94:tf18.65:p0.0175:tok6;90:x0.037:y0.085:f19.31:tf18.65:p0.0187:tok6;95:x0.037:y0.118:f18.33:tf18.65:p0.0190:tok6
ablate_no_memory,combined_extreme_stress,4,1002,,0,0.87500,2.89704,1.72134,0.15530,1.44512,0.02797,0.00000,0.47619,0.08333,7,5,0.52355,-0.11232,0.70173,891.55264,0.52192,13,0:x-0.121:y-0.441:f0.00:tf9.37:p0.0000:tok3;15:x0.013:y-0.440:f4.71:tf9.37:p0.0130:tok5;30:x0.023:y-0.376:f7.05:tf9.37:p0.0233:tok6;45:x0.027:y-0.268:f8.12:tf9.37:p0.0272:tok3;60:x0.031:y-0.125:f11.55:tf9.37:p0.0130:tok3;75:x0.038:y0.014:f18.22:tf18.65:p0.0198:tok3;90:x0.038:y0.139:f18.15:tf18.65:p0.0201:tok6;95:x0.037:y0.168:f16.82:tf18.65:p0.0188:tok6
ablate_no_discrete_tokens,combined_extreme_stress,4,1002,,1,0.91667,2.03650,1.13210,0.10917,1.51744,0.03102,0.00000,0.57955,0.06818,6,5,0.75891,-0.09845,0.81280,887.92400,0.52189,0,0:x-0.118:y-0.439:f0.17:tf9.37:p0.0000:tok1;15:x0.026:y-0.429:f6.74:tf9.37:p0.0261:tok1;30:x0.027:y-0.347:f8.99:tf9.37:p0.0268:tok1;45:x0.031:y-0.209:f8.69:tf9.37:p0.0308:tok1;60:x0.031:y-0.050:f12.41:tf9.37:p0.0133:tok1;75:x0.039:y0.102:f18.67:tf18.65:p0.0214:tok1;90:x0.039:y0.232:f19.01:tf18.65:p0.0213:tok1;95:x0.039:y0.263:f19.37:tf18.65:p0.0210:tok1
ablate_no_force_update,combined_extreme_stress,4,1002,,0,0.88542,4.66426,6.85806,0.25003,1.54973,0.03075,0.00000,0.34118,0.02353,2,96,0.83907,-0.12640,0.68953,420.00000,0.20000,71,0:x-0.114:y-0.435:f2.88:tf9.37:p0.0000:tok1;15:x0.018:y-0.431:f7.10:tf9.37:p0.0184:tok6;30:x0.023:y-0.367:f5.77:tf9.37:p0.0227:tok2;45:x0.020:y-0.260:f6.07:tf9.37:p0.0204:tok6;60:x0.032:y-0.134:f13.39:tf9.37:p0.0141:tok6;75:x0.045:y0.000:f24.86:tf18.65:p0.0274:tok7;90:x0.048:y0.125:f25.75:tf18.65:p0.0297:tok5;95:x0.048:y0.157:f26.68:tf18.65:p0.0295:tok2
ablate_no_transition_planner,combined_extreme_stress,4,1002,,0,0.88542,3.00897,2.88591,0.16130,1.15823,0.02575,0.00000,0.01176,0.05882,5,6,0.78328,-0.13688,0.64239,891.37902,0.52185,55,0:x-0.128:y-0.429:f0.39:tf9.37:p0.0000:tok1;15:x0.018:y-0.424:f8.62:tf9.37:p0.0180:tok4;30:x0.024:y-0.360:f7.89:tf9.37:p0.0241:tok6;45:x0.025:y-0.258:f7.84:tf9.37:p0.0246:tok4;60:x0.029:y-0.138:f8.82:tf9.37:p0.0112:tok4;75:x0.036:y-0.019:f16.95:tf18.65:p0.0177:tok4;90:x0.037:y0.087:f14.74:tf18.65:p0.0185:tok5;95:x0.037:y0.117:f16.38:tf18.65:p0.0189:tok6
ablate_no_safety_penalty,combined_extreme_stress,4,1002,,0,0.89583,3.00665,2.83967,0.16118,1.16526,0.02584,0.00000,0.08140,0.05814,5,5,0.65327,-0.10816,0.63968,888.31059,0.52182,53,0:x-0.108:y-0.439:f0.50:tf9.37:p0.0000:tok1;15:x0.018:y-0.432:f7.65:tf9.37:p0.0179:tok4;30:x0.022:y-0.367:f6.38:tf9.37:p0.0224:tok2;45:x0.025:y-0.260:f6.12:tf9.37:p0.0248:tok6;60:x0.030:y-0.135:f10.92:tf9.37:p0.0119:tok4;75:x0.035:y-0.016:f14.48:tf18.65:p0.0175:tok6;90:x0.037:y0.087:f18.01:tf18.65:p0.0193:tok6;95:x0.037:y0.115:f16.89:tf18.65:p0.0193:tok6
ablate_no_slip_context,combined_extreme_stress,4,1002,,0,0.88542,2.76898,2.22099,0.14844,1.17462,0.02596,0.00000,0.00000,0.05882,5,5,0.81230,-0.13793,0.63434,901.16283,0.52181,44,0:x-0.125:y-0.424:f0.00:tf9.37:p0.0000:tok1;15:x0.018:y-0.419:f5.63:tf9.37:p0.0179:tok5;30:x0.023:y-0.361:f7.85:tf9.37:p0.0231:tok6;45:x0.026:y-0.257:f8.40:tf9.37:p0.0259:tok6;60:x0.028:y-0.139:f8.65:tf9.37:p0.0103:tok6;75:x0.037:y-0.026:f17.16:tf18.65:p0.0190:tok6;90:x0.036:y0.081:f15.96:tf18.65:p0.0183:tok6;95:x0.037:y0.110:f19.36:tf18.65:p0.0195:tok6
ablate_no_tail_risk_objective,combined_extreme_stress,4,1002,,0,0.89583,2.44236,1.48612,0.13093,1.40979,0.02833,0.00000,0.43023,0.11628,10,5,0.65418,-0.07720,0.72726,895.00209,0.52188,31,0:x-0.113:y-0.440:f0.86:tf9.37:p0.0000:tok1;15:x0.018:y-0.435:f6.17:tf9.37:p0.0177:tok5;30:x0.025:y-0.356:f7.16:tf9.37:p0.0252:tok3;45:x0.027:y-0.236:f11.36:tf9.37:p0.0271:tok3;60:x0.031:y-0.102:f12.23:tf9.37:p0.0129:tok7;75:x0.038:y0.034:f16.23:tf18.65:p0.0196:tok3;90:x0.038:y0.154:f19.18:tf18.65:p0.0204:tok2;95:x0.039:y0.189:f20.16:tf18.65:p0.0209:tok2
ablate_no_calibration_guard,combined_extreme_stress,4,1002,,0,0.90625,2.48659,2.09511,0.13330,1.27917,0.02759,0.00000,0.10345,0.08046,7,5,0.99320,-0.16056,0.65336,886.63471,0.52178,44,0:x-0.117:y-0.416:f0.00:tf9.37:p0.0000:tok1;15:x0.023:y-0.410:f6.08:tf9.37:p0.0231:tok7;30:x0.026:y-0.348:f7.78:tf9.37:p0.0257:tok6;45:x0.025:y-0.254:f10.78:tf9.37:p0.0253:tok6;60:x0.029:y-0.134:f8.78:tf9.37:p0.0110:tok6;75:x0.037:y-0.015:f17.41:tf18.65:p0.0192:tok6;90:x0.036:y0.098:f16.50:tf18.65:p0.0181:tok6;95:x0.037:y0.126:f14.83:tf18.65:p0.0186:tok7
ablate_no_phase_memory,combined_extreme_stress,4,1002,,0,0.88542,2.57992,1.66509,0.13830,1.37996,0.02770,0.00000,0.40000,0.08235,7,6,0.70467,-0.10316,0.71204,889.42888,0.52189,40,0:x-0.123:y-0.429:f0.31:tf9.37:p0.0000:tok1;15:x0.017:y-0.425:f6.50:tf9.37:p0.0172:tok2;30:x0.025:y-0.358:f7.03:tf9.37:p0.0251:tok6;45:x0.027:y-0.246:f9.26:tf9.37:p0.0274:tok3;60:x0.031:y-0.112:f11.54:tf9.37:p0.0130:tok3;75:x0.038:y0.021:f18.13:tf18.65:p0.0198:tok3;90:x0.039:y0.143:f17.16:tf18.65:p0.0207:tok3;95:x0.038:y0.176:f18.78:tf18.65:p0.0204:tok7
impedance_token_policy_v4,combined_extreme_stress,4,1002,,0,0.89583,2.58933,1.41954,0.13880,1.51195,0.02936,0.00000,0.46512,0.09302,8,5,0.79498,-0.10220,0.71465,887.88335,0.52195,52,0:x-0.130:y-0.441:f0.51:tf9.37:p0.0000:tok1;15:x0.019:y-0.436:f6.13:tf9.37:p0.0188:tok5;30:x0.025:y-0.370:f9.06:tf9.37:p0.0247:tok0;45:x0.029:y-0.250:f9.87:tf9.37:p0.0292:tok4;60:x0.031:y-0.121:f11.36:tf9.37:p0.0132:tok3;75:x0.038:y0.009:f18.34:tf18.65:p0.0200:tok3;90:x0.039:y0.136:f18.44:tf18.65:p0.0206:tok2;95:x0.040:y0.176:f19.75:tf18.65:p0.0215:tok2
learned_only_token_replacement,combined_extreme_stress,4,1002,,1,0.89583,3.22344,2.14074,0.17280,1.69815,0.03014,0.00000,0.54651,0.10465,9,5,0.57379,-0.14707,0.76181,884.88788,0.52193,0,0:x-0.113:y-0.437:f0.00:tf9.37:p0.0000:tok-1;15:x0.015:y-0.432:f6.34:tf9.37:p0.0150:tok-1;30:x0.025:y-0.357:f6.58:tf9.37:p0.0249:tok-1;45:x0.028:y-0.225:f9.73:tf9.37:p0.0283:tok-1;60:x0.033:y-0.074:f14.46:tf9.37:p0.0146:tok-1;75:x0.037:y0.065:f15.95:tf18.65:p0.0192:tok-1;90:x0.037:y0.188:f18.22:tf18.65:p0.0190:tok-1;95:x0.037:y0.219:f16.93:tf18.65:p0.0193:tok-1
token_full_v5,combined_extreme_stress,4,1003,,0,0.89583,2.69153,1.58069,0.14638,1.09834,0.02583,0.00000,0.19767,0.08140,7,5,0.71607,-0.13870,0.66267,896.02419,0.49557,42,0:x-0.112:y-0.432:f0.00:tf9.51:p0.0000:tok1;15:x0.018:y-0.427:f6.70:tf9.51:p0.0182:tok2;30:x0.023:y-0.364:f7.42:tf9.51:p0.0229:tok6;45:x0.024:y-0.264:f4.38:tf9.51:p0.0243:tok7;60:x0.025:y-0.137:f7.73:tf9.51:p0.0246:tok4;75:x0.038:y-0.005:f20.14:tf18.39:p0.0203:tok4;90:x0.037:y0.107:f16.39:tf18.39:p0.0187:tok6;95:x0.037:y0.135:f18.27:tf18.39:p0.0187:tok6
ablate_no_memory,combined_extreme_stress,4,1003,,0,0.87500,2.68650,1.60792,0.14611,1.29267,0.02969,0.00000,0.46429,0.08333,7,5,0.52006,-0.10193,0.71065,903.57053,0.49557,15,0:x-0.111:y-0.435:f0.00:tf9.51:p0.0000:tok3;15:x0.015:y-0.432:f7.23:tf9.51:p0.0147:tok0;30:x0.023:y-0.371:f5.96:tf9.51:p0.0231:tok2;45:x0.027:y-0.263:f6.24:tf9.51:p0.0266:tok3;60:x0.030:y-0.119:f9.97:tf9.51:p0.0296:tok3;75:x0.040:y0.027:f19.79:tf18.39:p0.0221:tok3;90:x0.038:y0.149:f18.77:tf18.39:p0.0196:tok6;95:x0.036:y0.176:f18.31:tf18.39:p0.0182:tok6
ablate_no_discrete_tokens,combined_extreme_stress,4,1003,,1,0.91667,2.31948,2.22387,0.12615,1.39446,0.03117,0.00000,0.55682,0.14773,13,8,0.77094,-0.09882,0.81861,903.49405,0.49559,0,0:x-0.115:y-0.430:f0.36:tf9.51:p0.0000:tok1;15:x0.027:y-0.421:f8.87:tf9.51:p0.0267:tok1;30:x0.027:y-0.342:f7.86:tf9.51:p0.0274:tok1;45:x0.029:y-0.207:f10.83:tf9.51:p0.0286:tok1;60:x0.030:y-0.046:f10.33:tf9.51:p0.0303:tok1;75:x0.042:y0.111:f21.71:tf18.39:p0.0240:tok1;90:x0.038:y0.238:f19.54:tf18.39:p0.0204:tok1;95:x0.038:y0.268:f19.16:tf18.39:p0.0201:tok1
ablate_no_force_update,combined_extreme_stress,4,1003,,0,0.89583,4.61188,6.53158,0.25083,1.57317,0.02906,0.00000,0.23256,0.02326,2,5,0.88165,-0.15824,0.68774,420.00000,0.20000,75,0:x-0.112:y-0.426:f0.00:tf9.51:p0.0000:tok1;15:x0.020:y-0.422:f7.26:tf9.51:p0.0203:tok4;30:x0.023:y-0.358:f7.44:tf9.51:p0.0232:tok6;45:x0.023:y-0.256:f8.24:tf9.51:p0.0227:tok4;60:x0.022:y-0.128:f7.08:tf9.51:p0.0219:tok4;75:x0.042:y0.006:f23.97:tf18.39:p0.0241:tok6;90:x0.046:y0.124:f26.12:tf18.39:p0.0283:tok2;95:x0.046:y0.156:f26.94:tf18.39:p0.0283:tok6
ablate_no_transition_planner,combined_extreme_stress,4,1003,,0,0.89583,2.76960,1.60504,0.15063,1.29586,0.02640,0.00000,0.26744,0.10465,9,5,0.77472,-0.13264,0.66940,916.14992,0.49553,46,0:x-0.118:y-0.432:f0.45:tf9.51:p0.0000:tok1;15:x0.018:y-0.428:f8.03:tf9.51:p0.0182:tok0;30:x0.025:y-0.362:f6.87:tf9.51:p0.0245:tok2;45:x0.026:y-0.259:f6.11:tf9.51:p0.0256:tok6;60:x0.025:y-0.133:f8.39:tf9.51:p0.0250:tok4;75:x0.038:y0.004:f19.03:tf18.39:p0.0203:tok4;90:x0.036:y0.114:f18.07:tf18.39:p0.0176:tok6;95:x0.036:y0.140:f15.75:tf18.39:p0.0177:tok5
ablate_no_safety_penalty,combined_extreme_stress,4,1003,,0,0.89583,2.82995,1.87266,0.15391,1.21277,0.02460,0.00000,0.24419,0.06977,6,5,0.76241,-0.13411,0.66738,911.92637,0.49559,46,0:x-0.117:y-0.425:f0.06:tf9.51:p0.0000:tok1;15:x0.017:y-0.421:f5.39:tf9.51:p0.0170:tok5;30:x0.023:y-0.359:f7.88:tf9.51:p0.0225:tok6;45:x0.023:y-0.260:f5.54:tf9.51:p0.0234:tok6;60:x0.024:y-0.138:f7.07:tf9.51:p0.0239:tok4;75:x0.038:y-0.003:f17.31:tf18.39:p0.0196:tok4;90:x0.036:y0.111:f16.47:tf18.39:p0.0182:tok6;95:x0.036:y0.139:f17.08:tf18.39:p0.0176:tok6
ablate_no_slip_context,combined_extreme_stress,4,1003,,0,0.89583,2.77874,1.77694,0.15113,1.14240,0.03268,0.00000,0.20930,0.09302,8,5,0.70334,-0.12069,0.63207,931.36997,0.49542,38,0:x-0.104:y-0.447:f0.01:tf9.51:p0.0000:tok1;15:x0.019:y-0.441:f5.65:tf9.51:p0.0190:tok5;30:x0.023:y-0.373:f7.28:tf9.51:p0.0231:tok6;45:x0.027:y-0.268:f9.71:tf9.51:p0.0267:tok6;60:x0.031:y-0.132:f10.29:tf9.51:p0.0312:tok6;75:x0.037:y-0.010:f18.13:tf18.39:p0.0185:tok6;90:x0.035:y0.084:f18.05:tf18.39:p0.0173:tok6;95:x0.035:y0.109:f16.33:tf18.39:p0.0168:tok6
ablate_no_tail_risk_objective,combined_extreme_stress,4,1003,,0,0.89583,2.23657,1.40474,0.12164,1.21298,0.02833,0.00000,0.37209,0.11628,10,5,0.63872,-0.07251,0.73436,912.04603,0.49554,26,0:x-0.112:y-0.425:f1.02:tf9.51:p0.0000:tok1;15:x0.019:y-0.420:f7.36:tf9.51:p0.0189:tok0;30:x0.027:y-0.345:f7.67:tf9.51:p0.0267:tok3;45:x0.027:y-0.229:f10.63:tf9.51:p0.0272:tok3;60:x0.028:y-0.095:f8.17:tf9.51:p0.0282:tok3;75:x0.040:y0.042:f21.30:tf18.39:p0.0216:tok3;90:x0.038:y0.160:f18.06:tf18.39:p0.0200:tok3;95:x0.038:y0.195:f17.57:tf18.39:p0.0199:tok2
ablate_no_calibration_guard,combined_extreme_stress,4,1003,,0,0.89583,2.18913,1.53434,0.11906,1.10937,0.02952,0.00000,0.16279,0.09302,8,5,0.88744,-0.16558,0.64524,899.44298,0.49544,32,0:x-0.113:y-0.449:f0.00:tf9.51:p0.0000:tok1;15:x0.024:y-0.441:f8.65:tf9.51:p0.0244:tok7;30:x0.025:y-0.366:f7.77:tf9.51:p0.0248:tok7;45:x0.028:y-0.253:f8.82:tf9.51:p0.0276:tok6;60:x0.029:y-0.126:f9.39:tf9.51:p0.0291:tok6;75:x0.037:y-0.004:f16.37:tf18.39:p0.0191:tok6;90:x0.037:y0.094:f17.38:tf18.39:p0.0187:tok6;95:x0.036:y0.120:f16.51:tf18.39:p0.0180:tok6
ablate_no_phase_memory,combined_extreme_stress,4,1003,,0,0.88542,2.51598,1.44751,0.13684,1.24619,0.02774,0.00000,0.42353,0.12941,11,5,0.76445,-0.11481,0.71951,901.72692,0.49557,36,0:x-0.125:y-0.432:f0.00:tf9.51:p0.0000:tok1;15:x0.017:y-0.428:f6.63:tf9.51:p0.0171:tok2;30:x0.025:y-0.362:f9.40:tf9.51:p0.0249:tok4;45:x0.027:y-0.249:f10.05:tf9.51:p0.0266:tok3;60:x0.027:y-0.110:f7.55:tf9.51:p0.0268:tok3;75:x0.040:y0.034:f20.34:tf18.39:p0.0222:tok3;90:x0.038:y0.154:f19.36:tf18.39:p0.0195:tok6;95:x0.037:y0.183:f18.06:tf18.39:p0.0194:tok1
impedance_token_policy_v4,combined_extreme_stress,4,1003,,0,0.89583,2.68644,1.96215,0.14611,1.30596,0.02889,0.00000,0.33721,0.09302,8,5,0.79374,-0.10561,0.69923,931.55624,0.49548,62,0:x-0.116:y-0.411:f1.66:tf9.51:p0.0000:tok1;15:x0.019:y-0.406:f6.48:tf9.51:p0.0188:tok5;30:x0.026:y-0.347:f7.73:tf9.51:p0.0257:tok0;45:x0.028:y-0.235:f8.23:tf9.51:p0.0283:tok4;60:x0.026:y-0.105:f7.93:tf9.51:p0.0257:tok4;75:x0.040:y0.025:f19.96:tf18.39:p0.0219:tok6;90:x0.038:y0.130:f18.08:tf18.39:p0.0195:tok7;95:x0.038:y0.164:f19.24:tf18.39:p0.0198:tok7
learned_only_token_replacement,combined_extreme_stress,4,1003,,1,0.89583,3.03774,2.80107,0.16521,1.43739,0.02928,0.00000,0.53488,0.10465,9,10,0.60819,-0.14975,0.77181,901.62305,0.49557,0,0:x-0.111:y-0.436:f0.00:tf9.51:p0.0000:tok-1;15:x0.014:y-0.431:f4.76:tf9.51:p0.0139:tok-1;30:x0.025:y-0.356:f8.88:tf9.51:p0.0247:tok-1;45:x0.028:y-0.225:f6.28:tf9.51:p0.0276:tok-1;60:x0.029:y-0.071:f11.16:tf9.51:p0.0289:tok-1;75:x0.042:y0.078:f20.72:tf18.39:p0.0242:tok-1;90:x0.037:y0.198:f19.23:tf18.39:p0.0190:tok-1;95:x0.036:y0.228:f16.57:tf18.39:p0.0185:tok-1
token_full_v5,combined_extreme_stress,5,1000,,0,0.89583,2.90607,2.33841,0.15281,1.27329,0.02935,0.00000,0.31395,0.03488,3,5,0.75755,-0.11487,0.67975,861.57438,0.43217,53,0:x-0.119:y-0.427:f0.00:tf9.93:p0.0000:tok1;15:x0.021:y-0.423:f6.37:tf9.93:p0.0207:tok5;30:x0.027:y-0.358:f6.81:tf9.93:p0.0268:tok5;45:x0.028:y-0.260:f6.53:tf9.93:p0.0275:tok6;60:x0.028:y-0.140:f8.07:tf9.93:p0.0279:tok4;75:x0.033:y-0.002:f12.73:tf19.02:p0.0149:tok7;90:x0.037:y0.119:f17.35:tf19.02:p0.0195:tok6;95:x0.037:y0.148:f16.23:tf19.02:p0.0194:tok2
ablate_no_memory,combined_extreme_stress,5,1000,,0,0.88542,2.89231,1.56703,0.15209,1.47073,0.03175,0.00000,0.42353,0.16471,14,5,0.53146,-0.09626,0.72835,853.13613,0.43220,17,0:x-0.112:y-0.426:f1.44:tf9.93:p0.0000:tok3;15:x0.015:y-0.423:f6.60:tf9.93:p0.0154:tok5;30:x0.027:y-0.359:f8.32:tf9.93:p0.0269:tok6;45:x0.028:y-0.259:f8.82:tf9.93:p0.0283:tok3;60:x0.031:y-0.122:f6.43:tf9.93:p0.0310:tok3;75:x0.035:y0.029:f16.44:tf19.02:p0.0174:tok3;90:x0.039:y0.160:f18.10:tf19.02:p0.0212:tok3;95:x0.038:y0.191:f16.79:tf19.02:p0.0200:tok6
ablate_no_discrete_tokens,combined_extreme_stress,5,1000,,1,0.91667,2.15253,1.48129,0.11319,1.45745,0.03259,0.00000,0.56818,0.10227,9,5,0.79346,-0.10295,0.83495,857.36477,0.43216,0,0:x-0.116:y-0.434:f0.00:tf9.93:p0.0000:tok1;15:x0.027:y-0.425:f7.85:tf9.93:p0.0273:tok1;30:x0.030:y-0.344:f9.22:tf9.93:p0.0300:tok1;45:x0.033:y-0.208:f10.90:tf9.93:p0.0326:tok1;60:x0.030:y-0.046:f8.62:tf9.93:p0.0301:tok1;75:x0.036:y0.117:f17.57:tf19.02:p0.0180:tok1;90:x0.040:y0.252:f18.93:tf19.02:p0.0220:tok1;95:x0.040:y0.283:f19.51:tf19.02:p0.0220:tok1
ablate_no_force_update,combined_extreme_stress,5,1000,,0,0.89583,4.17371,5.46932,0.21947,1.50348,0.03169,0.00000,0.32558,0.02326,2,5,0.83255,-0.13818,0.69918,420.00000,0.20000,69,0:x-0.116:y-0.433:f0.86:tf9.93:p0.0000:tok1;15:x0.022:y-0.427:f7.41:tf9.93:p0.0216:tok5;30:x0.025:y-0.360:f8.11:tf9.93:p0.0247:tok6;45:x0.023:y-0.255:f9.09:tf9.93:p0.0229:tok4;60:x0.023:y-0.127:f3.77:tf9.93:p0.0233:tok7;75:x0.039:y0.015:f21.06:tf19.02:p0.0210:tok4;90:x0.048:y0.132:f26.89:tf19.02:p0.0297:tok5;95:x0.049:y0.165:f28.21:tf19.02:p0.0315:tok6
ablate_no_transition_planner,combined_extreme_stress,5,1000,,0,0.89583,3.10894,2.75662,0.16348,1.28870,0.03025,0.00000,0.29070,0.06977,6,6,0.75479,-0.13008,0.67703,862.44886,0.43218,52,0:x-0.119:y-0.416:f1.10:tf9.93:p0.0000:tok1;15:x0.019:y-0.412:f8.35:tf9.93:p0.0192:tok0;30:x0.026:y-0.351:f6.96:tf9.93:p0.0264:tok2;45:x0.028:y-0.257:f10.07:tf9.93:p0.0280:tok6;60:x0.028:y-0.135:f6.93:tf9.93:p0.0284:tok6;75:x0.032:y-0.003:f14.18:tf19.02:p0.0143:tok6;90:x0.038:y0.115:f16.61:tf19.02:p0.0197:tok6;95:x0.038:y0.147:f16.92:tf19.02:p0.0198:tok6
ablate_no_safety_penalty,combined_extreme_stress,5,1000,,0,0.89583,3.00167,2.44133,0.15784,1.23452,0.02855,0.00000,0.31395,0.03488,3,5,0.68940,-0.11620,0.67470,878.43250,0.43218,51,0:x-0.113:y-0.431:f0.00:tf9.93:p0.0000:tok1;15:x0.020:y-0.425:f8.17:tf9.93:p0.0201:tok4;30:x0.026:y-0.361:f9.08:tf9.93:p0.0257:tok6;45:x0.027:y-0.259:f8.54:tf9.93:p0.0265:tok4;60:x0.026:y-0.137:f8.32:tf9.93:p0.0262:tok4;75:x0.034:y-0.005:f17.24:tf19.02:p0.0161:tok4;90:x0.037:y0.115:f17.46:tf19.02:p0.0187:tok6;95:x0.037:y0.145:f17.35:tf19.02:p0.0192:tok6
ablate_no_slip_context,combined_extreme_stress,5,1000,,0,0.89583,3.03669,2.90131,0.15968,1.32213,0.03042,0.00000,0.18605,0.10465,9,5,0.73997,-0.12087,0.66206,858.52242,0.43210,36,0:x-0.109:y-0.420:f0.69:tf9.93:p0.0000:tok1;15:x0.020:y-0.414:f6.64:tf9.93:p0.0198:tok5;30:x0.026:y-0.353:f7.98:tf9.93:p0.0255:tok6;45:x0.028:y-0.256:f8.80:tf9.93:p0.0282:tok6;60:x0.030:y-0.129:f7.71:tf9.93:p0.0295:tok6;75:x0.033:y-0.003:f14.51:tf19.02:p0.0148:tok7;90:x0.037:y0.108:f17.07:tf19.02:p0.0190:tok6;95:x0.037:y0.134:f16.70:tf19.02:p0.0189:tok6
ablate_no_tail_risk_objective,combined_extreme_stress,5,1000,,1,0.89583,2.54607,1.22288,0.13388,1.43241,0.03064,0.00000,0.43023,0.13953,12,5,0.75585,-0.09938,0.75071,868.51442,0.43216,26,0:x-0.124:y-0.438:f0.00:tf9.93:p0.0000:tok1;15:x0.019:y-0.433:f7.34:tf9.93:p0.0186:tok5;30:x0.030:y-0.352:f8.82:tf9.93:p0.0299:tok3;45:x0.029:y-0.234:f5.99:tf9.93:p0.0287:tok3;60:x0.030:y-0.099:f10.46:tf9.93:p0.0302:tok3;75:x0.035:y0.045:f15.74:tf19.02:p0.0171:tok7;90:x0.039:y0.174:f18.23:tf19.02:p0.0210:tok2;95:x0.040:y0.209:f18.06:tf19.02:p0.0216:tok2
ablate_no_calibration_guard,combined_extreme_stress,5,1000,,0,0.90625,2.45640,2.10953,0.12917,1.23102,0.03042,0.00000,0.22989,0.12644,11,5,0.88606,-0.15143,0.68064,862.26403,0.43212,34,0:x-0.107:y-0.422:f0.00:tf9.93:p0.0000:tok1;15:x0.026:y-0.413:f8.67:tf9.93:p0.0263:tok7;30:x0.026:y-0.352:f7.07:tf9.93:p0.0256:tok2;45:x0.029:y-0.256:f5.44:tf9.93:p0.0285:tok7;60:x0.028:y-0.128:f7.19:tf9.93:p0.0281:tok7;75:x0.036:y0.001:f17.91:tf19.02:p0.0177:tok6;90:x0.038:y0.121:f17.55:tf19.02:p0.0199:tok6;95:x0.038:y0.150:f16.86:tf19.02:p0.0199:tok6
ablate_no_phase_memory,combined_extreme_stress,5,1000,,0,0.89583,2.65216,1.29149,0.13946,1.34232,0.03113,0.00000,0.43023,0.11628,10,5,0.71138,-0.10649,0.73801,871.18016,0.43216,37,0:x-0.118:y-0.427:f0.00:tf9.93:p0.0000:tok1;15:x0.019:y-0.422:f9.12:tf9.93:p0.0193:tok0;30:x0.026:y-0.355:f9.80:tf9.93:p0.0264:tok6;45:x0.030:y-0.245:f11.62:tf9.93:p0.0298:tok3;60:x0.030:y-0.108:f6.70:tf9.93:p0.0304:tok3;75:x0.035:y0.040:f16.12:tf19.02:p0.0172:tok3;90:x0.039:y0.167:f18.44:tf19.02:p0.0214:tok6;95:x0.038:y0.199:f18.47:tf19.02:p0.0199:tok6
impedance_token_policy_v4,combined_extreme_stress,5,1000,,0,0.89583,2.63327,1.74297,0.13847,1.43546,0.02941,0.00000,0.43023,0.10465,9,5,0.70836,-0.10018,0.71706,867.96833,0.43221,63,0:x-0.108:y-0.440:f0.00:tf9.93:p0.0000:tok1;15:x0.021:y-0.434:f5.67:tf9.93:p0.0212:tok5;30:x0.027:y-0.364:f7.05:tf9.93:p0.0271:tok2;45:x0.029:y-0.245:f8.55:tf9.93:p0.0292:tok4;60:x0.028:y-0.114:f7.72:tf9.93:p0.0276:tok4;75:x0.034:y0.017:f13.78:tf19.02:p0.0160:tok3;90:x0.040:y0.145:f20.01:tf19.02:p0.0220:tok0;95:x0.038:y0.181:f17.29:tf19.02:p0.0201:tok6
learned_only_token_replacement,combined_extreme_stress,5,1000,,1,0.88542,3.00335,1.37165,0.15793,1.81860,0.03151,0.03529,0.52941,0.16471,14,5,0.63694,-0.17361,0.79129,858.62739,0.43215,0,0:x-0.120:y-0.414:f0.38:tf9.93:p0.0000:tok-1;15:x0.015:y-0.409:f4.97:tf9.93:p0.0152:tok-1;30:x0.027:y-0.342:f8.97:tf9.93:p0.0271:tok-1;45:x0.031:y-0.218:f11.81:tf9.93:p0.0306:tok-1;60:x0.031:y-0.067:f5.91:tf9.93:p0.0309:tok-1;75:x0.039:y0.086:f20.07:tf19.02:p0.0207:tok-1;90:x0.038:y0.213:f18.02:tf19.02:p0.0200:tok-1;95:x0.038:y0.245:f16.95:tf19.02:p0.0198:tok-1
token_full_v5,combined_extreme_stress,5,1001,,0,0.89583,3.15241,4.27899,0.15737,1.53765,0.02706,0.00000,0.05814,0.09302,8,5,0.77449,-0.13789,0.66202,858.64847,0.46662,53,0:x-0.123:y-0.424:f0.75:tf10.03:p0.0000:tok1;15:x0.021:y-0.419:f8.25:tf10.03:p0.0205:tok4;30:x0.026:y-0.355:f8.46:tf10.03:p0.0257:tok6;45:x0.026:y-0.255:f8.80:tf10.03:p0.0261:tok4;60:x0.032:y-0.137:f11.46:tf10.03:p0.0138:tok4;75:x0.029:y-0.017:f9.20:tf10.03:p0.0110:tok4;90:x0.038:y0.102:f17.97:tf20.03:p0.0198:tok6;95:x0.040:y0.133:f17.84:tf20.03:p0.0216:tok6
ablate_no_memory,combined_extreme_stress,5,1001,,0,0.87500,3.05632,3.39626,0.15258,1.39598,0.02727,0.00000,0.41667,0.05952,5,5,0.53834,-0.10013,0.71647,874.43409,0.46675,18,0:x-0.118:y-0.423:f1.31:tf10.03:p0.0000:tok3;15:x0.016:y-0.420:f7.04:tf10.03:p0.0162:tok5;30:x0.025:y-0.362:f7.93:tf10.03:p0.0254:tok6;45:x0.025:y-0.265:f8.07:tf10.03:p0.0253:tok6;60:x0.033:y-0.138:f13.66:tf10.03:p0.0150:tok3;75:x0.029:y0.006:f10.02:tf10.03:p0.0114:tok3;90:x0.039:y0.145:f18.49:tf20.03:p0.0212:tok3;95:x0.040:y0.180:f18.74:tf20.03:p0.0215:tok6
ablate_no_discrete_tokens,combined_extreme_stress,5,1001,,1,0.91667,2.20026,1.95710,0.10984,1.58618,0.03098,0.00000,0.59091,0.17045,15,5,0.80764,-0.10590,0.82773,865.19799,0.46670,0,0:x-0.119:y-0.433:f1.54:tf10.03:p0.0000:tok1;15:x0.028:y-0.424:f8.77:tf10.03:p0.0278:tok1;30:x0.029:y-0.344:f7.79:tf10.03:p0.0287:tok1;45:x0.030:y-0.209:f9.49:tf10.03:p0.0305:tok1;60:x0.033:y-0.051:f10.84:tf10.03:p0.0150:tok1;75:x0.030:y0.104:f8.99:tf10.03:p0.0116:tok1;90:x0.041:y0.244:f21.06:tf20.03:p0.0234:tok1;95:x0.041:y0.276:f21.42:tf20.03:p0.0233:tok1
ablate_no_force_update,combined_extreme_stress,5,1001,,0,0.89583,3.82454,5.13514,0.19093,1.72615,0.03471,0.01163,0.31395,0.05814,5,5,0.73330,-0.10409,0.69357,420.00000,0.20000,72,0:x-0.103:y-0.424:f0.00:tf10.03:p0.0000:tok1;15:x0.023:y-0.417:f8.10:tf10.03:p0.0234:tok0;30:x0.024:y-0.358:f7.39:tf10.03:p0.0244:tok2;45:x0.023:y-0.254:f7.35:tf10.03:p0.0232:tok7;60:x0.033:y-0.127:f11.45:tf10.03:p0.0146:tok4;75:x0.033:y0.005:f12.02:tf10.03:p0.0153:tok4;90:x0.047:y0.125:f25.72:tf20.03:p0.0292:tok5;95:x0.053:y0.160:f29.77:tf20.03:p0.0347:tok4
ablate_no_transition_planner,combined_extreme_stress,5,1001,,0,0.89583,3.05695,4.07273,0.15261,1.35573,0.02607,0.00000,0.16279,0.11628,10,5,0.73427,-0.11335,0.66628,868.39239,0.46666,51,0:x-0.112:y-0.436:f0.23:tf10.03:p0.0000:tok1;15:x0.021:y-0.429:f5.79:tf10.03:p0.0207:tok5;30:x0.025:y-0.363:f7.63:tf10.03:p0.0250:tok6;45:x0.026:y-0.264:f8.93:tf10.03:p0.0257:tok4;60:x0.031:y-0.143:f9.08:tf10.03:p0.0130:tok4;75:x0.029:y-0.020:f9.17:tf10.03:p0.0109:tok4;90:x0.038:y0.105:f15.33:tf20.03:p0.0197:tok5;95:x0.038:y0.137:f16.61:tf20.03:p0.0201:tok5
ablate_no_safety_penalty,combined_extreme_stress,5,1001,,0,0.89583,3.33115,4.60709,0.16630,1.69676,0.02623,0.00000,0.19767,0.06977,6,10,0.76789,-0.12728,0.66998,865.06439,0.46670,53,0:x-0.119:y-0.431:f1.04:tf10.03:p0.0000:tok1;15:x0.019:y-0.426:f7.23:tf10.03:p0.0190:tok5;30:x0.025:y-0.363:f8.45:tf10.03:p0.0253:tok6;45:x0.025:y-0.264:f7.79:tf10.03:p0.0253:tok4;60:x0.031:y-0.144:f14.13:tf10.03:p0.0130:tok6;75:x0.029:y-0.017:f9.06:tf10.03:p0.0107:tok4;90:x0.038:y0.107:f17.06:tf20.03:p0.0196:tok5;95:x0.039:y0.140:f18.22:tf20.03:p0.0213:tok6
ablate_no_slip_context,combined_extreme_stress,5,1001,,0,0.89583,3.04238,3.57225,0.15188,1.41243,0.02819,0.00000,0.12791,0.13953,12,5,0.81237,-0.13101,0.65846,885.98691,0.46653,48,0:x-0.118:y-0.426:f0.00:tf10.03:p0.0000:tok1;15:x0.019:y-0.420:f8.33:tf10.03:p0.0191:tok0;30:x0.025:y-0.357:f8.38:tf10.03:p0.0246:tok6;45:x0.026:y-0.260:f8.77:tf10.03:p0.0259:tok6;60:x0.030:y-0.135:f13.36:tf10.03:p0.0124:tok5;75:x0.029:y-0.014:f9.88:tf10.03:p0.0108:tok6;90:x0.039:y0.099:f17.96:tf20.03:p0.0205:tok6;95:x0.039:y0.131:f19.22:tf20.03:p0.0206:tok6
ablate_no_tail_risk_objective,combined_extreme_stress,5,1001,,0,0.89583,2.58415,2.68146,0.12900,1.50680,0.02954,0.00000,0.44186,0.10465,9,5,0.65677,-0.08041,0.73528,875.42847,0.46663,25,0:x-0.115:y-0.439:f0.27:tf10.03:p0.0000:tok1;15:x0.020:y-0.432:f7.34:tf10.03:p0.0197:tok5;30:x0.029:y-0.352:f8.42:tf10.03:p0.0285:tok3;45:x0.029:y-0.233:f9.66:tf10.03:p0.0290:tok3;60:x0.031:y-0.101:f11.95:tf10.03:p0.0130:tok3;75:x0.030:y0.033:f10.27:tf10.03:p0.0120:tok3;90:x0.040:y0.161:f19.97:tf20.03:p0.0217:tok3;95:x0.041:y0.195:f20.80:tf20.03:p0.0227:tok2
ablate_no_calibration_guard,combined_extreme_stress,5,1001,,0,0.90625,2.53352,2.62219,0.12648,1.40825,0.02835,0.00000,0.18391,0.09195,8,5,1.07040,-0.18029,0.67335,869.11464,0.46660,38,0:x-0.121:y-0.437:f0.00:tf10.03:p0.0000:tok1;15:x0.025:y-0.429:f8.21:tf10.03:p0.0253:tok7;30:x0.025:y-0.364:f6.83:tf10.03:p0.0246:tok2;45:x0.026:y-0.264:f8.80:tf10.03:p0.0264:tok6;60:x0.030:y-0.145:f12.98:tf10.03:p0.0121:tok7;75:x0.029:y-0.017:f9.67:tf10.03:p0.0111:tok6;90:x0.040:y0.110:f18.05:tf20.03:p0.0215:tok6;95:x0.039:y0.143:f18.66:tf20.03:p0.0212:tok6
ablate_no_phase_memory,combined_extreme_stress,5,1001,,0,0.89583,2.80511,3.06491,0.14003,1.59111,0.03004,0.00000,0.45349,0.04651,4,5,0.66026,-0.09449,0.72780,858.75342,0.46667,43,0:x-0.110:y-0.425:f0.00:tf10.03:p0.0000:tok1;15:x0.020:y-0.419:f6.35:tf10.03:p0.0198:tok2;30:x0.027:y-0.355:f8.35:tf10.03:p0.0271:tok0;45:x0.029:y-0.244:f7.07:tf10.03:p0.0289:tok3;60:x0.031:y-0.111:f11.65:tf10.03:p0.0129:tok3;75:x0.030:y0.025:f9.76:tf10.03:p0.0118:tok3;90:x0.040:y0.156:f18.25:tf20.03:p0.0216:tok3;95:x0.040:y0.190:f19.96:tf20.03:p0.0220:tok6
impedance_token_policy_v4,combined_extreme_stress,5,1001,,0,0.89583,2.78060,3.14178,0.13881,1.79448,0.02884,0.01163,0.44186,0.10465,9,5,0.78462,-0.10174,0.71925,877.15252,0.46668,57,0:x-0.118:y-0.442:f0.00:tf10.03:p0.0000:tok1;15:x0.021:y-0.436:f6.73:tf10.03:p0.0211:tok5;30:x0.026:y-0.364:f9.26:tf10.03:p0.0261:tok6;45:x0.028:y-0.249:f9.75:tf10.03:p0.0276:tok4;60:x0.031:y-0.120:f11.80:tf10.03:p0.0132:tok7;75:x0.029:y0.012:f10.82:tf10.03:p0.0114:tok3;90:x0.040:y0.144:f18.78:tf20.03:p0.0216:tok0;95:x0.042:y0.181:f21.34:tf20.03:p0.0238:tok0
learned_only_token_replacement,combined_extreme_stress,5,1001,,1,0.88542,3.37289,3.37653,0.16838,1.78494,0.03006,0.02353,0.54118,0.07059,6,5,0.65699,-0.18277,0.77743,874.31679,0.46664,0,0:x-0.124:y-0.420:f0.00:tf10.03:p0.0000:tok-1;15:x0.016:y-0.416:f6.28:tf10.03:p0.0159:tok-1;30:x0.026:y-0.347:f9.27:tf10.03:p0.0262:tok-1;45:x0.030:y-0.221:f10.83:tf10.03:p0.0300:tok-1;60:x0.034:y-0.072:f13.92:tf10.03:p0.0160:tok-1;75:x0.030:y0.069:f10.57:tf10.03:p0.0122:tok-1;90:x0.039:y0.200:f18.86:tf20.03:p0.0207:tok-1;95:x0.039:y0.233:f18.03:tf20.03:p0.0205:tok-1
token_full_v5,combined_extreme_stress,5,1002,,0,0.89583,3.01014,2.92314,0.15649,1.35614,0.02674,0.00000,0.34884,0.04651,4,5,0.76500,-0.11964,0.69049,833.65124,0.39237,49,0:x-0.117:y-0.438:f0.98:tf10.24:p0.0000:tok1;15:x0.022:y-0.431:f9.02:tf10.24:p0.0219:tok4;30:x0.026:y-0.366:f7.18:tf10.24:p0.0259:tok2;45:x0.025:y-0.270:f4.55:tf10.24:p0.0249:tok5;60:x0.026:y-0.146:f7.59:tf10.24:p0.0262:tok6;75:x0.031:y-0.003:f10.95:tf10.24:p0.0125:tok4;90:x0.038:y0.124:f17.43:tf19.24:p0.0196:tok6;95:x0.039:y0.158:f17.49:tf19.24:p0.0208:tok6
ablate_no_memory,combined_extreme_stress,5,1002,,1,0.88542,2.76855,1.70422,0.14393,1.29153,0.02898,0.00000,0.43529,0.12941,11,5,0.51389,-0.08352,0.74333,841.36738,0.39236,14,0:x-0.106:y-0.428:f0.53:tf10.24:p0.0000:tok3;15:x0.017:y-0.424:f6.59:tf10.24:p0.0171:tok5;30:x0.025:y-0.364:f8.86:tf10.24:p0.0252:tok6;45:x0.025:y-0.268:f8.79:tf10.24:p0.0247:tok6;60:x0.028:y-0.133:f7.93:tf10.24:p0.0285:tok3;75:x0.032:y0.028:f10.62:tf10.24:p0.0140:tok3;90:x0.039:y0.170:f19.52:tf19.24:p0.0214:tok3;95:x0.039:y0.204:f17.50:tf19.24:p0.0209:tok6
ablate_no_discrete_tokens,combined_extreme_stress,5,1002,,1,0.91667,2.06466,1.62644,0.10733,1.46514,0.03132,0.00000,0.57955,0.12500,11,5,0.81640,-0.10759,0.84686,844.97093,0.39224,0,0:x-0.118:y-0.438:f0.00:tf10.24:p0.0000:tok1;15:x0.027:y-0.427:f9.79:tf10.24:p0.0273:tok1;30:x0.027:y-0.344:f9.39:tf10.24:p0.0274:tok1;45:x0.030:y-0.208:f7.74:tf10.24:p0.0297:tok1;60:x0.031:y-0.047:f9.86:tf10.24:p0.0312:tok1;75:x0.034:y0.122:f13.89:tf10.24:p0.0156:tok1;90:x0.041:y0.262:f20.63:tf19.24:p0.0229:tok1;95:x0.040:y0.293:f17.65:tf19.24:p0.0221:tok1
ablate_no_force_update,combined_extreme_stress,5,1002,,0,0.89583,3.63963,4.69654,0.18921,1.53582,0.03254,0.00000,0.31395,0.05814,5,5,0.83659,-0.14087,0.70116,420.00000,0.20000,61,0:x-0.119:y-0.421:f0.00:tf10.24:p0.0000:tok1;15:x0.023:y-0.415:f7.71:tf10.24:p0.0225:tok5;30:x0.024:y-0.356:f8.52:tf10.24:p0.0244:tok6;45:x0.023:y-0.255:f12.23:tf10.24:p0.0229:tok4;60:x0.023:y-0.132:f7.75:tf10.24:p0.0225:tok4;75:x0.031:y0.006:f11.65:tf10.24:p0.0127:tok4;90:x0.045:y0.132:f23.78:tf19.24:p0.0271:tok5;95:x0.051:y0.166:f29.54:tf19.24:p0.0325:tok4
ablate_no_transition_planner,combined_extreme_stress,5,1002,,0,0.89583,3.13353,3.20794,0.16290,1.25869,0.02893,0.00000,0.33721,0.08140,7,5,0.79368,-0.12465,0.69311,843.79266,0.39232,53,0:x-0.120:y-0.440:f0.26:tf10.24:p0.0000:tok1;15:x0.020:y-0.434:f8.72:tf10.24:p0.0201:tok4;30:x0.025:y-0.368:f8.11:tf10.24:p0.0254:tok6;45:x0.027:y-0.266:f8.59:tf10.24:p0.0270:tok4;60:x0.028:y-0.138:f8.64:tf10.24:p0.0275:tok4;75:x0.031:y0.003:f11.50:tf10.24:p0.0128:tok4;90:x0.037:y0.126:f16.51:tf19.24:p0.0190:tok2;95:x0.039:y0.160:f18.96:tf19.24:p0.0209:tok6
ablate_no_safety_penalty,combined_extreme_stress,5,1002,,0,0.89583,3.07439,3.19444,0.15983,1.20815,0.02658,0.00000,0.32558,0.04651,4,6,0.76402,-0.12212,0.69519,839.41647,0.39236,58,0:x-0.114:y-0.446:f0.00:tf10.24:p0.0000:tok1;15:x0.019:y-0.439:f8.68:tf10.24:p0.0194:tok0;30:x0.025:y-0.370:f8.38:tf10.24:p0.0249:tok6;45:x0.025:y-0.267:f6.77:tf10.24:p0.0249:tok6;60:x0.025:y-0.142:f10.44:tf10.24:p0.0253:tok4;75:x0.031:y0.002:f11.05:tf10.24:p0.0127:tok4;90:x0.037:y0.131:f16.98:tf19.24:p0.0193:tok6;95:x0.039:y0.162:f18.24:tf19.24:p0.0209:tok6
ablate_no_slip_context,combined_extreme_stress,5,1002,,0,0.89583,2.76843,2.23014,0.14392,1.23840,0.02937,0.00000,0.26744,0.06977,6,5,0.77306,-0.13326,0.68809,828.51903,0.39226,50,0:x-0.108:y-0.422:f0.14:tf10.24:p0.0000:tok1;15:x0.021:y-0.417:f7.49:tf10.24:p0.0207:tok2;30:x0.026:y-0.355:f9.03:tf10.24:p0.0257:tok6;45:x0.026:y-0.258:f7.73:tf10.24:p0.0261:tok2;60:x0.027:y-0.133:f8.81:tf10.24:p0.0269:tok6;75:x0.029:y-0.004:f9.11:tf10.24:p0.0113:tok6;90:x0.039:y0.125:f18.66:tf19.24:p0.0212:tok6;95:x0.038:y0.156:f16.99:tf19.24:p0.0201:tok6
ablate_no_tail_risk_objective,combined_extreme_stress,5,1002,,1,0.89583,2.39123,1.38325,0.12431,1.32076,0.02915,0.00000,0.43023,0.15116,13,5,0.67301,-0.07642,0.76296,836.75253,0.39226,26,0:x-0.109:y-0.434:f0.00:tf10.24:p0.0000:tok1;15:x0.022:y-0.427:f8.53:tf10.24:p0.0217:tok7;30:x0.028:y-0.348:f9.65:tf10.24:p0.0281:tok3;45:x0.028:y-0.233:f7.48:tf10.24:p0.0281:tok3;60:x0.029:y-0.099:f11.67:tf10.24:p0.0291:tok3;75:x0.032:y0.050:f13.43:tf10.24:p0.0137:tok3;90:x0.040:y0.185:f19.51:tf19.24:p0.0220:tok3;95:x0.041:y0.219:f18.95:tf19.24:p0.0225:tok2
ablate_no_calibration_guard,combined_extreme_stress,5,1002,,0,0.90625,2.35268,2.07779,0.12231,1.28997,0.02934,0.00000,0.34483,0.06897,6,5,1.01122,-0.16967,0.70283,853.65444,0.39225,32,0:x-0.115:y-0.439:f0.24:tf10.24:p0.0000:tok1;15:x0.027:y-0.429:f9.00:tf10.24:p0.0266:tok7;30:x0.025:y-0.361:f8.21:tf10.24:p0.0248:tok7;45:x0.026:y-0.256:f10.83:tf10.24:p0.0260:tok6;60:x0.027:y-0.128:f10.01:tf10.24:p0.0268:tok6;75:x0.029:y0.013:f9.25:tf10.24:p0.0114:tok6;90:x0.038:y0.139:f18.27:tf19.24:p0.0201:tok6;95:x0.037:y0.169:f16.33:tf19.24:p0.0193:tok2
ablate_no_phase_memory,combined_extreme_stress,5,1002,,1,0.89583,2.55302,1.57148,0.13272,1.33495,0.02866,0.00000,0.44186,0.04651,4,5,0.73481,-0.10193,0.75480,834.40917,0.39230,38,0:x-0.119:y-0.427:f0.00:tf10.24:p0.0000:tok1;15:x0.019:y-0.421:f8.65:tf10.24:p0.0195:tok4;30:x0.026:y-0.355:f7.70:tf10.24:p0.0256:tok5;45:x0.027:y-0.246:f10.62:tf10.24:p0.0272:tok3;60:x0.028:y-0.110:f6.75:tf10.24:p0.0275:tok3;75:x0.032:y0.043:f12.74:tf10.24:p0.0139:tok3;90:x0.040:y0.178:f18.29:tf19.24:p0.0216:tok3;95:x0.040:y0.212:f19.46:tf19.24:p0.0222:tok7
impedance_token_policy_v4,combined_extreme_stress,5,1002,,0,0.89583,2.66065,2.32006,0.13832,1.31225,0.02776,0.00000,0.48837,0.11628,10,5,0.68782,-0.07872,0.73311,854.08168,0.39233,67,0:x-0.109:y-0.434:f0.40:tf10.24:p0.0000:tok1;15:x0.021:y-0.428:f7.03:tf10.24:p0.0208:tok5;30:x0.027:y-0.362:f9.94:tf10.24:p0.0269:tok6;45:x0.027:y-0.248:f10.54:tf10.24:p0.0265:tok4;60:x0.025:y-0.114:f9.36:tf10.24:p0.0254:tok4;75:x0.031:y0.023:f12.00:tf10.24:p0.0131:tok4;90:x0.042:y0.152:f20.72:tf19.24:p0.0239:tok4;95:x0.041:y0.192:f21.05:tf19.24:p0.0231:tok7
learned_only_token_replacement,combined_extreme_stress,5,1002,,1,0.89583,2.78901,1.27787,0.14499,1.45615,0.03078,0.00000,0.56977,0.10465,9,5,0.61914,-0.15620,0.79953,839.00783,0.39221,0,0:x-0.113:y-0.441:f0.20:tf10.24:p0.0000:tok-1;15:x0.016:y-0.436:f5.26:tf10.24:p0.0161:tok-1;30:x0.026:y-0.360:f8.38:tf10.24:p0.0265:tok-1;45:x0.030:y-0.227:f10.12:tf10.24:p0.0298:tok-1;60:x0.029:y-0.072:f5.90:tf10.24:p0.0287:tok-1;75:x0.034:y0.088:f14.16:tf10.24:p0.0163:tok-1;90:x0.040:y0.221:f17.33:tf19.24:p0.0220:tok-1;95:x0.039:y0.252:f20.18:tf19.24:p0.0212:tok-1
token_full_v5,combined_extreme_stress,5,1003,,0,0.89583,2.94535,1.78327,0.15694,1.31113,0.02764,0.00000,0.37209,0.05814,5,5,0.80711,-0.13212,0.68656,824.70621,0.45507,46,0:x-0.120:y-0.459:f0.00:tf9.76:p0.0000:tok1;15:x0.018:y-0.453:f6.18:tf9.76:p0.0184:tok5;30:x0.024:y-0.383:f8.34:tf9.76:p0.0239:tok6;45:x0.026:y-0.276:f10.96:tf9.76:p0.0264:tok4;60:x0.026:y-0.140:f8.71:tf9.76:p0.0258:tok4;75:x0.038:y0.003:f19.01:tf18.77:p0.0200:tok4;90:x0.038:y0.125:f16.02:tf18.77:p0.0203:tok2;95:x0.038:y0.155:f17.89:tf18.77:p0.0200:tok6
ablate_no_memory,combined_extreme_stress,5,1003,,0,0.87500,2.66266,1.40757,0.14188,1.21679,0.03040,0.00000,0.45238,0.16667,14,5,0.57296,-0.11850,0.73065,820.61166,0.45498,12,0:x-0.120:y-0.431:f0.00:tf9.76:p0.0000:tok3;15:x0.014:y-0.428:f6.83:tf9.76:p0.0140:tok5;30:x0.025:y-0.367:f7.47:tf9.76:p0.0254:tok6;45:x0.030:y-0.258:f9.24:tf9.76:p0.0301:tok3;60:x0.029:y-0.117:f9.84:tf9.76:p0.0291:tok3;75:x0.040:y0.038:f18.48:tf18.77:p0.0215:tok3;90:x0.040:y0.167:f17.71:tf18.77:p0.0217:tok6;95:x0.038:y0.194:f17.07:tf18.77:p0.0203:tok6
ablate_no_discrete_tokens,combined_extreme_stress,5,1003,,1,0.91667,2.33352,2.37656,0.12434,1.42758,0.03198,0.00000,0.56818,0.17045,15,5,0.79827,-0.10170,0.83249,827.37501,0.45494,0,0:x-0.115:y-0.440:f0.98:tf9.76:p0.0000:tok1;15:x0.027:y-0.429:f8.96:tf9.76:p0.0271:tok1;30:x0.029:y-0.346:f8.67:tf9.76:p0.0287:tok1;45:x0.031:y-0.208:f10.94:tf9.76:p0.0314:tok1;60:x0.030:y-0.047:f9.01:tf9.76:p0.0299:tok1;75:x0.044:y0.120:f23.61:tf18.77:p0.0256:tok1;90:x0.041:y0.251:f19.81:tf18.77:p0.0233:tok1;95:x0.040:y0.281:f19.50:tf18.77:p0.0224:tok1
ablate_no_force_update,combined_extreme_stress,5,1003,,0,0.89583,4.06529,5.42222,0.21662,1.53190,0.03204,0.00000,0.25581,0.03488,3,5,0.83449,-0.13600,0.69952,420.00000,0.20000,67,0:x-0.112:y-0.422:f0.00:tf9.76:p0.0000:tok1;15:x0.020:y-0.416:f6.30:tf9.76:p0.0200:tok5;30:x0.024:y-0.354:f5.71:tf9.76:p0.0236:tok2;45:x0.024:y-0.249:f9.42:tf9.76:p0.0236:tok4;60:x0.022:y-0.123:f8.82:tf9.76:p0.0223:tok4;75:x0.039:y0.018:f20.38:tf18.77:p0.0210:tok4;90:x0.049:y0.133:f25.83:tf18.77:p0.0309:tok2;95:x0.049:y0.165:f26.03:tf18.77:p0.0314:tok2
ablate_no_transition_planner,combined_extreme_stress,5,1003,,0,0.89583,2.84161,1.73853,0.15142,1.34700,0.02802,0.00000,0.36047,0.05814,5,5,0.80523,-0.13473,0.68397,843.33574,0.45500,48,0:x-0.122:y-0.436:f0.95:tf9.76:p0.0000:tok1;15:x0.019:y-0.431:f6.00:tf9.76:p0.0186:tok5;30:x0.024:y-0.368:f7.95:tf9.76:p0.0239:tok6;45:x0.027:y-0.264:f9.71:tf9.76:p0.0273:tok4;60:x0.025:y-0.135:f8.84:tf9.76:p0.0252:tok4;75:x0.038:y0.004:f18.80:tf18.77:p0.0202:tok4;90:x0.038:y0.125:f16.88:tf18.77:p0.0198:tok6;95:x0.038:y0.153:f16.84:tf18.77:p0.0196:tok6
ablate_no_safety_penalty,combined_extreme_stress,5,1003,,0,0.89583,2.83937,1.65882,0.15130,1.17839,0.02630,0.00000,0.37209,0.06977,6,5,0.80684,-0.13787,0.68661,822.52721,0.45502,49,0:x-0.122:y-0.434:f0.82:tf9.76:p0.0000:tok1;15:x0.019:y-0.429:f6.96:tf9.76:p0.0187:tok5;30:x0.024:y-0.364:f7.30:tf9.76:p0.0241:tok6;45:x0.025:y-0.267:f7.17:tf9.76:p0.0255:tok6;60:x0.025:y-0.140:f8.23:tf9.76:p0.0249:tok4;75:x0.038:y0.005:f19.69:tf18.77:p0.0202:tok4;90:x0.038:y0.125:f15.90:tf18.77:p0.0199:tok5;95:x0.039:y0.155:f17.35:tf18.77:p0.0209:tok6
ablate_no_slip_context,combined_extreme_stress,5,1003,,0,0.89583,2.84259,2.19520,0.15147,1.29641,0.02776,0.00000,0.25581,0.08140,7,5,0.79484,-0.14424,0.66685,823.50029,0.45493,46,0:x-0.112:y-0.436:f0.48:tf9.76:p0.0000:tok1;15:x0.019:y-0.429:f7.08:tf9.76:p0.0192:tok5;30:x0.025:y-0.362:f9.67:tf9.76:p0.0249:tok6;45:x0.026:y-0.258:f12.65:tf9.76:p0.0265:tok2;60:x0.026:y-0.131:f8.82:tf9.76:p0.0255:tok6;75:x0.037:y0.001:f16.87:tf18.77:p0.0195:tok6;90:x0.038:y0.113:f17.64:tf18.77:p0.0198:tok6;95:x0.038:y0.139:f17.36:tf18.77:p0.0195:tok6
ablate_no_tail_risk_objective,combined_extreme_stress,5,1003,,1,0.89583,2.36052,1.35462,0.12578,1.36535,0.03086,0.00000,0.41860,0.11628,10,5,0.64855,-0.07556,0.75231,818.72202,0.45492,27,0:x-0.112:y-0.421:f0.00:tf9.76:p0.0000:tok1;15:x0.019:y-0.415:f8.48:tf9.76:p0.0190:tok0;30:x0.028:y-0.340:f8.61:tf9.76:p0.0281:tok3;45:x0.030:y-0.226:f9.67:tf9.76:p0.0296:tok3;60:x0.031:y-0.092:f11.04:tf9.76:p0.0309:tok3;75:x0.040:y0.053:f20.29:tf18.77:p0.0217:tok3;90:x0.040:y0.175:f17.54:tf18.77:p0.0225:tok3;95:x0.041:y0.210:f20.23:tf18.77:p0.0234:tok2
ablate_no_calibration_guard,combined_extreme_stress,5,1003,,1,0.90625,2.91137,4.13262,0.15513,1.48812,0.03120,0.00000,0.43678,0.11494,10,10,1.05214,-0.14207,0.75770,832.85246,0.45502,36,0:x-0.117:y-0.438:f1.14:tf9.76:p0.0000:tok1;15:x0.027:y-0.430:f10.39:tf9.76:p0.0268:tok7;30:x0.025:y-0.361:f7.42:tf9.76:p0.0254:tok6;45:x0.029:y-0.252:f8.71:tf9.76:p0.0289:tok6;60:x0.029:y-0.116:f9.75:tf9.76:p0.0287:tok6;75:x0.047:y0.015:f26.44:tf18.77:p0.0287:tok7;90:x0.042:y0.174:f21.80:tf18.77:p0.0240:tok7;95:x0.040:y0.215:f18.58:tf18.77:p0.0219:tok7
ablate_no_phase_memory,combined_extreme_stress,5,1003,,0,0.89583,2.54034,1.31012,0.13536,1.55524,0.03114,0.00000,0.41860,0.09302,8,5,0.73725,-0.11094,0.73900,836.41116,0.45493,41,0:x-0.119:y-0.426:f0.49:tf9.76:p0.0000:tok1;15:x0.019:y-0.421:f7.07:tf9.76:p0.0187:tok2;30:x0.026:y-0.356:f6.95:tf9.76:p0.0261:tok2;45:x0.027:y-0.244:f4.76:tf9.76:p0.0275:tok3;60:x0.031:y-0.107:f9.11:tf9.76:p0.0308:tok3;75:x0.040:y0.043:f20.01:tf18.77:p0.0225:tok3;90:x0.041:y0.169:f20.86:tf18.77:p0.0225:tok3;95:x0.039:y0.200:f18.25:tf18.77:p0.0215:tok6
impedance_token_policy_v4,combined_extreme_stress,5,1003,,0,0.89583,2.47203,1.25588,0.13172,1.20280,0.02929,0.00000,0.46512,0.04651,4,5,0.77238,-0.11436,0.71844,823.24336,0.45505,62,0:x-0.120:y-0.445:f0.00:tf9.76:p0.0000:tok1;15:x0.020:y-0.439:f6.01:tf9.76:p0.0201:tok5;30:x0.026:y-0.369:f8.49:tf9.76:p0.0260:tok4;45:x0.029:y-0.249:f11.74:tf9.76:p0.0285:tok4;60:x0.027:y-0.117:f8.25:tf9.76:p0.0274:tok4;75:x0.039:y0.019:f18.54:tf18.77:p0.0207:tok4;90:x0.039:y0.145:f18.51:tf18.77:p0.0214:tok0;95:x0.040:y0.181:f18.90:tf18.77:p0.0215:tok6
learned_only_token_replacement,combined_extreme_stress,5,1003,,1,0.88542,2.83085,1.71175,0.15084,1.39644,0.03275,0.00000,0.54118,0.09412,8,5,0.66564,-0.17759,0.78653,812.22797,0.45493,0,0:x-0.120:y-0.435:f0.05:tf9.76:p0.0000:tok-1;15:x0.014:y-0.430:f6.04:tf9.76:p0.0145:tok-1;30:x0.025:y-0.355:f8.62:tf9.76:p0.0252:tok-1;45:x0.030:y-0.225:f11.48:tf9.76:p0.0296:tok-1;60:x0.032:y-0.071:f11.09:tf9.76:p0.0315:tok-1;75:x0.042:y0.087:f19.39:tf18.77:p0.0235:tok-1;90:x0.040:y0.212:f18.96:tf18.77:p0.0221:tok-1;95:x0.039:y0.241:f17.11:tf18.77:p0.0213:tok-1
token_full_v5,combined_extreme_stress,6,1000,,0,0.89583,3.08046,2.39221,0.17210,1.26136,0.03062,0.00000,0.25581,0.04651,4,5,0.76213,-0.12698,0.68732,887.87696,0.41094,47,0:x-0.118:y-0.424:f1.58:tf10.54:p0.0000:tok1;15:x0.021:y-0.418:f7.46:tf10.54:p0.0206:tok5;30:x0.029:y-0.353:f9.34:tf10.54:p0.0291:tok6;45:x0.029:y-0.258:f6.71:tf10.54:p0.0288:tok2;60:x0.029:y-0.139:f7.70:tf10.54:p0.0291:tok7;75:x0.031:y0.001:f12.87:tf10.54:p0.0126:tok4;90:x0.035:y0.125:f16.14:tf17.90:p0.0174:tok6;95:x0.036:y0.156:f15.66:tf17.90:p0.0177:tok6
ablate_no_memory,combined_extreme_stress,6,1000,,1,0.88542,2.93147,1.05986,0.16378,1.59550,0.03516,0.00000,0.44706,0.12941,11,5,0.53882,-0.10146,0.74084,889.81761,0.41088,15,0:x-0.111:y-0.418:f0.00:tf10.54:p0.0000:tok3;15:x0.018:y-0.414:f7.08:tf10.54:p0.0185:tok5;30:x0.029:y-0.354:f6.64:tf10.54:p0.0289:tok2;45:x0.033:y-0.244:f9.13:tf10.54:p0.0325:tok3;60:x0.034:y-0.107:f10.65:tf10.54:p0.0345:tok3;75:x0.032:y0.041:f13.54:tf10.54:p0.0145:tok3;90:x0.037:y0.171:f18.31:tf17.90:p0.0195:tok3;95:x0.036:y0.202:f17.49:tf17.90:p0.0182:tok6
ablate_no_discrete_tokens,combined_extreme_stress,6,1000,,1,0.91667,2.38937,1.37565,0.13349,1.64925,0.03659,0.00000,0.56818,0.13636,12,5,0.78985,-0.10087,0.84299,884.16253,0.41091,0,0:x-0.113:y-0.424:f0.00:tf10.54:p0.0000:tok1;15:x0.030:y-0.414:f8.69:tf10.54:p0.0297:tok1;30:x0.033:y-0.337:f9.71:tf10.54:p0.0326:tok1;45:x0.036:y-0.205:f14.58:tf10.54:p0.0364:tok1;60:x0.036:y-0.046:f9.73:tf10.54:p0.0361:tok1;75:x0.032:y0.120:f12.96:tf10.54:p0.0141:tok1;90:x0.038:y0.258:f18.29:tf17.90:p0.0204:tok1;95:x0.038:y0.289:f18.06:tf17.90:p0.0200:tok1
ablate_no_force_update,combined_extreme_stress,6,1000,,0,0.89583,4.22640,5.29964,0.23613,1.54390,0.02790,0.00000,0.30233,0.02326,2,5,0.88177,-0.14490,0.70035,420.00000,0.20000,71,0:x-0.125:y-0.424:f0.00:tf10.54:p0.0000:tok1;15:x0.024:y-0.420:f9.22:tf10.54:p0.0239:tok4;30:x0.027:y-0.358:f9.37:tf10.54:p0.0272:tok6;45:x0.027:y-0.250:f7.26:tf10.54:p0.0265:tok6;60:x0.025:y-0.123:f6.59:tf10.54:p0.0249:tok7;75:x0.032:y0.016:f13.13:tf10.54:p0.0136:tok6;90:x0.045:y0.134:f27.63:tf17.90:p0.0275:tok4;95:x0.045:y0.166:f24.11:tf17.90:p0.0267:tok5
ablate_no_transition_planner,combined_extreme_stress,6,1000,,0,0.89583,3.02816,1.87045,0.16918,1.32633,0.03031,0.00000,0.31395,0.08140,7,5,0.68833,-0.10454,0.69501,879.11003,0.41098,57,0:x-0.105:y-0.434:f0.00:tf10.54:p0.0000:tok1;15:x0.022:y-0.427:f8.29:tf10.54:p0.0222:tok0;30:x0.028:y-0.362:f8.01:tf10.54:p0.0282:tok2;45:x0.029:y-0.256:f8.62:tf10.54:p0.0292:tok4;60:x0.029:y-0.138:f8.52:tf10.54:p0.0286:tok4;75:x0.032:y-0.000:f12.96:tf10.54:p0.0137:tok4;90:x0.036:y0.131:f16.71:tf17.90:p0.0181:tok4;95:x0.035:y0.162:f15.71:tf17.90:p0.0175:tok6
ablate_no_safety_penalty,combined_extreme_stress,6,1000,,0,0.89583,3.15121,1.79465,0.17606,1.51401,0.03094,0.00000,0.23256,0.01163,1,5,0.80833,-0.13573,0.68586,906.47425,0.41090,56,0:x-0.123:y-0.419:f0.11:tf10.54:p0.0000:tok1;15:x0.020:y-0.413:f8.34:tf10.54:p0.0205:tok0;30:x0.029:y-0.350:f8.44:tf10.54:p0.0292:tok6;45:x0.030:y-0.252:f9.25:tf10.54:p0.0297:tok6;60:x0.029:y-0.137:f7.50:tf10.54:p0.0289:tok6;75:x0.032:y-0.004:f11.42:tf10.54:p0.0139:tok4;90:x0.035:y0.123:f16.83:tf17.90:p0.0175:tok6;95:x0.036:y0.154:f18.23:tf17.90:p0.0177:tok6
ablate_no_slip_context,combined_extreme_stress,6,1000,,0,0.89583,3.21553,2.08455,0.17965,1.61738,0.03268,0.00000,0.19767,0.08140,7,5,0.85826,-0.13770,0.69577,879.57225,0.41090,52,0:x-0.113:y-0.431:f0.00:tf10.54:p0.0000:tok1;15:x0.021:y-0.425:f7.43:tf10.54:p0.0207:tok5;30:x0.028:y-0.358:f9.35:tf10.54:p0.0279:tok6;45:x0.031:y-0.254:f5.92:tf10.54:p0.0313:tok5;60:x0.031:y-0.133:f9.40:tf10.54:p0.0306:tok6;75:x0.033:y0.000:f13.79:tf10.54:p0.0149:tok2;90:x0.035:y0.135:f14.66:tf17.90:p0.0171:tok6;95:x0.035:y0.163:f15.38:tf17.90:p0.0172:tok6
ablate_no_tail_risk_objective,combined_extreme_stress,6,1000,,1,0.89583,2.61637,0.79832,0.14617,1.57071,0.03480,0.00000,0.43023,0.06977,6,5,0.78921,-0.10073,0.76299,904.93991,0.41089,26,0:x-0.124:y-0.426:f0.13:tf10.54:p0.0000:tok1;15:x0.020:y-0.422:f8.36:tf10.54:p0.0202:tok7;30:x0.031:y-0.347:f8.77:tf10.54:p0.0311:tok3;45:x0.033:y-0.232:f9.05:tf10.54:p0.0333:tok3;60:x0.035:y-0.099:f11.17:tf10.54:p0.0346:tok3;75:x0.033:y0.049:f13.96:tf10.54:p0.0154:tok7;90:x0.037:y0.185:f18.55:tf17.90:p0.0191:tok3;95:x0.038:y0.219:f18.48:tf17.90:p0.0197:tok2
ablate_no_calibration_guard,combined_extreme_stress,6,1000,,0,0.90625,2.86226,1.71479,0.15991,1.53218,0.03433,0.00000,0.35632,0.14943,13,5,1.23346,-0.20732,0.71258,889.02505,0.41085,49,0:x-0.129:y-0.433:f0.00:tf10.54:p0.0000:tok1;15:x0.026:y-0.424:f7.75:tf10.54:p0.0257:tok5;30:x0.028:y-0.355:f7.53:tf10.54:p0.0280:tok2;45:x0.033:y-0.251:f10.98:tf10.54:p0.0335:tok6;60:x0.033:y-0.125:f7.29:tf10.54:p0.0334:tok7;75:x0.034:y0.015:f15.27:tf10.54:p0.0163:tok7;90:x0.035:y0.149:f15.89:tf17.90:p0.0171:tok6;95:x0.036:y0.177:f15.29:tf17.90:p0.0177:tok2
ablate_no_phase_memory,combined_extreme_stress,6,1000,,1,0.89583,2.79969,0.97465,0.15642,1.65052,0.03707,0.00000,0.40698,0.11628,10,5,0.69766,-0.09610,0.74379,907.75795,0.41083,36,0:x-0.113:y-0.407:f0.51:tf10.54:p0.0000:tok1;15:x0.022:y-0.401:f6.63:tf10.54:p0.0220:tok5;30:x0.031:y-0.341:f8.24:tf10.54:p0.0306:tok0;45:x0.035:y-0.235:f11.09:tf10.54:p0.0347:tok3;60:x0.037:y-0.102:f10.90:tf10.54:p0.0368:tok3;75:x0.033:y0.043:f13.73:tf10.54:p0.0151:tok3;90:x0.037:y0.170:f17.25:tf17.90:p0.0192:tok3;95:x0.036:y0.203:f18.51:tf17.90:p0.0182:tok0
impedance_token_policy_v4,combined_extreme_stress,6,1000,,0,0.89583,2.89265,1.53674,0.16161,1.45831,0.03224,0.00000,0.44186,0.09302,8,5,0.71016,-0.08969,0.71743,911.02136,0.41094,54,0:x-0.113:y-0.430:f0.51:tf10.54:p0.0000:tok1;15:x0.022:y-0.424:f5.98:tf10.54:p0.0223:tok5;30:x0.031:y-0.358:f10.50:tf10.54:p0.0311:tok4;45:x0.032:y-0.247:f10.86:tf10.54:p0.0322:tok4;60:x0.030:y-0.118:f8.14:tf10.54:p0.0298:tok4;75:x0.032:y0.019:f13.32:tf10.54:p0.0145:tok4;90:x0.035:y0.144:f17.64:tf17.90:p0.0174:tok0;95:x0.037:y0.180:f18.85:tf17.90:p0.0188:tok1
learned_only_token_replacement,combined_extreme_stress,6,1000,,1,0.89583,3.53083,1.18025,0.19726,2.00687,0.03824,0.06977,0.56977,0.11628,10,5,0.62761,-0.16024,0.79490,910.80372,0.41083,0,0:x-0.113:y-0.436:f0.00:tf10.54:p0.0000:tok-1;15:x0.013:y-0.431:f5.66:tf10.54:p0.0131:tok-1;30:x0.028:y-0.356:f8.48:tf10.54:p0.0276:tok-1;45:x0.035:y-0.225:f11.73:tf10.54:p0.0347:tok-1;60:x0.036:y-0.071:f10.83:tf10.54:p0.0365:tok-1;75:x0.037:y0.087:f16.98:tf10.54:p0.0185:tok-1;90:x0.037:y0.216:f18.26:tf17.90:p0.0188:tok-1;95:x0.036:y0.248:f17.65:tf17.90:p0.0179:tok-1
token_full_v5,combined_extreme_stress,6,1001,,0,0.89583,2.72512,1.65582,0.15146,1.06540,0.02804,0.00000,0.11628,0.03488,3,5,0.62740,-0.10079,0.65070,869.89359,0.48647,48,0:x-0.107:y-0.428:f1.40:tf10.04:p0.0000:tok1;15:x0.022:y-0.422:f8.00:tf10.04:p0.0219:tok4;30:x0.026:y-0.360:f7.45:tf10.04:p0.0255:tok2;45:x0.026:y-0.256:f10.69:tf10.04:p0.0264:tok4;60:x0.030:y-0.134:f7.57:tf10.04:p0.0121:tok4;75:x0.038:y-0.015:f18.15:tf17.99:p0.0198:tok4;90:x0.036:y0.095:f15.45:tf17.99:p0.0178:tok5;95:x0.036:y0.124:f16.39:tf17.99:p0.0183:tok6
ablate_no_memory,combined_extreme_stress,6,1001,,0,0.88542,2.67902,1.13033,0.14889,1.38676,0.02951,0.00000,0.43529,0.14118,12,5,0.51993,-0.09877,0.71018,870.72622,0.48654,14,0:x-0.113:y-0.433:f0.81:tf10.04:p0.0000:tok3;15:x0.017:y-0.430:f6.52:tf10.04:p0.0165:tok5;30:x0.027:y-0.368:f8.20:tf10.04:p0.0266:tok6;45:x0.027:y-0.267:f9.64:tf10.04:p0.0275:tok3;60:x0.031:y-0.126:f9.55:tf10.04:p0.0127:tok3;75:x0.039:y0.017:f18.62:tf17.99:p0.0208:tok3;90:x0.038:y0.144:f16.42:tf17.99:p0.0200:tok3;95:x0.037:y0.175:f17.38:tf17.99:p0.0188:tok6
ablate_no_discrete_tokens,combined_extreme_stress,6,1001,,1,0.91667,2.14146,1.10864,0.11902,1.69427,0.03268,0.00000,0.56818,0.15909,14,5,0.78625,-0.09820,0.81862,868.24396,0.48651,0,0:x-0.116:y-0.435:f0.74:tf10.04:p0.0000:tok1;15:x0.029:y-0.424:f7.78:tf10.04:p0.0287:tok1;30:x0.030:y-0.343:f8.02:tf10.04:p0.0298:tok1;45:x0.033:y-0.207:f12.10:tf10.04:p0.0327:tok1;60:x0.032:y-0.046:f10.37:tf10.04:p0.0145:tok1;75:x0.040:y0.105:f18.93:tf17.99:p0.0219:tok1;90:x0.039:y0.236:f17.65:tf17.99:p0.0206:tok1;95:x0.039:y0.268:f19.50:tf17.99:p0.0208:tok1
ablate_no_force_update,combined_extreme_stress,6,1001,,0,0.89583,4.29535,4.56288,0.23872,1.52805,0.03057,0.00000,0.16279,0.04651,4,5,0.80091,-0.11540,0.66840,420.00000,0.20000,70,0:x-0.109:y-0.443:f0.09:tf10.04:p0.0000:tok1;15:x0.022:y-0.436:f8.79:tf10.04:p0.0220:tok4;30:x0.025:y-0.369:f7.58:tf10.04:p0.0247:tok6;45:x0.022:y-0.261:f5.26:tf10.04:p0.0221:tok7;60:x0.027:y-0.131:f3.95:tf10.04:p0.0091:tok7;75:x0.043:y-0.004:f22.84:tf17.99:p0.0252:tok6;90:x0.047:y0.103:f25.92:tf17.99:p0.0289:tok2;95:x0.047:y0.138:f24.49:tf17.99:p0.0293:tok2
ablate_no_transition_planner,combined_extreme_stress,6,1001,,0,0.89583,2.81081,1.42764,0.15622,1.30915,0.02851,0.00000,0.08140,0.03488,3,5,0.69423,-0.11853,0.65829,864.64171,0.48647,48,0:x-0.113:y-0.426:f0.16:tf10.04:p0.0000:tok1;15:x0.020:y-0.420:f6.93:tf10.04:p0.0202:tok2;30:x0.026:y-0.356:f7.69:tf10.04:p0.0261:tok6;45:x0.028:y-0.257:f10.17:tf10.04:p0.0284:tok4;60:x0.032:y-0.136:f12.88:tf10.04:p0.0139:tok6;75:x0.038:y-0.012:f15.77:tf17.99:p0.0197:tok4;90:x0.037:y0.100:f17.02:tf17.99:p0.0191:tok6;95:x0.037:y0.130:f17.82:tf17.99:p0.0191:tok6
ablate_no_safety_penalty,combined_extreme_stress,6,1001,,0,0.89583,3.10140,2.20717,0.17237,1.85054,0.02699,0.01163,0.19767,0.05814,5,5,0.73211,-0.11213,0.66259,841.20589,0.48653,49,0:x-0.114:y-0.436:f0.25:tf10.04:p0.0000:tok1;15:x0.020:y-0.430:f7.34:tf10.04:p0.0201:tok2;30:x0.025:y-0.365:f8.91:tf10.04:p0.0246:tok6;45:x0.026:y-0.268:f10.03:tf10.04:p0.0256:tok4;60:x0.031:y-0.139:f11.60:tf10.04:p0.0127:tok4;75:x0.037:y-0.011:f16.30:tf17.99:p0.0192:tok4;90:x0.037:y0.103:f17.24:tf17.99:p0.0189:tok6;95:x0.037:y0.133:f15.13:tf17.99:p0.0189:tok2
ablate_no_slip_context,combined_extreme_stress,6,1001,,0,0.89583,3.19046,2.07379,0.17732,1.88019,0.03068,0.01163,0.17442,0.09302,8,5,0.81473,-0.13988,0.65855,833.75472,0.48634,48,0:x-0.113:y-0.414:f0.24:tf10.04:p0.0000:tok1;15:x0.020:y-0.409:f6.63:tf10.04:p0.0199:tok2;30:x0.026:y-0.349:f9.08:tf10.04:p0.0259:tok6;45:x0.027:y-0.249:f9.11:tf10.04:p0.0274:tok6;60:x0.034:y-0.117:f14.10:tf10.04:p0.0156:tok5;75:x0.037:y0.017:f16.99:tf17.99:p0.0193:tok6;90:x0.036:y0.109:f14.74:tf17.99:p0.0182:tok6;95:x0.036:y0.132:f15.56:tf17.99:p0.0184:tok6
ablate_no_tail_risk_objective,combined_extreme_stress,6,1001,,0,0.89583,2.26281,0.91739,0.12576,1.54088,0.03121,0.00000,0.30233,0.15116,13,5,0.60699,-0.06791,0.73009,870.45114,0.48646,27,0:x-0.104:y-0.417:f0.24:tf10.04:p0.0000:tok1;15:x0.022:y-0.411:f8.03:tf10.04:p0.0221:tok7;30:x0.030:y-0.338:f10.00:tf10.04:p0.0300:tok3;45:x0.031:y-0.226:f7.16:tf10.04:p0.0308:tok3;60:x0.032:y-0.095:f15.47:tf10.04:p0.0143:tok3;75:x0.039:y0.037:f17.65:tf17.99:p0.0208:tok3;90:x0.038:y0.156:f18.07:tf17.99:p0.0200:tok3;95:x0.039:y0.191:f17.52:tf17.99:p0.0205:tok3
ablate_no_calibration_guard,combined_extreme_stress,6,1001,,0,0.90625,2.58178,1.82045,0.14349,1.63836,0.03138,0.00000,0.18391,0.13793,12,5,1.00846,-0.17927,0.64613,849.23973,0.48633,33,0:x-0.117:y-0.439:f0.00:tf10.04:p0.0000:tok1;15:x0.027:y-0.429:f8.29:tf10.04:p0.0272:tok7;30:x0.026:y-0.359:f7.54:tf10.04:p0.0259:tok6;45:x0.031:y-0.257:f5.41:tf10.04:p0.0305:tok7;60:x0.032:y-0.131:f13.70:tf10.04:p0.0143:tok7;75:x0.038:y-0.002:f15.71:tf17.99:p0.0195:tok6;90:x0.037:y0.094:f16.52:tf17.99:p0.0188:tok6;95:x0.037:y0.121:f15.75:tf17.99:p0.0190:tok6
ablate_no_phase_memory,combined_extreme_stress,6,1001,,0,0.89583,2.44369,0.96708,0.13581,1.21279,0.02957,0.00000,0.40698,0.12791,11,5,0.69107,-0.09707,0.72062,864.40369,0.48650,38,0:x-0.116:y-0.428:f0.00:tf10.04:p0.0000:tok1;15:x0.020:y-0.422:f8.21:tf10.04:p0.0197:tok0;30:x0.026:y-0.355:f8.03:tf10.04:p0.0264:tok4;45:x0.029:y-0.243:f8.89:tf10.04:p0.0293:tok3;60:x0.030:y-0.106:f11.39:tf10.04:p0.0121:tok3;75:x0.039:y0.029:f16.87:tf17.99:p0.0211:tok3;90:x0.038:y0.151:f18.01:tf17.99:p0.0201:tok0;95:x0.037:y0.183:f17.23:tf17.99:p0.0191:tok7
impedance_token_policy_v4,combined_extreme_stress,6,1001,,0,0.89583,2.32523,1.03097,0.12923,1.62125,0.03113,0.00000,0.36047,0.12791,11,5,0.74322,-0.07843,0.72044,845.07862,0.48657,67,0:x-0.105:y-0.431:f0.00:tf10.04:p0.0000:tok1;15:x0.024:y-0.425:f8.08:tf10.04:p0.0240:tok4;30:x0.029:y-0.359:f7.45:tf10.04:p0.0291:tok2;45:x0.031:y-0.241:f9.50:tf10.04:p0.0311:tok4;60:x0.030:y-0.111:f11.57:tf10.04:p0.0119:tok4;75:x0.038:y0.018:f18.19:tf17.99:p0.0205:tok4;90:x0.039:y0.144:f20.12:tf17.99:p0.0215:tok7;95:x0.039:y0.182:f16.29:tf17.99:p0.0209:tok2
learned_only_token_replacement,combined_extreme_stress,6,1001,,1,0.89583,2.88153,1.17270,0.16015,1.74377,0.03058,0.01163,0.53488,0.17442,15,5,0.61936,-0.16214,0.76846,862.00961,0.48653,0,0:x-0.115:y-0.428:f0.23:tf10.04:p0.0000:tok-1;15:x0.016:y-0.423:f4.98:tf10.04:p0.0157:tok-1;30:x0.027:y-0.351:f7.29:tf10.04:p0.0273:tok-1;45:x0.030:y-0.222:f7.82:tf10.04:p0.0298:tok-1;60:x0.033:y-0.071:f16.19:tf10.04:p0.0147:tok-1;75:x0.039:y0.069:f17.72:tf17.99:p0.0212:tok-1;90:x0.037:y0.193:f18.17:tf17.99:p0.0195:tok-1;95:x0.037:y0.225:f16.79:tf17.99:p0.0188:tok-1
token_full_v5,combined_extreme_stress,6,1002,,0,0.88542,2.65254,1.79439,0.15177,1.18718,0.02541,0.00000,0.32941,0.07059,6,5,0.71440,-0.11756,0.68163,946.36799,0.37920,46,0:x-0.116:y-0.419:f1.64:tf9.44:p0.0000:tok1;15:x0.018:y-0.415:f6.86:tf9.44:p0.0184:tok2;30:x0.023:y-0.355:f7.21:tf9.44:p0.0227:tok6;45:x0.022:y-0.264:f4.97:tf9.44:p0.0220:tok2;60:x0.024:y-0.139:f5.52:tf9.44:p0.0238:tok6;75:x0.037:y-0.002:f19.29:tf17.48:p0.0187:tok4;90:x0.034:y0.118:f16.14:tf17.48:p0.0159:tok6;95:x0.034:y0.150:f16.99:tf17.48:p0.0162:tok6
ablate_no_memory,combined_extreme_stress,6,1002,,0,0.87500,2.88124,2.39065,0.16485,1.29290,0.02888,0.00000,0.46429,0.10714,9,10,0.52966,-0.09154,0.73889,946.36330,0.37923,16,0:x-0.112:y-0.431:f0.00:tf9.44:p0.0000:tok3;15:x0.014:y-0.428:f5.14:tf9.44:p0.0139:tok5;30:x0.024:y-0.364:f8.26:tf9.44:p0.0236:tok6;45:x0.026:y-0.260:f8.18:tf9.44:p0.0255:tok3;60:x0.026:y-0.119:f6.71:tf9.44:p0.0259:tok3;75:x0.039:y0.034:f20.38:tf17.48:p0.0211:tok3;90:x0.036:y0.166:f17.04:tf17.48:p0.0175:tok3;95:x0.035:y0.200:f17.82:tf17.48:p0.0168:tok6
ablate_no_discrete_tokens,combined_extreme_stress,6,1002,,1,0.90625,2.55956,3.32587,0.14645,1.54627,0.03116,0.00000,0.57471,0.16092,14,13,0.85095,-0.11371,0.83882,948.96248,0.37921,0,0:x-0.124:y-0.422:f0.00:tf9.44:p0.0000:tok1;15:x0.027:y-0.414:f8.39:tf9.44:p0.0269:tok1;30:x0.027:y-0.338:f9.56:tf9.44:p0.0269:tok1;45:x0.028:y-0.205:f10.41:tf9.44:p0.0278:tok1;60:x0.029:y-0.045:f10.04:tf9.44:p0.0288:tok1;75:x0.040:y0.117:f22.77:tf17.48:p0.0224:tok1;90:x0.036:y0.253:f18.63:tf17.48:p0.0181:tok1;95:x0.036:y0.286:f18.33:tf17.48:p0.0177:tok1
ablate_no_force_update,combined_extreme_stress,6,1002,,0,0.89583,4.86190,7.64874,0.27817,1.60257,0.02599,0.00000,0.40698,0.05814,5,5,0.82386,-0.12438,0.70755,420.00000,0.20000,72,0:x-0.112:y-0.435:f0.70:tf9.44:p0.0000:tok1;15:x0.019:y-0.431:f6.13:tf9.44:p0.0185:tok2;30:x0.022:y-0.370:f6.55:tf9.44:p0.0219:tok2;45:x0.022:y-0.270:f5.99:tf9.44:p0.0222:tok4;60:x0.020:y-0.138:f7.03:tf9.44:p0.0200:tok4;75:x0.041:y0.008:f23.40:tf17.48:p0.0230:tok3;90:x0.043:y0.140:f27.19:tf17.48:p0.0253:tok4;95:x0.042:y0.173:f26.84:tf17.48:p0.0245:tok6
ablate_no_transition_planner,combined_extreme_stress,6,1002,,0,0.89583,2.87136,2.00936,0.16428,1.26151,0.02656,0.00000,0.33721,0.09302,8,5,0.70660,-0.11822,0.67703,943.35199,0.37920,51,0:x-0.111:y-0.445:f0.12:tf9.44:p0.0000:tok1;15:x0.019:y-0.439:f7.24:tf9.44:p0.0186:tok4;30:x0.022:y-0.377:f7.49:tf9.44:p0.0219:tok6;45:x0.023:y-0.274:f7.95:tf9.44:p0.0229:tok4;60:x0.026:y-0.144:f4.82:tf9.44:p0.0258:tok6;75:x0.037:y-0.004:f20.68:tf17.48:p0.0188:tok6;90:x0.034:y0.115:f16.35:tf17.48:p0.0160:tok6;95:x0.033:y0.147:f16.22:tf17.48:p0.0154:tok6
ablate_no_safety_penalty,combined_extreme_stress,6,1002,,0,0.89583,2.65911,1.82528,0.15214,1.20420,0.02695,0.00000,0.22093,0.05814,5,5,0.68988,-0.11213,0.68470,943.13101,0.37920,49,0:x-0.112:y-0.425:f0.00:tf9.44:p0.0000:tok1;15:x0.018:y-0.421:f7.03:tf9.44:p0.0184:tok6;30:x0.022:y-0.362:f6.49:tf9.44:p0.0219:tok2;45:x0.023:y-0.257:f7.43:tf9.44:p0.0228:tok4;60:x0.022:y-0.136:f9.91:tf9.44:p0.0221:tok4;75:x0.036:y0.002:f17.56:tf17.48:p0.0182:tok4;90:x0.034:y0.122:f16.20:tf17.48:p0.0160:tok6;95:x0.034:y0.153:f16.48:tf17.48:p0.0162:tok6
ablate_no_slip_context,combined_extreme_stress,6,1002,,0,0.89583,2.59882,1.43085,0.14869,1.12128,0.03010,0.00000,0.15116,0.06977,6,5,0.66461,-0.11028,0.65426,939.45935,0.37909,41,0:x-0.105:y-0.433:f0.00:tf9.44:p0.0000:tok1;15:x0.019:y-0.426:f7.52:tf9.44:p0.0194:tok0;30:x0.024:y-0.362:f8.12:tf9.44:p0.0236:tok6;45:x0.027:y-0.259:f7.85:tf9.44:p0.0268:tok6;60:x0.026:y-0.139:f7.10:tf9.44:p0.0259:tok6;75:x0.035:y-0.007:f16.92:tf17.48:p0.0172:tok6;90:x0.034:y0.099:f16.74:tf17.48:p0.0156:tok6;95:x0.033:y0.127:f14.32:tf17.48:p0.0152:tok6
ablate_no_tail_risk_objective,combined_extreme_stress,6,1002,,1,0.89583,2.75443,2.75709,0.15759,1.40523,0.02808,0.00000,0.40698,0.13953,12,12,0.70227,-0.07969,0.76279,946.33898,0.37915,33,0:x-0.114:y-0.415:f0.31:tf9.44:p0.0000:tok1;15:x0.017:y-0.411:f5.58:tf9.44:p0.0174:tok5;30:x0.026:y-0.339:f8.60:tf9.44:p0.0259:tok3;45:x0.027:y-0.224:f8.66:tf9.44:p0.0266:tok3;60:x0.026:y-0.093:f9.72:tf9.44:p0.0260:tok3;75:x0.039:y0.050:f22.25:tf17.48:p0.0213:tok3;90:x0.035:y0.184:f17.08:tf17.48:p0.0173:tok3;95:x0.036:y0.219:f18.73:tf17.48:p0.0178:tok2
ablate_no_calibration_guard,combined_extreme_stress,6,1002,,1,0.90625,3.14907,4.20345,0.18017,1.66985,0.03087,0.00000,0.36782,0.10345,9,16,1.19722,-0.18380,0.77959,946.16095,0.37923,34,0:x-0.119:y-0.422:f0.16:tf9.44:p0.0000:tok1;15:x0.024:y-0.414:f7.41:tf9.44:p0.0235:tok7;30:x0.024:y-0.349:f6.81:tf9.44:p0.0242:tok2;45:x0.026:y-0.253:f5.53:tf9.44:p0.0257:tok7;60:x0.028:y-0.130:f13.48:tf9.44:p0.0281:tok7;75:x0.042:y0.039:f23.90:tf17.48:p0.0236:tok6;90:x0.036:y0.202:f18.96:tf17.48:p0.0181:tok6;95:x0.034:y0.235:f17.92:tf17.48:p0.0163:tok6
ablate_no_phase_memory,combined_extreme_stress,6,1002,,1,0.88542,2.75201,2.44801,0.15746,1.33804,0.02968,0.00000,0.44706,0.11765,10,13,0.75230,-0.10681,0.74290,941.68614,0.37920,36,0:x-0.124:y-0.429:f0.11:tf9.44:p0.0000:tok1;15:x0.018:y-0.424:f6.29:tf9.44:p0.0178:tok2;30:x0.024:y-0.358:f9.82:tf9.44:p0.0243:tok0;45:x0.026:y-0.248:f7.72:tf9.44:p0.0258:tok3;60:x0.026:y-0.109:f6.68:tf9.44:p0.0259:tok3;75:x0.039:y0.039:f21.01:tf17.48:p0.0211:tok3;90:x0.036:y0.169:f18.25:tf17.48:p0.0177:tok3;95:x0.034:y0.202:f15.56:tf17.48:p0.0165:tok7
impedance_token_policy_v4,combined_extreme_stress,6,1002,,0,0.89583,2.52923,2.10959,0.14471,1.26539,0.02664,0.00000,0.47674,0.09302,8,5,0.69387,-0.08011,0.73024,946.53500,0.37923,60,0:x-0.109:y-0.420:f0.29:tf9.44:p0.0000:tok1;15:x0.020:y-0.415:f7.27:tf9.44:p0.0198:tok7;30:x0.023:y-0.354:f6.87:tf9.44:p0.0230:tok2;45:x0.026:y-0.244:f9.51:tf9.44:p0.0256:tok4;60:x0.022:y-0.113:f6.76:tf9.44:p0.0223:tok4;75:x0.038:y0.022:f19.70:tf17.48:p0.0205:tok4;90:x0.036:y0.150:f19.98:tf17.48:p0.0182:tok2;95:x0.035:y0.191:f17.11:tf17.48:p0.0173:tok0
learned_only_token_replacement,combined_extreme_stress,6,1002,,1,0.88542,3.68580,4.02752,0.21088,1.85318,0.03031,0.02353,0.56471,0.15294,13,13,0.58650,-0.14013,0.79092,943.66788,0.37919,0,0:x-0.108:y-0.435:f0.49:tf9.44:p0.0000:tok-1;15:x0.011:y-0.432:f3.34:tf9.44:p0.0114:tok-1;30:x0.024:y-0.359:f8.20:tf9.44:p0.0238:tok-1;45:x0.027:y-0.227:f6.28:tf9.44:p0.0269:tok-1;60:x0.028:y-0.072:f6.63:tf9.44:p0.0276:tok-1;75:x0.042:y0.084:f24.34:tf17.48:p0.0244:tok-1;90:x0.035:y0.211:f16.93:tf17.48:p0.0169:tok-1;95:x0.035:y0.244:f17.48:tf17.48:p0.0167:tok-1
token_full_v5,combined_extreme_stress,6,1003,,0,0.89583,3.22099,2.98175,0.17171,1.44914,0.02590,0.00000,0.26744,0.05814,5,5,0.72088,-0.13023,0.65399,772.45355,0.49695,49,0:x-0.110:y-0.439:f0.00:tf9.71:p0.0000:tok1;15:x0.019:y-0.433:f8.77:tf9.71:p0.0192:tok4;30:x0.023:y-0.367:f8.06:tf9.71:p0.0234:tok6;45:x0.024:y-0.267:f8.09:tf9.71:p0.0237:tok4;60:x0.023:y-0.142:f8.91:tf9.71:p0.0235:tok4;75:x0.037:y-0.006:f15.28:tf18.76:p0.0193:tok6;90:x0.039:y0.100:f16.87:tf18.76:p0.0214:tok6;95:x0.040:y0.127:f17.00:tf18.76:p0.0216:tok6
ablate_no_memory,combined_extreme_stress,6,1003,,0,0.87500,2.66681,1.36056,0.14216,1.20724,0.02630,0.00000,0.45238,0.13095,11,5,0.57738,-0.12129,0.71996,787.99103,0.49693,16,0:x-0.122:y-0.429:f0.69:tf9.71:p0.0000:tok3;15:x0.014:y-0.426:f5.30:tf9.71:p0.0139:tok5;30:x0.022:y-0.367:f7.66:tf9.71:p0.0224:tok6;45:x0.026:y-0.260:f10.02:tf9.71:p0.0258:tok3;60:x0.026:y-0.118:f9.77:tf9.71:p0.0260:tok3;75:x0.041:y0.033:f19.62:tf18.76:p0.0233:tok3;90:x0.041:y0.158:f19.18:tf18.76:p0.0230:tok6;95:x0.039:y0.185:f18.59:tf18.76:p0.0214:tok6
ablate_no_discrete_tokens,combined_extreme_stress,6,1003,,1,0.91667,2.10047,1.87526,0.11197,1.31402,0.02888,0.00000,0.54545,0.19318,17,6,0.84361,-0.11659,0.82374,774.04567,0.49688,0,0:x-0.123:y-0.422:f1.24:tf9.71:p0.0000:tok1;15:x0.026:y-0.414:f9.36:tf9.71:p0.0257:tok1;30:x0.026:y-0.338:f8.23:tf9.71:p0.0257:tok1;45:x0.029:y-0.206:f10.29:tf9.71:p0.0287:tok1;60:x0.028:y-0.046:f7.03:tf9.71:p0.0276:tok1;75:x0.045:y0.115:f21.19:tf18.76:p0.0272:tok1;90:x0.042:y0.243:f19.40:tf18.76:p0.0243:tok1;95:x0.042:y0.273:f20.40:tf18.76:p0.0243:tok1
ablate_no_force_update,combined_extreme_stress,6,1003,,0,0.89583,3.82213,4.94405,0.20375,1.63281,0.03510,0.00000,0.34884,0.01163,1,5,0.79248,-0.11791,0.68690,420.00000,0.20000,64,0:x-0.103:y-0.434:f0.00:tf9.71:p0.0000:tok1;15:x0.019:y-0.428:f8.52:tf9.71:p0.0193:tok6;30:x0.022:y-0.369:f7.69:tf9.71:p0.0219:tok6;45:x0.021:y-0.268:f7.55:tf9.71:p0.0212:tok4;60:x0.020:y-0.143:f6.13:tf9.71:p0.0199:tok6;75:x0.044:y-0.002:f20.58:tf18.76:p0.0264:tok4;90:x0.048:y0.120:f23.79:tf18.76:p0.0300:tok5;95:x0.053:y0.154:f30.63:tf18.76:p0.0351:tok4
ablate_no_transition_planner,combined_extreme_stress,6,1003,,0,0.89583,2.98128,2.59769,0.15893,1.11249,0.02420,0.00000,0.33721,0.04651,4,5,0.74494,-0.12347,0.66591,777.14913,0.49691,52,0:x-0.113:y-0.430:f0.00:tf9.71:p0.0000:tok1;15:x0.019:y-0.425:f8.11:tf9.71:p0.0190:tok0;30:x0.021:y-0.368:f8.11:tf9.71:p0.0213:tok6;45:x0.023:y-0.265:f7.77:tf9.71:p0.0231:tok4;60:x0.024:y-0.138:f9.45:tf9.71:p0.0240:tok4;75:x0.038:y0.000:f17.27:tf18.76:p0.0202:tok4;90:x0.039:y0.111:f16.93:tf18.76:p0.0213:tok6;95:x0.039:y0.137:f16.98:tf18.76:p0.0214:tok6
ablate_no_safety_penalty,combined_extreme_stress,6,1003,,0,0.89583,3.18794,3.18304,0.16994,1.25961,0.02359,0.00000,0.22093,0.03488,3,5,0.74594,-0.12959,0.65553,771.72018,0.49698,46,0:x-0.112:y-0.427:f0.51:tf9.71:p0.0000:tok1;15:x0.019:y-0.421:f5.89:tf9.71:p0.0186:tok2;30:x0.023:y-0.362:f8.51:tf9.71:p0.0227:tok6;45:x0.022:y-0.268:f7.62:tf9.71:p0.0219:tok6;60:x0.023:y-0.150:f8.16:tf9.71:p0.0234:tok4;75:x0.037:y-0.009:f14.90:tf18.76:p0.0195:tok6;90:x0.040:y0.099:f18.23:tf18.76:p0.0219:tok6;95:x0.039:y0.128:f16.26:tf18.76:p0.0211:tok6
ablate_no_slip_context,combined_extreme_stress,6,1003,,0,0.89583,2.89652,2.29868,0.15441,1.26086,0.02589,0.00000,0.27907,0.08140,7,5,0.95401,-0.16613,0.68479,776.62669,0.49690,50,0:x-0.125:y-0.425:f0.00:tf9.71:p0.0000:tok1;15:x0.017:y-0.421:f8.77:tf9.71:p0.0173:tok4;30:x0.023:y-0.361:f7.18:tf9.71:p0.0230:tok2;45:x0.024:y-0.259:f10.08:tf9.71:p0.0243:tok6;60:x0.025:y-0.133:f12.24:tf9.71:p0.0249:tok2;75:x0.039:y0.015:f16.70:tf18.76:p0.0211:tok6;90:x0.039:y0.126:f15.83:tf18.76:p0.0212:tok2;95:x0.039:y0.154:f15.67:tf18.76:p0.0210:tok6
ablate_no_tail_risk_objective,combined_extreme_stress,6,1003,,0,0.89583,2.26157,1.36928,0.12056,1.29046,0.02651,0.00000,0.39535,0.13953,12,5,0.69785,-0.08716,0.73874,780.65961,0.49690,25,0:x-0.119:y-0.434:f0.49:tf9.71:p0.0000:tok1;15:x0.018:y-0.429:f8.44:tf9.71:p0.0184:tok0;30:x0.026:y-0.352:f9.13:tf9.71:p0.0261:tok3;45:x0.026:y-0.236:f8.31:tf9.71:p0.0259:tok3;60:x0.026:y-0.101:f7.90:tf9.71:p0.0261:tok3;75:x0.041:y0.043:f18.42:tf18.76:p0.0233:tok3;90:x0.042:y0.164:f18.97:tf18.76:p0.0236:tok2;95:x0.042:y0.198:f19.69:tf18.76:p0.0241:tok2
ablate_no_calibration_guard,combined_extreme_stress,6,1003,,0,0.90625,2.30894,1.77706,0.12309,1.28906,0.02856,0.00000,0.28736,0.05747,5,5,1.05365,-0.18718,0.67534,782.00020,0.49677,37,0:x-0.113:y-0.422:f0.00:tf9.71:p0.0000:tok1;15:x0.024:y-0.414:f9.16:tf9.71:p0.0243:tok7;30:x0.023:y-0.351:f8.21:tf9.71:p0.0234:tok6;45:x0.025:y-0.258:f9.00:tf9.71:p0.0249:tok6;60:x0.027:y-0.125:f9.59:tf9.71:p0.0267:tok6;75:x0.040:y0.018:f18.51:tf18.76:p0.0221:tok6;90:x0.039:y0.122:f16.34:tf18.76:p0.0209:tok6;95:x0.039:y0.146:f15.88:tf18.76:p0.0211:tok5
ablate_no_phase_memory,combined_extreme_stress,6,1003,,0,0.89583,2.43868,1.30949,0.13000,1.38006,0.02800,0.00000,0.40698,0.12791,11,5,0.70647,-0.11076,0.72580,773.63594,0.49687,36,0:x-0.114:y-0.427:f0.52:tf9.71:p0.0000:tok1;15:x0.019:y-0.421:f8.67:tf9.71:p0.0190:tok4;30:x0.023:y-0.357:f7.32:tf9.71:p0.0231:tok7;45:x0.026:y-0.244:f8.78:tf9.71:p0.0260:tok3;60:x0.028:y-0.107:f8.80:tf9.71:p0.0277:tok3;75:x0.042:y0.038:f19.43:tf18.76:p0.0243:tok3;90:x0.041:y0.159:f17.05:tf18.76:p0.0230:tok2;95:x0.040:y0.189:f16.57:tf18.76:p0.0220:tok6
impedance_token_policy_v4,combined_extreme_stress,6,1003,,0,0.89583,2.49672,1.54649,0.13310,1.24002,0.02581,0.00000,0.45349,0.06977,6,5,0.85272,-0.10987,0.71615,790.51842,0.49699,65,0:x-0.123:y-0.445:f0.39:tf9.71:p0.0000:tok1;15:x0.019:y-0.441:f8.08:tf9.71:p0.0191:tok6;30:x0.025:y-0.373:f9.24:tf9.71:p0.0247:tok0;45:x0.025:y-0.252:f7.91:tf9.71:p0.0252:tok4;60:x0.024:y-0.121:f9.37:tf9.71:p0.0235:tok4;75:x0.040:y0.014:f17.78:tf18.76:p0.0221:tok4;90:x0.042:y0.140:f19.34:tf18.76:p0.0243:tok7;95:x0.042:y0.178:f19.08:tf18.76:p0.0239:tok7
learned_only_token_replacement,combined_extreme_stress,6,1003,,1,0.88542,2.90982,2.60420,0.15512,1.43087,0.03220,0.00000,0.52941,0.14118,12,9,0.68782,-0.18951,0.77249,770.05125,0.49681,0,0:x-0.121:y-0.434:f0.00:tf9.71:p0.0000:tok-1;15:x0.015:y-0.429:f7.02:tf9.71:p0.0149:tok-1;30:x0.023:y-0.356:f8.37:tf9.71:p0.0233:tok-1;45:x0.027:y-0.225:f9.40:tf9.71:p0.0271:tok-1;60:x0.029:y-0.072:f8.16:tf9.71:p0.0288:tok-1;75:x0.048:y0.081:f23.33:tf18.76:p0.0301:tok-1;90:x0.042:y0.200:f19.70:tf18.76:p0.0239:tok-1;95:x0.041:y0.229:f16.84:tf18.76:p0.0229:tok-1
token_full_v5,combined_extreme_stress,7,1000,,0,0.90625,3.18600,2.35073,0.16134,1.28122,0.03236,0.00000,0.00000,0.05747,5,5,0.65172,-0.10265,0.64992,800.03125,0.46990,55,0:x-0.102:y-0.437:f0.00:tf10.58:p0.0000:tok1;15:x0.021:y-0.430:f6.83:tf10.58:p0.0212:tok2;30:x0.029:y-0.360:f9.31:tf10.58:p0.0292:tok6;45:x0.031:y-0.255:f12.00:tf10.58:p0.0311:tok4;60:x0.034:y-0.133:f12.21:tf10.58:p0.0163:tok4;75:x0.040:y-0.014:f18.67:tf19.75:p0.0223:tok4;90:x0.040:y0.095:f18.08:tf19.75:p0.0219:tok6;95:x0.040:y0.123:f19.11:tf19.75:p0.0220:tok6
ablate_no_memory,combined_extreme_stress,7,1000,,0,0.88542,3.24527,1.57087,0.16434,1.64581,0.03689,0.00000,0.42353,0.11765,10,5,0.53753,-0.11279,0.70718,788.40044,0.46994,16,0:x-0.115:y-0.430:f0.57:tf10.58:p0.0000:tok3;15:x0.018:y-0.426:f7.20:tf10.58:p0.0182:tok5;30:x0.032:y-0.360:f9.36:tf10.58:p0.0319:tok6;45:x0.034:y-0.243:f7.12:tf10.58:p0.0345:tok3;60:x0.037:y-0.108:f16.08:tf10.58:p0.0190:tok4;75:x0.042:y0.021:f18.80:tf19.75:p0.0241:tok3;90:x0.042:y0.144:f18.45:tf19.75:p0.0241:tok6;95:x0.040:y0.173:f17.65:tf19.75:p0.0224:tok6
ablate_no_discrete_tokens,combined_extreme_stress,7,1000,,1,0.91667,2.49546,1.40892,0.12637,1.74615,0.04139,0.01136,0.59091,0.09091,8,5,0.83544,-0.11339,0.81688,797.80221,0.46998,0,0:x-0.121:y-0.447:f0.00:tf10.58:p0.0000:tok1;15:x0.030:y-0.435:f8.67:tf10.58:p0.0304:tok1;30:x0.035:y-0.349:f9.38:tf10.58:p0.0353:tok1;45:x0.040:y-0.210:f10.42:tf10.58:p0.0399:tok1;60:x0.036:y-0.050:f15.23:tf10.58:p0.0182:tok1;75:x0.044:y0.102:f21.35:tf19.75:p0.0263:tok1;90:x0.042:y0.235:f19.35:tf19.75:p0.0243:tok1;95:x0.043:y0.267:f20.28:tf19.75:p0.0249:tok1
ablate_no_force_update,combined_extreme_stress,7,1000,,0,0.90625,4.51058,5.70809,0.22842,1.44282,0.03581,0.00000,0.28736,0.03448,3,5,0.72365,-0.08926,0.69728,420.00000,0.20000,71,0:x-0.101:y-0.426:f0.90:tf10.58:p0.0000:tok1;15:x0.025:y-0.419:f7.89:tf10.58:p0.0248:tok5;30:x0.027:y-0.355:f6.37:tf10.58:p0.0270:tok6;45:x0.025:y-0.249:f6.76:tf10.58:p0.0252:tok6;60:x0.031:y-0.122:f11.10:tf10.58:p0.0126:tok4;75:x0.051:y0.007:f26.78:tf19.75:p0.0326:tok6;90:x0.050:y0.128:f27.23:tf19.75:p0.0321:tok5;95:x0.054:y0.162:f28.49:tf19.75:p0.0358:tok7
ablate_no_transition_planner,combined_extreme_stress,7,1000,,0,0.89583,3.28221,2.44286,0.16622,1.56744,0.03465,0.00000,0.02326,0.08140,7,5,0.72338,-0.12816,0.65626,803.63686,0.46990,60,0:x-0.113:y-0.424:f0.64:tf10.58:p0.0000:tok1;15:x0.023:y-0.417:f7.36:tf10.58:p0.0233:tok7;30:x0.031:y-0.354:f9.22:tf10.58:p0.0306:tok6;45:x0.032:y-0.248:f6.06:tf10.58:p0.0315:tok6;60:x0.034:y-0.130:f11.79:tf10.58:p0.0164:tok4;75:x0.040:y-0.009:f15.91:tf19.75:p0.0221:tok6;90:x0.040:y0.101:f17.46:tf19.75:p0.0219:tok6;95:x0.039:y0.129:f17.50:tf19.75:p0.0213:tok6
ablate_no_safety_penalty,combined_extreme_stress,7,1000,,0,0.89583,3.22703,2.77543,0.16342,1.15007,0.03178,0.00000,0.01163,0.03488,3,5,0.71786,-0.12728,0.63853,801.70614,0.46989,49,0:x-0.114:y-0.438:f0.00:tf10.58:p0.0000:tok1;15:x0.021:y-0.431:f6.49:tf10.58:p0.0214:tok5;30:x0.031:y-0.362:f8.80:tf10.58:p0.0308:tok6;45:x0.031:y-0.256:f6.36:tf10.58:p0.0308:tok6;60:x0.033:y-0.140:f9.83:tf10.58:p0.0146:tok4;75:x0.040:y-0.020:f17.16:tf19.75:p0.0215:tok6;90:x0.041:y0.085:f17.69:tf19.75:p0.0227:tok6;95:x0.040:y0.114:f18.40:tf19.75:p0.0218:tok6
ablate_no_slip_context,combined_extreme_stress,7,1000,,0,0.89583,3.05698,2.37000,0.15481,1.39588,0.03443,0.00000,0.16279,0.05814,5,5,0.75272,-0.12192,0.64508,806.73903,0.46983,40,0:x-0.105:y-0.431:f0.00:tf10.58:p0.0000:tok1;15:x0.024:y-0.425:f7.08:tf10.58:p0.0240:tok5;30:x0.030:y-0.359:f7.92:tf10.58:p0.0303:tok2;45:x0.034:y-0.254:f11.64:tf10.58:p0.0344:tok6;60:x0.033:y-0.129:f14.02:tf10.58:p0.0149:tok7;75:x0.040:y-0.004:f17.90:tf19.75:p0.0224:tok6;90:x0.039:y0.095:f17.69:tf19.75:p0.0211:tok6;95:x0.039:y0.120:f16.00:tf19.75:p0.0207:tok6
ablate_no_tail_risk_objective,combined_extreme_stress,7,1000,,0,0.89583,2.59104,0.96288,0.13121,1.51872,0.03637,0.00000,0.37209,0.13953,12,5,0.64968,-0.07966,0.72562,797.50301,0.46993,33,0:x-0.108:y-0.430:f0.00:tf10.58:p0.0000:tok1;15:x0.023:y-0.423:f8.00:tf10.58:p0.0234:tok7;30:x0.035:y-0.345:f8.88:tf10.58:p0.0346:tok3;45:x0.034:y-0.231:f8.65:tf10.58:p0.0344:tok3;60:x0.036:y-0.100:f9.78:tf10.58:p0.0181:tok3;75:x0.043:y0.032:f19.65:tf19.75:p0.0251:tok3;90:x0.042:y0.152:f19.10:tf19.75:p0.0238:tok3;95:x0.042:y0.187:f19.50:tf19.75:p0.0243:tok2
ablate_no_calibration_guard,combined_extreme_stress,7,1000,,0,0.90625,2.61796,2.12819,0.13258,1.30056,0.03542,0.00000,0.06897,0.06897,6,5,0.86955,-0.13966,0.65367,807.43608,0.46989,37,0:x-0.104:y-0.431:f0.94:tf10.58:p0.0000:tok1;15:x0.032:y-0.421:f6.68:tf10.58:p0.0322:tok5;30:x0.032:y-0.355:f9.99:tf10.58:p0.0323:tok6;45:x0.033:y-0.253:f8.54:tf10.58:p0.0333:tok6;60:x0.032:y-0.137:f11.59:tf10.58:p0.0135:tok6;75:x0.040:y-0.016:f18.62:tf19.75:p0.0221:tok6;90:x0.039:y0.096:f16.60:tf19.75:p0.0213:tok5;95:x0.041:y0.126:f19.01:tf19.75:p0.0226:tok6
ablate_no_phase_memory,combined_extreme_stress,7,1000,,0,0.89583,2.90949,1.38008,0.14734,1.51415,0.03513,0.00000,0.41860,0.10465,9,5,0.71829,-0.10224,0.71470,790.17522,0.46995,42,0:x-0.117:y-0.430:f1.65:tf10.58:p0.0000:tok1;15:x0.024:y-0.423:f7.19:tf10.58:p0.0236:tok5;30:x0.031:y-0.356:f9.17:tf10.58:p0.0308:tok4;45:x0.034:y-0.242:f12.96:tf10.58:p0.0340:tok3;60:x0.036:y-0.107:f12.53:tf10.58:p0.0185:tok3;75:x0.042:y0.023:f19.94:tf19.75:p0.0241:tok3;90:x0.042:y0.146:f18.16:tf19.75:p0.0237:tok0;95:x0.042:y0.178:f19.58:tf19.75:p0.0239:tok7
impedance_token_policy_v4,combined_extreme_stress,7,1000,,0,0.90625,2.76550,1.14858,0.14005,1.43942,0.03441,0.00000,0.40230,0.12644,11,5,0.77292,-0.08434,0.71690,806.16529,0.47001,72,0:x-0.109:y-0.440:f0.00:tf10.58:p0.0000:tok1;15:x0.024:y-0.434:f8.86:tf10.58:p0.0244:tok0;30:x0.031:y-0.364:f8.90:tf10.58:p0.0315:tok0;45:x0.034:y-0.248:f12.36:tf10.58:p0.0338:tok2;60:x0.036:y-0.118:f14.62:tf10.58:p0.0184:tok3;75:x0.042:y0.012:f19.12:tf19.75:p0.0245:tok4;90:x0.042:y0.138:f18.85:tf19.75:p0.0244:tok2;95:x0.044:y0.178:f20.98:tf19.75:p0.0256:tok7
learned_only_token_replacement,combined_extreme_stress,7,1000,,1,0.88542,3.63335,1.14445,0.18400,1.89019,0.03937,0.04706,0.52941,0.05882,5,5,0.59116,-0.17551,0.76160,803.13773,0.46995,0,0:x-0.119:y-0.424:f1.07:tf10.58:p0.0000:tok-1;15:x0.013:y-0.421:f4.37:tf10.58:p0.0132:tok-1;30:x0.029:y-0.352:f6.63:tf10.58:p0.0289:tok-1;45:x0.037:y-0.224:f9.01:tf10.58:p0.0369:tok-1;60:x0.039:y-0.074:f20.01:tf10.58:p0.0213:tok-1;75:x0.044:y0.063:f20.88:tf19.75:p0.0255:tok-1;90:x0.041:y0.187:f20.46:tf19.75:p0.0235:tok-1;95:x0.041:y0.219:f16.74:tf19.75:p0.0228:tok-1
token_full_v5,combined_extreme_stress,7,1001,,0,0.89583,3.17914,3.87575,0.16645,1.27852,0.02826,0.00000,0.16279,0.16279,14,7,0.78811,-0.13531,0.67428,843.52414,0.45900,52,0:x-0.122:y-0.412:f0.02:tf10.09:p0.0000:tok1;15:x0.020:y-0.408:f7.85:tf10.09:p0.0197:tok4;30:x0.027:y-0.347:f7.91:tf10.09:p0.0272:tok6;45:x0.026:y-0.253:f12.37:tf10.09:p0.0264:tok6;60:x0.030:y-0.137:f10.11:tf10.09:p0.0119:tok4;75:x0.029:y-0.011:f9.73:tf10.09:p0.0111:tok4;90:x0.037:y0.111:f16.66:tf19.10:p0.0194:tok6;95:x0.039:y0.144:f16.54:tf19.10:p0.0209:tok5
ablate_no_memory,combined_extreme_stress,7,1001,,0,0.88542,3.19910,2.86276,0.16749,1.54329,0.03106,0.00000,0.45882,0.10588,9,5,0.51075,-0.09511,0.72439,843.35762,0.45908,14,0:x-0.111:y-0.429:f0.00:tf10.09:p0.0000:tok3;15:x0.017:y-0.426:f6.18:tf10.09:p0.0167:tok5;30:x0.027:y-0.366:f7.87:tf10.09:p0.0270:tok6;45:x0.028:y-0.267:f10.61:tf10.09:p0.0277:tok3;60:x0.033:y-0.127:f13.25:tf10.09:p0.0152:tok3;75:x0.030:y0.018:f10.07:tf10.09:p0.0118:tok3;90:x0.039:y0.154:f18.02:tf19.10:p0.0213:tok3;95:x0.039:y0.187:f19.18:tf19.10:p0.0211:tok6
ablate_no_discrete_tokens,combined_extreme_stress,7,1001,,1,0.91667,2.27990,1.58765,0.11937,1.70315,0.03443,0.01136,0.59091,0.12500,11,5,0.84087,-0.11523,0.83221,863.90681,0.45900,0,0:x-0.124:y-0.430:f0.00:tf10.09:p0.0000:tok1;15:x0.028:y-0.421:f6.90:tf10.09:p0.0282:tok1;30:x0.030:y-0.342:f11.24:tf10.09:p0.0298:tok1;45:x0.032:y-0.207:f7.10:tf10.09:p0.0323:tok1;60:x0.035:y-0.047:f17.19:tf10.09:p0.0170:tok1;75:x0.030:y0.109:f10.84:tf10.09:p0.0122:tok1;90:x0.040:y0.248:f19.24:tf19.10:p0.0222:tok1;95:x0.040:y0.280:f19.31:tf19.10:p0.0221:tok1
ablate_no_force_update,combined_extreme_stress,7,1001,,0,0.89583,3.91411,4.85114,0.20493,1.46441,0.03275,0.00000,0.29070,0.02326,2,5,0.82757,-0.13316,0.69258,420.00000,0.20000,68,0:x-0.120:y-0.420:f0.00:tf10.09:p0.0000:tok1;15:x0.022:y-0.416:f9.14:tf10.09:p0.0219:tok4;30:x0.025:y-0.357:f8.93:tf10.09:p0.0251:tok6;45:x0.024:y-0.253:f9.02:tf10.09:p0.0243:tok4;60:x0.028:y-0.128:f9.35:tf10.09:p0.0098:tok4;75:x0.034:y0.003:f12.64:tf10.09:p0.0160:tok6;90:x0.047:y0.125:f25.84:tf19.10:p0.0293:tok2;95:x0.051:y0.159:f27.97:tf19.10:p0.0326:tok6
ablate_no_transition_planner,combined_extreme_stress,7,1001,,0,0.89583,3.19202,3.89580,0.16712,1.27684,0.02792,0.00000,0.15116,0.13953,12,9,0.77520,-0.13363,0.67416,859.72750,0.45900,52,0:x-0.121:y-0.423:f0.39:tf10.09:p0.0000:tok1;15:x0.020:y-0.417:f7.26:tf10.09:p0.0202:tok5;30:x0.025:y-0.357:f8.06:tf10.09:p0.0254:tok6;45:x0.027:y-0.256:f7.90:tf10.09:p0.0268:tok4;60:x0.030:y-0.134:f8.54:tf10.09:p0.0124:tok4;75:x0.029:y-0.010:f9.24:tf10.09:p0.0108:tok4;90:x0.038:y0.112:f16.92:tf19.10:p0.0200:tok4;95:x0.038:y0.144:f19.22:tf19.10:p0.0205:tok6
ablate_no_safety_penalty,combined_extreme_stress,7,1001,,0,0.89583,3.24539,4.18627,0.16991,1.43490,0.02736,0.00000,0.32558,0.08140,7,7,0.76023,-0.11850,0.67794,838.20920,0.45908,43,0:x-0.116:y-0.430:f0.07:tf10.09:p0.0000:tok1;15:x0.019:y-0.424:f7.00:tf10.09:p0.0186:tok2;30:x0.024:y-0.360:f7.97:tf10.09:p0.0244:tok6;45:x0.027:y-0.262:f11.15:tf10.09:p0.0274:tok4;60:x0.029:y-0.139:f12.64:tf10.09:p0.0115:tok4;75:x0.029:y-0.009:f9.57:tf10.09:p0.0111:tok4;90:x0.038:y0.111:f15.38:tf19.10:p0.0196:tok2;95:x0.039:y0.146:f16.89:tf19.10:p0.0207:tok6
ablate_no_slip_context,combined_extreme_stress,7,1001,,0,0.89583,3.07387,3.02131,0.16093,1.64271,0.02969,0.00000,0.16279,0.08140,7,5,0.77097,-0.12220,0.67178,828.34953,0.45897,50,0:x-0.111:y-0.414:f0.00:tf10.09:p0.0000:tok1;15:x0.021:y-0.408:f6.85:tf10.09:p0.0205:tok5;30:x0.026:y-0.350:f5.87:tf10.09:p0.0259:tok2;45:x0.027:y-0.257:f10.41:tf10.09:p0.0270:tok6;60:x0.031:y-0.136:f12.44:tf10.09:p0.0131:tok6;75:x0.029:y-0.017:f8.62:tf10.09:p0.0112:tok6;90:x0.039:y0.108:f17.38:tf19.10:p0.0210:tok6;95:x0.038:y0.142:f15.94:tf19.10:p0.0201:tok6
ablate_no_tail_risk_objective,combined_extreme_stress,7,1001,,1,0.89583,2.62932,2.40496,0.13766,1.44503,0.02991,0.00000,0.44186,0.08140,7,5,0.64235,-0.07283,0.74099,841.88085,0.45898,25,0:x-0.108:y-0.441:f0.03:tf10.09:p0.0000:tok1;15:x0.020:y-0.434:f6.66:tf10.09:p0.0202:tok5;30:x0.029:y-0.353:f9.60:tf10.09:p0.0286:tok3;45:x0.030:y-0.237:f9.28:tf10.09:p0.0297:tok3;60:x0.032:y-0.102:f8.94:tf10.09:p0.0143:tok3;75:x0.030:y0.034:f10.65:tf10.09:p0.0124:tok3;90:x0.039:y0.166:f17.00:tf19.10:p0.0215:tok3;95:x0.041:y0.200:f19.81:tf19.10:p0.0226:tok3
ablate_no_calibration_guard,combined_extreme_stress,7,1001,,0,0.90625,3.00959,2.61629,0.15757,1.61514,0.03563,0.00000,0.35632,0.08046,7,5,1.15648,-0.19040,0.72060,855.11613,0.45888,46,0:x-0.122:y-0.425:f0.26:tf10.09:p0.0000:tok1;15:x0.025:y-0.418:f7.22:tf10.09:p0.0250:tok5;30:x0.026:y-0.354:f9.05:tf10.09:p0.0261:tok6;45:x0.030:y-0.254:f7.94:tf10.09:p0.0298:tok6;60:x0.036:y-0.120:f14.85:tf10.09:p0.0180:tok6;75:x0.030:y0.034:f9.82:tf10.09:p0.0124:tok6;90:x0.038:y0.157:f17.95:tf19.10:p0.0202:tok6;95:x0.038:y0.185:f18.42:tf19.10:p0.0203:tok6
ablate_no_phase_memory,combined_extreme_stress,7,1001,,0,0.89583,2.95772,2.31252,0.15485,1.65221,0.03200,0.00000,0.44186,0.10465,9,5,0.67987,-0.08230,0.73363,853.93233,0.45898,41,0:x-0.112:y-0.426:f0.73:tf10.09:p0.0000:tok1;15:x0.021:y-0.420:f6.30:tf10.09:p0.0209:tok5;30:x0.028:y-0.355:f8.58:tf10.09:p0.0282:tok6;45:x0.030:y-0.243:f5.07:tf10.09:p0.0304:tok3;60:x0.034:y-0.107:f13.99:tf10.09:p0.0162:tok3;75:x0.030:y0.028:f12.01:tf10.09:p0.0123:tok3;90:x0.039:y0.159:f19.65:tf19.10:p0.0213:tok3;95:x0.040:y0.194:f18.80:tf19.10:p0.0222:tok7
impedance_token_policy_v4,combined_extreme_stress,7,1001,,0,0.89583,2.75342,2.48448,0.14416,1.72276,0.03091,0.01163,0.46512,0.10465,9,5,0.74838,-0.12217,0.72062,838.95188,0.45896,53,0:x-0.117:y-0.432:f0.28:tf10.09:p0.0000:tok1;15:x0.023:y-0.426:f7.16:tf10.09:p0.0232:tok6;30:x0.029:y-0.359:f9.92:tf10.09:p0.0288:tok6;45:x0.028:y-0.243:f7.63:tf10.09:p0.0280:tok2;60:x0.031:y-0.112:f17.38:tf10.09:p0.0131:tok4;75:x0.030:y0.024:f9.36:tf10.09:p0.0121:tok3;90:x0.040:y0.153:f15.86:tf19.10:p0.0216:tok5;95:x0.039:y0.185:f17.23:tf19.10:p0.0209:tok6
learned_only_token_replacement,combined_extreme_stress,7,1001,,1,0.88542,3.63108,2.63887,0.19011,1.80852,0.03192,0.03529,0.57647,0.08235,7,5,0.68208,-0.18391,0.77964,836.34271,0.45897,0,0:x-0.124:y-0.442:f0.00:tf10.09:p0.0000:tok-1;15:x0.016:y-0.437:f6.14:tf10.09:p0.0159:tok-1;30:x0.027:y-0.360:f7.07:tf10.09:p0.0273:tok-1;45:x0.031:y-0.227:f11.43:tf10.09:p0.0306:tok-1;60:x0.036:y-0.073:f17.01:tf10.09:p0.0185:tok-1;75:x0.031:y0.071:f10.73:tf10.09:p0.0131:tok-1;90:x0.039:y0.202:f18.07:tf19.10:p0.0213:tok-1;95:x0.039:y0.234:f17.25:tf19.10:p0.0209:tok-1
token_full_v5,combined_extreme_stress,7,1002,,0,0.89583,2.99744,1.79858,0.17140,1.52783,0.03092,0.00000,0.05814,0.05814,5,5,0.64310,-0.09682,0.66371,871.54275,0.48340,55,0:x-0.105:y-0.421:f0.00:tf10.03:p0.0000:tok1;15:x0.021:y-0.414:f6.87:tf10.03:p0.0214:tok2;30:x0.028:y-0.352:f8.44:tf10.03:p0.0285:tok6;45:x0.030:y-0.250:f6.81:tf10.03:p0.0300:tok6;60:x0.031:y-0.132:f11.60:tf10.03:p0.0130:tok4;75:x0.036:y-0.009:f16.30:tf17.49:p0.0183:tok4;90:x0.036:y0.103:f15.30:tf17.49:p0.0177:tok6;95:x0.036:y0.135:f16.01:tf17.49:p0.0179:tok6
ablate_no_memory,combined_extreme_stress,7,1002,,0,0.87500,3.05437,1.12962,0.17465,1.68824,0.03668,0.00000,0.40476,0.10714,9,5,0.59906,-0.12729,0.70958,872.58727,0.48343,15,0:x-0.127:y-0.435:f0.82:tf10.03:p0.0000:tok3;15:x0.014:y-0.432:f6.30:tf10.03:p0.0142:tok5;30:x0.029:y-0.365:f8.76:tf10.03:p0.0295:tok6;45:x0.034:y-0.249:f7.12:tf10.03:p0.0341:tok3;60:x0.036:y-0.110:f16.02:tf10.03:p0.0185:tok4;75:x0.038:y0.019:f18.15:tf17.49:p0.0200:tok3;90:x0.037:y0.144:f16.69:tf17.49:p0.0193:tok3;95:x0.036:y0.175:f15.74:tf17.49:p0.0181:tok6
ablate_no_discrete_tokens,combined_extreme_stress,7,1002,,1,0.91667,2.35605,1.23013,0.13472,1.88051,0.03862,0.01136,0.57955,0.13636,12,5,0.77445,-0.09490,0.81909,885.69957,0.48343,0,0:x-0.115:y-0.431:f0.20:tf10.03:p0.0000:tok1;15:x0.028:y-0.421:f7.60:tf10.03:p0.0282:tok1;30:x0.032:y-0.341:f8.04:tf10.03:p0.0324:tok1;45:x0.037:y-0.206:f7.71:tf10.03:p0.0373:tok1;60:x0.037:y-0.047:f14.77:tf10.03:p0.0190:tok1;75:x0.040:y0.103:f19.32:tf17.49:p0.0218:tok1;90:x0.038:y0.236:f18.81:tf17.49:p0.0198:tok1;95:x0.037:y0.268:f17.04:tf17.49:p0.0195:tok1
ablate_no_force_update,combined_extreme_stress,7,1002,,0,0.89583,4.75660,6.13840,0.27199,1.53711,0.02922,0.00000,0.20930,0.01163,1,96,0.75362,-0.10120,0.69867,420.00000,0.20000,76,0:x-0.106:y-0.424:f0.73:tf10.03:p0.0000:tok1;15:x0.022:y-0.418:f4.98:tf10.03:p0.0217:tok2;30:x0.026:y-0.351:f7.03:tf10.03:p0.0262:tok2;45:x0.025:y-0.245:f4.36:tf10.03:p0.0247:tok6;60:x0.028:y-0.117:f10.08:tf10.03:p0.0099:tok4;75:x0.044:y0.010:f23.21:tf17.49:p0.0261:tok6;90:x0.046:y0.131:f25.33:tf17.49:p0.0282:tok3;95:x0.047:y0.164:f25.37:tf17.49:p0.0292:tok6
ablate_no_transition_planner,combined_extreme_stress,7,1002,,0,0.89583,2.83381,1.44223,0.16204,1.31057,0.03195,0.00000,0.01163,0.06977,6,5,0.71567,-0.11183,0.66408,897.47600,0.48339,62,0:x-0.115:y-0.417:f0.50:tf10.03:p0.0000:tok1;15:x0.019:y-0.413:f5.21:tf10.03:p0.0194:tok5;30:x0.028:y-0.350:f7.72:tf10.03:p0.0283:tok6;45:x0.030:y-0.248:f8.76:tf10.03:p0.0302:tok4;60:x0.031:y-0.130:f10.15:tf10.03:p0.0131:tok4;75:x0.036:y-0.009:f16.79:tf17.49:p0.0184:tok4;90:x0.035:y0.102:f17.25:tf17.49:p0.0174:tok6;95:x0.036:y0.135:f15.81:tf17.49:p0.0177:tok6
ablate_no_safety_penalty,combined_extreme_stress,7,1002,,0,0.89583,3.00706,1.63203,0.17195,1.40099,0.03267,0.00000,0.11628,0.04651,4,5,0.75330,-0.12262,0.66000,870.43268,0.48340,57,0:x-0.118:y-0.439:f0.00:tf10.03:p0.0000:tok1;15:x0.020:y-0.434:f7.17:tf10.03:p0.0205:tok5;30:x0.029:y-0.365:f7.73:tf10.03:p0.0287:tok6;45:x0.030:y-0.262:f10.55:tf10.03:p0.0304:tok4;60:x0.033:y-0.137:f14.05:tf10.03:p0.0154:tok6;75:x0.036:y-0.010:f15.60:tf17.49:p0.0184:tok4;90:x0.036:y0.102:f15.94:tf17.49:p0.0180:tok6;95:x0.036:y0.132:f16.15:tf17.49:p0.0182:tok6
ablate_no_slip_context,combined_extreme_stress,7,1002,,0,0.89583,3.01052,1.86223,0.17215,1.65328,0.03307,0.00000,0.08140,0.04651,4,5,0.73337,-0.11913,0.63635,880.12772,0.48327,45,0:x-0.111:y-0.437:f1.31:tf10.03:p0.0000:tok1;15:x0.020:y-0.430:f6.58:tf10.03:p0.0201:tok5;30:x0.029:y-0.360:f10.00:tf10.03:p0.0294:tok6;45:x0.033:y-0.251:f7.80:tf10.03:p0.0326:tok6;60:x0.034:y-0.132:f13.48:tf10.03:p0.0157:tok6;75:x0.036:y-0.009:f16.63:tf17.49:p0.0180:tok6;90:x0.035:y0.087:f14.96:tf17.49:p0.0170:tok6;95:x0.035:y0.112:f14.09:tf17.49:p0.0168:tok6
ablate_no_tail_risk_objective,combined_extreme_stress,7,1002,,0,0.89583,2.79002,0.86415,0.15954,1.93086,0.03619,0.02326,0.39535,0.15116,13,5,0.65940,-0.07782,0.73095,865.35636,0.48341,38,0:x-0.112:y-0.437:f0.00:tf10.03:p0.0000:tok1;15:x0.021:y-0.430:f7.31:tf10.03:p0.0207:tok5;30:x0.032:y-0.351:f7.35:tf10.03:p0.0315:tok7;45:x0.034:y-0.231:f5.36:tf10.03:p0.0339:tok3;60:x0.036:y-0.098:f16.10:tf10.03:p0.0179:tok3;75:x0.038:y0.036:f18.60:tf17.49:p0.0204:tok3;90:x0.038:y0.157:f16.43:tf17.49:p0.0196:tok3;95:x0.038:y0.192:f18.80:tf17.49:p0.0201:tok2
ablate_no_calibration_guard,combined_extreme_stress,7,1002,,0,0.89583,2.72170,1.62742,0.15563,1.57561,0.03359,0.00000,0.16279,0.06977,6,5,0.98780,-0.18643,0.64645,881.53230,0.48325,37,0:x-0.126:y-0.430:f0.00:tf10.03:p0.0000:tok1;15:x0.027:y-0.423:f8.75:tf10.03:p0.0274:tok7;30:x0.028:y-0.356:f7.39:tf10.03:p0.0285:tok2;45:x0.031:y-0.257:f5.52:tf10.03:p0.0310:tok7;60:x0.035:y-0.133:f15.41:tf10.03:p0.0168:tok4;75:x0.037:y-0.004:f15.43:tf17.49:p0.0186:tok6;90:x0.036:y0.096:f16.35:tf17.49:p0.0179:tok6;95:x0.035:y0.121:f16.18:tf17.49:p0.0172:tok6
ablate_no_phase_memory,combined_extreme_stress,7,1002,,0,0.89583,2.91165,1.03227,0.16649,1.80321,0.03624,0.01163,0.36047,0.11628,10,5,0.73728,-0.10120,0.71483,870.33990,0.48344,44,0:x-0.120:y-0.436:f0.00:tf10.03:p0.0000:tok1;15:x0.020:y-0.431:f5.22:tf10.03:p0.0201:tok5;30:x0.030:y-0.362:f6.89:tf10.03:p0.0303:tok2;45:x0.033:y-0.248:f8.99:tf10.03:p0.0328:tok3;60:x0.036:y-0.111:f16.07:tf10.03:p0.0183:tok4;75:x0.039:y0.018:f18.21:tf17.49:p0.0205:tok3;90:x0.037:y0.143:f16.42:tf17.49:p0.0190:tok3;95:x0.038:y0.178:f17.12:tf17.49:p0.0200:tok3
impedance_token_policy_v4,combined_extreme_stress,7,1002,,0,0.89583,2.76470,1.11589,0.15809,1.56144,0.03551,0.00000,0.36047,0.11628,10,5,0.75771,-0.10965,0.70720,897.70342,0.48341,63,0:x-0.115:y-0.437:f0.00:tf10.03:p0.0000:tok1;15:x0.021:y-0.430:f6.85:tf10.03:p0.0212:tok5;30:x0.032:y-0.359:f8.28:tf10.03:p0.0319:tok4;45:x0.034:y-0.242:f8.88:tf10.03:p0.0344:tok2;60:x0.034:y-0.111:f13.21:tf10.03:p0.0159:tok2;75:x0.039:y0.016:f18.31:tf17.49:p0.0207:tok3;90:x0.036:y0.138:f17.21:tf17.49:p0.0184:tok0;95:x0.036:y0.172:f16.27:tf17.49:p0.0177:tok0
learned_only_token_replacement,combined_extreme_stress,7,1002,,0,0.89583,3.46349,1.65732,0.19805,2.12468,0.03819,0.06977,0.52326,0.15116,13,5,0.62439,-0.16173,0.76809,863.33171,0.48341,0,0:x-0.118:y-0.418:f0.00:tf10.03:p0.0000:tok-1;15:x0.016:y-0.414:f4.86:tf10.03:p0.0159:tok-1;30:x0.029:y-0.345:f7.32:tf10.03:p0.0288:tok-1;45:x0.034:y-0.220:f11.06:tf10.03:p0.0343:tok-1;60:x0.040:y-0.069:f20.34:tf10.03:p0.0217:tok-1;75:x0.039:y0.068:f18.67:tf17.49:p0.0213:tok-1;90:x0.037:y0.192:f15.50:tf17.49:p0.0189:tok-1;95:x0.036:y0.225:f15.71:tf17.49:p0.0184:tok-1
token_full_v5,combined_extreme_stress,7,1003,,0,0.89583,3.01730,2.23182,0.17569,1.70368,0.02581,0.01163,0.06977,0.08140,7,5,0.66426,-0.10673,0.66430,865.49132,0.43185,56,0:x-0.111:y-0.422:f0.00:tf9.84:p0.0000:tok1;15:x0.019:y-0.416:f6.57:tf9.84:p0.0193:tok2;30:x0.025:y-0.353:f7.81:tf9.84:p0.0248:tok6;45:x0.026:y-0.255:f8.46:tf9.84:p0.0256:tok4;60:x0.031:y-0.136:f9.43:tf9.84:p0.0129:tok4;75:x0.036:y-0.010:f15.89:tf17.17:p0.0180:tok4;90:x0.035:y0.104:f15.02:tf17.17:p0.0171:tok6;95:x0.036:y0.136:f15.58:tf17.17:p0.0176:tok6
ablate_no_memory,combined_extreme_stress,7,1003,,0,0.87500,2.82398,1.56074,0.16443,1.49286,0.02859,0.00000,0.51190,0.13095,11,5,0.54431,-0.10777,0.72515,842.75364,0.43196,15,0:x-0.122:y-0.446:f0.00:tf9.84:p0.0000:tok3;15:x0.014:y-0.443:f5.41:tf9.84:p0.0137:tok5;30:x0.025:y-0.374:f8.48:tf9.84:p0.0254:tok6;45:x0.028:y-0.258:f9.56:tf9.84:p0.0285:tok3;60:x0.032:y-0.116:f14.59:tf9.84:p0.0137:tok4;75:x0.038:y0.022:f17.70:tf17.17:p0.0195:tok3;90:x0.038:y0.153:f16.82:tf17.17:p0.0196:tok3;95:x0.037:y0.188:f15.21:tf17.17:p0.0188:tok6
ablate_no_discrete_tokens,combined_extreme_stress,7,1003,,0,0.91667,1.88970,1.07265,0.11003,1.51565,0.03046,0.00000,0.60227,0.11364,10,5,0.81450,-0.10728,0.82920,849.74928,0.43189,0,0:x-0.123:y-0.443:f0.00:tf9.84:p0.0000:tok1;15:x0.027:y-0.434:f10.08:tf9.84:p0.0266:tok1;30:x0.028:y-0.349:f9.19:tf9.84:p0.0284:tok1;45:x0.030:y-0.209:f9.58:tf9.84:p0.0300:tok1;60:x0.032:y-0.048:f9.77:tf9.84:p0.0142:tok1;75:x0.039:y0.106:f18.58:tf17.17:p0.0212:tok1;90:x0.038:y0.243:f17.81:tf17.17:p0.0199:tok1;95:x0.038:y0.277:f16.88:tf17.17:p0.0201:tok1
ablate_no_force_update,combined_extreme_stress,7,1003,,0,0.89583,3.97319,4.91825,0.23135,1.62254,0.02870,0.00000,0.30233,0.04651,4,15,0.81967,-0.12538,0.70123,420.00000,0.20000,63,0:x-0.114:y-0.426:f0.22:tf9.84:p0.0000:tok1;15:x0.021:y-0.421:f8.03:tf9.84:p0.0209:tok4;30:x0.023:y-0.360:f8.61:tf9.84:p0.0233:tok6;45:x0.023:y-0.258:f7.05:tf9.84:p0.0230:tok7;60:x0.033:y-0.133:f15.96:tf9.84:p0.0148:tok4;75:x0.043:y-0.002:f22.22:tf17.17:p0.0250:tok6;90:x0.046:y0.129:f22.82:tf17.17:p0.0280:tok3;95:x0.046:y0.166:f25.04:tf17.17:p0.0284:tok4
ablate_no_transition_planner,combined_extreme_stress,7,1003,,0,0.89583,3.04998,2.92091,0.17759,1.39108,0.02672,0.00000,0.02326,0.04651,4,5,0.65518,-0.10005,0.65794,847.57577,0.43185,55,0:x-0.109:y-0.419:f0.68:tf9.84:p0.0000:tok1;15:x0.019:y-0.414:f6.82:tf9.84:p0.0189:tok5;30:x0.025:y-0.352:f6.85:tf9.84:p0.0248:tok2;45:x0.027:y-0.252:f8.76:tf9.84:p0.0266:tok4;60:x0.030:y-0.134:f12.63:tf9.84:p0.0117:tok6;75:x0.035:y-0.014:f12.37:tf17.17:p0.0167:tok6;90:x0.036:y0.097:f16.15:tf17.17:p0.0181:tok6;95:x0.037:y0.129:f17.14:tf17.17:p0.0195:tok6
ablate_no_safety_penalty,combined_extreme_stress,7,1003,,0,0.89583,3.07622,2.52728,0.17912,1.52551,0.02546,0.00000,0.17442,0.08140,7,5,0.69263,-0.09887,0.66970,847.24362,0.43190,53,0:x-0.109:y-0.437:f0.21:tf9.84:p0.0000:tok1;15:x0.019:y-0.431:f6.63:tf9.84:p0.0191:tok5;30:x0.025:y-0.362:f7.16:tf9.84:p0.0245:tok2;45:x0.025:y-0.257:f8.55:tf9.84:p0.0253:tok4;60:x0.032:y-0.139:f13.08:tf9.84:p0.0139:tok6;75:x0.036:y-0.010:f15.37:tf17.17:p0.0178:tok4;90:x0.036:y0.108:f15.07:tf17.17:p0.0176:tok6;95:x0.037:y0.140:f16.93:tf17.17:p0.0189:tok6
ablate_no_slip_context,combined_extreme_stress,7,1003,,0,0.89583,2.79498,2.09471,0.16274,1.32286,0.02788,0.00000,0.11628,0.04651,4,5,0.86345,-0.12765,0.67766,843.64681,0.43187,54,0:x-0.119:y-0.417:f0.89:tf9.84:p0.0000:tok1;15:x0.019:y-0.412:f7.54:tf9.84:p0.0187:tok0;30:x0.025:y-0.353:f8.65:tf9.84:p0.0245:tok6;45:x0.026:y-0.251:f6.77:tf9.84:p0.0260:tok2;60:x0.030:y-0.128:f11.06:tf9.84:p0.0123:tok6;75:x0.036:y-0.005:f15.83:tf17.17:p0.0182:tok6;90:x0.036:y0.112:f14.65:tf17.17:p0.0178:tok2;95:x0.036:y0.147:f15.50:tf17.17:p0.0184:tok6
ablate_no_tail_risk_objective,combined_extreme_stress,7,1003,,0,0.89583,2.53053,1.69242,0.14735,1.42115,0.02935,0.00000,0.40698,0.09302,8,6,0.65667,-0.08630,0.73691,857.05540,0.43186,27,0:x-0.116:y-0.425:f0.00:tf9.84:p0.0000:tok1;15:x0.018:y-0.420:f7.88:tf9.84:p0.0183:tok7;30:x0.028:y-0.344:f7.44:tf9.84:p0.0277:tok3;45:x0.029:y-0.227:f9.53:tf9.84:p0.0292:tok3;60:x0.031:y-0.097:f11.30:tf9.84:p0.0133:tok3;75:x0.037:y0.036:f17.42:tf17.17:p0.0191:tok3;90:x0.037:y0.162:f17.49:tf17.17:p0.0192:tok3;95:x0.038:y0.197:f18.10:tf17.17:p0.0198:tok3
ablate_no_calibration_guard,combined_extreme_stress,7,1003,,0,0.90625,2.40281,1.71162,0.13991,1.35063,0.02779,0.00000,0.21839,0.12644,11,5,1.02909,-0.16346,0.68398,856.66304,0.43182,44,0:x-0.122:y-0.422:f1.11:tf9.84:p0.0000:tok1;15:x0.024:y-0.415:f8.02:tf9.84:p0.0239:tok7;30:x0.027:y-0.347:f7.32:tf9.84:p0.0266:tok7;45:x0.025:y-0.252:f8.57:tf9.84:p0.0255:tok6;60:x0.031:y-0.134:f8.74:tf9.84:p0.0135:tok6;75:x0.037:y0.005:f14.98:tf17.17:p0.0185:tok6;90:x0.036:y0.118:f14.63:tf17.17:p0.0180:tok7;95:x0.037:y0.152:f16.46:tf17.17:p0.0187:tok6
ablate_no_phase_memory,combined_extreme_stress,7,1003,,0,0.88542,2.54433,1.42730,0.14815,1.45166,0.02859,0.00000,0.45882,0.08235,7,5,0.72182,-0.11272,0.72822,858.81463,0.43192,38,0:x-0.125:y-0.435:f0.10:tf9.84:p0.0000:tok1;15:x0.019:y-0.431:f7.53:tf9.84:p0.0193:tok6;30:x0.025:y-0.362:f7.06:tf9.84:p0.0249:tok5;45:x0.028:y-0.249:f9.82:tf9.84:p0.0283:tok3;60:x0.033:y-0.112:f13.50:tf9.84:p0.0147:tok3;75:x0.037:y0.025:f15.06:tf17.17:p0.0192:tok3;90:x0.037:y0.155:f17.58:tf17.17:p0.0191:tok3;95:x0.037:y0.190:f15.29:tf17.17:p0.0187:tok6
impedance_token_policy_v4,combined_extreme_stress,7,1003,,0,0.89583,2.38166,1.52733,0.13868,1.49352,0.02834,0.00000,0.29070,0.09302,8,5,0.81451,-0.08928,0.72891,850.97826,0.43191,70,0:x-0.113:y-0.425:f0.25:tf9.84:p0.0000:tok1;15:x0.021:y-0.420:f6.72:tf9.84:p0.0206:tok5;30:x0.027:y-0.352:f9.66:tf9.84:p0.0270:tok7;45:x0.027:y-0.235:f7.56:tf9.84:p0.0271:tok6;60:x0.032:y-0.106:f11.52:tf9.84:p0.0140:tok0;75:x0.036:y0.022:f14.49:tf17.17:p0.0184:tok0;90:x0.039:y0.148:f18.47:tf17.17:p0.0211:tok4;95:x0.039:y0.189:f16.97:tf17.17:p0.0214:tok6
learned_only_token_replacement,combined_extreme_stress,7,1003,,1,0.89583,2.92483,1.40022,0.17030,1.82728,0.03017,0.02326,0.54651,0.13953,12,5,0.59758,-0.15646,0.78217,844.19176,0.43192,0,0:x-0.117:y-0.417:f0.17:tf9.84:p0.0000:tok-1;15:x0.015:y-0.412:f6.23:tf9.84:p0.0150:tok-1;30:x0.026:y-0.344:f9.59:tf9.84:p0.0256:tok-1;45:x0.029:y-0.218:f9.31:tf9.84:p0.0291:tok-1;60:x0.033:y-0.069:f10.24:tf9.84:p0.0152:tok-1;75:x0.038:y0.072:f16.56:tf17.17:p0.0197:tok-1;90:x0.037:y0.202:f15.62:tf17.17:p0.0189:tok-1;95:x0.037:y0.236:f15.95:tf17.17:p0.0186:tok-1
token_full_v5,stick_slip_cycle,0,1000,,0,0.89583,2.93638,2.53583,0.22539,0.94801,0.02570,0.00000,0.29070,0.00000,0,8,0.68034,-0.09141,0.66960,429.98828,0.35932,44,0:x-0.113:y-0.428:f0.00:tf11.13:p0.0000:tok1;15:x0.020:y-0.422:f8.36:tf11.13:p0.0204:tok5;30:x0.022:y-0.366:f9.56:tf11.13:p0.0221:tok6;45:x0.022:y-0.277:f9.89:tf11.13:p0.0224:tok4;60:x0.022:y-0.152:f9.05:tf11.13:p0.0224:tok4;75:x0.023:y-0.020:f10.09:tf13.03:p0.0229:tok6;90:x0.025:y0.103:f10.34:tf13.03:p0.0249:tok6;95:x0.026:y0.139:f11.48:tf13.03:p0.0257:tok4
ablate_no_memory,stick_slip_cycle,0,1000,,1,0.88542,2.40541,1.18482,0.18464,1.03245,0.02895,0.00000,0.45882,0.02353,2,5,0.51266,-0.07591,0.74800,428.68499,0.35936,10,0:x-0.111:y-0.412:f0.22:tf11.13:p0.0000:tok3;15:x0.020:y-0.408:f10.11:tf11.13:p0.0196:tok0;30:x0.022:y-0.355:f9.73:tf11.13:p0.0219:tok6;45:x0.022:y-0.267:f8.54:tf11.13:p0.0217:tok2;60:x0.025:y-0.132:f10.21:tf11.13:p0.0246:tok3;75:x0.026:y0.022:f10.85:tf13.03:p0.0259:tok3;90:x0.029:y0.167:f13.31:tf13.03:p0.0289:tok3;95:x0.029:y0.206:f11.83:tf13.03:p0.0285:tok3
ablate_no_discrete_tokens,stick_slip_cycle,0,1000,,1,0.91667,1.43243,0.53239,0.10995,1.27927,0.03056,0.00000,0.59091,0.01136,1,5,0.85677,-0.11385,0.85266,426.08781,0.35923,0,0:x-0.122:y-0.417:f0.33:tf11.13:p0.0000:tok1;15:x0.028:y-0.408:f11.47:tf11.13:p0.0282:tok1;30:x0.025:y-0.334:f10.27:tf11.13:p0.0251:tok1;45:x0.026:y-0.204:f11.10:tf11.13:p0.0262:tok1;60:x0.026:y-0.046:f10.90:tf11.13:p0.0260:tok1;75:x0.027:y0.116:f11.76:tf13.03:p0.0272:tok1;90:x0.030:y0.261:f12.75:tf13.03:p0.0303:tok1;95:x0.030:y0.297:f12.98:tf13.03:p0.0305:tok1
ablate_no_force_update,stick_slip_cycle,0,1000,,0,0.89583,2.77302,2.54051,0.21285,0.99896,0.02624,0.00000,0.40698,0.00000,0,7,0.70336,-0.09294,0.68518,420.00000,0.20000,37,0:x-0.114:y-0.426:f0.00:tf11.13:p0.0000:tok1;15:x0.022:y-0.420:f9.04:tf11.13:p0.0218:tok7;30:x0.022:y-0.366:f8.85:tf11.13:p0.0224:tok6;45:x0.022:y-0.282:f10.04:tf11.13:p0.0222:tok6;60:x0.022:y-0.160:f9.03:tf11.13:p0.0222:tok4;75:x0.022:y-0.022:f9.96:tf13.03:p0.0224:tok6;90:x0.026:y0.113:f10.78:tf13.03:p0.0259:tok4;95:x0.026:y0.152:f9.86:tf13.03:p0.0258:tok6
ablate_no_transition_planner,stick_slip_cycle,0,1000,,0,0.89583,2.97265,2.51121,0.22818,0.96924,0.02584,0.00000,0.34884,0.00000,0,6,0.74486,-0.10667,0.67606,424.90049,0.35939,39,0:x-0.120:y-0.440:f0.20:tf11.13:p0.0000:tok1;15:x0.020:y-0.433:f8.33:tf11.13:p0.0202:tok5;30:x0.022:y-0.374:f9.37:tf11.13:p0.0220:tok6;45:x0.022:y-0.282:f9.29:tf11.13:p0.0220:tok4;60:x0.021:y-0.155:f9.31:tf11.13:p0.0215:tok4;75:x0.023:y-0.020:f10.17:tf13.03:p0.0226:tok6;90:x0.026:y0.108:f10.83:tf13.03:p0.0256:tok4;95:x0.026:y0.144:f11.16:tf13.03:p0.0257:tok4
ablate_no_safety_penalty,stick_slip_cycle,0,1000,,0,0.89583,2.98334,2.67504,0.22900,0.99549,0.02528,0.00000,0.27907,0.00000,0,7,0.71141,-0.10818,0.66818,428.23602,0.35936,40,0:x-0.120:y-0.419:f0.00:tf11.13:p0.0000:tok1;15:x0.020:y-0.414:f8.91:tf11.13:p0.0199:tok7;30:x0.021:y-0.362:f8.68:tf11.13:p0.0213:tok6;45:x0.022:y-0.273:f8.84:tf11.13:p0.0217:tok6;60:x0.022:y-0.159:f9.78:tf11.13:p0.0215:tok4;75:x0.022:y-0.024:f9.35:tf13.03:p0.0224:tok6;90:x0.025:y0.102:f10.86:tf13.03:p0.0251:tok4;95:x0.025:y0.138:f11.04:tf13.03:p0.0253:tok6
ablate_no_slip_context,stick_slip_cycle,0,1000,,0,0.89583,2.77313,1.99986,0.21286,0.95770,0.02619,0.00000,0.30233,0.00000,0,5,0.82181,-0.10578,0.68526,435.01585,0.35940,34,0:x-0.113:y-0.416:f0.00:tf11.13:p0.0000:tok1;15:x0.020:y-0.411:f8.08:tf11.13:p0.0204:tok5;30:x0.022:y-0.360:f9.28:tf11.13:p0.0215:tok6;45:x0.022:y-0.279:f9.33:tf11.13:p0.0220:tok6;60:x0.022:y-0.165:f9.64:tf11.13:p0.0219:tok6;75:x0.025:y-0.028:f11.53:tf13.03:p0.0247:tok6;90:x0.025:y0.115:f11.36:tf13.03:p0.0254:tok6;95:x0.026:y0.153:f11.21:tf13.03:p0.0256:tok6
ablate_no_tail_risk_objective,stick_slip_cycle,0,1000,,1,0.89583,1.98863,1.18372,0.15264,1.02683,0.02876,0.00000,0.46512,0.01163,1,5,0.76250,-0.10365,0.75889,425.75353,0.35925,19,0:x-0.125:y-0.439:f0.00:tf11.13:p0.0000:tok1;15:x0.021:y-0.433:f10.52:tf11.13:p0.0212:tok7;30:x0.025:y-0.352:f10.29:tf11.13:p0.0250:tok3;45:x0.024:y-0.237:f11.21:tf11.13:p0.0243:tok3;60:x0.025:y-0.102:f10.26:tf11.13:p0.0248:tok3;75:x0.026:y0.042:f10.71:tf13.03:p0.0257:tok3;90:x0.029:y0.179:f11.73:tf13.03:p0.0286:tok3;95:x0.029:y0.216:f12.66:tf13.03:p0.0288:tok2
ablate_no_calibration_guard,stick_slip_cycle,0,1000,,0,0.90625,2.26352,1.90408,0.17374,1.19176,0.02899,0.00000,0.16092,0.02299,2,6,0.89901,-0.11931,0.68284,427.45688,0.35928,26,0:x-0.107:y-0.434:f0.00:tf11.13:p0.0000:tok1;15:x0.029:y-0.424:f11.82:tf11.13:p0.0290:tok7;30:x0.023:y-0.358:f9.36:tf11.13:p0.0229:tok6;45:x0.023:y-0.259:f10.17:tf11.13:p0.0234:tok6;60:x0.021:y-0.151:f8.43:tf11.13:p0.0215:tok7;75:x0.024:y-0.026:f10.37:tf13.03:p0.0237:tok7;90:x0.026:y0.115:f11.04:tf13.03:p0.0260:tok6;95:x0.027:y0.150:f11.58:tf13.03:p0.0267:tok6
ablate_no_phase_memory,stick_slip_cycle,0,1000,,1,0.90625,2.07069,1.08095,0.15894,1.02919,0.02905,0.00000,0.47126,0.01149,1,5,0.67820,-0.08988,0.75769,423.14024,0.35923,33,0:x-0.112:y-0.418:f0.76:tf11.13:p0.0000:tok1;15:x0.019:y-0.413:f7.93:tf11.13:p0.0195:tok5;30:x0.023:y-0.353:f9.31:tf11.13:p0.0232:tok7;45:x0.025:y-0.239:f10.48:tf11.13:p0.0246:tok3;60:x0.025:y-0.103:f10.13:tf11.13:p0.0251:tok3;75:x0.026:y0.041:f10.67:tf13.03:p0.0261:tok3;90:x0.029:y0.178:f12.73:tf13.03:p0.0289:tok3;95:x0.029:y0.215:f12.62:tf13.03:p0.0291:tok6
impedance_token_policy_v4,stick_slip_cycle,0,1000,,0,0.90625,2.17696,1.40253,0.16710,1.06076,0.02911,0.00000,0.48276,0.01149,1,5,0.68493,-0.07436,0.73244,425.87179,0.35923,58,0:x-0.107:y-0.429:f0.00:tf11.13:p0.0000:tok1;15:x0.022:y-0.422:f9.00:tf11.13:p0.0223:tok7;30:x0.024:y-0.358:f9.75:tf11.13:p0.0242:tok7;45:x0.024:y-0.238:f9.33:tf11.13:p0.0241:tok4;60:x0.022:y-0.109:f9.56:tf11.13:p0.0222:tok5;75:x0.024:y0.022:f10.28:tf13.03:p0.0240:tok4;90:x0.028:y0.154:f11.33:tf13.03:p0.0283:tok6;95:x0.029:y0.192:f12.82:tf13.03:p0.0291:tok7
learned_only_token_replacement,stick_slip_cycle,0,1000,,1,0.89583,1.93719,0.49972,0.14870,1.08501,0.03073,0.00000,0.59302,0.05814,5,5,0.64699,-0.16942,0.80561,430.81656,0.35918,0,0:x-0.121:y-0.437:f0.00:tf11.13:p0.0000:tok-1;15:x0.018:y-0.430:f8.07:tf11.13:p0.0179:tok-1;30:x0.024:y-0.355:f11.05:tf11.13:p0.0239:tok-1;45:x0.025:y-0.226:f11.08:tf11.13:p0.0253:tok-1;60:x0.026:y-0.073:f11.81:tf11.13:p0.0261:tok-1;75:x0.028:y0.081:f12.16:tf13.03:p0.0276:tok-1;90:x0.031:y0.221:f13.09:tf13.03:p0.0305:tok-1;95:x0.031:y0.256:f13.65:tf13.03:p0.0307:tok-1
token_full_v5,stick_slip_cycle,0,1001,,0,0.90625,3.11020,2.39337,0.21750,0.98561,0.02657,0.00000,0.26437,0.00000,0,5,0.74018,-0.11563,0.67407,459.97997,0.36308,39,0:x-0.116:y-0.445:f0.00:tf12.36:p0.0000:tok1;15:x0.025:y-0.436:f10.67:tf12.36:p0.0251:tok4;30:x0.025:y-0.375:f9.66:tf12.36:p0.0252:tok2;45:x0.025:y-0.277:f8.68:tf12.36:p0.0253:tok2;60:x0.024:y-0.152:f11.30:tf12.36:p0.0244:tok4;75:x0.027:y-0.022:f11.88:tf14.30:p0.0265:tok4;90:x0.026:y0.106:f11.92:tf14.30:p0.0264:tok4;95:x0.026:y0.143:f11.73:tf14.30:p0.0261:tok6
ablate_no_memory,stick_slip_cycle,0,1001,,1,0.88542,2.60072,0.90548,0.18187,1.08289,0.02995,0.00000,0.45882,0.04706,4,5,0.58111,-0.11013,0.74158,452.77513,0.36310,13,0:x-0.122:y-0.420:f0.04:tf12.36:p0.0000:tok3;15:x0.022:y-0.416:f10.05:tf12.36:p0.0220:tok0;30:x0.026:y-0.360:f11.30:tf12.36:p0.0263:tok6;45:x0.026:y-0.264:f9.10:tf12.36:p0.0261:tok2;60:x0.028:y-0.129:f11.98:tf12.36:p0.0278:tok3;75:x0.030:y0.020:f14.32:tf14.30:p0.0298:tok3;90:x0.030:y0.162:f13.40:tf14.30:p0.0297:tok3;95:x0.030:y0.201:f13.43:tf14.30:p0.0298:tok3
ablate_no_discrete_tokens,stick_slip_cycle,0,1001,,1,0.91667,1.65636,0.54157,0.11583,1.17039,0.03333,0.00000,0.59091,0.05682,5,5,0.87134,-0.12136,0.84680,460.47273,0.36296,0,0:x-0.120:y-0.422:f0.00:tf12.36:p0.0000:tok1;15:x0.032:y-0.413:f13.05:tf12.36:p0.0324:tok1;30:x0.030:y-0.336:f12.40:tf12.36:p0.0296:tok1;45:x0.032:y-0.204:f12.17:tf12.36:p0.0316:tok1;60:x0.029:y-0.046:f12.89:tf12.36:p0.0285:tok1;75:x0.032:y0.112:f15.37:tf14.30:p0.0315:tok1;90:x0.031:y0.256:f14.04:tf14.30:p0.0309:tok1;95:x0.031:y0.292:f14.07:tf14.30:p0.0309:tok1
ablate_no_force_update,stick_slip_cycle,0,1001,,0,0.90625,2.86699,1.79513,0.20049,0.97931,0.02791,0.00000,0.28736,0.00000,0,5,0.71456,-0.10251,0.69242,420.00000,0.20000,39,0:x-0.110:y-0.437:f0.00:tf12.36:p0.0000:tok1;15:x0.025:y-0.430:f10.42:tf12.36:p0.0254:tok7;30:x0.027:y-0.371:f9.98:tf12.36:p0.0267:tok6;45:x0.026:y-0.270:f9.10:tf12.36:p0.0257:tok6;60:x0.024:y-0.151:f11.60:tf12.36:p0.0242:tok4;75:x0.028:y-0.017:f12.76:tf14.30:p0.0278:tok4;90:x0.028:y0.120:f12.64:tf14.30:p0.0277:tok4;95:x0.028:y0.158:f11.57:tf14.30:p0.0277:tok6
ablate_no_transition_planner,stick_slip_cycle,0,1001,,0,0.90625,3.10413,2.31522,0.21707,0.95944,0.02701,0.00000,0.29885,0.00000,0,5,0.76757,-0.11671,0.67720,455.37606,0.36309,46,0:x-0.119:y-0.441:f0.00:tf12.36:p0.0000:tok1;15:x0.024:y-0.433:f9.82:tf12.36:p0.0240:tok2;30:x0.026:y-0.369:f11.21:tf12.36:p0.0260:tok6;45:x0.026:y-0.276:f10.93:tf12.36:p0.0258:tok4;60:x0.025:y-0.154:f11.62:tf12.36:p0.0250:tok4;75:x0.026:y-0.019:f12.84:tf14.30:p0.0263:tok4;90:x0.026:y0.109:f12.06:tf14.30:p0.0262:tok4;95:x0.027:y0.145:f12.57:tf14.30:p0.0270:tok4
ablate_no_safety_penalty,stick_slip_cycle,0,1001,,0,0.90625,2.98997,2.53498,0.20909,0.97952,0.02747,0.00000,0.00000,0.00000,0,8,0.64357,-0.09175,0.66886,463.97994,0.36296,45,0:x-0.104:y-0.416:f0.60:tf12.36:p0.0000:tok1;15:x0.025:y-0.409:f9.67:tf12.36:p0.0249:tok5;30:x0.027:y-0.353:f10.14:tf12.36:p0.0265:tok6;45:x0.027:y-0.259:f10.05:tf12.36:p0.0274:tok4;60:x0.024:y-0.136:f11.10:tf12.36:p0.0244:tok4;75:x0.026:y-0.015:f12.17:tf14.30:p0.0256:tok4;90:x0.026:y0.103:f11.79:tf14.30:p0.0258:tok6;95:x0.027:y0.138:f12.50:tf14.30:p0.0266:tok4
ablate_no_slip_context,stick_slip_cycle,0,1001,,0,0.90625,2.90280,1.91404,0.20299,1.00367,0.02759,0.00000,0.26437,0.00000,0,5,0.88952,-0.13039,0.68436,459.54606,0.36309,43,0:x-0.117:y-0.441:f0.00:tf12.36:p0.0000:tok1;15:x0.024:y-0.433:f9.77:tf12.36:p0.0236:tok2;30:x0.025:y-0.369:f9.46:tf12.36:p0.0248:tok2;45:x0.026:y-0.272:f10.85:tf12.36:p0.0260:tok6;60:x0.024:y-0.155:f11.01:tf12.36:p0.0243:tok6;75:x0.026:y-0.023:f11.53:tf14.30:p0.0264:tok2;90:x0.027:y0.114:f12.99:tf14.30:p0.0271:tok6;95:x0.027:y0.152:f12.18:tf14.30:p0.0271:tok6
ablate_no_tail_risk_objective,stick_slip_cycle,0,1001,,1,0.90625,1.90670,0.89681,0.13334,1.09258,0.03031,0.00000,0.42529,0.00000,0,5,0.62621,-0.06964,0.75293,457.22712,0.36293,20,0:x-0.102:y-0.428:f0.00:tf12.36:p0.0000:tok1;15:x0.028:y-0.420:f11.77:tf12.36:p0.0281:tok0;30:x0.030:y-0.340:f11.72:tf12.36:p0.0299:tok3;45:x0.029:y-0.227:f12.04:tf12.36:p0.0293:tok3;60:x0.027:y-0.096:f12.84:tf12.36:p0.0273:tok3;75:x0.030:y0.041:f13.66:tf14.30:p0.0296:tok3;90:x0.030:y0.174:f13.76:tf14.30:p0.0298:tok3;95:x0.030:y0.211:f13.85:tf14.30:p0.0297:tok2
ablate_no_calibration_guard,stick_slip_cycle,0,1001,,0,0.90625,2.45483,1.78423,0.17167,1.17232,0.03325,0.00000,0.16092,0.01149,1,5,1.02084,-0.16995,0.67340,457.02800,0.36296,24,0:x-0.125:y-0.417:f0.00:tf12.36:p0.0000:tok1;15:x0.033:y-0.408:f12.81:tf12.36:p0.0332:tok7;30:x0.027:y-0.348:f9.97:tf12.36:p0.0266:tok6;45:x0.028:y-0.252:f10.81:tf12.36:p0.0278:tok6;60:x0.025:y-0.145:f11.31:tf12.36:p0.0247:tok6;75:x0.028:y-0.021:f12.79:tf14.30:p0.0278:tok6;90:x0.027:y0.105:f12.51:tf14.30:p0.0274:tok6;95:x0.028:y0.142:f12.11:tf14.30:p0.0276:tok6
ablate_no_phase_memory,stick_slip_cycle,0,1001,,1,0.90625,2.24450,0.93299,0.15696,1.12778,0.03002,0.00000,0.50575,0.02299,2,5,0.64628,-0.08140,0.74933,449.67986,0.36300,32,0:x-0.102:y-0.439:f0.14:tf12.36:p0.0000:tok1;15:x0.025:y-0.431:f10.88:tf12.36:p0.0246:tok7;30:x0.027:y-0.364:f10.08:tf12.36:p0.0265:tok7;45:x0.029:y-0.248:f11.55:tf12.36:p0.0286:tok3;60:x0.028:y-0.109:f12.67:tf12.36:p0.0277:tok3;75:x0.030:y0.034:f14.04:tf14.30:p0.0296:tok3;90:x0.030:y0.171:f13.68:tf14.30:p0.0299:tok3;95:x0.030:y0.208:f13.94:tf14.30:p0.0300:tok3
impedance_token_policy_v4,stick_slip_cycle,0,1001,,0,0.90625,2.42272,1.66501,0.16942,1.11677,0.03385,0.00000,0.37931,0.00000,0,5,0.76838,-0.08555,0.73212,459.21403,0.36296,65,0:x-0.109:y-0.418:f0.05:tf12.36:p0.0000:tok1;15:x0.025:y-0.411:f10.11:tf12.36:p0.0251:tok7;30:x0.029:y-0.349:f10.89:tf12.36:p0.0287:tok4;45:x0.029:y-0.235:f11.47:tf12.36:p0.0288:tok4;60:x0.025:y-0.105:f11.03:tf12.36:p0.0250:tok0;75:x0.027:y0.024:f11.94:tf14.30:p0.0274:tok4;90:x0.030:y0.151:f14.34:tf14.30:p0.0296:tok5;95:x0.034:y0.192:f14.87:tf14.30:p0.0338:tok7
learned_only_token_replacement,stick_slip_cycle,0,1001,,1,0.90625,2.22000,0.61163,0.15525,1.16425,0.03280,0.00000,0.56322,0.01149,1,5,0.56303,-0.13494,0.80018,457.71533,0.36286,0,0:x-0.105:y-0.432:f0.27:tf12.36:p0.0000:tok-1;15:x0.021:y-0.423:f8.74:tf12.36:p0.0208:tok-1;30:x0.028:y-0.349:f11.02:tf12.36:p0.0281:tok-1;45:x0.031:y-0.220:f12.30:tf12.36:p0.0305:tok-1;60:x0.029:y-0.069:f13.25:tf12.36:p0.0293:tok-1;75:x0.032:y0.079:f14.22:tf14.30:p0.0320:tok-1;90:x0.033:y0.216:f15.51:tf14.30:p0.0327:tok-1;95:x0.032:y0.252:f14.80:tf14.30:p0.0324:tok-1
token_full_v5,stick_slip_cycle,0,1002,,0,0.90625,3.02597,2.47140,0.21995,0.95848,0.02557,0.00000,0.19540,0.00000,0,5,0.67867,-0.09305,0.66776,448.54241,0.33638,46,0:x-0.108:y-0.435:f0.00:tf11.93:p0.0000:tok1;15:x0.021:y-0.427:f10.49:tf11.93:p0.0211:tok7;30:x0.021:y-0.370:f10.83:tf11.93:p0.0207:tok6;45:x0.021:y-0.281:f9.61:tf11.93:p0.0210:tok4;60:x0.021:y-0.164:f10.07:tf11.93:p0.0214:tok4;75:x0.025:y-0.034:f11.49:tf13.76:p0.0255:tok4;90:x0.026:y0.100:f11.24:tf13.76:p0.0256:tok6;95:x0.026:y0.137:f11.73:tf13.76:p0.0255:tok4
ablate_no_memory,stick_slip_cycle,0,1002,,0,0.89583,2.56663,1.09061,0.18656,1.01584,0.02870,0.00000,0.48837,0.01163,1,5,0.55009,-0.08130,0.73993,451.62492,0.33642,7,0:x-0.114:y-0.435:f0.83:tf11.93:p0.0000:tok3;15:x0.020:y-0.431:f10.86:tf11.93:p0.0197:tok0;30:x0.020:y-0.375:f9.95:tf11.93:p0.0203:tok6;45:x0.021:y-0.283:f10.48:tf11.93:p0.0215:tok3;60:x0.025:y-0.147:f10.86:tf11.93:p0.0246:tok3;75:x0.028:y0.009:f12.57:tf13.76:p0.0276:tok3;90:x0.029:y0.158:f12.86:tf13.76:p0.0286:tok3;95:x0.029:y0.199:f12.82:tf13.76:p0.0287:tok3
ablate_no_discrete_tokens,stick_slip_cycle,0,1002,,0,0.91667,1.52155,0.50776,0.11060,1.29298,0.03053,0.00000,0.61364,0.02273,2,5,0.76615,-0.08812,0.84899,456.00582,0.33625,0,0:x-0.106:y-0.434:f0.24:tf11.93:p0.0000:tok1;15:x0.029:y-0.424:f14.34:tf11.93:p0.0290:tok1;30:x0.024:y-0.343:f11.73:tf11.93:p0.0243:tok1;45:x0.025:y-0.207:f12.11:tf11.93:p0.0251:tok1;60:x0.026:y-0.052:f12.09:tf11.93:p0.0262:tok1;75:x0.029:y0.108:f13.76:tf13.76:p0.0295:tok1;90:x0.030:y0.257:f13.47:tf13.76:p0.0301:tok1;95:x0.030:y0.294:f14.23:tf13.76:p0.0302:tok1
ablate_no_force_update,stick_slip_cycle,0,1002,,0,0.90625,2.48478,2.18288,0.18061,1.05429,0.02698,0.00000,0.40230,0.01149,1,5,0.72885,-0.09605,0.67691,420.00000,0.20000,29,0:x-0.116:y-0.449:f0.04:tf11.93:p0.0000:tok1;15:x0.023:y-0.443:f10.62:tf11.93:p0.0233:tok7;30:x0.023:y-0.383:f11.30:tf11.93:p0.0227:tok6;45:x0.023:y-0.296:f10.78:tf11.93:p0.0230:tok4;60:x0.023:y-0.174:f10.73:tf11.93:p0.0233:tok4;75:x0.025:y-0.035:f11.94:tf13.76:p0.0250:tok4;90:x0.027:y0.105:f11.10:tf13.76:p0.0268:tok6;95:x0.027:y0.145:f11.87:tf13.76:p0.0270:tok4
ablate_no_transition_planner,stick_slip_cycle,0,1002,,0,0.90625,3.14844,2.87195,0.22885,0.96774,0.02584,0.00000,0.08046,0.00000,0,9,0.69906,-0.10168,0.65483,456.89906,0.33629,39,0:x-0.114:y-0.434:f0.00:tf11.93:p0.0000:tok1;15:x0.021:y-0.428:f10.28:tf11.93:p0.0206:tok7;30:x0.020:y-0.371:f10.22:tf11.93:p0.0204:tok6;45:x0.021:y-0.276:f10.22:tf11.93:p0.0213:tok4;60:x0.021:y-0.157:f10.07:tf11.93:p0.0213:tok4;75:x0.023:y-0.030:f10.52:tf13.76:p0.0229:tok6;90:x0.025:y0.089:f10.80:tf13.76:p0.0246:tok6;95:x0.026:y0.126:f11.66:tf13.76:p0.0258:tok4
ablate_no_safety_penalty,stick_slip_cycle,0,1002,,0,0.90625,3.09070,2.48941,0.22465,0.96094,0.02530,0.00000,0.27586,0.00000,0,7,0.77710,-0.12207,0.67316,452.76541,0.33637,50,0:x-0.121:y-0.431:f0.00:tf11.93:p0.0000:tok1;15:x0.021:y-0.426:f10.09:tf11.93:p0.0205:tok7;30:x0.020:y-0.373:f9.08:tf11.93:p0.0202:tok2;45:x0.022:y-0.280:f9.37:tf11.93:p0.0216:tok6;60:x0.022:y-0.161:f9.80:tf11.93:p0.0217:tok4;75:x0.025:y-0.027:f11.43:tf13.76:p0.0248:tok4;90:x0.025:y0.106:f10.61:tf13.76:p0.0252:tok6;95:x0.025:y0.142:f11.87:tf13.76:p0.0253:tok6
ablate_no_slip_context,stick_slip_cycle,0,1002,,0,0.90625,2.90845,2.03695,0.21141,0.98029,0.02731,0.00000,0.21839,0.00000,0,5,0.86096,-0.12483,0.67791,456.16485,0.33633,40,0:x-0.116:y-0.424:f0.33:tf11.93:p0.0000:tok1;15:x0.022:y-0.419:f10.89:tf11.93:p0.0216:tok6;30:x0.021:y-0.367:f10.44:tf11.93:p0.0211:tok6;45:x0.022:y-0.275:f11.05:tf11.93:p0.0223:tok6;60:x0.022:y-0.160:f10.68:tf11.93:p0.0220:tok6;75:x0.025:y-0.032:f11.19:tf13.76:p0.0254:tok2;90:x0.026:y0.110:f12.07:tf13.76:p0.0260:tok6;95:x0.026:y0.146:f12.99:tf13.76:p0.0264:tok6
ablate_no_tail_risk_objective,stick_slip_cycle,0,1002,,1,0.89583,2.02698,1.13770,0.14733,1.09885,0.02874,0.00000,0.39535,0.01163,1,5,0.80696,-0.11805,0.75361,450.85470,0.33626,20,0:x-0.128:y-0.431:f0.23:tf11.93:p0.0000:tok1;15:x0.024:y-0.425:f12.92:tf11.93:p0.0242:tok2;30:x0.024:y-0.345:f12.14:tf11.93:p0.0244:tok3;45:x0.024:y-0.230:f10.51:tf11.93:p0.0235:tok3;60:x0.024:y-0.103:f11.85:tf11.93:p0.0244:tok3;75:x0.027:y0.036:f12.68:tf13.76:p0.0275:tok3;90:x0.028:y0.174:f12.64:tf13.76:p0.0285:tok3;95:x0.029:y0.211:f12.91:tf13.76:p0.0287:tok3
ablate_no_calibration_guard,stick_slip_cycle,0,1002,,0,0.90625,2.63342,1.88375,0.19142,1.31741,0.03027,0.00000,0.21839,0.02299,2,5,0.94046,-0.13667,0.66904,462.04412,0.33625,27,0:x-0.112:y-0.442:f0.00:tf11.93:p0.0000:tok1;15:x0.030:y-0.432:f14.20:tf11.93:p0.0301:tok7;30:x0.022:y-0.363:f10.11:tf11.93:p0.0221:tok6;45:x0.021:y-0.274:f9.99:tf11.93:p0.0215:tok6;60:x0.023:y-0.159:f10.50:tf11.93:p0.0230:tok6;75:x0.026:y-0.029:f12.29:tf13.76:p0.0258:tok6;90:x0.026:y0.102:f13.17:tf13.76:p0.0261:tok6;95:x0.026:y0.138:f12.87:tf13.76:p0.0263:tok6
ablate_no_phase_memory,stick_slip_cycle,0,1002,,1,0.90625,2.14069,1.09877,0.15560,1.01078,0.02852,0.00000,0.47126,0.01149,1,5,0.72580,-0.09844,0.75106,459.76301,0.33627,30,0:x-0.116:y-0.434:f0.67:tf11.93:p0.0000:tok1;15:x0.021:y-0.428:f10.46:tf11.93:p0.0209:tok7;30:x0.022:y-0.361:f9.65:tf11.93:p0.0223:tok6;45:x0.023:y-0.246:f10.40:tf11.93:p0.0231:tok3;60:x0.024:y-0.113:f11.42:tf11.93:p0.0244:tok3;75:x0.027:y0.030:f11.36:tf13.76:p0.0272:tok3;90:x0.028:y0.171:f13.21:tf13.76:p0.0284:tok3;95:x0.028:y0.209:f13.51:tf13.76:p0.0284:tok3
impedance_token_policy_v4,stick_slip_cycle,0,1002,,0,0.90625,2.26748,1.73215,0.16482,1.07875,0.02886,0.00000,0.42529,0.01149,1,5,0.82949,-0.10178,0.72635,465.44560,0.33625,71,0:x-0.117:y-0.434:f0.00:tf11.93:p0.0000:tok1;15:x0.023:y-0.426:f11.24:tf11.93:p0.0230:tok7;30:x0.024:y-0.360:f11.53:tf11.93:p0.0236:tok7;45:x0.023:y-0.242:f11.22:tf11.93:p0.0231:tok7;60:x0.023:y-0.113:f9.97:tf11.93:p0.0229:tok4;75:x0.025:y0.018:f11.39:tf13.76:p0.0251:tok4;90:x0.029:y0.146:f13.13:tf13.76:p0.0287:tok2;95:x0.029:y0.187:f13.86:tf13.76:p0.0288:tok2
learned_only_token_replacement,stick_slip_cycle,0,1002,,1,0.90625,1.92028,0.50630,0.13958,1.07706,0.03101,0.00000,0.57471,0.04598,4,5,0.58089,-0.13724,0.80173,456.04028,0.33617,0,0:x-0.108:y-0.426:f0.00:tf11.93:p0.0000:tok-1;15:x0.019:y-0.420:f9.61:tf11.93:p0.0187:tok-1;30:x0.023:y-0.348:f10.58:tf11.93:p0.0230:tok-1;45:x0.024:y-0.223:f10.89:tf11.93:p0.0244:tok-1;60:x0.026:y-0.077:f11.67:tf11.93:p0.0261:tok-1;75:x0.030:y0.074:f13.27:tf13.76:p0.0296:tok-1;90:x0.031:y0.216:f14.15:tf13.76:p0.0309:tok-1;95:x0.031:y0.253:f14.20:tf13.76:p0.0310:tok-1
token_full_v5,stick_slip_cycle,0,1003,,0,0.90625,3.23566,3.12293,0.22440,0.93860,0.02814,0.00000,0.05747,0.00000,0,8,0.69169,-0.10660,0.65805,435.17333,0.34314,39,0:x-0.116:y-0.422:f0.00:tf11.56:p0.0000:tok1;15:x0.021:y-0.416:f9.16:tf11.56:p0.0212:tok6;30:x0.022:y-0.360:f9.07:tf11.56:p0.0223:tok6;45:x0.023:y-0.265:f9.73:tf11.56:p0.0233:tok4;60:x0.023:y-0.149:f9.50:tf11.56:p0.0229:tok4;75:x0.025:y-0.023:f10.79:tf14.42:p0.0251:tok6;90:x0.027:y0.093:f11.54:tf14.42:p0.0270:tok6;95:x0.028:y0.129:f11.89:tf14.42:p0.0281:tok6
ablate_no_memory,stick_slip_cycle,0,1003,,1,0.88542,2.51265,1.44454,0.17425,1.00545,0.03198,0.00000,0.49412,0.00000,0,5,0.53928,-0.08781,0.74387,422.46866,0.34329,9,0:x-0.116:y-0.424:f0.00:tf11.56:p0.0000:tok3;15:x0.020:y-0.420:f9.49:tf11.56:p0.0204:tok0;30:x0.023:y-0.365:f9.70:tf11.56:p0.0226:tok6;45:x0.025:y-0.268:f11.02:tf11.56:p0.0249:tok3;60:x0.025:y-0.131:f10.58:tf11.56:p0.0255:tok3;75:x0.030:y0.019:f13.01:tf14.42:p0.0298:tok3;90:x0.032:y0.163:f13.30:tf14.42:p0.0319:tok3;95:x0.032:y0.202:f12.81:tf14.42:p0.0319:tok3
ablate_no_discrete_tokens,stick_slip_cycle,0,1003,,0,0.91667,1.39822,0.53424,0.09697,1.19163,0.03391,0.00000,0.60227,0.01136,1,5,0.72681,-0.07856,0.84749,424.10687,0.34314,0,0:x-0.103:y-0.429:f0.15:tf11.56:p0.0000:tok1;15:x0.029:y-0.419:f11.65:tf11.56:p0.0290:tok1;30:x0.026:y-0.339:f12.32:tf11.56:p0.0263:tok1;45:x0.027:y-0.205:f11.07:tf11.56:p0.0274:tok1;60:x0.028:y-0.051:f11.45:tf11.56:p0.0277:tok1;75:x0.032:y0.108:f13.78:tf14.42:p0.0322:tok1;90:x0.034:y0.256:f14.98:tf14.42:p0.0338:tok1;95:x0.034:y0.292:f14.32:tf14.42:p0.0338:tok1
ablate_no_force_update,stick_slip_cycle,0,1003,,0,0.90625,3.00519,2.75334,0.20841,1.00117,0.02949,0.00000,0.31034,0.01149,1,5,0.72457,-0.09032,0.66592,420.00000,0.20000,34,0:x-0.113:y-0.435:f0.46:tf11.56:p0.0000:tok1;15:x0.023:y-0.429:f9.82:tf11.56:p0.0230:tok7;30:x0.023:y-0.375:f9.53:tf11.56:p0.0228:tok6;45:x0.023:y-0.288:f10.06:tf11.56:p0.0230:tok6;60:x0.023:y-0.180:f9.50:tf11.56:p0.0227:tok4;75:x0.026:y-0.040:f11.25:tf14.42:p0.0263:tok6;90:x0.029:y0.094:f13.02:tf14.42:p0.0295:tok4;95:x0.029:y0.135:f11.95:tf14.42:p0.0289:tok4
ablate_no_transition_planner,stick_slip_cycle,0,1003,,0,0.89583,3.19998,2.85746,0.22192,0.98546,0.02891,0.00000,0.24419,0.00000,0,6,0.85007,-0.13697,0.67104,424.64404,0.34326,40,0:x-0.132:y-0.431:f0.66:tf11.56:p0.0000:tok1;15:x0.021:y-0.426:f9.58:tf11.56:p0.0212:tok7;30:x0.022:y-0.370:f9.25:tf11.56:p0.0223:tok6;45:x0.024:y-0.276:f10.29:tf11.56:p0.0235:tok4;60:x0.023:y-0.156:f9.72:tf11.56:p0.0226:tok4;75:x0.027:y-0.026:f12.45:tf14.42:p0.0267:tok4;90:x0.028:y0.104:f12.44:tf14.42:p0.0278:tok4;95:x0.029:y0.140:f11.76:tf14.42:p0.0289:tok6
ablate_no_safety_penalty,stick_slip_cycle,0,1003,,0,0.90625,3.22128,3.03605,0.22340,0.98415,0.02857,0.00000,0.10345,0.00000,0,5,0.72998,-0.10827,0.66428,424.74620,0.34320,38,0:x-0.119:y-0.419:f0.14:tf11.56:p0.0000:tok1;15:x0.021:y-0.414:f9.14:tf11.56:p0.0212:tok6;30:x0.023:y-0.356:f9.54:tf11.56:p0.0233:tok6;45:x0.023:y-0.268:f10.24:tf11.56:p0.0229:tok6;60:x0.023:y-0.153:f9.97:tf11.56:p0.0230:tok4;75:x0.025:y-0.026:f11.52:tf14.42:p0.0250:tok6;90:x0.028:y0.098:f11.40:tf14.42:p0.0282:tok6;95:x0.028:y0.134:f11.81:tf14.42:p0.0281:tok2
ablate_no_slip_context,stick_slip_cycle,0,1003,,0,0.90625,2.94451,2.19024,0.20420,0.95610,0.02954,0.00000,0.21839,0.00000,0,5,0.87726,-0.12149,0.68508,427.33856,0.34326,41,0:x-0.116:y-0.435:f0.53:tf11.56:p0.0000:tok1;15:x0.021:y-0.428:f8.85:tf11.56:p0.0213:tok2;30:x0.022:y-0.369:f9.41:tf11.56:p0.0225:tok6;45:x0.024:y-0.274:f10.49:tf11.56:p0.0237:tok6;60:x0.023:y-0.161:f9.40:tf11.56:p0.0228:tok6;75:x0.029:y-0.026:f12.22:tf14.42:p0.0292:tok6;90:x0.029:y0.115:f12.03:tf14.42:p0.0289:tok6;95:x0.029:y0.152:f12.74:tf14.42:p0.0291:tok6
ablate_no_tail_risk_objective,stick_slip_cycle,0,1003,,1,0.90625,1.91132,1.43663,0.13255,1.08010,0.03197,0.00000,0.35632,0.02299,2,5,0.60456,-0.06315,0.75339,427.51392,0.34311,19,0:x-0.101:y-0.421:f0.88:tf11.56:p0.0000:tok1;15:x0.026:y-0.413:f11.68:tf11.56:p0.0261:tok2;30:x0.027:y-0.337:f11.09:tf11.56:p0.0266:tok3;45:x0.026:y-0.224:f11.13:tf11.56:p0.0257:tok3;60:x0.025:y-0.099:f11.13:tf11.56:p0.0253:tok3;75:x0.030:y0.038:f12.84:tf14.42:p0.0296:tok3;90:x0.032:y0.174:f13.56:tf14.42:p0.0319:tok3;95:x0.032:y0.211:f14.09:tf14.42:p0.0319:tok3
ablate_no_calibration_guard,stick_slip_cycle,0,1003,,0,0.90625,2.41678,1.81245,0.16761,1.26332,0.03084,0.00000,0.21839,0.02299,2,5,0.96620,-0.14363,0.69129,431.18538,0.34314,30,0:x-0.113:y-0.413:f0.00:tf11.56:p0.0000:tok1;15:x0.031:y-0.405:f12.74:tf11.56:p0.0308:tok7;30:x0.024:y-0.345:f10.35:tf11.56:p0.0238:tok6;45:x0.025:y-0.253:f10.93:tf11.56:p0.0246:tok6;60:x0.023:y-0.144:f9.73:tf11.56:p0.0230:tok6;75:x0.030:y-0.016:f12.63:tf14.42:p0.0296:tok6;90:x0.030:y0.122:f13.11:tf14.42:p0.0301:tok6;95:x0.030:y0.158:f13.70:tf14.42:p0.0299:tok6
ablate_no_phase_memory,stick_slip_cycle,0,1003,,1,0.90625,2.20480,1.27380,0.15291,1.02069,0.03178,0.00000,0.50575,0.01149,1,5,0.71048,-0.09319,0.74975,428.64826,0.34316,30,0:x-0.114:y-0.441:f0.60:tf11.56:p0.0000:tok1;15:x0.022:y-0.434:f10.19:tf11.56:p0.0216:tok6;30:x0.024:y-0.364:f10.52:tf11.56:p0.0242:tok2;45:x0.026:y-0.246:f11.14:tf11.56:p0.0256:tok3;60:x0.026:y-0.113:f10.14:tf11.56:p0.0258:tok3;75:x0.030:y0.030:f13.54:tf14.42:p0.0302:tok3;90:x0.032:y0.170:f13.17:tf14.42:p0.0317:tok3;95:x0.032:y0.208:f14.36:tf14.42:p0.0318:tok3
impedance_token_policy_v4,stick_slip_cycle,0,1003,,0,0.90625,2.38306,1.87254,0.16527,1.08770,0.03344,0.00000,0.37931,0.03448,3,5,0.78559,-0.08806,0.72359,437.38989,0.34314,64,0:x-0.115:y-0.429:f0.00:tf11.56:p0.0000:tok1;15:x0.023:y-0.424:f9.39:tf11.56:p0.0229:tok7;30:x0.025:y-0.360:f11.06:tf11.56:p0.0253:tok0;45:x0.026:y-0.245:f10.94:tf11.56:p0.0258:tok4;60:x0.024:y-0.115:f9.60:tf11.56:p0.0239:tok4;75:x0.028:y0.015:f12.90:tf14.42:p0.0283:tok4;90:x0.031:y0.143:f12.94:tf14.42:p0.0311:tok6;95:x0.033:y0.184:f15.66:tf14.42:p0.0334:tok2
learned_only_token_replacement,stick_slip_cycle,0,1003,,1,0.89583,2.13934,0.83211,0.14837,1.13276,0.03438,0.00000,0.58140,0.03488,3,5,0.67638,-0.18512,0.79846,430.48607,0.34309,0,0:x-0.125:y-0.428:f0.00:tf11.56:p0.0000:tok-1;15:x0.019:y-0.421:f9.22:tf11.56:p0.0185:tok-1;30:x0.025:y-0.349:f10.18:tf11.56:p0.0250:tok-1;45:x0.026:y-0.222:f10.99:tf11.56:p0.0264:tok-1;60:x0.027:y-0.076:f11.24:tf11.56:p0.0270:tok-1;75:x0.032:y0.073:f12.69:tf14.42:p0.0317:tok-1;90:x0.034:y0.214:f14.29:tf14.42:p0.0343:tok-1;95:x0.034:y0.250:f15.63:tf14.42:p0.0343:tok-1
token_full_v5,stick_slip_cycle,1,1000,,0,0.90625,2.84202,1.80029,0.22394,0.98876,0.02383,0.00000,0.31034,0.00000,0,5,0.69642,-0.10281,0.67714,504.04135,0.36602,34,0:x-0.113:y-0.440:f0.25:tf12.19:p0.0000:tok1;15:x0.022:y-0.432:f10.00:tf12.19:p0.0219:tok7;30:x0.023:y-0.375:f10.17:tf12.19:p0.0226:tok6;45:x0.024:y-0.279:f10.45:tf12.19:p0.0237:tok4;60:x0.023:y-0.156:f12.05:tf12.19:p0.0233:tok4;75:x0.022:y-0.023:f10.52:tf12.69:p0.0219:tok4;90:x0.022:y0.109:f11.22:tf12.69:p0.0218:tok4;95:x0.022:y0.145:f11.95:tf12.69:p0.0215:tok4
ablate_no_memory,stick_slip_cycle,1,1000,,0,0.88542,2.51466,0.73809,0.19815,1.06847,0.02515,0.00000,0.44706,0.01176,1,5,0.60476,-0.10081,0.73469,492.55724,0.36612,8,0:x-0.124:y-0.427:f1.12:tf12.19:p0.0000:tok3;15:x0.021:y-0.422:f10.47:tf12.19:p0.0209:tok0;30:x0.024:y-0.366:f10.77:tf12.19:p0.0236:tok6;45:x0.023:y-0.279:f10.15:tf12.19:p0.0229:tok6;60:x0.025:y-0.155:f12.33:tf12.19:p0.0251:tok3;75:x0.024:y0.002:f12.28:tf12.69:p0.0244:tok3;90:x0.024:y0.154:f11.98:tf12.69:p0.0244:tok3;95:x0.025:y0.194:f12.78:tf12.69:p0.0245:tok3
ablate_no_discrete_tokens,stick_slip_cycle,1,1000,,1,0.91667,1.51629,0.37352,0.11948,1.23174,0.03126,0.00000,0.59091,0.03409,3,5,0.82956,-0.10626,0.84979,495.87626,0.36592,0,0:x-0.113:y-0.424:f0.00:tf12.19:p0.0000:tok1;15:x0.030:y-0.414:f13.91:tf12.19:p0.0303:tok1;30:x0.027:y-0.339:f12.53:tf12.19:p0.0274:tok1;45:x0.028:y-0.207:f12.49:tf12.19:p0.0278:tok1;60:x0.028:y-0.048:f13.96:tf12.19:p0.0279:tok1;75:x0.025:y0.112:f12.93:tf12.69:p0.0254:tok1;90:x0.026:y0.258:f12.64:tf12.69:p0.0257:tok1;95:x0.026:y0.294:f12.88:tf12.69:p0.0256:tok1
ablate_no_force_update,stick_slip_cycle,1,1000,,0,0.90625,2.26114,0.84700,0.17817,0.99981,0.02582,0.00000,0.40230,0.00000,0,5,0.69843,-0.09278,0.68658,420.00000,0.20000,23,0:x-0.113:y-0.439:f0.04:tf12.19:p0.0000:tok1;15:x0.025:y-0.432:f11.06:tf12.19:p0.0248:tok7;30:x0.024:y-0.377:f10.84:tf12.19:p0.0238:tok6;45:x0.023:y-0.289:f10.17:tf12.19:p0.0234:tok6;60:x0.024:y-0.166:f11.58:tf12.19:p0.0240:tok4;75:x0.024:y-0.026:f11.69:tf12.69:p0.0239:tok4;90:x0.024:y0.114:f12.23:tf12.69:p0.0239:tok4;95:x0.024:y0.153:f11.57:tf12.69:p0.0240:tok4
ablate_no_transition_planner,stick_slip_cycle,1,1000,,0,0.90625,2.87222,1.90298,0.22632,1.00587,0.02426,0.00000,0.32184,0.00000,0,5,0.74165,-0.11738,0.68150,492.52534,0.36603,37,0:x-0.118:y-0.425:f0.37:tf12.19:p0.0000:tok1;15:x0.022:y-0.418:f11.19:tf12.19:p0.0225:tok6;30:x0.024:y-0.361:f9.75:tf12.19:p0.0236:tok6;45:x0.023:y-0.268:f9.91:tf12.19:p0.0233:tok6;60:x0.024:y-0.152:f11.53:tf12.19:p0.0236:tok4;75:x0.022:y-0.019:f10.39:tf12.69:p0.0220:tok4;90:x0.022:y0.112:f10.91:tf12.69:p0.0217:tok4;95:x0.022:y0.149:f10.84:tf12.69:p0.0218:tok4
ablate_no_safety_penalty,stick_slip_cycle,1,1000,,0,0.89583,2.84041,1.95909,0.22381,0.99953,0.02566,0.00000,0.37209,0.00000,0,6,0.80526,-0.12996,0.67561,490.57281,0.36607,36,0:x-0.127:y-0.445:f0.00:tf12.19:p0.0000:tok1;15:x0.022:y-0.438:f9.45:tf12.19:p0.0221:tok5;30:x0.023:y-0.379:f9.01:tf12.19:p0.0230:tok2;45:x0.024:y-0.286:f10.00:tf12.19:p0.0237:tok4;60:x0.023:y-0.161:f11.16:tf12.19:p0.0232:tok4;75:x0.022:y-0.025:f10.63:tf12.69:p0.0219:tok4;90:x0.022:y0.108:f11.53:tf12.69:p0.0217:tok4;95:x0.022:y0.144:f10.61:tf12.69:p0.0217:tok4
ablate_no_slip_context,stick_slip_cycle,1,1000,,0,0.90625,2.74932,1.77350,0.21664,0.97001,0.02460,0.00000,0.09195,0.00000,0,5,0.71326,-0.11585,0.64788,504.80142,0.36585,34,0:x-0.111:y-0.440:f0.72:tf12.19:p0.0000:tok1;15:x0.023:y-0.432:f10.57:tf12.19:p0.0233:tok6;30:x0.024:y-0.371:f10.78:tf12.19:p0.0235:tok6;45:x0.024:y-0.279:f8.91:tf12.19:p0.0238:tok2;60:x0.024:y-0.158:f11.82:tf12.19:p0.0235:tok6;75:x0.022:y-0.033:f11.46:tf12.69:p0.0220:tok6;90:x0.022:y0.087:f11.39:tf12.69:p0.0219:tok6;95:x0.021:y0.121:f11.67:tf12.69:p0.0214:tok6
ablate_no_tail_risk_objective,stick_slip_cycle,1,1000,,1,0.90625,1.81093,0.58518,0.14269,1.09640,0.02771,0.00000,0.41379,0.02299,2,5,0.71301,-0.09272,0.75512,494.48671,0.36587,20,0:x-0.114:y-0.431:f0.54:tf12.19:p0.0000:tok1;15:x0.025:y-0.423:f11.55:tf12.19:p0.0247:tok7;30:x0.027:y-0.345:f11.55:tf12.19:p0.0272:tok3;45:x0.026:y-0.232:f11.32:tf12.19:p0.0263:tok3;60:x0.026:y-0.100:f12.04:tf12.19:p0.0262:tok3;75:x0.025:y0.040:f11.82:tf12.69:p0.0245:tok3;90:x0.024:y0.176:f12.25:tf12.69:p0.0243:tok3;95:x0.024:y0.212:f12.16:tf12.69:p0.0243:tok2
ablate_no_calibration_guard,stick_slip_cycle,1,1000,,0,0.90625,2.42759,1.69140,0.19129,1.19820,0.03241,0.00000,0.11494,0.01149,1,5,0.91729,-0.13737,0.65241,499.35281,0.36589,20,0:x-0.116:y-0.435:f0.00:tf12.19:p0.0000:tok1;15:x0.032:y-0.425:f14.42:tf12.19:p0.0324:tok7;30:x0.025:y-0.360:f10.49:tf12.19:p0.0248:tok6;45:x0.023:y-0.276:f10.47:tf12.19:p0.0235:tok7;60:x0.024:y-0.158:f11.88:tf12.19:p0.0239:tok6;75:x0.021:y-0.038:f10.39:tf12.69:p0.0214:tok6;90:x0.022:y0.088:f11.33:tf12.69:p0.0223:tok6;95:x0.023:y0.124:f11.55:tf12.69:p0.0225:tok6
ablate_no_phase_memory,stick_slip_cycle,1,1000,,1,0.90625,2.10335,0.64244,0.16574,1.07415,0.02606,0.00000,0.49425,0.02299,2,5,0.74469,-0.10618,0.75231,494.95484,0.36594,34,0:x-0.115:y-0.443:f0.12:tf12.19:p0.0000:tok1;15:x0.023:y-0.435:f10.72:tf12.19:p0.0226:tok6;30:x0.025:y-0.366:f10.83:tf12.19:p0.0247:tok4;45:x0.026:y-0.251:f10.97:tf12.19:p0.0258:tok3;60:x0.026:y-0.112:f12.93:tf12.19:p0.0259:tok3;75:x0.024:y0.034:f11.96:tf12.69:p0.0244:tok3;90:x0.024:y0.173:f12.74:tf12.69:p0.0245:tok3;95:x0.024:y0.210:f12.46:tf12.69:p0.0244:tok3
impedance_token_policy_v4,stick_slip_cycle,1,1000,,0,0.90625,2.31892,1.40622,0.18272,1.00574,0.02727,0.00000,0.43678,0.00000,0,5,0.74631,-0.10008,0.71673,492.79221,0.36595,63,0:x-0.110:y-0.427:f0.00:tf12.19:p0.0000:tok1;15:x0.024:y-0.420:f11.58:tf12.19:p0.0238:tok4;30:x0.026:y-0.358:f11.44:tf12.19:p0.0257:tok6;45:x0.027:y-0.248:f11.47:tf12.19:p0.0267:tok4;60:x0.023:y-0.119:f12.24:tf12.19:p0.0234:tok4;75:x0.023:y0.011:f11.83:tf12.69:p0.0226:tok4;90:x0.024:y0.140:f11.81:tf12.69:p0.0241:tok6;95:x0.024:y0.179:f11.41:tf12.69:p0.0241:tok0
learned_only_token_replacement,stick_slip_cycle,1,1000,,1,0.90625,2.15236,0.53558,0.16960,1.19003,0.02816,0.00000,0.57471,0.03448,3,5,0.61362,-0.15281,0.80210,493.61708,0.36580,0,0:x-0.112:y-0.433:f0.04:tf12.19:p0.0000:tok-1;15:x0.019:y-0.427:f7.76:tf12.19:p0.0193:tok-1;30:x0.026:y-0.353:f11.86:tf12.19:p0.0256:tok-1;45:x0.028:y-0.226:f12.87:tf12.19:p0.0275:tok-1;60:x0.028:y-0.074:f13.23:tf12.19:p0.0280:tok-1;75:x0.027:y0.078:f13.50:tf12.69:p0.0266:tok-1;90:x0.026:y0.217:f12.32:tf12.69:p0.0263:tok-1;95:x0.026:y0.253:f12.64:tf12.69:p0.0264:tok-1
token_full_v5,stick_slip_cycle,1,1001,,0,0.90625,2.92613,2.20922,0.21284,1.00172,0.02576,0.00000,0.32184,0.00000,0,5,0.74353,-0.10961,0.68766,475.96250,0.32654,47,0:x-0.116:y-0.434:f0.00:tf12.17:p0.0000:tok1;15:x0.023:y-0.426:f9.31:tf12.17:p0.0225:tok5;30:x0.025:y-0.367:f10.44:tf12.17:p0.0248:tok6;45:x0.025:y-0.269:f10.18:tf12.17:p0.0248:tok4;60:x0.024:y-0.147:f10.52:tf12.17:p0.0245:tok4;75:x0.023:y-0.013:f10.75:tf13.75:p0.0229:tok6;90:x0.025:y0.116:f12.14:tf13.75:p0.0254:tok4;95:x0.025:y0.154:f11.33:tf13.75:p0.0246:tok4
ablate_no_memory,stick_slip_cycle,1,1001,,1,0.89583,2.53001,0.82867,0.18403,1.09345,0.02764,0.00000,0.50000,0.00000,0,5,0.58163,-0.09977,0.75164,477.05708,0.32657,9,0:x-0.120:y-0.442:f0.00:tf12.17:p0.0000:tok3;15:x0.020:y-0.437:f9.48:tf12.17:p0.0204:tok5;30:x0.024:y-0.376:f9.82:tf12.17:p0.0238:tok6;45:x0.026:y-0.279:f10.76:tf12.17:p0.0255:tok3;60:x0.027:y-0.135:f11.05:tf12.17:p0.0273:tok3;75:x0.026:y0.023:f12.76:tf13.75:p0.0258:tok3;90:x0.028:y0.170:f12.85:tf13.75:p0.0276:tok3;95:x0.027:y0.209:f13.17:tf13.75:p0.0274:tok3
ablate_no_discrete_tokens,stick_slip_cycle,1,1001,,0,0.92708,1.49152,0.44130,0.10849,1.16221,0.02976,0.00000,0.61798,0.04494,4,5,0.76238,-0.08706,0.85523,475.62681,0.32642,0,0:x-0.103:y-0.441:f0.00:tf12.17:p0.0000:tok1;15:x0.029:y-0.430:f11.97:tf12.17:p0.0290:tok1;30:x0.028:y-0.346:f11.48:tf12.17:p0.0283:tok1;45:x0.029:y-0.209:f12.23:tf12.17:p0.0293:tok1;60:x0.029:y-0.047:f11.56:tf12.17:p0.0294:tok1;75:x0.027:y0.117:f13.17:tf13.75:p0.0270:tok1;90:x0.029:y0.263:f13.27:tf13.75:p0.0289:tok1;95:x0.029:y0.299:f13.93:tf13.75:p0.0289:tok1
ablate_no_force_update,stick_slip_cycle,1,1001,,0,0.90625,2.68000,1.56641,0.19494,0.98439,0.02657,0.00000,0.39080,0.00000,0,5,0.77439,-0.11612,0.69075,420.00000,0.20000,27,0:x-0.123:y-0.428:f0.00:tf12.17:p0.0000:tok1;15:x0.024:y-0.423:f10.12:tf12.17:p0.0241:tok7;30:x0.024:y-0.371:f10.10:tf12.17:p0.0244:tok6;45:x0.024:y-0.281:f10.01:tf12.17:p0.0244:tok6;60:x0.024:y-0.158:f10.10:tf12.17:p0.0243:tok4;75:x0.024:y-0.019:f12.10:tf13.75:p0.0238:tok4;90:x0.026:y0.118:f12.70:tf13.75:p0.0264:tok4;95:x0.027:y0.157:f12.64:tf13.75:p0.0265:tok4
ablate_no_transition_planner,stick_slip_cycle,1,1001,,0,0.90625,2.99770,2.16331,0.21804,0.97056,0.02538,0.00000,0.33333,0.00000,0,5,0.76688,-0.11807,0.69232,472.10253,0.32658,40,0:x-0.118:y-0.426:f0.00:tf12.17:p0.0000:tok1;15:x0.024:y-0.420:f10.65:tf12.17:p0.0236:tok4;30:x0.024:y-0.362:f10.23:tf12.17:p0.0239:tok6;45:x0.025:y-0.270:f10.38:tf12.17:p0.0248:tok4;60:x0.025:y-0.150:f10.28:tf12.17:p0.0246:tok4;75:x0.023:y-0.015:f10.62:tf13.75:p0.0229:tok6;90:x0.024:y0.121:f12.37:tf13.75:p0.0244:tok4;95:x0.024:y0.159:f11.19:tf13.75:p0.0242:tok6
ablate_no_safety_penalty,stick_slip_cycle,1,1001,,0,0.90625,2.98260,2.52005,0.21695,0.97624,0.02558,0.00000,0.32184,0.00000,0,5,0.69311,-0.11195,0.67482,476.10221,0.32647,42,0:x-0.111:y-0.434:f0.02:tf12.17:p0.0000:tok1;15:x0.022:y-0.427:f8.73:tf12.17:p0.0222:tok5;30:x0.025:y-0.367:f10.23:tf12.17:p0.0253:tok6;45:x0.024:y-0.272:f9.55:tf12.17:p0.0243:tok2;60:x0.024:y-0.148:f10.25:tf12.17:p0.0241:tok4;75:x0.023:y-0.013:f10.74:tf13.75:p0.0227:tok6;90:x0.024:y0.111:f11.75:tf13.75:p0.0240:tok4;95:x0.024:y0.144:f11.36:tf13.75:p0.0238:tok6
ablate_no_slip_context,stick_slip_cycle,1,1001,,0,0.90625,2.84994,2.00048,0.20730,0.98458,0.02506,0.00000,0.18391,0.00000,0,5,0.78362,-0.12285,0.67507,480.21241,0.32646,37,0:x-0.114:y-0.423:f0.00:tf12.17:p0.0000:tok1;15:x0.022:y-0.417:f9.18:tf12.17:p0.0222:tok5;30:x0.024:y-0.359:f10.18:tf12.17:p0.0241:tok6;45:x0.024:y-0.267:f9.91:tf12.17:p0.0239:tok6;60:x0.024:y-0.150:f10.89:tf12.17:p0.0244:tok6;75:x0.024:y-0.025:f12.08:tf13.75:p0.0242:tok6;90:x0.024:y0.108:f11.10:tf13.75:p0.0240:tok5;95:x0.025:y0.144:f12.05:tf13.75:p0.0246:tok6
ablate_no_tail_risk_objective,stick_slip_cycle,1,1001,,1,0.90625,1.93026,0.89099,0.14040,1.11823,0.02838,0.00000,0.44828,0.01149,1,5,0.68729,-0.08443,0.76237,475.05800,0.32641,19,0:x-0.110:y-0.438:f0.00:tf12.17:p0.0000:tok1;15:x0.026:y-0.430:f11.69:tf12.17:p0.0256:tok0;30:x0.028:y-0.348:f11.20:tf12.17:p0.0277:tok3;45:x0.027:y-0.233:f11.93:tf12.17:p0.0272:tok3;60:x0.028:y-0.099:f11.52:tf12.17:p0.0276:tok3;75:x0.026:y0.045:f11.80:tf13.75:p0.0256:tok3;90:x0.027:y0.182:f13.74:tf13.75:p0.0274:tok3;95:x0.027:y0.219:f12.52:tf13.75:p0.0273:tok2
ablate_no_calibration_guard,stick_slip_cycle,1,1001,,0,0.90625,2.33887,1.82503,0.17012,1.26595,0.03172,0.00000,0.24138,0.00000,0,5,1.01813,-0.13257,0.71246,473.37620,0.32636,24,0:x-0.114:y-0.431:f0.00:tf12.17:p0.0000:tok1;15:x0.032:y-0.421:f12.69:tf12.17:p0.0317:tok7;30:x0.025:y-0.356:f10.34:tf12.17:p0.0255:tok6;45:x0.026:y-0.254:f11.37:tf12.17:p0.0264:tok6;60:x0.028:y-0.139:f12.29:tf12.17:p0.0282:tok7;75:x0.024:y0.021:f11.50:tf13.75:p0.0245:tok6;90:x0.025:y0.141:f12.34:tf13.75:p0.0253:tok6;95:x0.027:y0.176:f12.86:tf13.75:p0.0269:tok6
ablate_no_phase_memory,stick_slip_cycle,1,1001,,1,0.90625,2.14879,0.91566,0.15630,1.10280,0.02787,0.00000,0.47126,0.01149,1,5,0.70461,-0.09565,0.76075,472.22580,0.32643,31,0:x-0.110:y-0.424:f0.00:tf12.17:p0.0000:tok1;15:x0.023:y-0.417:f10.03:tf12.17:p0.0231:tok6;30:x0.025:y-0.354:f10.12:tf12.17:p0.0253:tok7;45:x0.028:y-0.241:f11.54:tf12.17:p0.0278:tok3;60:x0.028:y-0.104:f11.44:tf12.17:p0.0277:tok3;75:x0.026:y0.042:f12.66:tf13.75:p0.0259:tok3;90:x0.027:y0.180:f12.61:tf13.75:p0.0275:tok3;95:x0.028:y0.217:f13.13:tf13.75:p0.0276:tok3
impedance_token_policy_v4,stick_slip_cycle,1,1001,,0,0.90625,2.34511,1.49952,0.17058,1.06514,0.02850,0.00000,0.51724,0.01149,1,5,0.77418,-0.10703,0.72419,474.40193,0.32645,54,0:x-0.117:y-0.445:f0.00:tf12.17:p0.0000:tok1;15:x0.024:y-0.437:f9.78:tf12.17:p0.0244:tok7;30:x0.028:y-0.368:f11.41:tf12.17:p0.0275:tok7;45:x0.026:y-0.246:f10.10:tf12.17:p0.0260:tok0;60:x0.025:y-0.115:f11.24:tf12.17:p0.0245:tok4;75:x0.023:y0.017:f10.89:tf13.75:p0.0234:tok4;90:x0.028:y0.147:f12.81:tf13.75:p0.0276:tok6;95:x0.028:y0.185:f12.95:tf13.75:p0.0279:tok2
learned_only_token_replacement,stick_slip_cycle,1,1001,,1,0.90625,2.18555,0.53606,0.15897,1.19129,0.03006,0.00000,0.56322,0.00000,0,5,0.58777,-0.14042,0.81114,471.71392,0.32634,0,0:x-0.108:y-0.422:f0.59:tf12.17:p0.0000:tok-1;15:x0.020:y-0.416:f9.80:tf12.17:p0.0201:tok-1;30:x0.027:y-0.346:f10.81:tf12.17:p0.0265:tok-1;45:x0.028:y-0.221:f11.67:tf12.17:p0.0284:tok-1;60:x0.029:y-0.070:f12.88:tf12.17:p0.0294:tok-1;75:x0.028:y0.085:f14.73:tf13.75:p0.0279:tok-1;90:x0.030:y0.225:f14.24:tf13.75:p0.0299:tok-1;95:x0.030:y0.261:f14.81:tf13.75:p0.0301:tok-1
token_full_v5,stick_slip_cycle,1,1002,,0,0.90625,2.93451,2.02985,0.24108,0.95890,0.02433,0.00000,0.18391,0.00000,0,7,0.73027,-0.09963,0.65976,441.73533,0.42089,43,0:x-0.115:y-0.434:f0.47:tf11.71:p0.0000:tok1;15:x0.020:y-0.428:f10.23:tf11.71:p0.0195:tok7;30:x0.019:y-0.373:f9.76:tf11.71:p0.0193:tok6;45:x0.021:y-0.280:f9.29:tf11.71:p0.0208:tok4;60:x0.022:y-0.168:f9.80:tf11.71:p0.0218:tok4;75:x0.023:y-0.044:f10.14:tf12.17:p0.0230:tok4;90:x0.024:y0.091:f10.73:tf12.17:p0.0235:tok4;95:x0.023:y0.130:f10.05:tf12.17:p0.0231:tok4
ablate_no_memory,stick_slip_cycle,1,1002,,0,0.88542,2.40274,0.84769,0.19739,1.00508,0.02631,0.00000,0.47059,0.01176,1,5,0.53882,-0.08491,0.72712,436.25393,0.42089,7,0:x-0.116:y-0.426:f0.42:tf11.71:p0.0000:tok3;15:x0.020:y-0.422:f11.34:tf11.71:p0.0198:tok0;30:x0.020:y-0.367:f10.47:tf11.71:p0.0201:tok6;45:x0.021:y-0.280:f9.53:tf11.71:p0.0209:tok3;60:x0.025:y-0.147:f10.41:tf11.71:p0.0246:tok3;75:x0.026:y0.002:f11.22:tf12.17:p0.0262:tok3;90:x0.026:y0.148:f11.61:tf12.17:p0.0262:tok3;95:x0.026:y0.188:f10.82:tf12.17:p0.0262:tok3
ablate_no_discrete_tokens,stick_slip_cycle,1,1002,,1,0.91667,1.61373,0.38337,0.13257,1.43289,0.02917,0.00000,0.59091,0.04545,4,5,0.84715,-0.11306,0.83882,436.95694,0.42076,0,0:x-0.119:y-0.423:f0.93:tf11.71:p0.0000:tok1;15:x0.027:y-0.413:f14.01:tf11.71:p0.0274:tok1;30:x0.023:y-0.338:f12.04:tf11.71:p0.0232:tok1;45:x0.024:y-0.206:f10.26:tf11.71:p0.0240:tok1;60:x0.026:y-0.056:f11.43:tf11.71:p0.0260:tok1;75:x0.028:y0.101:f12.64:tf12.17:p0.0276:tok1;90:x0.028:y0.248:f12.42:tf12.17:p0.0281:tok1;95:x0.028:y0.285:f12.30:tf12.17:p0.0279:tok1
ablate_no_force_update,stick_slip_cycle,1,1002,,0,0.90625,2.41669,1.83096,0.19854,1.10281,0.02499,0.00000,0.37931,0.02299,2,5,0.73390,-0.09699,0.67106,420.00000,0.20000,34,0:x-0.118:y-0.435:f0.13:tf11.71:p0.0000:tok1;15:x0.022:y-0.430:f10.99:tf11.71:p0.0222:tok7;30:x0.022:y-0.374:f11.11:tf11.71:p0.0223:tok6;45:x0.021:y-0.292:f9.29:tf11.71:p0.0212:tok6;60:x0.023:y-0.178:f10.21:tf11.71:p0.0230:tok4;75:x0.024:y-0.042:f11.13:tf12.17:p0.0239:tok4;90:x0.024:y0.099:f10.10:tf12.17:p0.0238:tok4;95:x0.024:y0.140:f9.35:tf12.17:p0.0239:tok6
ablate_no_transition_planner,stick_slip_cycle,1,1002,,0,0.89583,2.98379,2.20083,0.24513,1.04082,0.02321,0.00000,0.18605,0.00000,0,5,0.78725,-0.12412,0.65103,435.86830,0.42091,39,0:x-0.128:y-0.439:f0.00:tf11.71:p0.0000:tok1;15:x0.020:y-0.433:f9.32:tf11.71:p0.0199:tok7;30:x0.020:y-0.375:f10.45:tf11.71:p0.0200:tok6;45:x0.021:y-0.285:f8.88:tf11.71:p0.0207:tok6;60:x0.021:y-0.171:f10.11:tf11.71:p0.0214:tok4;75:x0.023:y-0.047:f10.14:tf12.17:p0.0228:tok4;90:x0.023:y0.084:f9.81:tf12.17:p0.0230:tok4;95:x0.023:y0.123:f9.50:tf12.17:p0.0232:tok6
ablate_no_safety_penalty,stick_slip_cycle,1,1002,,0,0.90625,2.93678,2.24805,0.24127,0.98251,0.02347,0.00000,0.08046,0.00000,0,5,0.67668,-0.09777,0.65484,429.86932,0.42083,43,0:x-0.112:y-0.426:f0.49:tf11.71:p0.0000:tok1;15:x0.020:y-0.419:f9.96:tf11.71:p0.0197:tok7;30:x0.020:y-0.363:f9.77:tf11.71:p0.0200:tok6;45:x0.021:y-0.273:f9.09:tf11.71:p0.0207:tok6;60:x0.022:y-0.158:f8.58:tf11.71:p0.0218:tok6;75:x0.023:y-0.038:f9.80:tf12.17:p0.0230:tok4;90:x0.023:y0.089:f10.64:tf12.17:p0.0233:tok4;95:x0.023:y0.126:f9.73:tf12.17:p0.0235:tok4
ablate_no_slip_context,stick_slip_cycle,1,1002,,0,0.89583,2.69925,1.85279,0.22175,1.02632,0.02499,0.00000,0.11628,0.01163,1,5,0.89930,-0.14161,0.65374,435.89792,0.42069,44,0:x-0.128:y-0.432:f0.00:tf11.71:p0.0000:tok1;15:x0.020:y-0.426:f10.40:tf11.71:p0.0197:tok7;30:x0.020:y-0.368:f10.38:tf11.71:p0.0199:tok6;45:x0.021:y-0.276:f9.63:tf11.71:p0.0212:tok6;60:x0.023:y-0.152:f10.14:tf11.71:p0.0229:tok6;75:x0.025:y-0.029:f11.48:tf12.17:p0.0246:tok6;90:x0.024:y0.090:f10.23:tf12.17:p0.0238:tok6;95:x0.025:y0.125:f11.72:tf12.17:p0.0250:tok6
ablate_no_tail_risk_objective,stick_slip_cycle,1,1002,,0,0.90625,1.89433,0.85007,0.15563,1.16803,0.02648,0.00000,0.37931,0.01149,1,5,0.62858,-0.07014,0.73932,442.24370,0.42071,19,0:x-0.105:y-0.445:f0.60:tf11.71:p0.0000:tok1;15:x0.025:y-0.435:f12.44:tf11.71:p0.0253:tok7;30:x0.023:y-0.352:f10.93:tf11.71:p0.0228:tok3;45:x0.023:y-0.236:f9.64:tf11.71:p0.0225:tok3;60:x0.025:y-0.110:f10.92:tf11.71:p0.0246:tok3;75:x0.026:y0.026:f10.99:tf12.17:p0.0261:tok3;90:x0.026:y0.162:f11.09:tf12.17:p0.0260:tok3;95:x0.026:y0.199:f12.06:tf12.17:p0.0261:tok3
ablate_no_calibration_guard,stick_slip_cycle,1,1002,,0,0.90625,2.81571,1.91862,0.23132,1.37564,0.02868,0.00000,0.08046,0.02299,2,6,0.96130,-0.16145,0.64609,440.80662,0.42067,28,0:x-0.126:y-0.410:f0.70:tf11.71:p0.0000:tok1;15:x0.028:y-0.402:f14.43:tf11.71:p0.0284:tok5;30:x0.021:y-0.347:f10.76:tf11.71:p0.0207:tok6;45:x0.020:y-0.269:f8.60:tf11.71:p0.0204:tok2;60:x0.022:y-0.158:f8.96:tf11.71:p0.0216:tok7;75:x0.024:y-0.035:f10.49:tf12.17:p0.0241:tok6;90:x0.023:y0.084:f10.21:tf12.17:p0.0227:tok6;95:x0.023:y0.119:f10.46:tf12.17:p0.0234:tok6
ablate_no_phase_memory,stick_slip_cycle,1,1002,,0,0.90625,2.12124,0.89774,0.17427,1.03660,0.02639,0.00000,0.42529,0.03448,3,5,0.72931,-0.10351,0.73747,442.08108,0.42075,31,0:x-0.118:y-0.434:f0.00:tf11.71:p0.0000:tok1;15:x0.020:y-0.428:f9.07:tf11.71:p0.0195:tok5;30:x0.021:y-0.361:f10.31:tf11.71:p0.0212:tok4;45:x0.022:y-0.248:f9.47:tf11.71:p0.0222:tok3;60:x0.024:y-0.118:f10.57:tf11.71:p0.0242:tok3;75:x0.026:y0.022:f11.67:tf12.17:p0.0259:tok3;90:x0.026:y0.159:f12.62:tf12.17:p0.0264:tok3;95:x0.026:y0.197:f11.23:tf12.17:p0.0260:tok3
impedance_token_policy_v4,stick_slip_cycle,1,1002,,0,0.90625,2.12776,1.31054,0.17480,1.14424,0.02950,0.00000,0.33333,0.00000,0,5,0.80765,-0.08370,0.72180,446.68407,0.42070,72,0:x-0.110:y-0.436:f0.31:tf11.71:p0.0000:tok1;15:x0.022:y-0.428:f10.91:tf11.71:p0.0222:tok7;30:x0.023:y-0.360:f11.05:tf11.71:p0.0226:tok5;45:x0.021:y-0.242:f8.66:tf11.71:p0.0213:tok5;60:x0.023:y-0.114:f9.93:tf11.71:p0.0229:tok4;75:x0.024:y0.016:f11.14:tf12.17:p0.0242:tok4;90:x0.026:y0.142:f11.97:tf12.17:p0.0259:tok5;95:x0.029:y0.182:f12.25:tf12.17:p0.0295:tok7
learned_only_token_replacement,stick_slip_cycle,1,1002,,1,0.90625,1.89078,0.43341,0.15533,1.09309,0.02856,0.00000,0.57471,0.03448,3,5,0.57392,-0.13922,0.78647,439.21436,0.42062,0,0:x-0.109:y-0.433:f0.00:tf11.71:p0.0000:tok-1;15:x0.019:y-0.427:f9.63:tf11.71:p0.0187:tok-1;30:x0.022:y-0.353:f10.58:tf11.71:p0.0225:tok-1;45:x0.024:y-0.226:f10.26:tf11.71:p0.0239:tok-1;60:x0.026:y-0.082:f11.80:tf11.71:p0.0265:tok-1;75:x0.028:y0.065:f12.23:tf12.17:p0.0279:tok-1;90:x0.029:y0.203:f13.13:tf12.17:p0.0286:tok-1;95:x0.028:y0.240:f12.32:tf12.17:p0.0285:tok-1
token_full_v5,stick_slip_cycle,1,1003,,0,0.89583,2.83249,2.29707,0.21817,1.03021,0.02455,0.00000,0.29070,0.00000,0,5,0.74281,-0.11121,0.67970,478.55317,0.32810,37,0:x-0.119:y-0.423:f0.00:tf11.64:p0.0000:tok1;15:x0.022:y-0.417:f10.26:tf11.64:p0.0224:tok6;30:x0.024:y-0.360:f9.83:tf11.64:p0.0237:tok6;45:x0.024:y-0.268:f11.13:tf11.64:p0.0238:tok4;60:x0.021:y-0.152:f9.30:tf11.64:p0.0209:tok4;75:x0.021:y-0.022:f9.26:tf12.98:p0.0210:tok6;90:x0.023:y0.110:f11.24:tf12.98:p0.0226:tok4;95:x0.023:y0.148:f10.68:tf12.98:p0.0226:tok4
ablate_no_memory,stick_slip_cycle,1,1003,,1,0.88542,2.43110,0.80766,0.18725,1.05655,0.02539,0.00000,0.50588,0.00000,0,5,0.58890,-0.09709,0.74311,486.92254,0.32814,7,0:x-0.124:y-0.439:f0.47:tf11.64:p0.0000:tok3;15:x0.019:y-0.434:f9.39:tf11.64:p0.0194:tok0;30:x0.024:y-0.373:f9.71:tf11.64:p0.0237:tok6;45:x0.024:y-0.280:f11.83:tf11.64:p0.0245:tok3;60:x0.023:y-0.144:f11.41:tf11.64:p0.0235:tok3;75:x0.025:y0.011:f12.15:tf12.98:p0.0245:tok3;90:x0.025:y0.161:f12.02:tf12.98:p0.0252:tok3;95:x0.025:y0.202:f12.16:tf12.98:p0.0252:tok3
ablate_no_discrete_tokens,stick_slip_cycle,1,1003,,0,0.91667,1.59302,0.46270,0.12270,1.27950,0.03073,0.00000,0.60227,0.03409,3,5,0.77182,-0.09136,0.85094,483.34711,0.32797,0,0:x-0.110:y-0.417:f0.00:tf11.64:p0.0000:tok1;15:x0.030:y-0.408:f12.43:tf11.64:p0.0300:tok1;30:x0.028:y-0.333:f11.12:tf11.64:p0.0278:tok1;45:x0.027:y-0.203:f12.77:tf11.64:p0.0274:tok1;60:x0.024:y-0.052:f12.42:tf11.64:p0.0240:tok1;75:x0.025:y0.109:f11.54:tf12.98:p0.0255:tok1;90:x0.027:y0.258:f13.33:tf12.98:p0.0266:tok1;95:x0.027:y0.295:f12.71:tf12.98:p0.0268:tok1
ablate_no_force_update,stick_slip_cycle,1,1003,,0,0.89583,2.25561,1.11339,0.17374,1.05210,0.02539,0.00000,0.37209,0.01163,1,5,0.73686,-0.10268,0.69165,420.00000,0.20000,24,0:x-0.120:y-0.436:f0.00:tf11.64:p0.0000:tok1;15:x0.023:y-0.430:f9.58:tf11.64:p0.0229:tok7;30:x0.024:y-0.372:f9.74:tf11.64:p0.0237:tok6;45:x0.023:y-0.281:f11.94:tf11.64:p0.0235:tok4;60:x0.022:y-0.161:f11.51:tf11.64:p0.0222:tok4;75:x0.024:y-0.023:f11.50:tf12.98:p0.0237:tok4;90:x0.025:y0.118:f11.58:tf12.98:p0.0247:tok4;95:x0.025:y0.157:f12.55:tf12.98:p0.0247:tok4
ablate_no_transition_planner,stick_slip_cycle,1,1003,,0,0.90625,2.81497,2.28649,0.21682,1.04182,0.02443,0.00000,0.27586,0.00000,0,7,0.71630,-0.10302,0.67905,480.19994,0.32810,35,0:x-0.115:y-0.438:f0.34:tf11.64:p0.0000:tok1;15:x0.022:y-0.431:f9.02:tf11.64:p0.0221:tok2;30:x0.024:y-0.372:f9.74:tf11.64:p0.0237:tok6;45:x0.023:y-0.272:f11.41:tf11.64:p0.0231:tok4;60:x0.021:y-0.153:f9.11:tf11.64:p0.0208:tok6;75:x0.021:y-0.023:f9.88:tf12.98:p0.0211:tok6;90:x0.023:y0.108:f10.85:tf12.98:p0.0226:tok4;95:x0.023:y0.147:f11.00:tf12.98:p0.0225:tok4
ablate_no_safety_penalty,stick_slip_cycle,1,1003,,0,0.90625,2.84416,2.34620,0.21907,1.01944,0.02473,0.00000,0.25287,0.00000,0,5,0.69848,-0.10161,0.66234,482.14238,0.32809,35,0:x-0.116:y-0.426:f0.00:tf11.64:p0.0000:tok1;15:x0.022:y-0.420:f8.65:tf11.64:p0.0218:tok2;30:x0.024:y-0.363:f9.93:tf11.64:p0.0240:tok6;45:x0.023:y-0.269:f10.59:tf11.64:p0.0232:tok6;60:x0.021:y-0.167:f9.64:tf11.64:p0.0206:tok4;75:x0.021:y-0.039:f10.48:tf12.98:p0.0210:tok4;90:x0.022:y0.094:f11.21:tf12.98:p0.0222:tok4;95:x0.022:y0.132:f10.26:tf12.98:p0.0224:tok6
ablate_no_slip_context,stick_slip_cycle,1,1003,,0,0.90625,2.69734,1.89637,0.20776,1.00617,0.02481,0.00000,0.24138,0.00000,0,5,0.76996,-0.10451,0.66664,492.41537,0.32803,37,0:x-0.112:y-0.423:f0.00:tf11.64:p0.0000:tok1;15:x0.022:y-0.417:f9.66:tf11.64:p0.0221:tok6;30:x0.023:y-0.361:f9.08:tf11.64:p0.0234:tok2;45:x0.023:y-0.270:f11.27:tf11.64:p0.0231:tok6;60:x0.021:y-0.169:f9.04:tf11.64:p0.0206:tok2;75:x0.023:y-0.037:f11.37:tf12.98:p0.0228:tok6;90:x0.022:y0.099:f11.31:tf12.98:p0.0224:tok6;95:x0.023:y0.136:f11.13:tf12.98:p0.0227:tok6
ablate_no_tail_risk_objective,stick_slip_cycle,1,1003,,1,0.90625,1.94459,1.06185,0.14978,1.10635,0.02734,0.00000,0.40230,0.01149,1,5,0.71050,-0.08949,0.75516,478.56020,0.32798,18,0:x-0.115:y-0.436:f0.72:tf11.64:p0.0000:tok1;15:x0.024:y-0.429:f11.11:tf11.64:p0.0240:tok0;30:x0.027:y-0.348:f11.63:tf11.64:p0.0269:tok3;45:x0.026:y-0.233:f11.87:tf11.64:p0.0258:tok3;60:x0.023:y-0.106:f11.96:tf11.64:p0.0233:tok3;75:x0.024:y0.034:f11.83:tf12.98:p0.0238:tok3;90:x0.025:y0.174:f12.40:tf12.98:p0.0253:tok3;95:x0.025:y0.212:f11.96:tf12.98:p0.0255:tok3
ablate_no_calibration_guard,stick_slip_cycle,1,1003,,0,0.90625,2.27649,1.67588,0.17534,1.22117,0.03098,0.00000,0.19540,0.02299,2,5,0.88294,-0.12096,0.67591,489.89478,0.32795,28,0:x-0.110:y-0.430:f0.18:tf11.64:p0.0000:tok1;15:x0.031:y-0.420:f12.62:tf11.64:p0.0310:tok7;30:x0.025:y-0.356:f9.57:tf11.64:p0.0246:tok6;45:x0.025:y-0.257:f12.46:tf11.64:p0.0249:tok7;60:x0.022:y-0.146:f9.96:tf11.64:p0.0215:tok6;75:x0.023:y-0.026:f11.92:tf12.98:p0.0229:tok6;90:x0.023:y0.108:f11.18:tf12.98:p0.0230:tok6;95:x0.023:y0.144:f11.70:tf12.98:p0.0233:tok6
ablate_no_phase_memory,stick_slip_cycle,1,1003,,1,0.90625,2.03252,0.90766,0.15655,1.16779,0.02703,0.00000,0.40230,0.02299,2,5,0.64682,-0.07744,0.75471,483.76087,0.32796,32,0:x-0.104:y-0.418:f0.00:tf11.64:p0.0000:tok1;15:x0.023:y-0.411:f9.42:tf11.64:p0.0225:tok6;30:x0.026:y-0.348:f10.13:tf11.64:p0.0257:tok6;45:x0.026:y-0.234:f11.62:tf11.64:p0.0258:tok3;60:x0.023:y-0.106:f11.15:tf11.64:p0.0235:tok3;75:x0.024:y0.034:f12.51:tf12.98:p0.0243:tok3;90:x0.025:y0.174:f12.30:tf12.98:p0.0253:tok3;95:x0.025:y0.212:f12.22:tf12.98:p0.0254:tok3
impedance_token_policy_v4,stick_slip_cycle,1,1003,,0,0.90625,2.14647,1.64505,0.16533,1.04442,0.02854,0.00000,0.45977,0.00000,0,5,0.76633,-0.08416,0.72561,485.24417,0.32799,62,0:x-0.109:y-0.446:f0.00:tf11.64:p0.0000:tok1;15:x0.023:y-0.437:f9.10:tf11.64:p0.0234:tok7;30:x0.027:y-0.368:f11.56:tf11.64:p0.0271:tok0;45:x0.025:y-0.244:f12.09:tf11.64:p0.0248:tok4;60:x0.022:y-0.114:f11.00:tf11.64:p0.0220:tok4;75:x0.023:y0.018:f10.56:tf12.98:p0.0228:tok4;90:x0.024:y0.146:f11.59:tf12.98:p0.0241:tok5;95:x0.026:y0.186:f12.27:tf12.98:p0.0260:tok0
learned_only_token_replacement,stick_slip_cycle,1,1003,,1,0.89583,2.26539,0.49003,0.17449,1.21145,0.02760,0.00000,0.56977,0.03488,3,5,0.57778,-0.14097,0.80366,490.30073,0.32786,0,0:x-0.110:y-0.413:f0.70:tf11.64:p0.0000:tok-1;15:x0.017:y-0.408:f7.66:tf11.64:p0.0168:tok-1;30:x0.026:y-0.340:f10.04:tf11.64:p0.0257:tok-1;45:x0.027:y-0.218:f14.10:tf11.64:p0.0274:tok-1;60:x0.025:y-0.074:f11.66:tf11.64:p0.0250:tok-1;75:x0.027:y0.075:f13.34:tf12.98:p0.0267:tok-1;90:x0.027:y0.217:f13.33:tf12.98:p0.0274:tok-1;95:x0.027:y0.254:f13.66:tf12.98:p0.0274:tok-1
token_full_v5,stick_slip_cycle,2,1000,,0,0.90625,3.00119,2.24489,0.23066,0.96746,0.02454,0.00000,0.21839,0.00000,0,5,0.73946,-0.11557,0.67189,451.18349,0.34352,39,0:x-0.119:y-0.430:f0.23:tf12.03:p0.0000:tok1;15:x0.022:y-0.424:f9.58:tf12.03:p0.0223:tok6;30:x0.024:y-0.366:f10.56:tf12.03:p0.0240:tok6;45:x0.024:y-0.272:f11.64:tf12.03:p0.0241:tok4;60:x0.023:y-0.154:f9.68:tf13.01:p0.0228:tok6;75:x0.024:y-0.025:f10.85:tf13.01:p0.0237:tok4;90:x0.024:y0.104:f10.85:tf13.01:p0.0240:tok4;95:x0.024:y0.141:f11.55:tf13.01:p0.0241:tok4
ablate_no_memory,stick_slip_cycle,2,1000,,1,0.89583,2.37750,0.74870,0.18273,1.02995,0.02689,0.00000,0.51163,0.02326,2,5,0.48411,-0.06154,0.74151,458.36209,0.34357,9,0:x-0.102:y-0.447:f0.00:tf12.03:p0.0000:tok3;15:x0.022:y-0.440:f9.57:tf12.03:p0.0216:tok0;30:x0.024:y-0.378:f10.79:tf12.03:p0.0239:tok6;45:x0.026:y-0.278:f11.32:tf12.03:p0.0255:tok3;60:x0.026:y-0.140:f12.15:tf13.01:p0.0259:tok3;75:x0.027:y0.012:f12.10:tf13.01:p0.0266:tok3;90:x0.027:y0.160:f11.91:tf13.01:p0.0265:tok3;95:x0.027:y0.200:f12.10:tf13.01:p0.0267:tok3
ablate_no_discrete_tokens,stick_slip_cycle,2,1000,,0,0.91667,1.38470,0.55520,0.10642,1.19075,0.03119,0.00000,0.61364,0.01136,1,5,0.74663,-0.08356,0.84758,451.46696,0.34343,0,0:x-0.105:y-0.428:f0.00:tf12.03:p0.0000:tok1;15:x0.030:y-0.418:f12.26:tf12.03:p0.0305:tok1;30:x0.028:y-0.340:f11.14:tf12.03:p0.0275:tok1;45:x0.028:y-0.206:f12.14:tf12.03:p0.0278:tok1;60:x0.027:y-0.053:f12.82:tf13.01:p0.0273:tok1;75:x0.029:y0.106:f13.24:tf13.01:p0.0289:tok1;90:x0.029:y0.255:f13.33:tf13.01:p0.0289:tok1;95:x0.029:y0.292:f13.74:tf13.01:p0.0289:tok1
ablate_no_force_update,stick_slip_cycle,2,1000,,0,0.90625,2.60027,1.64293,0.19985,1.00374,0.02559,0.00000,0.32184,0.00000,0,5,0.69272,-0.08987,0.68952,420.00000,0.20000,29,0:x-0.112:y-0.425:f0.99:tf12.03:p0.0000:tok1;15:x0.024:y-0.418:f10.49:tf12.03:p0.0244:tok7;30:x0.024:y-0.366:f9.73:tf12.03:p0.0240:tok6;45:x0.025:y-0.276:f11.07:tf12.03:p0.0249:tok4;60:x0.024:y-0.156:f11.00:tf13.01:p0.0237:tok4;75:x0.025:y-0.023:f12.00:tf13.01:p0.0252:tok4;90:x0.025:y0.116:f10.70:tf13.01:p0.0253:tok4;95:x0.025:y0.156:f11.28:tf13.01:p0.0253:tok4
ablate_no_transition_planner,stick_slip_cycle,2,1000,,0,0.90625,2.89350,2.25341,0.22239,0.97839,0.02554,0.00000,0.10345,0.00000,0,6,0.63932,-0.08460,0.66737,452.81255,0.34350,41,0:x-0.106:y-0.430:f0.00:tf12.03:p0.0000:tok1;15:x0.023:y-0.423:f11.23:tf12.03:p0.0231:tok7;30:x0.024:y-0.365:f9.79:tf12.03:p0.0240:tok6;45:x0.024:y-0.270:f11.27:tf12.03:p0.0240:tok4;60:x0.023:y-0.153:f10.38:tf13.01:p0.0228:tok6;75:x0.024:y-0.028:f11.01:tf13.01:p0.0239:tok4;90:x0.024:y0.100:f10.46:tf13.01:p0.0240:tok6;95:x0.024:y0.137:f10.68:tf13.01:p0.0240:tok4
ablate_no_safety_penalty,stick_slip_cycle,2,1000,,0,0.90625,2.94996,2.29178,0.22673,0.96001,0.02506,0.00000,0.12644,0.00000,0,5,0.64752,-0.08612,0.66175,453.51699,0.34352,38,0:x-0.107:y-0.428:f0.00:tf12.03:p0.0000:tok1;15:x0.023:y-0.421:f9.84:tf12.03:p0.0228:tok7;30:x0.024:y-0.362:f10.39:tf12.03:p0.0236:tok6;45:x0.023:y-0.275:f10.42:tf12.03:p0.0228:tok6;60:x0.023:y-0.161:f10.59:tf13.01:p0.0226:tok4;75:x0.024:y-0.036:f10.57:tf13.01:p0.0242:tok4;90:x0.024:y0.093:f10.78:tf13.01:p0.0242:tok4;95:x0.024:y0.132:f10.44:tf13.01:p0.0240:tok6
ablate_no_slip_context,stick_slip_cycle,2,1000,,0,0.90625,2.94588,1.93397,0.22641,0.93456,0.02541,0.00000,0.26437,0.00000,0,5,0.78108,-0.11111,0.66267,457.08833,0.34352,35,0:x-0.111:y-0.428:f0.00:tf12.03:p0.0000:tok1;15:x0.023:y-0.421:f10.28:tf12.03:p0.0226:tok6;30:x0.023:y-0.364:f8.92:tf12.03:p0.0233:tok2;45:x0.023:y-0.277:f10.71:tf12.03:p0.0229:tok6;60:x0.023:y-0.174:f11.63:tf13.01:p0.0233:tok6;75:x0.025:y-0.043:f11.60:tf13.01:p0.0249:tok6;90:x0.024:y0.097:f10.76:tf13.01:p0.0245:tok6;95:x0.024:y0.133:f11.00:tf13.01:p0.0239:tok6
ablate_no_tail_risk_objective,stick_slip_cycle,2,1000,,1,0.89583,1.89150,0.82703,0.14538,1.07259,0.02819,0.00000,0.36047,0.01163,1,5,0.77503,-0.11056,0.75211,450.87077,0.34341,19,0:x-0.123:y-0.421:f0.00:tf12.03:p0.0000:tok1;15:x0.025:y-0.415:f11.64:tf12.03:p0.0248:tok7;30:x0.028:y-0.340:f10.95:tf12.03:p0.0280:tok3;45:x0.027:y-0.227:f12.90:tf12.03:p0.0268:tok3;60:x0.026:y-0.102:f11.72:tf13.01:p0.0259:tok3;75:x0.027:y0.035:f12.62:tf13.01:p0.0273:tok3;90:x0.027:y0.172:f12.70:tf13.01:p0.0272:tok3;95:x0.027:y0.210:f11.81:tf13.01:p0.0271:tok3
ablate_no_calibration_guard,stick_slip_cycle,2,1000,,0,0.90625,2.44341,1.90406,0.18779,1.19772,0.03118,0.00000,0.11494,0.01149,1,5,0.81187,-0.12095,0.65859,452.27725,0.34340,24,0:x-0.108:y-0.431:f0.00:tf12.03:p0.0000:tok1;15:x0.031:y-0.421:f13.42:tf12.03:p0.0312:tok7;30:x0.025:y-0.356:f10.06:tf12.03:p0.0248:tok6;45:x0.025:y-0.262:f12.00:tf12.03:p0.0249:tok6;60:x0.024:y-0.157:f11.30:tf13.01:p0.0243:tok6;75:x0.024:y-0.033:f10.41:tf13.01:p0.0240:tok7;90:x0.024:y0.092:f10.01:tf13.01:p0.0240:tok7;95:x0.025:y0.130:f11.24:tf13.01:p0.0248:tok6
ablate_no_phase_memory,stick_slip_cycle,2,1000,,1,0.90625,2.10410,0.73623,0.16172,1.05574,0.02756,0.00000,0.43678,0.00000,0,5,0.72794,-0.09958,0.74934,458.60816,0.34343,31,0:x-0.114:y-0.431:f0.03:tf12.03:p0.0000:tok1;15:x0.023:y-0.424:f10.36:tf12.03:p0.0227:tok6;30:x0.026:y-0.357:f11.27:tf12.03:p0.0264:tok6;45:x0.027:y-0.243:f12.02:tf12.03:p0.0268:tok3;60:x0.026:y-0.113:f11.88:tf13.01:p0.0261:tok3;75:x0.028:y0.028:f13.02:tf13.01:p0.0276:tok3;90:x0.027:y0.169:f12.53:tf13.01:p0.0266:tok3;95:x0.027:y0.207:f11.78:tf13.01:p0.0266:tok3
impedance_token_policy_v4,stick_slip_cycle,2,1000,,0,0.90625,2.30428,1.55280,0.17710,1.05670,0.02761,0.00000,0.34483,0.01149,1,5,0.88848,-0.13001,0.72538,453.01507,0.34342,69,0:x-0.123:y-0.423:f0.61:tf12.03:p0.0000:tok1;15:x0.024:y-0.418:f10.28:tf12.03:p0.0236:tok7;30:x0.026:y-0.353:f11.45:tf12.03:p0.0260:tok4;45:x0.026:y-0.238:f12.18:tf12.03:p0.0260:tok5;60:x0.024:y-0.109:f10.69:tf13.01:p0.0240:tok4;75:x0.025:y0.021:f11.17:tf13.01:p0.0247:tok4;90:x0.027:y0.148:f11.75:tf13.01:p0.0268:tok0;95:x0.027:y0.187:f12.58:tf13.01:p0.0274:tok6
learned_only_token_replacement,stick_slip_cycle,2,1000,,1,0.90625,2.10033,0.42898,0.16143,1.14532,0.02939,0.00000,0.57471,0.04598,4,5,0.58524,-0.14487,0.80027,459.64126,0.34330,0,0:x-0.111:y-0.416:f0.62:tf12.03:p0.0000:tok-1;15:x0.020:y-0.410:f9.23:tf12.03:p0.0196:tok-1;30:x0.026:y-0.342:f11.69:tf12.03:p0.0263:tok-1;45:x0.028:y-0.219:f12.04:tf12.03:p0.0279:tok-1;60:x0.028:y-0.076:f12.88:tf13.01:p0.0276:tok-1;75:x0.029:y0.073:f13.72:tf13.01:p0.0293:tok-1;90:x0.029:y0.214:f13.04:tf13.01:p0.0293:tok-1;95:x0.029:y0.251:f13.18:tf13.01:p0.0293:tok-1
token_full_v5,stick_slip_cycle,2,1001,,0,0.90625,2.99589,2.71089,0.20742,1.06616,0.02716,0.00000,0.13793,0.00000,0,5,0.66170,-0.09381,0.67563,460.82784,0.37140,49,0:x-0.106:y-0.426:f0.00:tf11.52:p0.0000:tok1;15:x0.025:y-0.418:f9.86:tf11.52:p0.0247:tok0;30:x0.027:y-0.357:f9.76:tf11.52:p0.0267:tok6;45:x0.027:y-0.261:f9.67:tf11.52:p0.0271:tok4;60:x0.023:y-0.143:f10.50:tf11.52:p0.0231:tok4;75:x0.025:y-0.015:f11.73:tf14.44:p0.0246:tok6;90:x0.026:y0.109:f11.90:tf14.44:p0.0258:tok6;95:x0.027:y0.144:f12.09:tf14.44:p0.0268:tok6
ablate_no_memory,stick_slip_cycle,2,1001,,1,0.88542,2.65384,1.26958,0.18374,1.22528,0.02991,0.00000,0.47059,0.02353,2,5,0.52590,-0.08887,0.74167,455.98611,0.37147,13,0:x-0.115:y-0.416:f0.65:tf11.52:p0.0000:tok3;15:x0.021:y-0.412:f9.05:tf11.52:p0.0212:tok0;30:x0.027:y-0.355:f8.52:tf11.52:p0.0267:tok2;45:x0.028:y-0.260:f9.76:tf11.52:p0.0285:tok3;60:x0.026:y-0.125:f11.76:tf11.52:p0.0258:tok3;75:x0.027:y0.021:f12.46:tf14.44:p0.0273:tok3;90:x0.030:y0.163:f13.56:tf14.44:p0.0296:tok3;95:x0.030:y0.201:f14.16:tf14.44:p0.0299:tok3
ablate_no_discrete_tokens,stick_slip_cycle,2,1001,,1,0.91667,1.54906,0.63257,0.10725,1.29425,0.03236,0.00000,0.59091,0.02273,2,5,0.69912,-0.07168,0.84499,460.62702,0.37135,0,0:x-0.100:y-0.425:f0.54:tf11.52:p0.0000:tok1;15:x0.032:y-0.415:f11.07:tf11.52:p0.0322:tok1;30:x0.031:y-0.338:f10.78:tf11.52:p0.0309:tok1;45:x0.032:y-0.205:f11.11:tf11.52:p0.0317:tok1;60:x0.026:y-0.048:f12.64:tf11.52:p0.0264:tok1;75:x0.029:y0.110:f12.95:tf14.44:p0.0288:tok1;90:x0.032:y0.255:f14.62:tf14.44:p0.0316:tok1;95:x0.031:y0.290:f14.69:tf14.44:p0.0312:tok1
ablate_no_force_update,stick_slip_cycle,2,1001,,0,0.90625,2.90274,1.97726,0.20097,1.06127,0.02807,0.00000,0.31034,0.00000,0,5,0.72562,-0.10398,0.69674,420.00000,0.20000,37,0:x-0.117:y-0.434:f0.23:tf11.52:p0.0000:tok1;15:x0.025:y-0.427:f9.79:tf11.52:p0.0253:tok6;30:x0.026:y-0.364:f9.69:tf11.52:p0.0264:tok6;45:x0.025:y-0.264:f8.14:tf11.52:p0.0246:tok6;60:x0.023:y-0.145:f10.67:tf11.52:p0.0225:tok4;75:x0.026:y-0.013:f12.28:tf14.44:p0.0256:tok4;90:x0.028:y0.124:f12.00:tf14.44:p0.0280:tok4;95:x0.028:y0.162:f12.78:tf14.44:p0.0280:tok4
ablate_no_transition_planner,stick_slip_cycle,2,1001,,0,0.89583,3.03091,2.81675,0.20984,1.15446,0.02786,0.00000,0.20930,0.02326,2,5,0.76041,-0.11838,0.67340,462.25128,0.37143,43,0:x-0.121:y-0.435:f0.00:tf11.52:p0.0000:tok1;15:x0.024:y-0.428:f9.47:tf11.52:p0.0243:tok4;30:x0.026:y-0.366:f9.80:tf11.52:p0.0262:tok6;45:x0.028:y-0.268:f9.98:tf11.52:p0.0275:tok4;60:x0.023:y-0.145:f10.61:tf11.52:p0.0226:tok4;75:x0.023:y-0.017:f10.94:tf14.44:p0.0228:tok7;90:x0.026:y0.107:f11.80:tf14.44:p0.0257:tok6;95:x0.027:y0.142:f11.93:tf14.44:p0.0268:tok6
ablate_no_safety_penalty,stick_slip_cycle,2,1001,,0,0.89583,2.94482,2.56643,0.20388,1.09263,0.02740,0.00000,0.22093,0.01163,1,5,0.80559,-0.12954,0.67974,463.94076,0.37146,42,0:x-0.127:y-0.422:f0.28:tf11.52:p0.0000:tok1;15:x0.023:y-0.417:f8.40:tf11.52:p0.0231:tok2;30:x0.026:y-0.357:f9.08:tf11.52:p0.0262:tok6;45:x0.026:y-0.266:f9.77:tf11.52:p0.0264:tok6;60:x0.023:y-0.147:f10.92:tf11.52:p0.0231:tok4;75:x0.023:y-0.019:f10.67:tf14.44:p0.0233:tok7;90:x0.026:y0.112:f11.97:tf14.44:p0.0261:tok4;95:x0.027:y0.148:f12.49:tf14.44:p0.0270:tok4
ablate_no_slip_context,stick_slip_cycle,2,1001,,0,0.89583,2.82072,2.16241,0.19529,1.09658,0.02824,0.00000,0.13953,0.00000,0,5,0.86866,-0.13826,0.66557,467.60351,0.37138,40,0:x-0.124:y-0.432:f0.00:tf11.52:p0.0000:tok1;15:x0.023:y-0.426:f8.56:tf11.52:p0.0231:tok2;30:x0.027:y-0.363:f8.76:tf11.52:p0.0266:tok2;45:x0.028:y-0.262:f9.29:tf11.52:p0.0277:tok6;60:x0.024:y-0.151:f10.52:tf11.52:p0.0236:tok6;75:x0.026:y-0.034:f12.60:tf14.44:p0.0265:tok6;90:x0.027:y0.100:f12.77:tf14.44:p0.0271:tok6;95:x0.027:y0.136:f13.58:tf14.44:p0.0275:tok6
ablate_no_tail_risk_objective,stick_slip_cycle,2,1001,,1,0.90625,2.16402,1.14379,0.14982,1.20245,0.03096,0.00000,0.37931,0.01149,1,5,0.63356,-0.07353,0.75145,467.96423,0.37131,20,0:x-0.106:y-0.418:f0.00:tf11.52:p0.0000:tok1;15:x0.025:y-0.411:f9.13:tf11.52:p0.0246:tok0;30:x0.031:y-0.335:f11.49:tf11.52:p0.0308:tok3;45:x0.030:y-0.223:f10.50:tf11.52:p0.0299:tok3;60:x0.026:y-0.096:f11.69:tf11.52:p0.0257:tok3;75:x0.027:y0.039:f13.69:tf14.44:p0.0272:tok3;90:x0.029:y0.173:f13.26:tf14.44:p0.0290:tok3;95:x0.029:y0.209:f14.19:tf14.44:p0.0292:tok2
ablate_no_calibration_guard,stick_slip_cycle,2,1001,,0,0.90625,2.19236,1.93918,0.15179,1.15780,0.03254,0.00000,0.14943,0.01149,1,6,0.98994,-0.15688,0.67599,464.70202,0.37131,26,0:x-0.122:y-0.421:f0.33:tf11.52:p0.0000:tok1;15:x0.033:y-0.412:f11.80:tf11.52:p0.0325:tok7;30:x0.028:y-0.349:f10.26:tf11.52:p0.0278:tok6;45:x0.029:y-0.245:f10.41:tf11.52:p0.0286:tok6;60:x0.024:y-0.137:f10.85:tf11.52:p0.0237:tok6;75:x0.026:y-0.023:f12.01:tf14.44:p0.0264:tok6;90:x0.028:y0.109:f12.28:tf14.44:p0.0277:tok6;95:x0.028:y0.145:f14.17:tf14.44:p0.0279:tok6
ablate_no_phase_memory,stick_slip_cycle,2,1001,,1,0.90625,2.37080,1.21533,0.16414,1.21825,0.03013,0.00000,0.48276,0.01149,1,5,0.63484,-0.07637,0.74722,466.10580,0.37137,32,0:x-0.104:y-0.434:f0.15:tf11.52:p0.0000:tok1;15:x0.025:y-0.426:f9.67:tf11.52:p0.0253:tok0;30:x0.028:y-0.359:f10.89:tf11.52:p0.0283:tok6;45:x0.030:y-0.246:f10.76:tf11.52:p0.0301:tok3;60:x0.026:y-0.110:f12.58:tf11.52:p0.0259:tok3;75:x0.027:y0.031:f12.46:tf14.44:p0.0268:tok3;90:x0.029:y0.169:f14.07:tf14.44:p0.0294:tok3;95:x0.029:y0.206:f13.55:tf14.44:p0.0293:tok3
impedance_token_policy_v4,stick_slip_cycle,2,1001,,0,0.90625,2.47889,1.92868,0.17163,1.13786,0.03106,0.00000,0.42529,0.02299,2,5,0.79739,-0.09940,0.72721,461.17927,0.37140,64,0:x-0.111:y-0.428:f0.00:tf11.52:p0.0000:tok1;15:x0.025:y-0.420:f9.25:tf11.52:p0.0247:tok4;30:x0.028:y-0.354:f10.13:tf11.52:p0.0276:tok6;45:x0.028:y-0.239:f9.92:tf11.52:p0.0281:tok7;60:x0.023:y-0.110:f11.55:tf11.52:p0.0233:tok2;75:x0.025:y0.022:f11.79:tf14.44:p0.0253:tok4;90:x0.029:y0.150:f13.56:tf14.44:p0.0291:tok6;95:x0.028:y0.188:f12.38:tf14.44:p0.0284:tok6
learned_only_token_replacement,stick_slip_cycle,2,1001,,1,0.90625,2.47770,0.64342,0.17154,1.34093,0.03265,0.00000,0.56322,0.03448,3,5,0.57461,-0.14006,0.79938,461.28433,0.37124,0,0:x-0.109:y-0.421:f0.03:tf11.52:p0.0000:tok-1;15:x0.020:y-0.415:f8.13:tf11.52:p0.0195:tok-1;30:x0.029:y-0.345:f10.53:tf11.52:p0.0286:tok-1;45:x0.031:y-0.218:f11.74:tf11.52:p0.0314:tok-1;60:x0.029:y-0.070:f13.59:tf11.52:p0.0286:tok-1;75:x0.029:y0.078:f13.74:tf14.44:p0.0294:tok-1;90:x0.032:y0.216:f14.68:tf14.44:p0.0325:tok-1;95:x0.033:y0.251:f14.62:tf14.44:p0.0326:tok-1
token_full_v5,stick_slip_cycle,2,1002,,0,0.89583,2.91799,2.60587,0.21349,1.08603,0.02477,0.00000,0.16279,0.00000,0,8,0.73070,-0.10339,0.65756,457.63450,0.38148,42,0:x-0.123:y-0.417:f0.17:tf10.19:p0.0000:tok1;15:x0.019:y-0.413:f8.46:tf10.19:p0.0187:tok4;30:x0.021:y-0.358:f8.49:tf10.19:p0.0215:tok6;45:x0.021:y-0.267:f11.07:tf10.19:p0.0213:tok6;60:x0.021:y-0.165:f9.76:tf13.67:p0.0205:tok6;75:x0.025:y-0.040:f11.46:tf13.67:p0.0247:tok4;90:x0.025:y0.092:f10.87:tf13.67:p0.0246:tok6;95:x0.025:y0.128:f11.07:tf13.67:p0.0247:tok2
ablate_no_memory,stick_slip_cycle,2,1002,,0,0.88542,2.34019,1.10047,0.17122,1.09332,0.02780,0.00000,0.49412,0.00000,0,5,0.49245,-0.06915,0.73507,469.70388,0.38149,9,0:x-0.112:y-0.439:f0.24:tf10.19:p0.0000:tok3;15:x0.016:y-0.436:f7.46:tf10.19:p0.0161:tok5;30:x0.021:y-0.376:f7.62:tf10.19:p0.0214:tok2;45:x0.023:y-0.272:f10.23:tf10.19:p0.0229:tok3;60:x0.023:y-0.136:f10.79:tf13.67:p0.0229:tok3;75:x0.027:y0.012:f13.12:tf13.67:p0.0273:tok3;90:x0.028:y0.156:f11.95:tf13.67:p0.0276:tok3;95:x0.028:y0.195:f12.72:tf13.67:p0.0276:tok3
ablate_no_discrete_tokens,stick_slip_cycle,2,1002,,0,0.91667,1.45954,0.55702,0.10679,1.20265,0.02935,0.00000,0.60227,0.04545,4,5,0.74441,-0.08412,0.84161,476.69543,0.38135,0,0:x-0.113:y-0.419:f0.10:tf10.19:p0.0000:tok1;15:x0.026:y-0.410:f9.40:tf10.19:p0.0263:tok1;30:x0.025:y-0.334:f9.51:tf10.19:p0.0245:tok1;45:x0.025:y-0.203:f11.81:tf10.19:p0.0250:tok1;60:x0.024:y-0.052:f11.66:tf13.67:p0.0238:tok1;75:x0.029:y0.104:f13.84:tf13.67:p0.0291:tok1;90:x0.029:y0.251:f13.90:tf13.67:p0.0286:tok1;95:x0.029:y0.287:f13.84:tf13.67:p0.0287:tok1
ablate_no_force_update,stick_slip_cycle,2,1002,,0,0.89583,2.49895,1.86676,0.18283,0.97042,0.02636,0.00000,0.25581,0.00000,0,5,0.58498,-0.05757,0.66845,420.00000,0.20000,31,0:x-0.105:y-0.434:f0.00:tf10.19:p0.0000:tok1;15:x0.020:y-0.428:f8.15:tf10.19:p0.0204:tok7;30:x0.022:y-0.370:f8.58:tf10.19:p0.0219:tok6;45:x0.021:y-0.274:f8.99:tf10.19:p0.0208:tok6;60:x0.021:y-0.171:f9.82:tf13.67:p0.0206:tok6;75:x0.026:y-0.045:f12.98:tf13.67:p0.0260:tok4;90:x0.026:y0.096:f12.35:tf13.67:p0.0262:tok4;95:x0.026:y0.137:f12.81:tf13.67:p0.0263:tok4
ablate_no_transition_planner,stick_slip_cycle,2,1002,,0,0.89583,2.90437,2.66697,0.21250,1.11050,0.02450,0.00000,0.02326,0.01163,1,7,0.64400,-0.08958,0.65776,466.35833,0.38141,44,0:x-0.112:y-0.426:f0.54:tf10.19:p0.0000:tok1;15:x0.020:y-0.420:f8.13:tf10.19:p0.0203:tok6;30:x0.021:y-0.364:f9.06:tf10.19:p0.0215:tok6;45:x0.022:y-0.268:f10.17:tf10.19:p0.0218:tok4;60:x0.020:y-0.151:f9.72:tf13.67:p0.0197:tok7;75:x0.024:y-0.028:f11.78:tf13.67:p0.0239:tok4;90:x0.024:y0.093:f11.75:tf13.67:p0.0244:tok4;95:x0.024:y0.129:f11.63:tf13.67:p0.0245:tok6
ablate_no_safety_penalty,stick_slip_cycle,2,1002,,0,0.89583,2.85398,2.63174,0.20881,1.08588,0.02432,0.00000,0.05814,0.00000,0,6,0.69629,-0.09645,0.66008,468.07188,0.38141,43,0:x-0.120:y-0.428:f0.00:tf10.19:p0.0000:tok1;15:x0.019:y-0.423:f8.36:tf10.19:p0.0192:tok4;30:x0.022:y-0.365:f9.01:tf10.19:p0.0220:tok6;45:x0.022:y-0.269:f10.39:tf10.19:p0.0216:tok4;60:x0.019:y-0.152:f9.96:tf13.67:p0.0195:tok6;75:x0.024:y-0.026:f11.23:tf13.67:p0.0237:tok4;90:x0.024:y0.095:f11.10:tf13.67:p0.0243:tok6;95:x0.024:y0.130:f10.65:tf13.67:p0.0242:tok2
ablate_no_slip_context,stick_slip_cycle,2,1002,,0,0.89583,2.70061,2.07982,0.19759,1.00787,0.02605,0.00000,0.26744,0.00000,0,6,0.77887,-0.11252,0.65707,465.92219,0.38140,39,0:x-0.117:y-0.442:f0.00:tf10.19:p0.0000:tok1;15:x0.019:y-0.435:f8.83:tf10.19:p0.0194:tok0;30:x0.022:y-0.372:f7.37:tf10.19:p0.0217:tok2;45:x0.021:y-0.277:f9.44:tf10.19:p0.0207:tok6;60:x0.022:y-0.173:f12.58:tf13.67:p0.0217:tok6;75:x0.025:y-0.033:f11.50:tf13.67:p0.0253:tok6;90:x0.026:y0.093:f11.99:tf13.67:p0.0256:tok6;95:x0.025:y0.129:f11.21:tf13.67:p0.0249:tok6
ablate_no_tail_risk_objective,stick_slip_cycle,2,1002,,1,0.89583,2.01744,1.12549,0.14760,1.18118,0.02770,0.00000,0.37209,0.03488,3,5,0.65465,-0.07956,0.74453,465.74990,0.38136,20,0:x-0.115:y-0.427:f0.26:tf10.19:p0.0000:tok1;15:x0.019:y-0.421:f8.49:tf10.19:p0.0195:tok7;30:x0.025:y-0.344:f9.20:tf10.19:p0.0248:tok3;45:x0.024:y-0.230:f10.16:tf10.19:p0.0235:tok3;60:x0.023:y-0.105:f11.79:tf13.67:p0.0230:tok3;75:x0.027:y0.031:f12.74:tf13.67:p0.0270:tok3;90:x0.027:y0.166:f13.09:tf13.67:p0.0275:tok3;95:x0.028:y0.203:f12.49:tf13.67:p0.0277:tok3
ablate_no_calibration_guard,stick_slip_cycle,2,1002,,0,0.90625,2.18845,1.96833,0.16012,1.13115,0.02643,0.00000,0.09195,0.03448,3,5,0.95400,-0.14978,0.66805,470.07484,0.38127,32,0:x-0.122:y-0.422:f0.06:tf10.19:p0.0000:tok1;15:x0.025:y-0.415:f10.42:tf10.19:p0.0246:tok7;30:x0.022:y-0.352:f9.30:tf10.19:p0.0220:tok6;45:x0.023:y-0.253:f11.04:tf10.19:p0.0234:tok6;60:x0.022:y-0.143:f10.45:tf13.67:p0.0221:tok7;75:x0.025:y-0.015:f12.08:tf13.67:p0.0253:tok6;90:x0.025:y0.102:f12.42:tf13.67:p0.0251:tok6;95:x0.026:y0.137:f12.92:tf13.67:p0.0264:tok6
ablate_no_phase_memory,stick_slip_cycle,2,1002,,1,0.89583,2.18001,1.10878,0.15950,1.14440,0.02763,0.00000,0.44186,0.04651,4,5,0.65587,-0.07784,0.74005,475.02332,0.38140,32,0:x-0.112:y-0.430:f0.04:tf10.19:p0.0000:tok1;15:x0.020:y-0.424:f8.84:tf10.19:p0.0198:tok4;30:x0.023:y-0.359:f8.90:tf10.19:p0.0228:tok7;45:x0.023:y-0.251:f11.66:tf10.19:p0.0235:tok3;60:x0.022:y-0.120:f11.31:tf13.67:p0.0225:tok3;75:x0.027:y0.022:f12.59:tf13.67:p0.0271:tok3;90:x0.028:y0.161:f13.23:tf13.67:p0.0276:tok3;95:x0.027:y0.199:f13.67:tf13.67:p0.0275:tok3
impedance_token_policy_v4,stick_slip_cycle,2,1002,,0,0.90625,2.22835,1.81763,0.16304,1.15131,0.02784,0.00000,0.39080,0.02299,2,5,0.70025,-0.07490,0.72101,468.28412,0.38135,72,0:x-0.098:y-0.434:f0.27:tf10.19:p0.0000:tok1;15:x0.021:y-0.426:f7.74:tf10.19:p0.0209:tok7;30:x0.025:y-0.359:f10.62:tf10.19:p0.0246:tok4;45:x0.023:y-0.241:f10.02:tf10.19:p0.0228:tok0;60:x0.022:y-0.110:f10.90:tf13.67:p0.0223:tok4;75:x0.025:y0.020:f11.58:tf13.67:p0.0252:tok4;90:x0.028:y0.147:f13.38:tf13.67:p0.0278:tok6;95:x0.026:y0.183:f10.91:tf13.67:p0.0259:tok2
learned_only_token_replacement,stick_slip_cycle,2,1002,,0,0.89583,2.15622,0.62512,0.15776,1.26005,0.03041,0.00000,0.60465,0.01163,1,5,0.61108,-0.15460,0.79166,464.37805,0.38130,0,0:x-0.119:y-0.437:f0.00:tf10.19:p0.0000:tok-1;15:x0.016:y-0.432:f6.66:tf10.19:p0.0161:tok-1;30:x0.023:y-0.357:f9.40:tf10.19:p0.0233:tok-1;45:x0.025:y-0.225:f11.66:tf10.19:p0.0250:tok-1;60:x0.024:y-0.079:f12.12:tf13.67:p0.0244:tok-1;75:x0.029:y0.069:f13.90:tf13.67:p0.0291:tok-1;90:x0.030:y0.208:f13.47:tf13.67:p0.0301:tok-1;95:x0.030:y0.244:f14.17:tf13.67:p0.0304:tok-1
token_full_v5,stick_slip_cycle,2,1003,,0,0.90625,2.87334,2.07448,0.22364,1.04255,0.02655,0.00000,0.18391,0.01149,1,5,0.71416,-0.10784,0.67887,469.43238,0.32523,46,0:x-0.116:y-0.430:f0.00:tf12.22:p0.0000:tok1;15:x0.024:y-0.423:f9.76:tf12.22:p0.0241:tok6;30:x0.026:y-0.360:f10.57:tf12.22:p0.0264:tok6;45:x0.026:y-0.263:f10.93:tf12.22:p0.0264:tok4;60:x0.022:y-0.147:f10.13:tf12.85:p0.0224:tok6;75:x0.023:y-0.021:f10.35:tf12.85:p0.0229:tok6;90:x0.023:y0.109:f11.32:tf12.85:p0.0230:tok4;95:x0.023:y0.147:f10.04:tf12.85:p0.0229:tok6
ablate_no_memory,stick_slip_cycle,2,1003,,0,0.89583,2.52518,0.73146,0.19654,1.03163,0.02623,0.00000,0.43023,0.01163,1,5,0.56447,-0.08360,0.73364,470.78179,0.32534,11,0:x-0.115:y-0.437:f0.00:tf12.22:p0.0000:tok3;15:x0.022:y-0.433:f11.03:tf12.22:p0.0220:tok0;30:x0.026:y-0.374:f10.51:tf12.22:p0.0258:tok6;45:x0.025:y-0.279:f10.17:tf12.22:p0.0250:tok6;60:x0.025:y-0.160:f12.41:tf12.85:p0.0251:tok3;75:x0.026:y-0.005:f12.53:tf12.85:p0.0262:tok3;90:x0.026:y0.151:f11.49:tf12.85:p0.0256:tok3;95:x0.026:y0.193:f11.66:tf12.85:p0.0257:tok3
ablate_no_discrete_tokens,stick_slip_cycle,2,1003,,0,0.91667,1.50871,0.40008,0.11743,1.27016,0.03261,0.00000,0.62500,0.02273,2,5,0.80549,-0.09554,0.85086,469.06515,0.32516,0,0:x-0.111:y-0.440:f0.13:tf12.22:p0.0000:tok1;15:x0.032:y-0.429:f13.24:tf12.22:p0.0319:tok1;30:x0.029:y-0.346:f11.55:tf12.22:p0.0293:tok1;45:x0.031:y-0.210:f12.62:tf12.22:p0.0308:tok1;60:x0.027:y-0.053:f12.21:tf12.85:p0.0268:tok1;75:x0.027:y0.108:f12.99:tf12.85:p0.0275:tok1;90:x0.027:y0.258:f12.17:tf12.85:p0.0273:tok1;95:x0.027:y0.295:f12.08:tf12.85:p0.0272:tok1
ablate_no_force_update,stick_slip_cycle,2,1003,,0,0.90625,2.52612,1.23896,0.19661,0.98145,0.02670,0.00000,0.35632,0.00000,0,5,0.71365,-0.09909,0.69434,420.00000,0.20000,29,0:x-0.114:y-0.436:f0.00:tf12.22:p0.0000:tok1;15:x0.025:y-0.429:f9.88:tf12.22:p0.0252:tok7;30:x0.026:y-0.370:f10.28:tf12.22:p0.0262:tok6;45:x0.026:y-0.274:f10.79:tf12.22:p0.0257:tok4;60:x0.024:y-0.154:f10.72:tf12.85:p0.0236:tok4;75:x0.025:y-0.018:f11.57:tf12.85:p0.0246:tok4;90:x0.025:y0.120:f11.70:tf12.85:p0.0246:tok4;95:x0.025:y0.160:f11.40:tf12.85:p0.0246:tok4
ablate_no_transition_planner,stick_slip_cycle,2,1003,,0,0.90625,2.95456,2.06199,0.22996,1.03452,0.02652,0.00000,0.25287,0.01149,1,5,0.79921,-0.12814,0.67786,465.89844,0.32524,40,0:x-0.126:y-0.435:f0.51:tf12.22:p0.0000:tok1;15:x0.023:y-0.429:f9.51:tf12.22:p0.0233:tok2;30:x0.026:y-0.367:f10.39:tf12.22:p0.0260:tok6;45:x0.026:y-0.271:f10.41:tf12.22:p0.0256:tok4;60:x0.023:y-0.152:f10.11:tf12.85:p0.0227:tok6;75:x0.023:y-0.022:f9.79:tf12.85:p0.0234:tok6;90:x0.023:y0.108:f10.54:tf12.85:p0.0230:tok4;95:x0.023:y0.146:f10.46:tf12.85:p0.0231:tok4
ablate_no_safety_penalty,stick_slip_cycle,2,1003,,0,0.90625,2.83162,2.04840,0.22039,1.03438,0.02711,0.00000,0.20690,0.00000,0,5,0.67223,-0.10167,0.67520,470.58721,0.32517,38,0:x-0.108:y-0.417:f0.21:tf12.22:p0.0000:tok1;15:x0.025:y-0.410:f9.64:tf12.22:p0.0247:tok2;30:x0.025:y-0.356:f10.79:tf12.22:p0.0254:tok6;45:x0.026:y-0.266:f9.91:tf12.22:p0.0260:tok4;60:x0.023:y-0.148:f10.93:tf12.85:p0.0228:tok4;75:x0.023:y-0.018:f10.45:tf12.85:p0.0230:tok6;90:x0.023:y0.110:f10.81:tf12.85:p0.0226:tok4;95:x0.023:y0.144:f11.15:tf12.85:p0.0227:tok6
ablate_no_slip_context,stick_slip_cycle,2,1003,,0,0.90625,2.84220,1.92558,0.22121,0.98546,0.02602,0.00000,0.04598,0.00000,0,5,0.70974,-0.11081,0.64759,483.05696,0.32509,35,0:x-0.112:y-0.434:f0.38:tf12.22:p0.0000:tok1;15:x0.023:y-0.427:f9.07:tf12.22:p0.0233:tok5;30:x0.025:y-0.366:f10.17:tf12.22:p0.0252:tok6;45:x0.026:y-0.270:f10.86:tf12.22:p0.0260:tok6;60:x0.023:y-0.163:f9.99:tf12.85:p0.0225:tok2;75:x0.023:y-0.037:f10.39:tf12.85:p0.0230:tok6;90:x0.023:y0.083:f10.90:tf12.85:p0.0229:tok6;95:x0.023:y0.120:f11.78:tf12.85:p0.0227:tok6
ablate_no_tail_risk_objective,stick_slip_cycle,2,1003,,1,0.90625,1.77266,0.62668,0.13797,1.10899,0.02979,0.00000,0.39080,0.03448,3,5,0.62648,-0.06628,0.75564,475.98824,0.32511,19,0:x-0.102:y-0.427:f0.00:tf12.22:p0.0000:tok1;15:x0.028:y-0.419:f11.73:tf12.22:p0.0279:tok7;30:x0.029:y-0.341:f12.05:tf12.22:p0.0294:tok3;45:x0.028:y-0.229:f11.31:tf12.22:p0.0283:tok3;60:x0.026:y-0.103:f11.57:tf12.85:p0.0256:tok3;75:x0.026:y0.036:f12.36:tf12.85:p0.0258:tok3;90:x0.026:y0.175:f11.59:tf12.85:p0.0256:tok3;95:x0.026:y0.213:f12.51:tf12.85:p0.0256:tok3
ablate_no_calibration_guard,stick_slip_cycle,2,1003,,0,0.90625,2.38750,1.76543,0.18582,1.18822,0.03356,0.00000,0.13793,0.01149,1,5,0.96147,-0.15078,0.66698,468.36698,0.32509,25,0:x-0.122:y-0.416:f0.26:tf12.22:p0.0000:tok1;15:x0.034:y-0.408:f13.82:tf12.22:p0.0336:tok7;30:x0.026:y-0.348:f11.11:tf12.22:p0.0261:tok6;45:x0.028:y-0.254:f10.48:tf12.22:p0.0278:tok6;60:x0.023:y-0.144:f11.01:tf12.85:p0.0233:tok6;75:x0.024:y-0.031:f10.19:tf12.85:p0.0238:tok7;90:x0.024:y0.100:f11.09:tf12.85:p0.0237:tok6;95:x0.024:y0.136:f11.65:tf12.85:p0.0241:tok6
ablate_no_phase_memory,stick_slip_cycle,2,1003,,1,0.90625,2.13570,0.65801,0.16623,1.12163,0.02830,0.00000,0.51724,0.00000,0,5,0.73246,-0.09781,0.75268,464.02720,0.32517,33,0:x-0.114:y-0.435:f0.53:tf12.22:p0.0000:tok1;15:x0.025:y-0.427:f11.76:tf12.22:p0.0250:tok4;30:x0.026:y-0.362:f10.70:tf12.22:p0.0256:tok6;45:x0.028:y-0.247:f10.92:tf12.22:p0.0282:tok3;60:x0.026:y-0.114:f11.59:tf12.85:p0.0259:tok3;75:x0.026:y0.030:f12.01:tf12.85:p0.0259:tok3;90:x0.026:y0.172:f11.56:tf12.85:p0.0260:tok3;95:x0.026:y0.210:f11.87:tf12.85:p0.0260:tok3
impedance_token_policy_v4,stick_slip_cycle,2,1003,,0,0.90625,2.32953,1.46941,0.18131,1.17928,0.03029,0.00000,0.40230,0.03448,3,5,0.82650,-0.10289,0.72506,468.36600,0.32515,66,0:x-0.116:y-0.432:f0.00:tf12.22:p0.0000:tok1;15:x0.025:y-0.424:f10.14:tf12.22:p0.0251:tok7;30:x0.029:y-0.358:f12.71:tf12.22:p0.0294:tok0;45:x0.029:y-0.240:f11.21:tf12.22:p0.0291:tok4;60:x0.024:y-0.111:f11.38:tf12.85:p0.0241:tok4;75:x0.023:y0.018:f11.28:tf12.85:p0.0235:tok4;90:x0.025:y0.146:f11.85:tf12.85:p0.0252:tok2;95:x0.026:y0.186:f12.37:tf12.85:p0.0258:tok2
learned_only_token_replacement,stick_slip_cycle,2,1003,,0,0.89583,2.37625,0.55243,0.18495,1.23861,0.02964,0.00000,0.60465,0.02326,2,5,0.68114,-0.19258,0.80275,470.00928,0.32505,0,0:x-0.126:y-0.443:f0.75:tf12.22:p0.0000:tok-1;15:x0.019:y-0.436:f8.59:tf12.22:p0.0190:tok-1;30:x0.027:y-0.359:f10.72:tf12.22:p0.0273:tok-1;45:x0.030:y-0.227:f11.93:tf12.22:p0.0295:tok-1;60:x0.027:y-0.078:f13.28:tf12.85:p0.0272:tok-1;75:x0.028:y0.073:f14.22:tf12.85:p0.0284:tok-1;90:x0.028:y0.216:f14.09:tf12.85:p0.0283:tok-1;95:x0.029:y0.254:f13.33:tf12.85:p0.0287:tok-1
token_full_v5,stick_slip_cycle,3,1000,,0,0.90625,3.38379,3.08042,0.22330,0.93854,0.02834,0.00000,0.18391,0.00000,0,5,0.82864,-0.13075,0.65266,453.61873,0.41608,42,0:x-0.121:y-0.432:f0.00:tf12.67:p0.0000:tok1;15:x0.021:y-0.425:f10.83:tf12.67:p0.0215:tok7;30:x0.021:y-0.370:f10.38:tf12.67:p0.0209:tok6;45:x0.022:y-0.279:f10.62:tf12.67:p0.0217:tok4;60:x0.021:y-0.154:f8.73:tf12.67:p0.0213:tok6;75:x0.027:y-0.027:f12.08:tf15.15:p0.0266:tok6;90:x0.027:y0.090:f12.83:tf15.15:p0.0273:tok6;95:x0.028:y0.124:f11.64:tf15.15:p0.0282:tok2
ablate_no_memory,stick_slip_cycle,3,1000,,0,0.89583,2.86540,1.50746,0.18909,0.99884,0.03210,0.00000,0.44186,0.00000,0,5,0.61002,-0.11364,0.72710,446.91155,0.41623,6,0:x-0.124:y-0.433:f0.25:tf12.67:p0.0000:tok3;15:x0.021:y-0.428:f11.09:tf12.67:p0.0207:tok0;30:x0.022:y-0.373:f10.38:tf12.67:p0.0216:tok6;45:x0.021:y-0.284:f10.54:tf12.67:p0.0211:tok6;60:x0.024:y-0.153:f11.30:tf12.67:p0.0243:tok3;75:x0.030:y0.004:f12.96:tf15.15:p0.0299:tok3;90:x0.032:y0.150:f15.14:tf15.15:p0.0321:tok3;95:x0.032:y0.188:f14.43:tf15.15:p0.0320:tok3
ablate_no_discrete_tokens,stick_slip_cycle,3,1000,,1,0.91667,1.65109,0.73791,0.10896,1.30719,0.03369,0.00000,0.55682,0.02273,2,5,0.86359,-0.12359,0.84123,449.19029,0.41602,0,0:x-0.117:y-0.411:f0.46:tf12.67:p0.0000:tok1;15:x0.030:y-0.403:f14.95:tf12.67:p0.0299:tok1;30:x0.025:y-0.331:f13.42:tf12.67:p0.0249:tok1;45:x0.025:y-0.202:f11.93:tf12.67:p0.0251:tok1;60:x0.026:y-0.044:f11.85:tf12.67:p0.0260:tok1;75:x0.033:y0.113:f15.31:tf15.15:p0.0329:tok1;90:x0.033:y0.253:f14.98:tf15.15:p0.0335:tok1;95:x0.034:y0.287:f14.86:tf15.15:p0.0337:tok1
ablate_no_force_update,stick_slip_cycle,3,1000,,0,0.90625,2.65763,2.68535,0.17538,1.09016,0.02932,0.00000,0.24138,0.00000,0,5,0.77163,-0.12120,0.65085,420.00000,0.20000,28,0:x-0.124:y-0.413:f0.00:tf12.67:p0.0000:tok1;15:x0.025:y-0.408:f12.83:tf12.67:p0.0245:tok7;30:x0.023:y-0.359:f11.61:tf12.67:p0.0234:tok6;45:x0.023:y-0.281:f11.37:tf12.67:p0.0225:tok6;60:x0.024:y-0.173:f11.13:tf12.67:p0.0238:tok4;75:x0.027:y-0.042:f11.60:tf15.15:p0.0268:tok6;90:x0.029:y0.084:f13.72:tf15.15:p0.0291:tok4;95:x0.029:y0.122:f13.17:tf15.15:p0.0293:tok4
ablate_no_transition_planner,stick_slip_cycle,3,1000,,0,0.90625,3.34825,3.03916,0.22096,0.92892,0.02860,0.00000,0.14943,0.00000,0,7,0.79356,-0.12597,0.65228,449.77781,0.41609,45,0:x-0.117:y-0.432:f0.00:tf12.67:p0.0000:tok1;15:x0.022:y-0.424:f10.80:tf12.67:p0.0218:tok7;30:x0.021:y-0.369:f10.94:tf12.67:p0.0214:tok6;45:x0.021:y-0.274:f10.95:tf12.67:p0.0213:tok6;60:x0.021:y-0.158:f9.78:tf12.67:p0.0213:tok6;75:x0.027:y-0.029:f12.76:tf15.15:p0.0265:tok4;90:x0.029:y0.088:f13.17:tf15.15:p0.0286:tok4;95:x0.028:y0.124:f12.29:tf15.15:p0.0283:tok5
ablate_no_safety_penalty,stick_slip_cycle,3,1000,,0,0.90625,3.29721,3.09293,0.21759,0.95723,0.02982,0.00000,0.13793,0.00000,0,5,0.80531,-0.12219,0.65624,443.74870,0.41609,48,0:x-0.118:y-0.433:f0.40:tf12.67:p0.0000:tok1;15:x0.022:y-0.426:f10.86:tf12.67:p0.0218:tok7;30:x0.021:y-0.369:f10.33:tf12.67:p0.0209:tok6;45:x0.022:y-0.276:f10.16:tf12.67:p0.0219:tok6;60:x0.022:y-0.151:f9.02:tf12.67:p0.0216:tok6;75:x0.027:y-0.025:f10.62:tf15.15:p0.0267:tok6;90:x0.028:y0.092:f13.06:tf15.15:p0.0284:tok4;95:x0.030:y0.127:f12.20:tf15.15:p0.0297:tok2
ablate_no_slip_context,stick_slip_cycle,3,1000,,0,0.90625,2.87225,2.02418,0.18954,0.97803,0.03048,0.00000,0.31034,0.00000,0,5,0.89257,-0.13685,0.68318,448.89440,0.41610,46,0:x-0.111:y-0.433:f0.00:tf12.67:p0.0000:tok1;15:x0.022:y-0.426:f10.87:tf12.67:p0.0221:tok2;30:x0.021:y-0.371:f10.25:tf12.67:p0.0208:tok6;45:x0.021:y-0.278:f9.42:tf12.67:p0.0211:tok2;60:x0.024:y-0.157:f10.94:tf12.67:p0.0237:tok6;75:x0.028:y-0.015:f12.64:tf15.15:p0.0285:tok5;90:x0.030:y0.115:f12.51:tf15.15:p0.0298:tok2;95:x0.030:y0.151:f13.22:tf15.15:p0.0295:tok6
ablate_no_tail_risk_objective,stick_slip_cycle,3,1000,,1,0.90625,2.19055,1.51571,0.14456,1.07194,0.03261,0.00000,0.43678,0.00000,0,5,0.83388,-0.12991,0.74800,447.25728,0.41604,21,0:x-0.128:y-0.439:f0.00:tf12.67:p0.0000:tok1;15:x0.024:y-0.432:f13.58:tf12.67:p0.0240:tok0;30:x0.025:y-0.350:f12.01:tf12.67:p0.0245:tok3;45:x0.024:y-0.234:f11.49:tf12.67:p0.0236:tok3;60:x0.024:y-0.099:f11.42:tf12.67:p0.0243:tok3;75:x0.030:y0.040:f13.15:tf15.15:p0.0297:tok3;90:x0.032:y0.171:f14.31:tf15.15:p0.0320:tok3;95:x0.033:y0.206:f15.03:tf15.15:p0.0326:tok2
ablate_no_calibration_guard,stick_slip_cycle,3,1000,,0,0.90625,2.80088,2.07061,0.18483,1.30418,0.03138,0.00000,0.26437,0.00000,0,5,1.01138,-0.14397,0.68516,457.49265,0.41609,31,0:x-0.113:y-0.426:f0.35:tf12.67:p0.0000:tok1;15:x0.031:y-0.417:f15.99:tf12.67:p0.0310:tok7;30:x0.023:y-0.355:f12.47:tf12.67:p0.0227:tok6;45:x0.022:y-0.272:f10.95:tf12.67:p0.0216:tok6;60:x0.024:y-0.152:f11.08:tf12.67:p0.0239:tok6;75:x0.029:y-0.015:f12.35:tf15.15:p0.0286:tok7;90:x0.030:y0.117:f12.68:tf15.15:p0.0297:tok6;95:x0.030:y0.152:f14.36:tf15.15:p0.0298:tok7
ablate_no_phase_memory,stick_slip_cycle,3,1000,,1,0.90625,2.29511,1.45509,0.15146,1.02467,0.03229,0.00000,0.47126,0.01149,1,5,0.76758,-0.11386,0.74581,451.61764,0.41607,32,0:x-0.117:y-0.443:f0.31:tf12.67:p0.0000:tok1;15:x0.022:y-0.435:f11.11:tf12.67:p0.0219:tok7;30:x0.023:y-0.363:f11.83:tf12.67:p0.0231:tok2;45:x0.024:y-0.246:f12.01:tf12.67:p0.0240:tok3;60:x0.025:y-0.107:f10.64:tf12.67:p0.0247:tok3;75:x0.030:y0.036:f13.59:tf15.15:p0.0297:tok3;90:x0.031:y0.169:f14.77:tf15.15:p0.0313:tok3;95:x0.032:y0.205:f14.62:tf15.15:p0.0323:tok3
impedance_token_policy_v4,stick_slip_cycle,3,1000,,0,0.90625,2.57135,1.97891,0.16969,1.08328,0.03494,0.00000,0.44828,0.03448,3,5,0.80951,-0.10157,0.72191,458.56136,0.41610,65,0:x-0.115:y-0.433:f0.06:tf12.67:p0.0000:tok1;15:x0.024:y-0.426:f12.10:tf12.67:p0.0236:tok4;30:x0.023:y-0.361:f11.77:tf12.67:p0.0229:tok4;45:x0.023:y-0.244:f12.09:tf12.67:p0.0232:tok4;60:x0.022:y-0.115:f9.51:tf12.67:p0.0220:tok3;75:x0.028:y0.014:f13.13:tf15.15:p0.0283:tok4;90:x0.030:y0.141:f13.81:tf15.15:p0.0302:tok2;95:x0.035:y0.183:f15.62:tf15.15:p0.0349:tok4
learned_only_token_replacement,stick_slip_cycle,3,1000,,1,0.90625,2.10049,0.87410,0.13861,1.09977,0.03536,0.00000,0.54023,0.06897,6,5,0.64227,-0.17585,0.79499,445.43845,0.41595,0,0:x-0.116:y-0.420:f0.00:tf12.67:p0.0000:tok-1;15:x0.020:y-0.414:f10.82:tf12.67:p0.0202:tok-1;30:x0.024:y-0.345:f12.61:tf12.67:p0.0240:tok-1;45:x0.025:y-0.221:f12.01:tf12.67:p0.0251:tok-1;60:x0.026:y-0.071:f11.69:tf12.67:p0.0258:tok-1;75:x0.032:y0.079:f15.48:tf15.15:p0.0324:tok-1;90:x0.035:y0.214:f14.34:tf15.15:p0.0351:tok-1;95:x0.035:y0.247:f15.40:tf15.15:p0.0353:tok-1
token_full_v5,stick_slip_cycle,3,1001,,0,0.90625,2.81008,1.96053,0.22198,1.12728,0.02512,0.00000,0.34483,0.02299,2,5,0.67153,-0.09587,0.68759,516.84229,0.33254,33,0:x-0.112:y-0.423:f0.04:tf11.51:p0.0000:tok1;15:x0.022:y-0.417:f8.34:tf11.51:p0.0217:tok2;30:x0.025:y-0.359:f9.92:tf11.51:p0.0246:tok6;45:x0.024:y-0.271:f9.38:tf11.51:p0.0243:tok6;60:x0.024:y-0.147:f12.98:tf11.51:p0.0244:tok4;75:x0.020:y-0.013:f10.12:tf12.66:p0.0200:tok6;90:x0.021:y0.117:f11.06:tf12.66:p0.0208:tok4;95:x0.021:y0.154:f10.48:tf12.66:p0.0207:tok4
ablate_no_memory,stick_slip_cycle,3,1001,,1,0.88542,2.54303,0.84353,0.20089,1.26802,0.02756,0.00000,0.50588,0.02353,2,5,0.53098,-0.08355,0.75339,507.11639,0.33258,9,0:x-0.114:y-0.421:f0.00:tf11.51:p0.0000:tok3;15:x0.020:y-0.417:f9.64:tf11.51:p0.0204:tok0;30:x0.024:y-0.360:f9.68:tf11.51:p0.0240:tok6;45:x0.026:y-0.268:f10.35:tf11.51:p0.0262:tok3;60:x0.027:y-0.126:f14.60:tf11.51:p0.0273:tok3;75:x0.022:y0.027:f11.86:tf12.66:p0.0221:tok3;90:x0.023:y0.172:f11.54:tf12.66:p0.0234:tok3;95:x0.023:y0.211:f11.45:tf12.66:p0.0235:tok3
ablate_no_discrete_tokens,stick_slip_cycle,3,1001,,0,0.91667,1.61090,0.38392,0.12725,1.33627,0.03082,0.00000,0.61364,0.02273,2,5,0.84131,-0.10734,0.85478,516.77848,0.33244,0,0:x-0.118:y-0.434:f0.00:tf11.51:p0.0000:tok1;15:x0.030:y-0.423:f11.91:tf11.51:p0.0302:tok1;30:x0.028:y-0.342:f11.47:tf11.51:p0.0278:tok1;45:x0.029:y-0.207:f11.37:tf11.51:p0.0292:tok1;60:x0.029:y-0.046:f14.44:tf11.51:p0.0294:tok1;75:x0.023:y0.116:f12.37:tf12.66:p0.0235:tok1;90:x0.025:y0.263:f12.56:tf12.66:p0.0246:tok1;95:x0.025:y0.299:f13.26:tf12.66:p0.0245:tok1
ablate_no_force_update,stick_slip_cycle,3,1001,,0,0.89583,2.33659,0.67386,0.18458,1.03075,0.02605,0.00000,0.31395,0.00000,0,5,0.72639,-0.10278,0.69340,420.00000,0.20000,36,0:x-0.119:y-0.413:f0.62:tf11.51:p0.0000:tok1;15:x0.023:y-0.408:f9.13:tf11.51:p0.0227:tok7;30:x0.024:y-0.358:f8.40:tf11.51:p0.0240:tok2;45:x0.024:y-0.270:f9.51:tf11.51:p0.0243:tok4;60:x0.023:y-0.151:f11.87:tf11.51:p0.0230:tok4;75:x0.022:y-0.017:f10.70:tf12.66:p0.0218:tok4;90:x0.024:y0.120:f12.70:tf12.66:p0.0237:tok4;95:x0.024:y0.159:f10.87:tf12.66:p0.0235:tok4
ablate_no_transition_planner,stick_slip_cycle,3,1001,,0,0.90625,2.79685,2.03827,0.22094,1.07589,0.02480,0.00000,0.29885,0.01149,1,5,0.66831,-0.09869,0.68539,509.82549,0.33253,40,0:x-0.112:y-0.430:f0.00:tf11.51:p0.0000:tok1;15:x0.022:y-0.424:f8.11:tf11.51:p0.0215:tok2;30:x0.025:y-0.364:f9.46:tf11.51:p0.0245:tok6;45:x0.024:y-0.266:f9.23:tf11.51:p0.0244:tok4;60:x0.024:y-0.144:f12.32:tf11.51:p0.0240:tok4;75:x0.020:y-0.011:f10.11:tf12.66:p0.0200:tok6;90:x0.021:y0.116:f10.74:tf12.66:p0.0209:tok4;95:x0.021:y0.153:f10.46:tf12.66:p0.0209:tok6
ablate_no_safety_penalty,stick_slip_cycle,3,1001,,0,0.89583,2.73901,2.00073,0.21637,1.09368,0.02513,0.00000,0.31395,0.02326,2,5,0.70888,-0.10965,0.69279,507.31662,0.33255,38,0:x-0.118:y-0.415:f0.00:tf11.51:p0.0000:tok1;15:x0.022:y-0.410:f9.31:tf11.51:p0.0217:tok6;30:x0.024:y-0.353:f8.98:tf11.51:p0.0243:tok2;45:x0.025:y-0.260:f9.21:tf11.51:p0.0251:tok4;60:x0.024:y-0.139:f12.39:tf11.51:p0.0240:tok4;75:x0.020:y-0.008:f10.31:tf12.66:p0.0201:tok4;90:x0.021:y0.122:f10.40:tf12.66:p0.0210:tok4;95:x0.021:y0.159:f11.05:tf12.66:p0.0211:tok6
ablate_no_slip_context,stick_slip_cycle,3,1001,,0,0.90625,2.64478,1.81403,0.20893,1.12794,0.02489,0.00000,0.13793,0.02299,2,5,0.62716,-0.08250,0.66127,508.61423,0.33243,36,0:x-0.099:y-0.433:f0.13:tf11.51:p0.0000:tok1;15:x0.023:y-0.425:f9.25:tf11.51:p0.0226:tok7;30:x0.024:y-0.366:f9.80:tf11.51:p0.0244:tok6;45:x0.024:y-0.273:f9.68:tf11.51:p0.0242:tok6;60:x0.025:y-0.153:f12.64:tf11.51:p0.0247:tok6;75:x0.020:y-0.031:f10.56:tf12.66:p0.0201:tok6;90:x0.021:y0.096:f10.41:tf12.66:p0.0211:tok6;95:x0.022:y0.132:f11.71:tf12.66:p0.0218:tok6
ablate_no_tail_risk_objective,stick_slip_cycle,3,1001,,1,0.90625,2.04280,0.83445,0.16137,1.28337,0.02808,0.00000,0.44828,0.06897,6,5,0.70872,-0.09235,0.76171,503.90089,0.33243,18,0:x-0.115:y-0.432:f0.65:tf11.51:p0.0000:tok1;15:x0.023:y-0.425:f10.26:tf11.51:p0.0231:tok7;30:x0.028:y-0.345:f11.69:tf11.51:p0.0278:tok3;45:x0.027:y-0.230:f10.23:tf11.51:p0.0273:tok3;60:x0.027:y-0.097:f14.78:tf11.51:p0.0272:tok3;75:x0.022:y0.044:f11.66:tf12.66:p0.0224:tok3;90:x0.024:y0.181:f11.67:tf12.66:p0.0236:tok3;95:x0.024:y0.218:f12.04:tf12.66:p0.0238:tok3
ablate_no_calibration_guard,stick_slip_cycle,3,1001,,0,0.90625,2.21186,1.47096,0.17473,1.30230,0.03107,0.00000,0.25287,0.02299,2,5,1.03441,-0.11226,0.73063,527.70586,0.33231,21,0:x-0.111:y-0.431:f0.00:tf11.51:p0.0000:tok1;15:x0.031:y-0.422:f13.13:tf11.51:p0.0311:tok7;30:x0.025:y-0.356:f10.03:tf11.51:p0.0251:tok7;45:x0.026:y-0.251:f10.35:tf11.51:p0.0264:tok6;60:x0.027:y-0.134:f14.99:tf11.51:p0.0270:tok7;75:x0.022:y0.041:f11.94:tf12.66:p0.0224:tok6;90:x0.021:y0.159:f10.44:tf12.66:p0.0205:tok6;95:x0.024:y0.191:f13.65:tf12.66:p0.0238:tok7
ablate_no_phase_memory,stick_slip_cycle,3,1001,,1,0.89583,2.29187,0.68977,0.18105,1.27046,0.02831,0.00000,0.47674,0.05814,5,5,0.77629,-0.11368,0.75924,507.27428,0.33246,35,0:x-0.123:y-0.421:f0.00:tf11.51:p0.0000:tok1;15:x0.021:y-0.416:f7.74:tf11.51:p0.0206:tok5;30:x0.025:y-0.355:f9.73:tf11.51:p0.0254:tok2;45:x0.027:y-0.243:f10.67:tf11.51:p0.0271:tok3;60:x0.028:y-0.105:f14.63:tf11.51:p0.0280:tok3;75:x0.023:y0.039:f11.99:tf12.66:p0.0228:tok3;90:x0.024:y0.179:f12.73:tf12.66:p0.0236:tok3;95:x0.024:y0.216:f11.45:tf12.66:p0.0235:tok3
impedance_token_policy_v4,stick_slip_cycle,3,1001,,0,0.90625,2.07050,1.22132,0.16356,1.09489,0.02855,0.00000,0.37931,0.01149,1,5,0.73360,-0.08112,0.73224,514.67746,0.33240,62,0:x-0.107:y-0.418:f0.00:tf11.51:p0.0000:tok1;15:x0.024:y-0.411:f8.80:tf11.51:p0.0236:tok7;30:x0.028:y-0.350:f11.83:tf11.51:p0.0275:tok0;45:x0.027:y-0.231:f10.69:tf11.51:p0.0272:tok4;60:x0.025:y-0.100:f12.61:tf11.51:p0.0249:tok4;75:x0.021:y0.028:f9.86:tf12.66:p0.0207:tok4;90:x0.024:y0.154:f12.65:tf12.66:p0.0240:tok6;95:x0.023:y0.192:f12.12:tf12.66:p0.0234:tok2
learned_only_token_replacement,stick_slip_cycle,3,1001,,1,0.89583,2.37153,0.54336,0.18734,1.33447,0.02987,0.00000,0.58140,0.03488,3,5,0.60896,-0.15176,0.80897,514.62340,0.33232,0,0:x-0.114:y-0.423:f0.59:tf11.51:p0.0000:tok-1;15:x0.018:y-0.417:f8.80:tf11.51:p0.0180:tok-1;30:x0.026:y-0.347:f9.88:tf11.51:p0.0263:tok-1;45:x0.029:y-0.220:f11.34:tf11.51:p0.0288:tok-1;60:x0.030:y-0.068:f14.49:tf11.51:p0.0296:tok-1;75:x0.025:y0.084:f12.41:tf12.66:p0.0248:tok-1;90:x0.025:y0.223:f13.19:tf12.66:p0.0254:tok-1;95:x0.025:y0.259:f13.40:tf12.66:p0.0253:tok-1
token_full_v5,stick_slip_cycle,3,1002,,0,0.90625,2.80146,2.40798,0.20911,1.11734,0.02431,0.00000,0.16092,0.01149,1,5,0.57636,-0.06680,0.65370,521.77347,0.36023,35,0:x-0.100:y-0.430:f0.00:tf11.18:p0.0000:tok1;15:x0.022:y-0.423:f8.44:tf11.18:p0.0220:tok2;30:x0.023:y-0.362:f8.44:tf11.18:p0.0228:tok2;45:x0.023:y-0.270:f12.50:tf11.18:p0.0229:tok6;60:x0.019:y-0.169:f9.79:tf11.18:p0.0189:tok4;75:x0.021:y-0.048:f11.37:tf13.40:p0.0211:tok4;90:x0.022:y0.086:f10.78:tf13.40:p0.0215:tok6;95:x0.021:y0.125:f10.34:tf13.40:p0.0215:tok6
ablate_no_memory,stick_slip_cycle,3,1002,,0,0.88542,2.45917,0.93569,0.18356,1.12333,0.02432,0.00000,0.40000,0.02353,2,5,0.56321,-0.07849,0.71751,530.59167,0.36034,10,0:x-0.119:y-0.436:f0.19:tf11.18:p0.0000:tok3;15:x0.019:y-0.431:f9.19:tf11.18:p0.0186:tok0;30:x0.023:y-0.371:f9.75:tf11.18:p0.0230:tok6;45:x0.023:y-0.279:f12.56:tf11.18:p0.0227:tok6;60:x0.020:y-0.172:f11.02:tf11.18:p0.0202:tok3;75:x0.024:y-0.021:f12.73:tf13.40:p0.0240:tok3;90:x0.024:y0.136:f13.15:tf13.40:p0.0242:tok3;95:x0.024:y0.179:f12.52:tf13.40:p0.0239:tok3
ablate_no_discrete_tokens,stick_slip_cycle,3,1002,,0,0.91667,1.60064,0.49312,0.11948,1.35516,0.02995,0.00000,0.60227,0.04545,4,5,0.82659,-0.10529,0.84551,523.00001,0.36012,0,0:x-0.119:y-0.423:f0.00:tf11.18:p0.0000:tok1;15:x0.029:y-0.414:f12.28:tf11.18:p0.0294:tok1;30:x0.027:y-0.337:f10.99:tf11.18:p0.0268:tok1;45:x0.028:y-0.205:f15.16:tf11.18:p0.0279:tok1;60:x0.022:y-0.052:f11.78:tf11.18:p0.0219:tok1;75:x0.026:y0.106:f13.52:tf13.40:p0.0257:tok1;90:x0.026:y0.254:f14.02:tf13.40:p0.0255:tok1;95:x0.025:y0.291:f13.19:tf13.40:p0.0254:tok1
ablate_no_force_update,stick_slip_cycle,3,1002,,0,0.90625,2.17838,0.67926,0.16260,1.12959,0.02513,0.00000,0.34483,0.04598,4,5,0.67900,-0.08851,0.68652,420.00000,0.20000,26,0:x-0.114:y-0.431:f0.52:tf11.18:p0.0000:tok1;15:x0.022:y-0.425:f8.74:tf11.18:p0.0221:tok7;30:x0.023:y-0.371:f8.74:tf11.18:p0.0234:tok6;45:x0.023:y-0.279:f12.04:tf11.18:p0.0234:tok4;60:x0.021:y-0.160:f10.12:tf11.18:p0.0207:tok4;75:x0.025:y-0.024:f12.49:tf13.40:p0.0248:tok4;90:x0.025:y0.114:f13.27:tf13.40:p0.0250:tok4;95:x0.025:y0.153:f12.65:tf13.40:p0.0249:tok4
ablate_no_transition_planner,stick_slip_cycle,3,1002,,0,0.89583,2.84520,2.42874,0.21238,1.07632,0.02393,0.00000,0.02326,0.02326,2,8,0.72497,-0.11051,0.66115,524.35446,0.36016,40,0:x-0.123:y-0.420:f0.35:tf11.18:p0.0000:tok1;15:x0.023:y-0.414:f9.46:tf11.18:p0.0227:tok4;30:x0.023:y-0.360:f8.92:tf11.18:p0.0232:tok6;45:x0.024:y-0.269:f11.44:tf11.18:p0.0238:tok4;60:x0.019:y-0.152:f10.07:tf11.18:p0.0191:tok4;75:x0.021:y-0.029:f11.32:tf13.40:p0.0209:tok4;90:x0.022:y0.095:f11.91:tf13.40:p0.0216:tok4;95:x0.022:y0.131:f11.84:tf13.40:p0.0216:tok4
ablate_no_safety_penalty,stick_slip_cycle,3,1002,,0,0.89583,2.79324,2.26804,0.20850,1.13882,0.02378,0.00000,0.19767,0.01163,1,5,0.66565,-0.08510,0.65501,528.90475,0.36026,36,0:x-0.113:y-0.439:f0.00:tf11.18:p0.0000:tok1;15:x0.022:y-0.432:f9.71:tf11.18:p0.0225:tok6;30:x0.023:y-0.371:f9.22:tf11.18:p0.0234:tok6;45:x0.023:y-0.278:f11.32:tf11.18:p0.0230:tok6;60:x0.019:y-0.174:f9.24:tf11.18:p0.0192:tok4;75:x0.021:y-0.048:f11.20:tf13.40:p0.0211:tok4;90:x0.022:y0.086:f12.35:tf13.40:p0.0215:tok4;95:x0.021:y0.126:f10.95:tf13.40:p0.0213:tok4
ablate_no_slip_context,stick_slip_cycle,3,1002,,0,0.89583,2.71808,2.13219,0.20289,1.12312,0.02397,0.00000,0.16279,0.02326,2,5,0.76102,-0.10975,0.64607,524.69515,0.36014,32,0:x-0.119:y-0.436:f0.00:tf11.18:p0.0000:tok1;15:x0.021:y-0.430:f8.98:tf11.18:p0.0213:tok6;30:x0.023:y-0.369:f9.09:tf11.18:p0.0227:tok6;45:x0.023:y-0.277:f12.56:tf11.18:p0.0232:tok6;60:x0.019:y-0.171:f10.42:tf11.18:p0.0192:tok6;75:x0.021:y-0.045:f11.93:tf13.40:p0.0213:tok6;90:x0.021:y0.081:f11.51:tf13.40:p0.0211:tok6;95:x0.023:y0.118:f12.20:tf13.40:p0.0226:tok6
ablate_no_tail_risk_objective,stick_slip_cycle,3,1002,,1,0.90625,1.97600,0.93102,0.14750,1.28922,0.02741,0.00000,0.34483,0.01149,1,5,0.62380,-0.07120,0.74968,513.01493,0.36007,19,0:x-0.105:y-0.421:f0.53:tf11.18:p0.0000:tok1;15:x0.023:y-0.414:f9.84:tf11.18:p0.0229:tok7;30:x0.027:y-0.337:f11.15:tf11.18:p0.0273:tok3;45:x0.027:y-0.225:f14.42:tf11.18:p0.0266:tok3;60:x0.022:y-0.101:f10.90:tf11.18:p0.0215:tok3;75:x0.024:y0.035:f12.61:tf13.40:p0.0241:tok3;90:x0.025:y0.171:f11.96:tf13.40:p0.0246:tok3;95:x0.025:y0.208:f12.32:tf13.40:p0.0247:tok3
ablate_no_calibration_guard,stick_slip_cycle,3,1002,,0,0.90625,2.24034,1.81807,0.16723,1.22173,0.03021,0.00000,0.12644,0.03448,3,5,0.89312,-0.12275,0.66680,522.26692,0.36007,25,0:x-0.115:y-0.429:f0.00:tf11.18:p0.0000:tok1;15:x0.030:y-0.420:f12.30:tf11.18:p0.0302:tok7;30:x0.024:y-0.355:f9.42:tf11.18:p0.0244:tok6;45:x0.025:y-0.258:f12.96:tf11.18:p0.0255:tok6;60:x0.020:y-0.149:f10.02:tf11.18:p0.0196:tok6;75:x0.023:y-0.026:f12.03:tf13.40:p0.0227:tok6;90:x0.022:y0.099:f10.86:tf13.40:p0.0221:tok7;95:x0.022:y0.136:f11.58:tf13.40:p0.0224:tok7
ablate_no_phase_memory,stick_slip_cycle,3,1002,,1,0.89583,2.23173,0.91462,0.16658,1.25128,0.02611,0.00000,0.52326,0.02326,2,5,0.76209,-0.10637,0.74622,524.12398,0.36014,33,0:x-0.123:y-0.437:f0.08:tf11.18:p0.0000:tok1;15:x0.022:y-0.431:f10.23:tf11.18:p0.0219:tok6;30:x0.025:y-0.364:f9.55:tf11.18:p0.0247:tok0;45:x0.026:y-0.248:f13.54:tf11.18:p0.0260:tok3;60:x0.021:y-0.115:f10.87:tf11.18:p0.0214:tok3;75:x0.024:y0.027:f13.28:tf13.40:p0.0240:tok3;90:x0.024:y0.167:f12.67:tf13.40:p0.0242:tok3;95:x0.024:y0.205:f12.54:tf13.40:p0.0242:tok3
impedance_token_policy_v4,stick_slip_cycle,3,1002,,0,0.89583,2.25217,1.58025,0.16811,1.20874,0.02732,0.00000,0.44186,0.03488,3,6,0.86348,-0.10429,0.72494,528.28098,0.36012,66,0:x-0.122:y-0.438:f0.00:tf11.18:p0.0000:tok1;15:x0.023:y-0.432:f9.96:tf11.18:p0.0231:tok7;30:x0.026:y-0.365:f10.12:tf11.18:p0.0258:tok0;45:x0.025:y-0.242:f13.52:tf11.18:p0.0251:tok4;60:x0.019:y-0.114:f10.66:tf11.18:p0.0193:tok2;75:x0.022:y0.018:f12.41:tf13.40:p0.0224:tok4;90:x0.025:y0.144:f14.62:tf13.40:p0.0252:tok4;95:x0.025:y0.186:f12.65:tf13.40:p0.0245:tok2
learned_only_token_replacement,stick_slip_cycle,3,1002,,1,0.89583,2.31440,0.62886,0.17276,1.29433,0.02776,0.00000,0.58140,0.02326,2,5,0.60110,-0.14960,0.79546,537.39183,0.35999,0,0:x-0.115:y-0.428:f0.00:tf11.18:p0.0000:tok-1;15:x0.018:y-0.422:f8.07:tf11.18:p0.0182:tok-1;30:x0.025:y-0.349:f11.09:tf11.18:p0.0254:tok-1;45:x0.028:y-0.222:f13.95:tf11.18:p0.0278:tok-1;60:x0.023:y-0.077:f11.37:tf11.18:p0.0229:tok-1;75:x0.026:y0.071:f13.40:tf13.40:p0.0260:tok-1;90:x0.026:y0.211:f14.26:tf13.40:p0.0258:tok-1;95:x0.026:y0.247:f13.63:tf13.40:p0.0257:tok-1
token_full_v5,stick_slip_cycle,3,1003,,0,0.90625,2.96738,2.88236,0.21042,1.02903,0.02717,0.00000,0.21839,0.00000,0,6,0.61123,-0.08385,0.67591,445.37276,0.35432,35,0:x-0.101:y-0.415:f0.21:tf11.85:p0.0000:tok1;15:x0.023:y-0.409:f10.18:tf11.85:p0.0232:tok7;30:x0.025:y-0.351:f10.12:tf11.85:p0.0254:tok6;45:x0.026:y-0.262:f10.64:tf11.85:p0.0262:tok4;60:x0.024:y-0.140:f10.86:tf11.85:p0.0242:tok4;75:x0.023:y-0.009:f11.02:tf14.10:p0.0232:tok6;90:x0.027:y0.109:f12.22:tf14.10:p0.0267:tok4;95:x0.027:y0.145:f11.62:tf14.10:p0.0268:tok6
ablate_no_memory,stick_slip_cycle,3,1003,,1,0.89583,2.53897,1.16929,0.18004,1.10596,0.03007,0.00000,0.50000,0.00000,0,5,0.53743,-0.09196,0.74905,443.26145,0.35438,12,0:x-0.115:y-0.426:f0.08:tf11.85:p0.0000:tok3;15:x0.021:y-0.422:f9.08:tf11.85:p0.0206:tok5;30:x0.025:y-0.363:f9.64:tf11.85:p0.0249:tok6;45:x0.028:y-0.262:f10.39:tf11.85:p0.0277:tok3;60:x0.027:y-0.121:f12.34:tf11.85:p0.0274:tok3;75:x0.026:y0.027:f11.85:tf14.10:p0.0263:tok3;90:x0.030:y0.169:f13.10:tf14.10:p0.0299:tok3;95:x0.030:y0.207:f13.79:tf14.10:p0.0301:tok3
ablate_no_discrete_tokens,stick_slip_cycle,3,1003,,0,0.91667,1.57615,0.64265,0.11177,1.19837,0.03194,0.00000,0.60227,0.07955,7,5,0.82295,-0.10652,0.85004,442.57544,0.35429,0,0:x-0.115:y-0.430:f0.51:tf11.85:p0.0000:tok1;15:x0.031:y-0.419:f12.38:tf11.85:p0.0312:tok1;30:x0.029:y-0.340:f11.00:tf11.85:p0.0293:tok1;45:x0.030:y-0.205:f11.76:tf11.85:p0.0303:tok1;60:x0.029:y-0.046:f11.97:tf11.85:p0.0286:tok1;75:x0.027:y0.114:f13.02:tf14.10:p0.0275:tok1;90:x0.032:y0.259:f14.58:tf14.10:p0.0318:tok1;95:x0.032:y0.295:f13.20:tf14.10:p0.0315:tok1
ablate_no_force_update,stick_slip_cycle,3,1003,,0,0.90625,2.89573,2.06764,0.20534,0.94556,0.02755,0.00000,0.35632,0.00000,0,5,0.74608,-0.10456,0.69514,420.00000,0.20000,40,0:x-0.115:y-0.437:f0.09:tf11.85:p0.0000:tok1;15:x0.024:y-0.431:f8.71:tf11.85:p0.0239:tok2;30:x0.025:y-0.373:f10.36:tf11.85:p0.0253:tok6;45:x0.025:y-0.275:f10.45:tf11.85:p0.0254:tok4;60:x0.024:y-0.155:f10.08:tf11.85:p0.0235:tok4;75:x0.023:y-0.020:f10.25:tf14.10:p0.0233:tok6;90:x0.027:y0.122:f12.93:tf14.10:p0.0275:tok4;95:x0.027:y0.161:f11.81:tf14.10:p0.0274:tok4
ablate_no_transition_planner,stick_slip_cycle,3,1003,,0,0.90625,3.05813,2.62019,0.21686,0.97011,0.02745,0.00000,0.37931,0.00000,0,6,0.74521,-0.11109,0.68265,438.82426,0.35440,40,0:x-0.115:y-0.440:f0.00:tf11.85:p0.0000:tok1;15:x0.023:y-0.433:f8.49:tf11.85:p0.0226:tok2;30:x0.025:y-0.371:f9.87:tf11.85:p0.0255:tok6;45:x0.025:y-0.277:f10.17:tf11.85:p0.0254:tok4;60:x0.024:y-0.149:f10.41:tf11.85:p0.0242:tok4;75:x0.023:y-0.015:f10.69:tf14.10:p0.0231:tok7;90:x0.026:y0.115:f11.00:tf14.10:p0.0264:tok6;95:x0.027:y0.150:f11.65:tf14.10:p0.0275:tok4
ablate_no_safety_penalty,stick_slip_cycle,3,1003,,0,0.89583,3.04542,2.61823,0.21596,0.97853,0.02651,0.00000,0.31395,0.00000,0,5,0.81635,-0.13887,0.67766,441.11566,0.35440,43,0:x-0.126:y-0.442:f0.00:tf11.85:p0.0000:tok1;15:x0.023:y-0.436:f9.34:tf11.85:p0.0226:tok2;30:x0.026:y-0.370:f9.59:tf11.85:p0.0255:tok6;45:x0.026:y-0.272:f9.59:tf11.85:p0.0257:tok4;60:x0.024:y-0.149:f10.42:tf11.85:p0.0244:tok4;75:x0.023:y-0.017:f11.14:tf14.10:p0.0234:tok6;90:x0.026:y0.112:f11.42:tf14.10:p0.0264:tok6;95:x0.026:y0.147:f11.62:tf14.10:p0.0264:tok6
ablate_no_slip_context,stick_slip_cycle,3,1003,,0,0.90625,2.84210,1.99331,0.20154,1.07266,0.02850,0.00000,0.22989,0.01149,1,5,0.87387,-0.12560,0.69113,445.07102,0.35442,44,0:x-0.116:y-0.430:f0.57:tf11.85:p0.0000:tok1;15:x0.023:y-0.423:f9.33:tf11.85:p0.0230:tok2;30:x0.025:y-0.364:f9.35:tf11.85:p0.0249:tok2;45:x0.026:y-0.269:f9.53:tf11.85:p0.0256:tok6;60:x0.025:y-0.146:f10.66:tf11.85:p0.0247:tok6;75:x0.024:y-0.025:f11.98:tf14.10:p0.0244:tok6;90:x0.028:y0.120:f12.43:tf14.10:p0.0281:tok6;95:x0.027:y0.158:f12.64:tf14.10:p0.0273:tok6
ablate_no_tail_risk_objective,stick_slip_cycle,3,1003,,1,0.90625,2.08916,1.17201,0.14815,1.10427,0.03017,0.00000,0.41379,0.03448,3,5,0.72213,-0.09671,0.75718,439.76543,0.35426,21,0:x-0.117:y-0.418:f0.70:tf11.85:p0.0000:tok1;15:x0.024:y-0.412:f10.11:tf11.85:p0.0243:tok0;30:x0.030:y-0.337:f11.90:tf11.85:p0.0295:tok3;45:x0.029:y-0.224:f11.29:tf11.85:p0.0286:tok3;60:x0.028:y-0.094:f13.09:tf11.85:p0.0277:tok3;75:x0.027:y0.044:f11.91:tf14.10:p0.0265:tok3;90:x0.030:y0.178:f13.30:tf14.10:p0.0298:tok3;95:x0.030:y0.214:f13.35:tf14.10:p0.0302:tok2
ablate_no_calibration_guard,stick_slip_cycle,3,1003,,0,0.90625,2.30501,2.04742,0.16345,1.10700,0.03259,0.00000,0.16092,0.00000,0,5,0.94994,-0.13805,0.67763,439.81320,0.35434,22,0:x-0.112:y-0.428:f0.00:tf11.85:p0.0000:tok1;15:x0.033:y-0.418:f12.85:tf11.85:p0.0326:tok7;30:x0.026:y-0.354:f10.13:tf11.85:p0.0263:tok6;45:x0.028:y-0.252:f11.27:tf11.85:p0.0276:tok6;60:x0.024:y-0.143:f11.37:tf11.85:p0.0242:tok6;75:x0.024:y-0.031:f11.93:tf14.10:p0.0239:tok6;90:x0.028:y0.108:f12.59:tf14.10:p0.0283:tok6;95:x0.028:y0.146:f12.38:tf14.10:p0.0275:tok6
ablate_no_phase_memory,stick_slip_cycle,3,1003,,1,0.90625,2.20646,1.13597,0.15646,1.11395,0.02994,0.00000,0.48276,0.00000,0,5,0.68070,-0.09065,0.75404,453.08489,0.35428,32,0:x-0.108:y-0.428:f0.02:tf11.85:p0.0000:tok1;15:x0.023:y-0.420:f8.73:tf11.85:p0.0232:tok2;30:x0.026:y-0.353:f9.39:tf11.85:p0.0260:tok0;45:x0.029:y-0.242:f11.14:tf11.85:p0.0286:tok3;60:x0.027:y-0.105:f11.93:tf11.85:p0.0274:tok3;75:x0.026:y0.037:f12.09:tf14.10:p0.0261:tok3;90:x0.030:y0.175:f14.04:tf14.10:p0.0299:tok3;95:x0.030:y0.212:f14.54:tf14.10:p0.0297:tok3
impedance_token_policy_v4,stick_slip_cycle,3,1003,,0,0.90625,2.47686,1.86414,0.17564,1.07906,0.03184,0.00000,0.43678,0.01149,1,5,0.70278,-0.08438,0.72193,443.92487,0.35431,63,0:x-0.104:y-0.436:f0.55:tf11.85:p0.0000:tok1;15:x0.023:y-0.428:f8.68:tf11.85:p0.0233:tok5;30:x0.026:y-0.361:f10.57:tf11.85:p0.0265:tok4;45:x0.027:y-0.244:f10.61:tf11.85:p0.0268:tok7;60:x0.024:y-0.115:f10.97:tf11.85:p0.0244:tok4;75:x0.024:y0.016:f11.67:tf14.10:p0.0239:tok4;90:x0.030:y0.144:f12.89:tf14.10:p0.0302:tok7;95:x0.031:y0.183:f14.25:tf14.10:p0.0314:tok1
learned_only_token_replacement,stick_slip_cycle,3,1003,,1,0.89583,2.35181,0.64865,0.16677,1.20236,0.03264,0.00000,0.58140,0.02326,2,5,0.64727,-0.17176,0.80295,441.88405,0.35422,0,0:x-0.119:y-0.438:f0.02:tf11.85:p0.0000:tok-1;15:x0.017:y-0.431:f7.82:tf11.85:p0.0174:tok-1;30:x0.027:y-0.355:f11.13:tf11.85:p0.0273:tok-1;45:x0.030:y-0.224:f11.88:tf11.85:p0.0301:tok-1;60:x0.030:y-0.070:f13.44:tf11.85:p0.0297:tok-1;75:x0.028:y0.081:f12.59:tf14.10:p0.0283:tok-1;90:x0.033:y0.219:f14.63:tf14.10:p0.0325:tok-1;95:x0.033:y0.254:f14.75:tf14.10:p0.0326:tok-1
token_full_v5,stick_slip_cycle,4,1000,,0,0.89583,2.78452,2.38423,0.21446,0.95053,0.02311,0.00000,0.30233,0.00000,0,7,0.69440,-0.10061,0.67615,484.91099,0.40706,29,0:x-0.118:y-0.419:f0.00:tf10.40:p0.0000:tok1;15:x0.018:y-0.413:f8.40:tf10.40:p0.0185:tok6;30:x0.019:y-0.361:f9.09:tf10.40:p0.0189:tok6;45:x0.020:y-0.271:f8.79:tf10.40:p0.0199:tok6;60:x0.019:y-0.151:f8.47:tf10.40:p0.0190:tok4;75:x0.020:y-0.019:f9.68:tf12.98:p0.0198:tok6;90:x0.023:y0.109:f10.89:tf12.98:p0.0228:tok4;95:x0.023:y0.145:f11.46:tf12.98:p0.0227:tok6
ablate_no_memory,stick_slip_cycle,4,1000,,0,0.88542,2.35477,1.13944,0.18136,1.03334,0.02558,0.00000,0.43529,0.01176,1,5,0.50708,-0.06591,0.73057,479.44170,0.40716,6,0:x-0.111:y-0.420:f0.83:tf10.40:p0.0000:tok3;15:x0.016:y-0.416:f8.56:tf10.40:p0.0164:tok0;30:x0.019:y-0.362:f8.16:tf10.40:p0.0191:tok6;45:x0.019:y-0.274:f8.91:tf10.40:p0.0192:tok6;60:x0.021:y-0.151:f9.91:tf10.40:p0.0209:tok3;75:x0.023:y0.003:f10.36:tf12.98:p0.0225:tok3;90:x0.025:y0.151:f12.11:tf12.98:p0.0255:tok3;95:x0.026:y0.191:f12.02:tf12.98:p0.0255:tok3
ablate_no_discrete_tokens,stick_slip_cycle,4,1000,,0,0.91667,1.43537,0.75075,0.11055,1.25428,0.02712,0.00000,0.60227,0.06818,6,5,0.74704,-0.08847,0.84675,484.03757,0.40692,0,0:x-0.112:y-0.430:f0.27:tf10.40:p0.0000:tok1;15:x0.026:y-0.419:f11.66:tf10.40:p0.0260:tok1;30:x0.023:y-0.339:f10.04:tf10.40:p0.0227:tok1;45:x0.023:y-0.203:f10.66:tf10.40:p0.0229:tok1;60:x0.022:y-0.043:f10.77:tf10.40:p0.0223:tok1;75:x0.024:y0.114:f12.81:tf12.98:p0.0240:tok1;90:x0.027:y0.257:f12.87:tf12.98:p0.0271:tok1;95:x0.027:y0.292:f13.40:tf12.98:p0.0269:tok1
ablate_no_force_update,stick_slip_cycle,4,1000,,0,0.89583,2.09300,1.38545,0.16120,1.02548,0.02490,0.00000,0.33721,0.00000,0,5,0.63410,-0.07080,0.67926,420.00000,0.20000,23,0:x-0.110:y-0.419:f0.00:tf10.40:p0.0000:tok1;15:x0.020:y-0.414:f8.85:tf10.40:p0.0201:tok7;30:x0.021:y-0.361:f8.78:tf10.40:p0.0206:tok6;45:x0.020:y-0.280:f9.07:tf10.40:p0.0196:tok6;60:x0.020:y-0.170:f9.38:tf10.40:p0.0199:tok4;75:x0.021:y-0.033:f11.06:tf12.98:p0.0214:tok4;90:x0.025:y0.107:f11.70:tf12.98:p0.0247:tok4;95:x0.025:y0.147:f11.96:tf12.98:p0.0249:tok4
ablate_no_transition_planner,stick_slip_cycle,4,1000,,0,0.89583,2.82489,2.60938,0.21757,0.95116,0.02286,0.00000,0.30233,0.00000,0,7,0.71826,-0.09708,0.66861,473.68635,0.40710,34,0:x-0.120:y-0.430:f0.61:tf10.40:p0.0000:tok1;15:x0.018:y-0.424:f8.25:tf10.40:p0.0184:tok6;30:x0.019:y-0.367:f8.76:tf10.40:p0.0193:tok6;45:x0.019:y-0.275:f8.73:tf10.40:p0.0193:tok6;60:x0.019:y-0.159:f9.80:tf10.40:p0.0188:tok4;75:x0.019:y-0.026:f10.25:tf12.98:p0.0195:tok6;90:x0.023:y0.103:f10.46:tf12.98:p0.0228:tok6;95:x0.023:y0.138:f10.40:tf12.98:p0.0228:tok2
ablate_no_safety_penalty,stick_slip_cycle,4,1000,,0,0.89583,2.71830,2.38668,0.20936,1.01436,0.02250,0.00000,0.34884,0.00000,0,5,0.71638,-0.10563,0.67541,485.19372,0.40708,39,0:x-0.119:y-0.423:f0.00:tf10.40:p0.0000:tok1;15:x0.019:y-0.418:f8.32:tf10.40:p0.0187:tok6;30:x0.019:y-0.364:f8.31:tf10.40:p0.0191:tok6;45:x0.019:y-0.276:f8.53:tf10.40:p0.0188:tok6;60:x0.019:y-0.155:f9.65:tf10.40:p0.0187:tok4;75:x0.021:y-0.021:f10.02:tf12.98:p0.0211:tok6;90:x0.022:y0.109:f10.58:tf12.98:p0.0223:tok4;95:x0.022:y0.144:f10.98:tf12.98:p0.0225:tok6
ablate_no_slip_context,stick_slip_cycle,4,1000,,0,0.89583,2.69539,2.00911,0.20759,0.93477,0.02373,0.00000,0.17442,0.00000,0,6,0.74790,-0.10730,0.66458,485.69434,0.40704,36,0:x-0.114:y-0.434:f0.17:tf10.40:p0.0000:tok1;15:x0.018:y-0.428:f7.70:tf10.40:p0.0180:tok5;30:x0.019:y-0.368:f9.09:tf10.40:p0.0194:tok6;45:x0.019:y-0.276:f8.81:tf10.40:p0.0193:tok6;60:x0.019:y-0.158:f8.89:tf10.40:p0.0189:tok6;75:x0.021:y-0.039:f11.15:tf12.98:p0.0212:tok6;90:x0.023:y0.100:f11.06:tf12.98:p0.0234:tok6;95:x0.023:y0.135:f10.91:tf12.98:p0.0227:tok6
ablate_no_tail_risk_objective,stick_slip_cycle,4,1000,,1,0.89583,1.81475,1.24428,0.13977,1.07322,0.02591,0.00000,0.44186,0.02326,2,5,0.68233,-0.08779,0.75332,480.31645,0.40693,21,0:x-0.119:y-0.430:f0.17:tf10.40:p0.0000:tok1;15:x0.020:y-0.423:f10.24:tf10.40:p0.0198:tok7;30:x0.023:y-0.344:f10.49:tf10.40:p0.0227:tok3;45:x0.022:y-0.228:f9.41:tf10.40:p0.0216:tok3;60:x0.021:y-0.095:f9.91:tf10.40:p0.0211:tok3;75:x0.022:y0.043:f10.49:tf12.98:p0.0225:tok3;90:x0.025:y0.175:f11.48:tf12.98:p0.0253:tok3;95:x0.026:y0.211:f12.74:tf12.98:p0.0259:tok3
ablate_no_calibration_guard,stick_slip_cycle,4,1000,,0,0.90625,2.24807,1.84067,0.17314,1.30032,0.02679,0.00000,0.17241,0.02299,2,5,0.91600,-0.12111,0.66899,480.57035,0.40698,22,0:x-0.115:y-0.436:f0.13:tf10.40:p0.0000:tok1;15:x0.027:y-0.427:f12.64:tf10.40:p0.0267:tok7;30:x0.020:y-0.359:f9.22:tf10.40:p0.0204:tok6;45:x0.020:y-0.261:f8.69:tf10.40:p0.0205:tok6;60:x0.019:y-0.152:f8.24:tf10.40:p0.0188:tok6;75:x0.022:y-0.035:f11.43:tf12.98:p0.0224:tok6;90:x0.024:y0.101:f11.13:tf12.98:p0.0239:tok6;95:x0.023:y0.138:f10.70:tf12.98:p0.0234:tok7
ablate_no_phase_memory,stick_slip_cycle,4,1000,,1,0.90625,1.89930,1.22634,0.14628,1.04901,0.02563,0.00000,0.47126,0.00000,0,5,0.59929,-0.07134,0.75130,480.33243,0.40692,34,0:x-0.104:y-0.422:f0.03:tf10.40:p0.0000:tok1;15:x0.018:y-0.416:f8.58:tf10.40:p0.0181:tok7;30:x0.021:y-0.352:f9.42:tf10.40:p0.0208:tok4;45:x0.022:y-0.236:f8.94:tf10.40:p0.0218:tok3;60:x0.021:y-0.100:f9.73:tf10.40:p0.0213:tok3;75:x0.023:y0.040:f11.72:tf12.98:p0.0226:tok3;90:x0.025:y0.174:f11.41:tf12.98:p0.0255:tok3;95:x0.025:y0.210:f11.58:tf12.98:p0.0254:tok4
impedance_token_policy_v4,stick_slip_cycle,4,1000,,0,0.89583,2.05725,1.58556,0.15845,1.08646,0.02614,0.00000,0.41860,0.04651,4,5,0.81492,-0.10529,0.72288,487.29838,0.40699,63,0:x-0.123:y-0.429:f0.00:tf10.40:p0.0000:tok1;15:x0.021:y-0.423:f10.61:tf10.40:p0.0205:tok7;30:x0.023:y-0.359:f10.67:tf10.40:p0.0230:tok6;45:x0.021:y-0.244:f10.23:tf10.40:p0.0213:tok4;60:x0.019:y-0.114:f8.60:tf10.40:p0.0190:tok2;75:x0.022:y0.017:f10.58:tf12.98:p0.0215:tok4;90:x0.025:y0.144:f11.97:tf12.98:p0.0249:tok2;95:x0.026:y0.184:f12.81:tf12.98:p0.0260:tok0
learned_only_token_replacement,stick_slip_cycle,4,1000,,1,0.89583,1.95790,0.68587,0.15079,1.15137,0.02773,0.00000,0.59302,0.02326,2,5,0.59809,-0.15168,0.79871,483.55263,0.40687,0,0:x-0.117:y-0.440:f0.49:tf10.40:p0.0000:tok-1;15:x0.016:y-0.435:f8.27:tf10.40:p0.0163:tok-1;30:x0.021:y-0.359:f8.84:tf10.40:p0.0213:tok-1;45:x0.023:y-0.226:f9.47:tf10.40:p0.0233:tok-1;60:x0.023:y-0.072:f10.58:tf10.40:p0.0226:tok-1;75:x0.024:y0.079:f11.75:tf12.98:p0.0242:tok-1;90:x0.027:y0.216:f13.19:tf12.98:p0.0274:tok-1;95:x0.028:y0.251:f12.54:tf12.98:p0.0277:tok-1
token_full_v5,stick_slip_cycle,4,1001,,0,0.90625,2.91725,2.16256,0.23527,0.95549,0.02202,0.00000,0.33333,0.00000,0,5,0.71330,-0.10491,0.67506,476.48616,0.32292,36,0:x-0.118:y-0.427:f0.00:tf11.70:p0.0000:tok1;15:x0.020:y-0.421:f9.36:tf11.70:p0.0202:tok7;30:x0.021:y-0.367:f10.69:tf11.70:p0.0214:tok6;45:x0.021:y-0.276:f9.96:tf11.70:p0.0210:tok6;60:x0.021:y-0.157:f9.66:tf11.70:p0.0206:tok4;75:x0.021:y-0.027:f9.96:tf12.40:p0.0214:tok4;90:x0.022:y0.105:f10.42:tf12.40:p0.0219:tok4;95:x0.022:y0.143:f10.41:tf12.40:p0.0219:tok4
ablate_no_memory,stick_slip_cycle,4,1001,,1,0.89583,2.37871,0.89532,0.19184,1.02531,0.02485,0.00000,0.45349,0.01163,1,5,0.48876,-0.05925,0.74248,471.41192,0.32299,9,0:x-0.103:y-0.425:f0.00:tf11.70:p0.0000:tok3;15:x0.020:y-0.419:f10.55:tf11.70:p0.0203:tok0;30:x0.021:y-0.365:f8.95:tf11.70:p0.0210:tok2;45:x0.021:y-0.274:f10.02:tf11.70:p0.0210:tok6;60:x0.023:y-0.147:f12.00:tf11.70:p0.0231:tok3;75:x0.025:y0.008:f12.43:tf12.40:p0.0245:tok3;90:x0.025:y0.160:f11.65:tf12.40:p0.0247:tok3;95:x0.025:y0.201:f11.41:tf12.40:p0.0248:tok3
ablate_no_discrete_tokens,stick_slip_cycle,4,1001,,0,0.91667,1.48550,0.37889,0.11980,1.28060,0.03008,0.00000,0.61364,0.03409,3,5,0.83995,-0.10630,0.85268,473.40777,0.32278,0,0:x-0.118:y-0.425:f1.10:tf11.70:p0.0000:tok1;15:x0.029:y-0.415:f12.48:tf11.70:p0.0287:tok1;30:x0.025:y-0.337:f11.68:tf11.70:p0.0253:tok1;45:x0.026:y-0.204:f12.22:tf11.70:p0.0258:tok1;60:x0.025:y-0.050:f11.26:tf11.70:p0.0248:tok1;75:x0.027:y0.111:f12.23:tf12.40:p0.0268:tok1;90:x0.026:y0.260:f11.67:tf12.40:p0.0264:tok1;95:x0.026:y0.297:f12.67:tf12.40:p0.0263:tok1
ablate_no_force_update,stick_slip_cycle,4,1001,,0,0.89583,2.27749,1.12207,0.18368,1.03838,0.02536,0.00000,0.36047,0.00000,0,5,0.75295,-0.09704,0.67925,420.00000,0.20000,23,0:x-0.120:y-0.426:f0.00:tf11.70:p0.0000:tok1;15:x0.023:y-0.420:f9.95:tf11.70:p0.0226:tok7;30:x0.023:y-0.366:f10.57:tf11.70:p0.0232:tok6;45:x0.022:y-0.284:f9.63:tf11.70:p0.0221:tok6;60:x0.022:y-0.179:f10.31:tf11.70:p0.0222:tok4;75:x0.024:y-0.041:f10.96:tf12.40:p0.0236:tok4;90:x0.024:y0.105:f11.39:tf12.40:p0.0237:tok4;95:x0.024:y0.146:f10.88:tf12.40:p0.0236:tok4
ablate_no_transition_planner,stick_slip_cycle,4,1001,,0,0.90625,2.86767,2.15200,0.23127,0.96795,0.02233,0.00000,0.32184,0.00000,0,7,0.68338,-0.09172,0.66984,478.54279,0.32296,33,0:x-0.113:y-0.437:f0.36:tf11.70:p0.0000:tok1;15:x0.020:y-0.430:f9.19:tf11.70:p0.0202:tok5;30:x0.021:y-0.372:f9.37:tf11.70:p0.0210:tok6;45:x0.021:y-0.279:f10.15:tf11.70:p0.0212:tok6;60:x0.020:y-0.167:f10.19:tf11.70:p0.0204:tok4;75:x0.021:y-0.034:f9.66:tf12.40:p0.0211:tok6;90:x0.022:y0.100:f11.26:tf12.40:p0.0219:tok4;95:x0.022:y0.139:f10.32:tf12.40:p0.0218:tok4
ablate_no_safety_penalty,stick_slip_cycle,4,1001,,0,0.90625,2.87642,2.04416,0.23198,0.95921,0.02226,0.00000,0.32184,0.00000,0,5,0.73582,-0.10307,0.67647,484.41920,0.32293,32,0:x-0.120:y-0.450:f0.54:tf11.70:p0.0000:tok1;15:x0.021:y-0.443:f9.70:tf11.70:p0.0214:tok6;30:x0.021:y-0.383:f8.99:tf11.70:p0.0208:tok2;45:x0.021:y-0.281:f10.22:tf11.70:p0.0215:tok4;60:x0.021:y-0.159:f10.28:tf11.70:p0.0208:tok4;75:x0.022:y-0.028:f10.25:tf12.40:p0.0219:tok4;90:x0.022:y0.105:f10.80:tf12.40:p0.0221:tok4;95:x0.022:y0.144:f11.08:tf12.40:p0.0218:tok4
ablate_no_slip_context,stick_slip_cycle,4,1001,,0,0.90625,2.82231,1.96795,0.22762,0.97034,0.02277,0.00000,0.24138,0.00000,0,5,0.72860,-0.10029,0.66165,471.14083,0.32288,32,0:x-0.109:y-0.429:f0.51:tf11.70:p0.0000:tok1;15:x0.021:y-0.422:f9.35:tf11.70:p0.0206:tok7;30:x0.022:y-0.366:f10.30:tf11.70:p0.0217:tok6;45:x0.021:y-0.276:f9.71:tf11.70:p0.0213:tok6;60:x0.021:y-0.170:f10.20:tf11.70:p0.0212:tok6;75:x0.022:y-0.038:f10.00:tf12.40:p0.0218:tok6;90:x0.023:y0.095:f10.33:tf12.40:p0.0227:tok6;95:x0.022:y0.132:f10.73:tf12.40:p0.0222:tok6
ablate_no_tail_risk_objective,stick_slip_cycle,4,1001,,1,0.89583,1.78851,0.74138,0.14424,1.11465,0.02632,0.00000,0.43023,0.00000,0,5,0.75443,-0.10218,0.75755,475.10645,0.32280,20,0:x-0.121:y-0.439:f0.00:tf11.70:p0.0000:tok1;15:x0.025:y-0.432:f11.08:tf11.70:p0.0246:tok0;30:x0.025:y-0.349:f11.17:tf11.70:p0.0249:tok3;45:x0.024:y-0.233:f10.89:tf11.70:p0.0244:tok3;60:x0.023:y-0.104:f10.59:tf11.70:p0.0234:tok3;75:x0.025:y0.037:f11.69:tf12.40:p0.0248:tok3;90:x0.025:y0.176:f12.15:tf12.40:p0.0247:tok3;95:x0.025:y0.214:f11.60:tf12.40:p0.0247:tok3
ablate_no_calibration_guard,stick_slip_cycle,4,1001,,0,0.90625,2.56473,1.78973,0.20684,1.30039,0.02987,0.00000,0.18391,0.02299,2,5,0.91346,-0.13139,0.66233,473.60749,0.32281,23,0:x-0.119:y-0.439:f0.36:tf11.70:p0.0000:tok1;15:x0.030:y-0.429:f14.36:tf11.70:p0.0298:tok7;30:x0.022:y-0.361:f9.43:tf11.70:p0.0223:tok6;45:x0.023:y-0.270:f10.60:tf11.70:p0.0225:tok6;60:x0.021:y-0.164:f10.08:tf11.70:p0.0209:tok6;75:x0.023:y-0.034:f10.62:tf12.40:p0.0229:tok6;90:x0.023:y0.096:f10.44:tf12.40:p0.0226:tok6;95:x0.022:y0.132:f10.67:tf12.40:p0.0221:tok7
ablate_no_phase_memory,stick_slip_cycle,4,1001,,1,0.90625,2.02638,0.83241,0.16343,1.04197,0.02533,0.00000,0.52874,0.01149,1,5,0.73641,-0.09863,0.75561,469.76418,0.32283,31,0:x-0.116:y-0.441:f0.52:tf11.70:p0.0000:tok1;15:x0.021:y-0.435:f10.69:tf11.70:p0.0212:tok6;30:x0.023:y-0.366:f11.30:tf11.70:p0.0226:tok0;45:x0.024:y-0.246:f11.75:tf11.70:p0.0242:tok3;60:x0.023:y-0.112:f11.33:tf11.70:p0.0234:tok3;75:x0.025:y0.033:f11.02:tf12.40:p0.0247:tok3;90:x0.025:y0.174:f11.36:tf12.40:p0.0252:tok3;95:x0.025:y0.213:f11.50:tf12.40:p0.0250:tok3
impedance_token_policy_v4,stick_slip_cycle,4,1001,,0,0.90625,2.13238,1.37208,0.17197,1.07161,0.02679,0.00000,0.48276,0.04598,4,5,0.79050,-0.09510,0.73107,477.63213,0.32278,61,0:x-0.119:y-0.430:f0.00:tf11.70:p0.0000:tok1;15:x0.023:y-0.424:f10.65:tf11.70:p0.0225:tok7;30:x0.026:y-0.360:f12.54:tf11.70:p0.0256:tok6;45:x0.024:y-0.240:f11.46:tf11.70:p0.0244:tok4;60:x0.023:y-0.112:f10.81:tf11.70:p0.0227:tok4;75:x0.022:y0.018:f9.88:tf12.40:p0.0221:tok4;90:x0.025:y0.148:f11.83:tf12.40:p0.0251:tok5;95:x0.027:y0.191:f12.54:tf12.40:p0.0267:tok5
learned_only_token_replacement,stick_slip_cycle,4,1001,,0,0.88542,2.07885,0.46434,0.16766,1.11302,0.02720,0.00000,0.62353,0.03529,3,5,0.58383,-0.15889,0.80387,475.52668,0.32274,0,0:x-0.116:y-0.441:f0.99:tf11.70:p0.0000:tok-1;15:x0.017:y-0.435:f9.56:tf11.70:p0.0175:tok-1;30:x0.024:y-0.360:f10.40:tf11.70:p0.0238:tok-1;45:x0.025:y-0.228:f12.09:tf11.70:p0.0255:tok-1;60:x0.025:y-0.078:f11.99:tf11.70:p0.0253:tok-1;75:x0.027:y0.074:f13.36:tf12.40:p0.0270:tok-1;90:x0.027:y0.217:f12.26:tf12.40:p0.0269:tok-1;95:x0.027:y0.255:f12.59:tf12.40:p0.0268:tok-1
token_full_v5,stick_slip_cycle,4,1002,,0,0.90625,3.02806,2.54248,0.22410,0.95858,0.02803,0.00000,0.18391,0.00000,0,6,0.68179,-0.09257,0.67037,411.30656,0.35840,48,0:x-0.110:y-0.428:f0.00:tf11.34:p0.0000:tok1;15:x0.022:y-0.422:f8.96:tf11.34:p0.0218:tok6;30:x0.023:y-0.364:f9.70:tf11.34:p0.0233:tok6;45:x0.023:y-0.271:f9.02:tf11.34:p0.0230:tok6;60:x0.023:y-0.153:f9.76:tf11.34:p0.0230:tok4;75:x0.028:y-0.025:f11.19:tf13.51:p0.0275:tok4;90:x0.027:y0.103:f12.28:tf13.51:p0.0273:tok4;95:x0.028:y0.139:f12.43:tf13.51:p0.0280:tok4
ablate_no_memory,stick_slip_cycle,4,1002,,0,0.88542,2.66440,1.14304,0.19719,1.00523,0.03160,0.00000,0.48235,0.00000,0,5,0.56535,-0.08916,0.73485,404.99078,0.35853,6,0:x-0.121:y-0.441:f0.00:tf11.34:p0.0000:tok3;15:x0.018:y-0.437:f8.55:tf11.34:p0.0183:tok5;30:x0.022:y-0.377:f9.15:tf11.34:p0.0223:tok6;45:x0.023:y-0.286:f9.42:tf11.34:p0.0230:tok3;60:x0.026:y-0.151:f10.53:tf11.34:p0.0260:tok3;75:x0.031:y0.004:f12.76:tf13.51:p0.0309:tok3;90:x0.031:y0.154:f12.80:tf13.51:p0.0315:tok3;95:x0.032:y0.194:f12.74:tf13.51:p0.0315:tok3
ablate_no_discrete_tokens,stick_slip_cycle,4,1002,,0,0.91667,1.42700,0.51331,0.10561,1.22643,0.03366,0.00000,0.61364,0.00000,0,5,0.82499,-0.10471,0.84621,403.65594,0.35833,0,0:x-0.118:y-0.439:f0.09:tf11.34:p0.0000:tok1;15:x0.029:y-0.427:f11.27:tf11.34:p0.0291:tok1;30:x0.026:y-0.345:f11.17:tf11.34:p0.0259:tok1;45:x0.027:y-0.208:f10.89:tf11.34:p0.0273:tok1;60:x0.027:y-0.052:f11.33:tf11.34:p0.0274:tok1;75:x0.033:y0.107:f13.02:tf13.51:p0.0329:tok1;90:x0.034:y0.255:f13.60:tf13.51:p0.0337:tok1;95:x0.034:y0.291:f13.89:tf13.51:p0.0336:tok1
ablate_no_force_update,stick_slip_cycle,4,1002,,0,0.90625,3.04573,2.78020,0.22541,0.97442,0.02698,0.00000,0.22989,0.00000,0,6,0.70177,-0.09843,0.67408,420.00000,0.20000,43,0:x-0.114:y-0.435:f1.62:tf11.34:p0.0000:tok1;15:x0.022:y-0.429:f9.69:tf11.34:p0.0223:tok7;30:x0.023:y-0.374:f9.00:tf11.34:p0.0234:tok6;45:x0.023:y-0.279:f9.17:tf11.34:p0.0228:tok6;60:x0.023:y-0.160:f9.63:tf11.34:p0.0229:tok4;75:x0.027:y-0.027:f10.94:tf13.51:p0.0269:tok6;90:x0.027:y0.105:f10.30:tf13.51:p0.0268:tok6;95:x0.027:y0.143:f10.95:tf13.51:p0.0268:tok6
ablate_no_transition_planner,stick_slip_cycle,4,1002,,0,0.89583,3.17333,2.55195,0.23485,0.90997,0.02767,0.00000,0.23256,0.00000,0,5,0.80516,-0.12327,0.66209,403.75873,0.35840,54,0:x-0.128:y-0.429:f0.22:tf11.34:p0.0000:tok1;15:x0.021:y-0.423:f10.08:tf11.34:p0.0214:tok6;30:x0.023:y-0.363:f9.88:tf11.34:p0.0230:tok6;45:x0.023:y-0.270:f9.19:tf11.34:p0.0225:tok6;60:x0.023:y-0.159:f8.72:tf11.34:p0.0233:tok6;75:x0.027:y-0.029:f11.68:tf13.51:p0.0274:tok4;90:x0.028:y0.097:f10.09:tf13.51:p0.0276:tok6;95:x0.028:y0.132:f10.66:tf13.51:p0.0276:tok2
ablate_no_safety_penalty,stick_slip_cycle,4,1002,,0,0.90625,3.14568,2.63162,0.23281,0.92366,0.02783,0.00000,0.18391,0.00000,0,8,0.65078,-0.09074,0.66467,402.12976,0.35842,46,0:x-0.108:y-0.439:f0.28:tf11.34:p0.0000:tok1;15:x0.021:y-0.431:f9.67:tf11.34:p0.0208:tok6;30:x0.022:y-0.371:f8.68:tf11.34:p0.0217:tok2;45:x0.023:y-0.271:f8.90:tf11.34:p0.0229:tok4;60:x0.023:y-0.153:f9.59:tf11.34:p0.0233:tok6;75:x0.028:y-0.030:f10.47:tf13.51:p0.0278:tok6;90:x0.028:y0.098:f11.60:tf13.51:p0.0276:tok4;95:x0.028:y0.135:f11.02:tf13.51:p0.0278:tok4
ablate_no_slip_context,stick_slip_cycle,4,1002,,0,0.89583,2.95271,1.98018,0.21853,0.93927,0.02907,0.00000,0.27907,0.00000,0,6,0.90459,-0.13978,0.67741,409.61902,0.35840,40,0:x-0.125:y-0.424:f0.00:tf11.34:p0.0000:tok1;15:x0.021:y-0.418:f7.83:tf11.34:p0.0206:tok5;30:x0.022:y-0.365:f9.50:tf11.34:p0.0219:tok6;45:x0.023:y-0.273:f9.81:tf11.34:p0.0231:tok6;60:x0.023:y-0.161:f9.06:tf11.34:p0.0232:tok6;75:x0.027:y-0.023:f10.91:tf13.51:p0.0275:tok2;90:x0.028:y0.110:f11.07:tf13.51:p0.0280:tok6;95:x0.029:y0.146:f12.39:tf13.51:p0.0287:tok6
ablate_no_tail_risk_objective,stick_slip_cycle,4,1002,,1,0.90625,2.03153,1.12850,0.15035,1.01492,0.03156,0.00000,0.41379,0.00000,0,5,0.68306,-0.08596,0.74969,406.00336,0.35832,20,0:x-0.113:y-0.440:f0.48:tf11.34:p0.0000:tok1;15:x0.022:y-0.433:f9.82:tf11.34:p0.0221:tok0;30:x0.025:y-0.351:f10.09:tf11.34:p0.0251:tok3;45:x0.025:y-0.235:f11.01:tf11.34:p0.0253:tok3;60:x0.026:y-0.106:f10.95:tf11.34:p0.0261:tok3;75:x0.031:y0.033:f11.59:tf13.51:p0.0305:tok3;90:x0.031:y0.170:f13.21:tf13.51:p0.0314:tok3;95:x0.032:y0.208:f13.60:tf13.51:p0.0316:tok3
ablate_no_calibration_guard,stick_slip_cycle,4,1002,,0,0.90625,2.34621,1.88116,0.17364,1.25505,0.03007,0.00000,0.19540,0.00000,0,5,1.02062,-0.15233,0.68068,406.88814,0.35828,28,0:x-0.117:y-0.416:f0.00:tf11.34:p0.0000:tok1;15:x0.030:y-0.408:f11.33:tf11.34:p0.0301:tok7;30:x0.024:y-0.348:f9.92:tf11.34:p0.0241:tok6;45:x0.025:y-0.253:f10.69:tf11.34:p0.0246:tok7;60:x0.024:y-0.142:f9.06:tf11.34:p0.0240:tok6;75:x0.028:y-0.014:f11.48:tf13.51:p0.0281:tok6;90:x0.028:y0.113:f11.43:tf13.51:p0.0278:tok6;95:x0.030:y0.148:f11.03:tf13.51:p0.0298:tok6
ablate_no_phase_memory,stick_slip_cycle,4,1002,,1,0.89583,2.19842,1.12011,0.16270,0.99804,0.03180,0.00000,0.44186,0.00000,0,5,0.76072,-0.10707,0.74847,403.70823,0.35834,31,0:x-0.123:y-0.429:f0.17:tf11.34:p0.0000:tok1;15:x0.022:y-0.423:f9.56:tf11.34:p0.0217:tok6;30:x0.025:y-0.356:f9.95:tf11.34:p0.0250:tok4;45:x0.026:y-0.240:f10.61:tf11.34:p0.0258:tok3;60:x0.026:y-0.109:f10.61:tf11.34:p0.0263:tok3;75:x0.031:y0.031:f12.76:tf13.51:p0.0311:tok3;90:x0.032:y0.169:f11.89:tf13.51:p0.0316:tok3;95:x0.032:y0.207:f13.13:tf13.51:p0.0318:tok3
impedance_token_policy_v4,stick_slip_cycle,4,1002,,0,0.89583,2.42884,1.74640,0.17975,1.02381,0.03244,0.00000,0.44186,0.01163,1,6,0.92330,-0.13346,0.72046,407.87168,0.35839,72,0:x-0.130:y-0.441:f0.29:tf11.34:p0.0000:tok1;15:x0.023:y-0.435:f9.05:tf11.34:p0.0230:tok7;30:x0.025:y-0.367:f11.13:tf11.34:p0.0253:tok0;45:x0.026:y-0.249:f10.56:tf11.34:p0.0256:tok6;60:x0.025:y-0.121:f9.84:tf11.34:p0.0250:tok0;75:x0.029:y0.011:f11.78:tf13.51:p0.0287:tok4;90:x0.031:y0.140:f12.64:tf13.51:p0.0312:tok7;95:x0.032:y0.182:f13.16:tf13.51:p0.0322:tok6
learned_only_token_replacement,stick_slip_cycle,4,1002,,1,0.89583,1.96192,0.47177,0.14520,1.08028,0.03456,0.00000,0.59302,0.02326,2,5,0.59641,-0.14518,0.79941,403.10896,0.35825,0,0:x-0.113:y-0.437:f0.00:tf11.34:p0.0000:tok-1;15:x0.019:y-0.430:f8.93:tf11.34:p0.0186:tok-1;30:x0.025:y-0.354:f9.81:tf11.34:p0.0252:tok-1;45:x0.027:y-0.225:f11.01:tf11.34:p0.0265:tok-1;60:x0.028:y-0.077:f12.22:tf11.34:p0.0283:tok-1;75:x0.033:y0.074:f12.84:tf13.51:p0.0333:tok-1;90:x0.034:y0.214:f14.57:tf13.51:p0.0343:tok-1;95:x0.035:y0.251:f13.77:tf13.51:p0.0346:tok-1
token_full_v5,stick_slip_cycle,4,1003,,0,0.90625,3.06991,2.60266,0.21954,0.94788,0.02706,0.00000,0.20690,0.00000,0,5,0.72685,-0.10952,0.66396,468.45125,0.31707,46,0:x-0.112:y-0.432:f0.00:tf13.14:p0.0000:tok1;15:x0.025:y-0.425:f11.06:tf13.14:p0.0253:tok7;30:x0.026:y-0.365:f11.25:tf13.14:p0.0257:tok6;45:x0.026:y-0.270:f10.29:tf13.14:p0.0260:tok6;60:x0.024:y-0.152:f11.29:tf13.14:p0.0238:tok4;75:x0.024:y-0.023:f11.96:tf13.98:p0.0236:tok4;90:x0.025:y0.099:f11.12:tf13.98:p0.0247:tok6;95:x0.026:y0.134:f12.75:tf13.98:p0.0255:tok4
ablate_no_memory,stick_slip_cycle,4,1003,,1,0.89583,2.40926,0.88661,0.17229,1.05596,0.02844,0.00000,0.52326,0.02326,2,5,0.53952,-0.08969,0.74945,471.75926,0.31714,11,0:x-0.111:y-0.435:f0.00:tf13.14:p0.0000:tok3;15:x0.024:y-0.429:f11.96:tf13.14:p0.0241:tok0;30:x0.025:y-0.369:f9.99:tf13.14:p0.0252:tok2;45:x0.028:y-0.263:f11.57:tf13.14:p0.0283:tok3;60:x0.027:y-0.125:f13.20:tf13.14:p0.0271:tok3;75:x0.027:y0.024:f12.43:tf13.98:p0.0271:tok3;90:x0.028:y0.168:f13.69:tf13.98:p0.0283:tok3;95:x0.028:y0.207:f14.13:tf13.98:p0.0282:tok3
ablate_no_discrete_tokens,stick_slip_cycle,4,1003,,0,0.92708,1.51464,0.46082,0.10832,1.16523,0.03221,0.00000,0.60674,0.02247,2,5,0.86454,-0.11709,0.85065,470.26545,0.31705,0,0:x-0.115:y-0.430:f0.20:tf13.14:p0.0000:tok1;15:x0.031:y-0.419:f13.61:tf13.14:p0.0314:tok1;30:x0.029:y-0.341:f12.15:tf13.14:p0.0294:tok1;45:x0.030:y-0.207:f13.36:tf13.14:p0.0303:tok1;60:x0.028:y-0.051:f13.73:tf13.14:p0.0284:tok1;75:x0.029:y0.109:f13.43:tf13.98:p0.0287:tok1;90:x0.030:y0.258:f14.37:tf13.98:p0.0297:tok1;95:x0.030:y0.295:f14.27:tf13.98:p0.0297:tok1
ablate_no_force_update,stick_slip_cycle,4,1003,,0,0.90625,2.47198,1.31847,0.17678,1.03621,0.02921,0.00000,0.35632,0.02299,2,5,0.72942,-0.10019,0.68774,420.00000,0.20000,26,0:x-0.112:y-0.426:f0.00:tf13.14:p0.0000:tok1;15:x0.028:y-0.419:f12.16:tf13.14:p0.0279:tok4;30:x0.026:y-0.366:f11.22:tf13.14:p0.0261:tok6;45:x0.027:y-0.280:f11.46:tf13.14:p0.0266:tok6;60:x0.025:y-0.163:f12.10:tf13.14:p0.0253:tok4;75:x0.026:y-0.025:f12.77:tf13.98:p0.0255:tok4;90:x0.027:y0.114:f12.61:tf13.98:p0.0270:tok4;95:x0.027:y0.154:f12.96:tf13.98:p0.0267:tok4
ablate_no_transition_planner,stick_slip_cycle,4,1003,,0,0.90625,3.04908,2.47438,0.21805,0.97043,0.02690,0.00000,0.13793,0.00000,0,5,0.74826,-0.12427,0.66889,477.34358,0.31708,43,0:x-0.118:y-0.432:f0.25:tf13.14:p0.0000:tok1;15:x0.025:y-0.425:f11.74:tf13.14:p0.0251:tok7;30:x0.026:y-0.365:f10.65:tf13.14:p0.0261:tok6;45:x0.027:y-0.269:f10.82:tf13.14:p0.0265:tok4;60:x0.024:y-0.148:f11.61:tf13.14:p0.0239:tok4;75:x0.023:y-0.020:f11.24:tf13.98:p0.0235:tok6;90:x0.025:y0.102:f12.55:tf13.98:p0.0245:tok4;95:x0.024:y0.138:f11.15:tf13.98:p0.0245:tok6
ablate_no_safety_penalty,stick_slip_cycle,4,1003,,0,0.90625,3.08548,2.66342,0.22065,0.94616,0.02668,0.00000,0.01149,0.00000,0,5,0.75717,-0.12980,0.66413,475.18872,0.31704,48,0:x-0.117:y-0.425:f0.03:tf13.14:p0.0000:tok1;15:x0.025:y-0.418:f10.70:tf13.14:p0.0249:tok0;30:x0.025:y-0.361:f11.31:tf13.14:p0.0255:tok6;45:x0.026:y-0.262:f10.45:tf13.14:p0.0256:tok6;60:x0.024:y-0.145:f10.91:tf13.14:p0.0235:tok4;75:x0.023:y-0.019:f10.46:tf13.98:p0.0230:tok6;90:x0.024:y0.100:f11.30:tf13.98:p0.0243:tok6;95:x0.024:y0.135:f11.95:tf13.98:p0.0244:tok6
ablate_no_slip_context,stick_slip_cycle,4,1003,,0,0.90625,2.78646,2.00355,0.19927,0.96546,0.02703,0.00000,0.13793,0.00000,0,5,0.73958,-0.10761,0.65823,487.40195,0.31706,39,0:x-0.104:y-0.447:f0.01:tf13.14:p0.0000:tok1;15:x0.026:y-0.439:f10.84:tf13.14:p0.0257:tok4;30:x0.026:y-0.374:f10.94:tf13.14:p0.0257:tok6;45:x0.027:y-0.273:f12.05:tf13.14:p0.0270:tok6;60:x0.025:y-0.160:f12.20:tf13.14:p0.0251:tok6;75:x0.024:y-0.041:f12.02:tf13.98:p0.0241:tok6;90:x0.025:y0.093:f12.71:tf13.98:p0.0245:tok6;95:x0.025:y0.129:f12.84:tf13.98:p0.0250:tok6
ablate_no_tail_risk_objective,stick_slip_cycle,4,1003,,1,0.90625,1.80164,0.90655,0.12884,1.04073,0.03038,0.00000,0.36782,0.00000,0,5,0.72630,-0.09564,0.75679,475.21008,0.31702,18,0:x-0.112:y-0.425:f0.57:tf13.14:p0.0000:tok1;15:x0.030:y-0.417:f13.28:tf13.14:p0.0296:tok2;30:x0.030:y-0.338:f12.45:tf13.14:p0.0301:tok3;45:x0.029:y-0.225:f12.72:tf13.14:p0.0287:tok3;60:x0.027:y-0.099:f12.33:tf13.14:p0.0268:tok3;75:x0.027:y0.038:f13.39:tf13.98:p0.0266:tok3;90:x0.028:y0.176:f12.86:tf13.98:p0.0279:tok3;95:x0.028:y0.214:f12.64:tf13.98:p0.0278:tok3
ablate_no_calibration_guard,stick_slip_cycle,4,1003,,1,0.91667,2.01566,0.96359,0.14415,1.16622,0.03271,0.00000,0.31818,0.00000,0,5,1.14547,-0.13834,0.79435,470.44833,0.31724,25,0:x-0.113:y-0.449:f0.00:tf13.14:p0.0000:tok1;15:x0.032:y-0.438:f13.61:tf13.14:p0.0318:tok7;30:x0.030:y-0.364:f13.36:tf13.14:p0.0304:tok7;45:x0.027:y-0.255:f11.71:tf13.14:p0.0274:tok6;60:x0.026:y-0.143:f12.26:tf13.14:p0.0256:tok6;75:x0.031:y0.019:f14.04:tf13.98:p0.0306:tok7;90:x0.029:y0.208:f13.54:tf13.98:p0.0292:tok6;95:x0.027:y0.246:f12.61:tf13.98:p0.0269:tok7
ablate_no_phase_memory,stick_slip_cycle,4,1003,,1,0.90625,2.22480,0.95011,0.15910,1.05866,0.02856,0.00000,0.49425,0.03448,3,5,0.84675,-0.13349,0.75358,469.66850,0.31708,31,0:x-0.125:y-0.432:f0.00:tf13.14:p0.0000:tok1;15:x0.026:y-0.424:f11.60:tf13.14:p0.0257:tok4;30:x0.028:y-0.359:f12.68:tf13.14:p0.0278:tok2;45:x0.029:y-0.244:f12.55:tf13.14:p0.0285:tok3;60:x0.027:y-0.111:f12.07:tf13.14:p0.0267:tok3;75:x0.027:y0.032:f12.86:tf13.98:p0.0271:tok3;90:x0.028:y0.173:f14.01:tf13.98:p0.0282:tok3;95:x0.028:y0.211:f13.14:tf13.98:p0.0282:tok3
impedance_token_policy_v4,stick_slip_cycle,4,1003,,0,0.90625,2.45016,1.57867,0.17522,1.08875,0.02971,0.00000,0.33333,0.02299,2,5,0.83875,-0.11258,0.72457,490.72795,0.31702,66,0:x-0.116:y-0.411:f0.93:tf13.14:p0.0000:tok1;15:x0.025:y-0.405:f11.32:tf13.14:p0.0253:tok4;30:x0.028:y-0.347:f11.92:tf13.14:p0.0280:tok2;45:x0.028:y-0.240:f11.63:tf13.14:p0.0277:tok4;60:x0.026:y-0.114:f12.14:tf13.14:p0.0258:tok4;75:x0.024:y0.015:f11.67:tf13.98:p0.0244:tok4;90:x0.027:y0.144:f12.95:tf13.98:p0.0272:tok1;95:x0.029:y0.185:f14.26:tf13.98:p0.0292:tok7
learned_only_token_replacement,stick_slip_cycle,4,1003,,1,0.90625,2.23408,0.50714,0.15977,1.13235,0.03063,0.00000,0.58621,0.03448,3,5,0.61858,-0.15530,0.80334,471.76581,0.31696,0,0:x-0.111:y-0.436:f0.00:tf13.14:p0.0000:tok-1;15:x0.021:y-0.428:f9.59:tf13.14:p0.0214:tok-1;30:x0.029:y-0.352:f12.82:tf13.14:p0.0286:tok-1;45:x0.030:y-0.224:f12.32:tf13.14:p0.0302:tok-1;60:x0.029:y-0.076:f14.88:tf13.14:p0.0290:tok-1;75:x0.029:y0.075:f12.83:tf13.98:p0.0289:tok-1;90:x0.031:y0.217:f15.42:tf13.98:p0.0306:tok-1;95:x0.031:y0.254:f14.14:tf13.98:p0.0306:tok-1
token_full_v5,stick_slip_cycle,5,1000,,0,0.89583,3.08255,2.77772,0.22290,0.91393,0.02647,0.00000,0.10465,0.00000,0,8,0.69303,-0.10243,0.64555,438.47106,0.39301,35,0:x-0.119:y-0.427:f0.00:tf10.77:p0.0000:tok1;15:x0.019:y-0.422:f7.57:tf10.77:p0.0194:tok5;30:x0.022:y-0.365:f8.24:tf10.77:p0.0216:tok2;45:x0.021:y-0.276:f8.30:tf10.77:p0.0210:tok6;60:x0.021:y-0.170:f9.04:tf10.77:p0.0207:tok4;75:x0.026:y-0.044:f10.80:tf13.83:p0.0259:tok6;90:x0.026:y0.081:f11.70:tf13.83:p0.0264:tok4;95:x0.026:y0.118:f10.84:tf13.83:p0.0262:tok6
ablate_no_memory,stick_slip_cycle,5,1000,,0,0.88542,2.52686,1.27938,0.18272,1.04896,0.02983,0.00000,0.44706,0.01176,1,5,0.50617,-0.06971,0.72937,436.30225,0.39309,8,0:x-0.112:y-0.426:f0.81:tf10.77:p0.0000:tok3;15:x0.017:y-0.422:f8.98:tf10.77:p0.0175:tok0;30:x0.022:y-0.365:f9.13:tf10.77:p0.0217:tok6;45:x0.022:y-0.277:f8.94:tf10.77:p0.0216:tok6;60:x0.023:y-0.149:f9.54:tf10.77:p0.0234:tok3;75:x0.029:y0.003:f12.97:tf13.83:p0.0292:tok3;90:x0.030:y0.150:f12.68:tf13.83:p0.0297:tok3;95:x0.030:y0.190:f12.59:tf13.83:p0.0297:tok3
ablate_no_discrete_tokens,stick_slip_cycle,5,1000,,0,0.91667,1.45790,0.64641,0.10542,1.25051,0.03178,0.00000,0.60227,0.00000,0,5,0.78871,-0.09892,0.84278,437.51635,0.39292,0,0:x-0.116:y-0.434:f0.00:tf10.77:p0.0000:tok1;15:x0.027:y-0.423:f10.92:tf10.77:p0.0270:tok1;30:x0.025:y-0.342:f10.46:tf10.77:p0.0250:tok1;45:x0.026:y-0.207:f10.97:tf10.77:p0.0258:tok1;60:x0.024:y-0.050:f10.51:tf10.77:p0.0243:tok1;75:x0.032:y0.108:f14.33:tf13.83:p0.0316:tok1;90:x0.031:y0.253:f13.42:tf13.83:p0.0311:tok1;95:x0.031:y0.288:f13.86:tf13.83:p0.0314:tok1
ablate_no_force_update,stick_slip_cycle,5,1000,,0,0.89583,2.75791,2.22126,0.19942,0.97728,0.02709,0.00000,0.32558,0.00000,0,5,0.70555,-0.08582,0.67308,420.00000,0.20000,30,0:x-0.116:y-0.433:f0.48:tf10.77:p0.0000:tok1;15:x0.021:y-0.427:f8.57:tf10.77:p0.0209:tok7;30:x0.022:y-0.371:f9.50:tf10.77:p0.0220:tok6;45:x0.021:y-0.288:f9.26:tf10.77:p0.0211:tok6;60:x0.021:y-0.179:f8.46:tf10.77:p0.0211:tok4;75:x0.026:y-0.041:f12.01:tf13.83:p0.0264:tok4;90:x0.027:y0.101:f12.05:tf13.83:p0.0269:tok4;95:x0.027:y0.141:f12.18:tf13.83:p0.0271:tok4
ablate_no_transition_planner,stick_slip_cycle,5,1000,,0,0.89583,3.07292,2.76174,0.22220,0.96425,0.02617,0.00000,0.16279,0.00000,0,7,0.72397,-0.10631,0.65582,438.00318,0.39297,41,0:x-0.119:y-0.416:f0.62:tf10.77:p0.0000:tok1;15:x0.019:y-0.411:f8.85:tf10.77:p0.0193:tok7;30:x0.021:y-0.359:f8.23:tf10.77:p0.0211:tok2;45:x0.022:y-0.271:f9.43:tf10.77:p0.0218:tok6;60:x0.021:y-0.160:f8.91:tf10.77:p0.0212:tok4;75:x0.026:y-0.031:f11.87:tf13.83:p0.0259:tok4;90:x0.026:y0.093:f11.03:tf13.83:p0.0261:tok6;95:x0.026:y0.127:f11.11:tf13.83:p0.0260:tok2
ablate_no_safety_penalty,stick_slip_cycle,5,1000,,0,0.89583,3.02783,2.91438,0.21894,0.94858,0.02654,0.00000,0.06977,0.00000,0,10,0.63864,-0.08886,0.64921,447.92948,0.39294,35,0:x-0.113:y-0.431:f0.00:tf10.77:p0.0000:tok1;15:x0.020:y-0.425:f9.62:tf10.77:p0.0202:tok6;30:x0.021:y-0.368:f9.29:tf10.77:p0.0213:tok6;45:x0.022:y-0.275:f9.34:tf10.77:p0.0221:tok4;60:x0.021:y-0.153:f9.16:tf10.77:p0.0207:tok4;75:x0.024:y-0.029:f11.41:tf13.83:p0.0241:tok4;90:x0.026:y0.086:f11.74:tf13.83:p0.0255:tok4;95:x0.027:y0.121:f12.05:tf13.83:p0.0265:tok4
ablate_no_slip_context,stick_slip_cycle,5,1000,,0,0.90625,2.78155,2.07276,0.20113,1.00823,0.02760,0.00000,0.26437,0.01149,1,5,0.80005,-0.09696,0.68160,440.55006,0.39306,40,0:x-0.109:y-0.420:f0.39:tf10.77:p0.0000:tok1;15:x0.019:y-0.414:f8.38:tf10.77:p0.0192:tok6;30:x0.021:y-0.360:f8.87:tf10.77:p0.0210:tok6;45:x0.022:y-0.273:f9.24:tf10.77:p0.0221:tok6;60:x0.021:y-0.163:f9.00:tf10.77:p0.0212:tok6;75:x0.026:y-0.027:f11.47:tf13.83:p0.0264:tok6;90:x0.028:y0.111:f12.64:tf13.83:p0.0276:tok6;95:x0.028:y0.149:f12.49:tf13.83:p0.0276:tok6
ablate_no_tail_risk_objective,stick_slip_cycle,5,1000,,1,0.89583,2.00931,1.19835,0.14529,1.08052,0.02957,0.00000,0.45349,0.00000,0,5,0.73412,-0.09922,0.74638,441.24968,0.39291,21,0:x-0.124:y-0.438:f0.00:tf10.77:p0.0000:tok1;15:x0.020:y-0.431:f9.86:tf10.77:p0.0200:tok2;30:x0.025:y-0.350:f10.08:tf10.77:p0.0245:tok3;45:x0.024:y-0.235:f9.17:tf10.77:p0.0236:tok3;60:x0.023:y-0.104:f10.56:tf10.77:p0.0234:tok3;75:x0.029:y0.034:f12.60:tf13.83:p0.0289:tok3;90:x0.029:y0.168:f12.74:tf13.83:p0.0294:tok3;95:x0.029:y0.205:f12.32:tf13.83:p0.0294:tok2
ablate_no_calibration_guard,stick_slip_cycle,5,1000,,0,0.90625,2.37975,2.04440,0.17208,1.16326,0.02836,0.00000,0.17241,0.02299,2,5,0.81911,-0.10973,0.66517,441.05510,0.39290,24,0:x-0.107:y-0.422:f0.00:tf10.77:p0.0000:tok1;15:x0.028:y-0.413:f11.74:tf10.77:p0.0284:tok7;30:x0.022:y-0.351:f8.85:tf10.77:p0.0222:tok6;45:x0.023:y-0.261:f8.86:tf10.77:p0.0234:tok6;60:x0.021:y-0.154:f8.79:tf10.77:p0.0208:tok6;75:x0.026:y-0.028:f11.59:tf13.83:p0.0264:tok6;90:x0.027:y0.099:f11.98:tf13.83:p0.0273:tok6;95:x0.028:y0.135:f11.77:tf13.83:p0.0277:tok7
ablate_no_phase_memory,stick_slip_cycle,5,1000,,1,0.89583,2.15846,1.19266,0.15608,1.02890,0.02985,0.00000,0.47674,0.02326,2,5,0.70673,-0.09548,0.74425,442.59679,0.39292,31,0:x-0.118:y-0.427:f0.00:tf10.77:p0.0000:tok1;15:x0.019:y-0.421:f9.25:tf10.77:p0.0193:tok7;30:x0.022:y-0.359:f10.08:tf10.77:p0.0218:tok2;45:x0.024:y-0.244:f10.68:tf10.77:p0.0243:tok3;60:x0.023:y-0.110:f9.69:tf10.77:p0.0235:tok3;75:x0.029:y0.031:f12.82:tf13.83:p0.0291:tok3;90:x0.030:y0.166:f12.84:tf13.83:p0.0298:tok3;95:x0.030:y0.203:f13.49:tf13.83:p0.0297:tok3
impedance_token_policy_v4,stick_slip_cycle,5,1000,,0,0.90625,2.29548,1.68992,0.16599,1.08757,0.03132,0.00000,0.39080,0.02299,2,5,0.76322,-0.07699,0.72246,447.37635,0.39296,68,0:x-0.108:y-0.440:f0.00:tf10.77:p0.0000:tok1;15:x0.021:y-0.434:f8.23:tf10.77:p0.0210:tok7;30:x0.023:y-0.367:f9.28:tf10.77:p0.0235:tok5;45:x0.023:y-0.246:f9.89:tf10.77:p0.0235:tok4;60:x0.022:y-0.117:f9.41:tf10.77:p0.0218:tok4;75:x0.027:y0.013:f11.01:tf13.83:p0.0269:tok4;90:x0.029:y0.141:f13.69:tf13.83:p0.0291:tok7;95:x0.031:y0.183:f13.32:tf13.83:p0.0309:tok7
learned_only_token_replacement,stick_slip_cycle,5,1000,,1,0.89583,1.98734,0.62571,0.14370,1.10427,0.03224,0.00000,0.55814,0.02326,2,5,0.61969,-0.16638,0.79466,439.10567,0.39283,0,0:x-0.120:y-0.414:f0.21:tf10.77:p0.0000:tok-1;15:x0.017:y-0.409:f7.54:tf10.77:p0.0168:tok-1;30:x0.024:y-0.343:f10.24:tf10.77:p0.0236:tok-1;45:x0.025:y-0.219:f11.03:tf10.77:p0.0251:tok-1;60:x0.025:y-0.073:f9.99:tf10.77:p0.0247:tok-1;75:x0.031:y0.075:f14.57:tf13.83:p0.0311:tok-1;90:x0.032:y0.211:f14.25:tf13.83:p0.0319:tok-1;95:x0.032:y0.247:f13.89:tf13.83:p0.0322:tok-1
token_full_v5,stick_slip_cycle,5,1001,,0,0.89583,3.05215,2.58314,0.21525,0.98197,0.02385,0.00000,0.12791,0.00000,0,7,0.75226,-0.11905,0.66573,497.77171,0.34210,35,0:x-0.123:y-0.424:f0.42:tf11.70:p0.0000:tok1;15:x0.021:y-0.418:f10.48:tf11.70:p0.0213:tok6;30:x0.022:y-0.362:f10.02:tf11.70:p0.0218:tok6;45:x0.022:y-0.272:f10.61:tf11.70:p0.0220:tok4;60:x0.021:y-0.150:f10.65:tf14.18:p0.0210:tok6;75:x0.023:y-0.029:f11.69:tf14.18:p0.0234:tok4;90:x0.024:y0.098:f12.34:tf14.18:p0.0237:tok4;95:x0.024:y0.136:f11.10:tf14.18:p0.0236:tok6
ablate_no_memory,stick_slip_cycle,5,1001,,0,0.88542,2.43174,0.94584,0.17149,1.05054,0.02674,0.00000,0.47059,0.01176,1,5,0.55888,-0.08816,0.73835,505.62359,0.34217,7,0:x-0.118:y-0.423:f0.74:tf11.70:p0.0000:tok3;15:x0.020:y-0.419:f10.52:tf11.70:p0.0202:tok0;30:x0.022:y-0.364:f9.58:tf11.70:p0.0216:tok6;45:x0.021:y-0.277:f9.68:tf11.70:p0.0214:tok6;60:x0.024:y-0.146:f12.39:tf14.18:p0.0237:tok3;75:x0.026:y0.008:f13.43:tf14.18:p0.0264:tok3;90:x0.027:y0.157:f13.48:tf14.18:p0.0266:tok3;95:x0.027:y0.198:f13.52:tf14.18:p0.0267:tok3
ablate_no_discrete_tokens,stick_slip_cycle,5,1001,,0,0.91667,1.64403,0.68598,0.11594,1.33634,0.03050,0.00000,0.61364,0.03409,3,5,0.85419,-0.11313,0.84875,503.93644,0.34199,0,0:x-0.119:y-0.433:f0.86:tf11.70:p0.0000:tok1;15:x0.029:y-0.423:f13.14:tf11.70:p0.0292:tok1;30:x0.025:y-0.342:f10.59:tf11.70:p0.0251:tok1;45:x0.025:y-0.206:f11.41:tf11.70:p0.0255:tok1;60:x0.025:y-0.047:f12.04:tf14.18:p0.0246:tok1;75:x0.028:y0.112:f13.43:tf14.18:p0.0279:tok1;90:x0.028:y0.257:f14.63:tf14.18:p0.0281:tok1;95:x0.028:y0.293:f14.94:tf14.18:p0.0282:tok1
ablate_no_force_update,stick_slip_cycle,5,1001,,0,0.90625,2.13253,1.06257,0.15039,1.02218,0.02688,0.00000,0.31034,0.02299,2,5,0.61907,-0.06416,0.67390,420.00000,0.20000,23,0:x-0.103:y-0.424:f0.00:tf11.70:p0.0000:tok1;15:x0.024:y-0.417:f11.23:tf11.70:p0.0245:tok2;30:x0.023:y-0.364:f9.97:tf11.70:p0.0228:tok6;45:x0.022:y-0.284:f9.96:tf11.70:p0.0221:tok6;60:x0.022:y-0.175:f11.11:tf14.18:p0.0224:tok6;75:x0.027:y-0.042:f12.77:tf14.18:p0.0265:tok4;90:x0.027:y0.101:f13.76:tf14.18:p0.0267:tok4;95:x0.027:y0.142:f12.93:tf14.18:p0.0267:tok4
ablate_no_transition_planner,stick_slip_cycle,5,1001,,0,0.90625,3.00054,2.51044,0.21161,0.96707,0.02484,0.00000,0.16092,0.00000,0,10,0.70182,-0.09697,0.66285,506.35717,0.34209,38,0:x-0.112:y-0.436:f0.13:tf11.70:p0.0000:tok1;15:x0.022:y-0.429:f8.96:tf11.70:p0.0220:tok2;30:x0.021:y-0.372:f9.39:tf11.70:p0.0211:tok6;45:x0.022:y-0.278:f10.22:tf11.70:p0.0216:tok4;60:x0.021:y-0.155:f10.07:tf14.18:p0.0207:tok6;75:x0.023:y-0.034:f11.58:tf14.18:p0.0232:tok6;90:x0.024:y0.095:f11.22:tf14.18:p0.0242:tok6;95:x0.024:y0.133:f11.49:tf14.18:p0.0237:tok6
ablate_no_safety_penalty,stick_slip_cycle,5,1001,,0,0.90625,3.05637,2.59209,0.21555,0.96048,0.02366,0.00000,0.05747,0.00000,0,7,0.72890,-0.10490,0.66263,499.72404,0.34205,45,0:x-0.119:y-0.431:f0.58:tf11.70:p0.0000:tok1;15:x0.020:y-0.425:f8.96:tf11.70:p0.0197:tok5;30:x0.022:y-0.366:f9.78:tf11.70:p0.0215:tok6;45:x0.022:y-0.272:f9.66:tf11.70:p0.0216:tok4;60:x0.021:y-0.149:f11.25:tf14.18:p0.0208:tok6;75:x0.023:y-0.027:f11.57:tf14.18:p0.0231:tok6;90:x0.023:y0.096:f11.80:tf14.18:p0.0234:tok4;95:x0.024:y0.132:f11.53:tf14.18:p0.0237:tok2
ablate_no_slip_context,stick_slip_cycle,5,1001,,0,0.90625,2.83320,1.98534,0.19981,0.97017,0.02478,0.00000,0.24138,0.00000,0,5,0.81881,-0.13205,0.66828,512.58236,0.34194,41,0:x-0.118:y-0.426:f0.00:tf11.70:p0.0000:tok1;15:x0.021:y-0.420:f10.18:tf11.70:p0.0208:tok6;30:x0.021:y-0.364:f9.86:tf11.70:p0.0211:tok6;45:x0.022:y-0.272:f10.45:tf11.70:p0.0222:tok6;60:x0.022:y-0.151:f12.14:tf14.18:p0.0217:tok6;75:x0.024:y-0.017:f12.51:tf14.18:p0.0242:tok6;90:x0.024:y0.105:f12.50:tf14.18:p0.0245:tok6;95:x0.024:y0.138:f12.80:tf14.18:p0.0238:tok6
ablate_no_tail_risk_objective,stick_slip_cycle,5,1001,,1,0.90625,1.88509,0.94870,0.13294,1.09608,0.02700,0.00000,0.47126,0.02299,2,5,0.70444,-0.09388,0.75403,507.54448,0.34196,18,0:x-0.115:y-0.439:f0.15:tf11.70:p0.0000:tok1;15:x0.023:y-0.431:f11.47:tf11.70:p0.0234:tok0;30:x0.025:y-0.350:f10.93:tf11.70:p0.0250:tok3;45:x0.024:y-0.234:f11.21:tf11.70:p0.0242:tok3;60:x0.023:y-0.100:f12.04:tf14.18:p0.0231:tok3;75:x0.027:y0.039:f13.48:tf14.18:p0.0268:tok3;90:x0.027:y0.175:f14.20:tf14.18:p0.0268:tok3;95:x0.027:y0.212:f14.06:tf14.18:p0.0266:tok3
ablate_no_calibration_guard,stick_slip_cycle,5,1001,,0,0.90625,2.48136,1.87802,0.17499,1.31712,0.02992,0.00000,0.24138,0.01149,1,5,1.04030,-0.15483,0.67340,505.44917,0.34200,25,0:x-0.121:y-0.437:f0.00:tf11.70:p0.0000:tok1;15:x0.030:y-0.428:f13.06:tf11.70:p0.0297:tok7;30:x0.022:y-0.360:f9.62:tf11.70:p0.0225:tok6;45:x0.023:y-0.270:f10.58:tf11.70:p0.0229:tok6;60:x0.022:y-0.158:f12.49:tf14.18:p0.0219:tok6;75:x0.025:y-0.023:f12.61:tf14.18:p0.0250:tok6;90:x0.025:y0.106:f12.32:tf14.18:p0.0251:tok6;95:x0.024:y0.142:f12.06:tf14.18:p0.0241:tok7
ablate_no_phase_memory,stick_slip_cycle,5,1001,,1,0.90625,2.06651,0.99066,0.14574,1.10946,0.02702,0.00000,0.47126,0.02299,2,5,0.68032,-0.09147,0.75369,499.42950,0.34198,31,0:x-0.110:y-0.425:f0.00:tf11.70:p0.0000:tok1;15:x0.020:y-0.418:f8.64:tf11.70:p0.0205:tok5;30:x0.024:y-0.352:f10.44:tf11.70:p0.0240:tok7;45:x0.024:y-0.236:f9.80:tf11.70:p0.0243:tok3;60:x0.023:y-0.102:f12.04:tf14.18:p0.0233:tok3;75:x0.027:y0.038:f13.26:tf14.18:p0.0267:tok3;90:x0.027:y0.174:f13.24:tf14.18:p0.0268:tok3;95:x0.027:y0.211:f14.17:tf14.18:p0.0270:tok3
impedance_token_policy_v4,stick_slip_cycle,5,1001,,0,0.90625,2.17526,1.65520,0.15341,1.02564,0.02716,0.00000,0.42529,0.00000,0,5,0.81695,-0.10274,0.72662,509.19577,0.34202,65,0:x-0.118:y-0.442:f0.00:tf11.70:p0.0000:tok1;15:x0.023:y-0.436:f10.14:tf11.70:p0.0227:tok7;30:x0.024:y-0.364:f11.67:tf11.70:p0.0243:tok7;45:x0.023:y-0.241:f11.19:tf11.70:p0.0235:tok4;60:x0.022:y-0.111:f11.83:tf14.18:p0.0222:tok4;75:x0.024:y0.019:f12.61:tf14.18:p0.0240:tok4;90:x0.026:y0.146:f13.28:tf14.18:p0.0265:tok2;95:x0.027:y0.187:f13.97:tf14.18:p0.0271:tok0
learned_only_token_replacement,stick_slip_cycle,5,1001,,1,0.89583,2.04497,0.51235,0.14422,1.15277,0.02902,0.00000,0.55814,0.04651,4,5,0.67218,-0.18517,0.80049,506.55495,0.34189,0,0:x-0.124:y-0.420:f0.00:tf11.70:p0.0000:tok-1;15:x0.019:y-0.414:f9.39:tf11.70:p0.0187:tok-1;30:x0.024:y-0.345:f11.45:tf11.70:p0.0242:tok-1;45:x0.026:y-0.220:f12.41:tf11.70:p0.0258:tok-1;60:x0.026:y-0.071:f13.15:tf14.18:p0.0255:tok-1;75:x0.029:y0.078:f14.58:tf14.18:p0.0289:tok-1;90:x0.029:y0.216:f15.14:tf14.18:p0.0290:tok-1;95:x0.029:y0.252:f14.74:tf14.18:p0.0289:tok-1
token_full_v5,stick_slip_cycle,5,1002,,0,0.89583,2.82694,2.40858,0.20228,1.14062,0.02241,0.00000,0.32558,0.02326,2,5,0.69022,-0.09556,0.67399,538.77446,0.35100,37,0:x-0.117:y-0.438:f0.55:tf10.58:p0.0000:tok1;15:x0.020:y-0.432:f9.24:tf10.58:p0.0205:tok6;30:x0.022:y-0.372:f8.13:tf10.58:p0.0219:tok6;45:x0.021:y-0.283:f7.69:tf10.58:p0.0211:tok2;60:x0.018:y-0.160:f9.19:tf10.58:p0.0176:tok4;75:x0.022:y-0.023:f11.57:tf13.98:p0.0216:tok4;90:x0.022:y0.106:f12.15:tf13.98:p0.0220:tok4;95:x0.022:y0.143:f11.59:tf13.98:p0.0219:tok4
ablate_no_memory,stick_slip_cycle,5,1002,,0,0.88542,2.42959,1.08456,0.17385,1.18114,0.02432,0.00000,0.47059,0.02353,2,5,0.48370,-0.05546,0.73648,543.88851,0.35107,5,0:x-0.106:y-0.428:f0.30:tf10.58:p0.0000:tok3;15:x0.018:y-0.424:f8.25:tf10.58:p0.0180:tok0;30:x0.021:y-0.367:f9.03:tf10.58:p0.0215:tok6;45:x0.021:y-0.282:f8.56:tf10.58:p0.0207:tok6;60:x0.020:y-0.150:f10.38:tf10.58:p0.0198:tok3;75:x0.024:y0.006:f12.12:tf13.98:p0.0240:tok3;90:x0.024:y0.156:f13.64:tf13.98:p0.0241:tok3;95:x0.024:y0.196:f12.84:tf13.98:p0.0243:tok3
ablate_no_discrete_tokens,stick_slip_cycle,5,1002,,0,0.91667,1.58237,0.63414,0.11323,1.37616,0.02778,0.00000,0.62500,0.06818,6,5,0.79504,-0.09758,0.84829,544.81179,0.35088,0,0:x-0.118:y-0.438:f0.00:tf10.58:p0.0000:tok1;15:x0.027:y-0.427:f11.51:tf10.58:p0.0273:tok1;30:x0.024:y-0.343:f10.09:tf10.58:p0.0244:tok1;45:x0.025:y-0.206:f9.80:tf10.58:p0.0254:tok1;60:x0.020:y-0.048:f10.89:tf10.58:p0.0203:tok1;75:x0.026:y0.111:f14.30:tf13.98:p0.0260:tok1;90:x0.026:y0.257:f14.32:tf13.98:p0.0256:tok1;95:x0.025:y0.293:f12.90:tf13.98:p0.0253:tok1
ablate_no_force_update,stick_slip_cycle,5,1002,,0,0.89583,2.02977,0.71671,0.14524,1.13040,0.02580,0.00000,0.34884,0.05814,5,5,0.69826,-0.09076,0.68373,420.00000,0.20000,23,0:x-0.119:y-0.421:f0.00:tf10.58:p0.0000:tok1;15:x0.021:y-0.415:f9.02:tf10.58:p0.0213:tok6;30:x0.022:y-0.362:f9.20:tf10.58:p0.0220:tok6;45:x0.021:y-0.280:f10.19:tf10.58:p0.0215:tok4;60:x0.020:y-0.160:f10.68:tf10.58:p0.0195:tok4;75:x0.025:y-0.026:f13.70:tf13.98:p0.0252:tok4;90:x0.026:y0.112:f14.06:tf13.98:p0.0257:tok4;95:x0.026:y0.151:f14.32:tf13.98:p0.0258:tok4
ablate_no_transition_planner,stick_slip_cycle,5,1002,,0,0.89583,2.89279,2.46694,0.20700,1.13608,0.02255,0.00000,0.30233,0.01163,1,6,0.72794,-0.10554,0.66944,541.21285,0.35099,41,0:x-0.120:y-0.440:f0.14:tf10.58:p0.0000:tok1;15:x0.019:y-0.434:f8.73:tf10.58:p0.0194:tok6;30:x0.022:y-0.372:f8.45:tf10.58:p0.0215:tok6;45:x0.022:y-0.280:f8.80:tf10.58:p0.0219:tok4;60:x0.018:y-0.160:f9.56:tf10.58:p0.0179:tok4;75:x0.021:y-0.027:f11.79:tf13.98:p0.0215:tok4;90:x0.022:y0.102:f11.85:tf13.98:p0.0218:tok4;95:x0.022:y0.139:f12.12:tf13.98:p0.0218:tok6
ablate_no_safety_penalty,stick_slip_cycle,5,1002,,0,0.89583,2.75168,2.47804,0.19690,1.13088,0.02250,0.00000,0.32558,0.00000,0,6,0.67934,-0.09334,0.66809,539.37520,0.35102,41,0:x-0.114:y-0.446:f0.00:tf10.58:p0.0000:tok1;15:x0.020:y-0.439:f9.28:tf10.58:p0.0198:tok6;30:x0.021:y-0.378:f8.73:tf10.58:p0.0212:tok6;45:x0.021:y-0.285:f8.23:tf10.58:p0.0212:tok6;60:x0.018:y-0.165:f10.10:tf10.58:p0.0177:tok4;75:x0.021:y-0.029:f11.61:tf13.98:p0.0214:tok4;90:x0.022:y0.101:f11.89:tf13.98:p0.0217:tok4;95:x0.022:y0.138:f11.60:tf13.98:p0.0218:tok6
ablate_no_slip_context,stick_slip_cycle,5,1002,,0,0.89583,2.62353,2.20429,0.18773,1.11175,0.02271,0.00000,0.23256,0.01163,1,6,0.72451,-0.09606,0.66939,537.28593,0.35096,38,0:x-0.108:y-0.422:f0.08:tf10.58:p0.0000:tok1;15:x0.020:y-0.417:f7.87:tf10.58:p0.0199:tok5;30:x0.022:y-0.361:f9.14:tf10.58:p0.0217:tok6;45:x0.022:y-0.270:f8.70:tf10.58:p0.0220:tok6;60:x0.018:y-0.162:f9.75:tf10.58:p0.0180:tok6;75:x0.022:y-0.029:f11.65:tf13.98:p0.0222:tok6;90:x0.023:y0.103:f12.43:tf13.98:p0.0226:tok6;95:x0.022:y0.139:f11.70:tf13.98:p0.0221:tok6
ablate_no_tail_risk_objective,stick_slip_cycle,5,1002,,1,0.89583,1.94242,1.09992,0.13899,1.31018,0.02545,0.00000,0.46512,0.02326,2,5,0.63368,-0.07242,0.75303,539.62170,0.35088,19,0:x-0.109:y-0.434:f0.00:tf10.58:p0.0000:tok1;15:x0.023:y-0.427:f10.54:tf10.58:p0.0229:tok0;30:x0.025:y-0.346:f10.23:tf10.58:p0.0247:tok3;45:x0.024:y-0.231:f9.40:tf10.58:p0.0242:tok3;60:x0.020:y-0.101:f11.34:tf10.58:p0.0200:tok3;75:x0.024:y0.038:f13.79:tf13.98:p0.0238:tok3;90:x0.025:y0.174:f13.57:tf13.98:p0.0245:tok3;95:x0.024:y0.211:f12.91:tf13.98:p0.0245:tok3
ablate_no_calibration_guard,stick_slip_cycle,5,1002,,0,0.90625,2.09745,1.72940,0.15008,1.17502,0.02827,0.00000,0.21839,0.00000,0,5,0.91970,-0.12747,0.68235,553.61964,0.35087,26,0:x-0.115:y-0.439:f0.13:tf10.58:p0.0000:tok1;15:x0.028:y-0.428:f11.27:tf10.58:p0.0283:tok7;30:x0.022:y-0.360:f9.05:tf10.58:p0.0222:tok6;45:x0.022:y-0.262:f9.64:tf10.58:p0.0225:tok6;60:x0.018:y-0.151:f10.06:tf10.58:p0.0180:tok6;75:x0.023:y-0.020:f11.96:tf13.98:p0.0229:tok6;90:x0.022:y0.114:f12.58:tf13.98:p0.0223:tok6;95:x0.023:y0.150:f11.99:tf13.98:p0.0225:tok6
ablate_no_phase_memory,stick_slip_cycle,5,1002,,1,0.89583,2.24963,1.09647,0.16097,1.29712,0.02458,0.00000,0.48837,0.01163,1,5,0.70576,-0.09398,0.75017,538.92484,0.35092,32,0:x-0.119:y-0.427:f0.00:tf10.58:p0.0000:tok1;15:x0.020:y-0.421:f9.62:tf10.58:p0.0201:tok4;30:x0.022:y-0.357:f8.40:tf10.58:p0.0221:tok2;45:x0.024:y-0.245:f10.08:tf10.58:p0.0238:tok3;60:x0.020:y-0.111:f10.12:tf10.58:p0.0197:tok3;75:x0.024:y0.032:f13.42:tf13.98:p0.0240:tok3;90:x0.024:y0.171:f12.95:tf13.98:p0.0243:tok3;95:x0.025:y0.208:f13.50:tf13.98:p0.0246:tok3
impedance_token_policy_v4,stick_slip_cycle,5,1002,,0,0.90625,2.21633,1.82735,0.15859,1.18113,0.02482,0.00000,0.44828,0.02299,2,5,0.71249,-0.07760,0.72017,548.80185,0.35092,65,0:x-0.109:y-0.434:f0.22:tf10.58:p0.0000:tok1;15:x0.021:y-0.428:f8.44:tf10.58:p0.0207:tok7;30:x0.024:y-0.364:f10.81:tf10.58:p0.0240:tok6;45:x0.024:y-0.247:f10.05:tf10.58:p0.0238:tok4;60:x0.018:y-0.117:f10.04:tf10.58:p0.0181:tok4;75:x0.022:y0.012:f12.33:tf13.98:p0.0222:tok4;90:x0.024:y0.141:f12.49:tf13.98:p0.0235:tok7;95:x0.024:y0.182:f13.57:tf13.98:p0.0240:tok0
learned_only_token_replacement,stick_slip_cycle,5,1002,,0,0.89583,2.23723,0.64697,0.16009,1.34343,0.02677,0.00000,0.60465,0.01163,1,5,0.58375,-0.13993,0.79953,542.91053,0.35080,0,0:x-0.113:y-0.441:f0.11:tf10.58:p0.0000:tok-1;15:x0.017:y-0.434:f7.06:tf10.58:p0.0170:tok-1;30:x0.024:y-0.357:f9.44:tf10.58:p0.0238:tok-1;45:x0.026:y-0.224:f10.54:tf10.58:p0.0258:tok-1;60:x0.021:y-0.073:f10.64:tf10.58:p0.0212:tok-1;75:x0.027:y0.076:f14.45:tf13.98:p0.0266:tok-1;90:x0.026:y0.215:f13.40:tf13.98:p0.0264:tok-1;95:x0.026:y0.251:f15.35:tf13.98:p0.0264:tok-1
token_full_v5,stick_slip_cycle,5,1003,,0,0.89583,2.93152,2.68739,0.21850,0.94888,0.02501,0.00000,0.33721,0.00000,0,6,0.73457,-0.10483,0.67303,462.73445,0.33511,33,0:x-0.120:y-0.459:f0.00:tf11.37:p0.0000:tok1;15:x0.021:y-0.452:f8.18:tf11.37:p0.0206:tok5;30:x0.023:y-0.388:f10.04:tf11.37:p0.0226:tok6;45:x0.023:y-0.288:f10.07:tf11.37:p0.0226:tok4;60:x0.023:y-0.159:f9.84:tf11.37:p0.0225:tok4;75:x0.022:y-0.017:f10.49:tf13.42:p0.0216:tok6;90:x0.024:y0.106:f10.39:tf13.42:p0.0240:tok6;95:x0.025:y0.142:f12.09:tf13.42:p0.0250:tok4
ablate_no_memory,stick_slip_cycle,5,1003,,1,0.88542,2.47124,1.10143,0.18419,1.12821,0.02758,0.00000,0.50588,0.00000,0,5,0.55784,-0.09422,0.75419,459.55631,0.33513,9,0:x-0.120:y-0.431:f0.00:tf11.37:p0.0000:tok3;15:x0.019:y-0.427:f9.60:tf11.37:p0.0187:tok0;30:x0.023:y-0.369:f9.38:tf11.37:p0.0230:tok6;45:x0.025:y-0.271:f10.49:tf11.37:p0.0250:tok3;60:x0.026:y-0.129:f11.14:tf11.37:p0.0255:tok3;75:x0.024:y0.028:f10.94:tf13.42:p0.0242:tok3;90:x0.027:y0.173:f12.19:tf13.42:p0.0274:tok3;95:x0.028:y0.212:f12.58:tf13.42:p0.0276:tok3
ablate_no_discrete_tokens,stick_slip_cycle,5,1003,,0,0.91667,1.52406,0.60451,0.11359,1.24800,0.03023,0.00000,0.62500,0.02273,2,5,0.82169,-0.10112,0.85561,462.27405,0.33497,0,0:x-0.115:y-0.440:f0.55:tf11.37:p0.0000:tok1;15:x0.029:y-0.429:f12.53:tf11.37:p0.0294:tok1;30:x0.026:y-0.346:f10.84:tf11.37:p0.0263:tok1;45:x0.027:y-0.208:f11.58:tf11.37:p0.0271:tok1;60:x0.027:y-0.046:f11.07:tf11.37:p0.0268:tok1;75:x0.026:y0.118:f12.52:tf13.42:p0.0260:tok1;90:x0.030:y0.264:f13.68:tf13.42:p0.0297:tok1;95:x0.029:y0.300:f13.65:tf13.42:p0.0291:tok1
ablate_no_force_update,stick_slip_cycle,5,1003,,0,0.90625,2.57568,1.75945,0.19197,1.01896,0.02586,0.00000,0.36782,0.00000,0,5,0.67483,-0.08733,0.69002,420.00000,0.20000,30,0:x-0.112:y-0.422:f0.00:tf11.37:p0.0000:tok1;15:x0.023:y-0.417:f9.25:tf11.37:p0.0228:tok7;30:x0.023:y-0.366:f8.59:tf11.37:p0.0227:tok2;45:x0.023:y-0.280:f10.22:tf11.37:p0.0233:tok6;60:x0.023:y-0.159:f10.16:tf11.37:p0.0226:tok4;75:x0.022:y-0.019:f11.39:tf13.42:p0.0222:tok4;90:x0.026:y0.117:f11.62:tf13.42:p0.0258:tok4;95:x0.026:y0.156:f11.51:tf13.42:p0.0258:tok4
ablate_no_transition_planner,stick_slip_cycle,5,1003,,0,0.89583,2.88934,2.38728,0.21535,0.94894,0.02479,0.00000,0.19767,0.00000,0,8,0.75599,-0.11012,0.67278,469.41632,0.33508,36,0:x-0.122:y-0.436:f0.53:tf11.37:p0.0000:tok1;15:x0.022:y-0.430:f9.11:tf11.37:p0.0217:tok6;30:x0.022:y-0.371:f9.41:tf11.37:p0.0221:tok6;45:x0.023:y-0.275:f9.78:tf11.37:p0.0230:tok4;60:x0.023:y-0.149:f10.01:tf11.37:p0.0225:tok6;75:x0.021:y-0.022:f10.23:tf13.42:p0.0214:tok6;90:x0.024:y0.103:f11.31:tf13.42:p0.0245:tok4;95:x0.024:y0.141:f10.93:tf13.42:p0.0240:tok4
ablate_no_safety_penalty,stick_slip_cycle,5,1003,,0,0.89583,2.93552,2.75767,0.21880,0.95047,0.02496,0.00000,0.30233,0.00000,0,6,0.75433,-0.11151,0.67440,461.30156,0.33509,34,0:x-0.122:y-0.434:f0.46:tf11.37:p0.0000:tok1;15:x0.021:y-0.428:f8.63:tf11.37:p0.0207:tok5;30:x0.023:y-0.370:f9.33:tf11.37:p0.0226:tok6;45:x0.023:y-0.276:f9.22:tf11.37:p0.0225:tok6;60:x0.022:y-0.154:f9.67:tf11.37:p0.0224:tok4;75:x0.021:y-0.016:f10.80:tf13.42:p0.0213:tok6;90:x0.024:y0.107:f10.37:tf13.42:p0.0236:tok6;95:x0.025:y0.143:f11.27:tf13.42:p0.0250:tok4
ablate_no_slip_context,stick_slip_cycle,5,1003,,0,0.90625,2.74051,1.99936,0.20426,0.96793,0.02601,0.00000,0.13793,0.00000,0,5,0.74741,-0.10740,0.67561,462.66698,0.33503,42,0:x-0.112:y-0.436:f0.27:tf11.37:p0.0000:tok1;15:x0.021:y-0.429:f9.03:tf11.37:p0.0213:tok6;30:x0.023:y-0.368:f10.95:tf11.37:p0.0229:tok6;45:x0.023:y-0.269:f10.39:tf11.37:p0.0226:tok6;60:x0.023:y-0.150:f10.05:tf11.37:p0.0228:tok6;75:x0.022:y-0.028:f10.72:tf13.42:p0.0220:tok5;90:x0.025:y0.108:f11.77:tf13.42:p0.0246:tok6;95:x0.025:y0.144:f12.00:tf13.42:p0.0251:tok6
ablate_no_tail_risk_objective,stick_slip_cycle,5,1003,,1,0.90625,1.91573,1.16749,0.14279,1.04418,0.02772,0.00000,0.41379,0.01149,1,5,0.67877,-0.08422,0.76454,458.17894,0.33495,19,0:x-0.112:y-0.421:f0.00:tf11.37:p0.0000:tok1;15:x0.023:y-0.415:f11.34:tf11.37:p0.0230:tok0;30:x0.026:y-0.338:f10.76:tf11.37:p0.0260:tok3;45:x0.026:y-0.225:f10.74:tf11.37:p0.0256:tok3;60:x0.026:y-0.094:f11.66:tf11.37:p0.0259:tok3;75:x0.024:y0.048:f11.87:tf13.42:p0.0242:tok3;90:x0.027:y0.184:f11.61:tf13.42:p0.0273:tok3;95:x0.028:y0.221:f12.94:tf13.42:p0.0277:tok2
ablate_no_calibration_guard,stick_slip_cycle,5,1003,,0,0.90625,2.38581,1.90592,0.17782,1.25907,0.03016,0.00000,0.13793,0.00000,0,5,0.89951,-0.13339,0.67424,466.73762,0.33500,22,0:x-0.117:y-0.438:f0.64:tf11.37:p0.0000:tok1;15:x0.030:y-0.429:f13.48:tf11.37:p0.0302:tok7;30:x0.023:y-0.361:f9.14:tf11.37:p0.0231:tok6;45:x0.024:y-0.265:f9.88:tf11.37:p0.0240:tok6;60:x0.023:y-0.150:f10.15:tf11.37:p0.0231:tok6;75:x0.023:y-0.029:f11.10:tf13.42:p0.0226:tok6;90:x0.025:y0.107:f12.08:tf13.42:p0.0246:tok6;95:x0.025:y0.143:f11.42:tf13.42:p0.0249:tok6
ablate_no_phase_memory,stick_slip_cycle,5,1003,,1,0.89583,2.00878,0.93130,0.14972,1.08738,0.02751,0.00000,0.47674,0.01163,1,5,0.73608,-0.09862,0.76206,466.51389,0.33499,33,0:x-0.119:y-0.426:f0.28:tf11.37:p0.0000:tok1;15:x0.022:y-0.420:f9.38:tf11.37:p0.0220:tok6;30:x0.025:y-0.354:f9.83:tf11.37:p0.0249:tok4;45:x0.025:y-0.239:f9.68:tf11.37:p0.0254:tok3;60:x0.026:y-0.102:f10.57:tf11.37:p0.0259:tok3;75:x0.025:y0.043:f11.55:tf13.42:p0.0246:tok3;90:x0.027:y0.182:f13.51:tf13.42:p0.0274:tok3;95:x0.027:y0.218:f12.53:tf13.42:p0.0272:tok1
impedance_token_policy_v4,stick_slip_cycle,5,1003,,0,0.89583,2.28705,1.47755,0.17046,1.02172,0.02911,0.00000,0.58140,0.02326,2,5,0.73556,-0.08475,0.72085,465.42390,0.33508,51,0:x-0.120:y-0.445:f0.00:tf11.37:p0.0000:tok1;15:x0.024:y-0.439:f9.39:tf11.37:p0.0235:tok7;30:x0.026:y-0.372:f10.67:tf11.37:p0.0255:tok6;45:x0.025:y-0.255:f10.93:tf11.37:p0.0245:tok4;60:x0.023:y-0.126:f9.49:tf11.37:p0.0230:tok4;75:x0.022:y0.005:f10.43:tf13.42:p0.0218:tok4;90:x0.027:y0.139:f12.56:tf13.42:p0.0267:tok7;95:x0.029:y0.181:f13.52:tf13.42:p0.0291:tok7
learned_only_token_replacement,stick_slip_cycle,5,1003,,1,0.89583,2.13620,0.41776,0.15922,1.14648,0.03013,0.00000,0.59302,0.01163,1,5,0.65793,-0.16909,0.81108,456.95747,0.33491,0,0:x-0.120:y-0.435:f0.03:tf11.37:p0.0000:tok-1;15:x0.018:y-0.428:f8.56:tf11.37:p0.0180:tok-1;30:x0.025:y-0.353:f10.80:tf11.37:p0.0248:tok-1;45:x0.026:y-0.224:f11.60:tf11.37:p0.0265:tok-1;60:x0.028:y-0.071:f12.32:tf11.37:p0.0277:tok-1;75:x0.026:y0.085:f11.51:tf13.42:p0.0261:tok-1;90:x0.030:y0.225:f13.88:tf13.42:p0.0298:tok-1;95:x0.030:y0.261:f13.30:tf13.42:p0.0301:tok-1
token_full_v5,stick_slip_cycle,6,1000,,0,0.90625,3.11798,2.83941,0.21844,0.95696,0.02712,0.00000,0.26437,0.00000,0,8,0.75684,-0.11716,0.67359,449.14193,0.36774,39,0:x-0.118:y-0.424:f0.89:tf11.93:p0.0000:tok1;15:x0.022:y-0.418:f9.60:tf11.93:p0.0221:tok6;30:x0.023:y-0.360:f10.55:tf11.93:p0.0235:tok6;45:x0.023:y-0.271:f9.26:tf11.93:p0.0228:tok2;60:x0.023:y-0.148:f9.95:tf11.93:p0.0227:tok4;75:x0.023:y-0.017:f11.30:tf14.27:p0.0235:tok6;90:x0.026:y0.106:f11.69:tf14.27:p0.0261:tok6;95:x0.027:y0.142:f11.69:tf14.27:p0.0271:tok6
ablate_no_memory,stick_slip_cycle,6,1000,,1,0.89583,2.58958,1.28501,0.18142,1.03433,0.03011,0.00000,0.45349,0.00000,0,5,0.52523,-0.08388,0.74045,448.48514,0.36780,11,0:x-0.111:y-0.418:f0.00:tf11.93:p0.0000:tok3;15:x0.021:y-0.414:f10.10:tf11.93:p0.0212:tok0;30:x0.023:y-0.362:f8.86:tf11.93:p0.0230:tok2;45:x0.023:y-0.268:f9.87:tf11.93:p0.0234:tok6;60:x0.026:y-0.136:f12.05:tf11.93:p0.0256:tok3;75:x0.028:y0.016:f12.71:tf14.27:p0.0277:tok3;90:x0.030:y0.161:f13.57:tf14.27:p0.0299:tok3;95:x0.030:y0.200:f13.82:tf14.27:p0.0301:tok3
ablate_no_discrete_tokens,stick_slip_cycle,6,1000,,1,0.91667,1.57550,0.54878,0.11038,1.23977,0.03195,0.00000,0.59091,0.02273,2,5,0.80542,-0.10427,0.84759,445.60186,0.36765,0,0:x-0.113:y-0.424:f0.00:tf11.93:p0.0000:tok1;15:x0.031:y-0.414:f13.00:tf11.93:p0.0305:tok1;30:x0.027:y-0.337:f11.65:tf11.93:p0.0271:tok1;45:x0.028:y-0.204:f12.84:tf11.93:p0.0280:tok1;60:x0.027:y-0.045:f11.92:tf11.93:p0.0270:tok1;75:x0.030:y0.113:f13.60:tf14.27:p0.0297:tok1;90:x0.032:y0.257:f13.90:tf14.27:p0.0317:tok1;95:x0.032:y0.293:f14.02:tf14.27:p0.0320:tok1
ablate_no_force_update,stick_slip_cycle,6,1000,,0,0.89583,2.85509,2.40789,0.20002,0.99120,0.02770,0.00000,0.32558,0.00000,0,5,0.77059,-0.11653,0.66915,420.00000,0.20000,27,0:x-0.125:y-0.424:f0.00:tf11.93:p0.0000:tok1;15:x0.024:y-0.419:f10.50:tf11.93:p0.0235:tok7;30:x0.024:y-0.365:f10.93:tf11.93:p0.0240:tok6;45:x0.024:y-0.280:f9.73:tf11.93:p0.0236:tok6;60:x0.023:y-0.167:f10.30:tf11.93:p0.0234:tok4;75:x0.025:y-0.032:f11.45:tf14.27:p0.0247:tok6;90:x0.028:y0.099:f13.12:tf14.27:p0.0276:tok4;95:x0.028:y0.138:f11.97:tf14.27:p0.0277:tok4
ablate_no_transition_planner,stick_slip_cycle,6,1000,,0,0.90625,3.04643,2.70202,0.21343,0.95765,0.02761,0.00000,0.34483,0.00000,0,5,0.66389,-0.08743,0.67653,445.15085,0.36777,37,0:x-0.105:y-0.434:f0.00:tf11.93:p0.0000:tok1;15:x0.023:y-0.426:f10.31:tf11.93:p0.0226:tok4;30:x0.024:y-0.366:f10.01:tf11.93:p0.0236:tok6;45:x0.024:y-0.276:f10.03:tf11.93:p0.0236:tok4;60:x0.022:y-0.153:f10.18:tf11.93:p0.0224:tok4;75:x0.025:y-0.020:f12.36:tf14.27:p0.0253:tok4;90:x0.027:y0.109:f11.86:tf14.27:p0.0266:tok4;95:x0.028:y0.145:f12.05:tf14.27:p0.0276:tok4
ablate_no_safety_penalty,stick_slip_cycle,6,1000,,0,0.89583,3.16033,2.94906,0.22141,0.92246,0.02674,0.00000,0.12791,0.00000,0,11,0.75422,-0.12123,0.65567,456.76442,0.36769,42,0:x-0.123:y-0.419:f0.06:tf11.93:p0.0000:tok1;15:x0.022:y-0.414:f9.82:tf11.93:p0.0218:tok7;30:x0.024:y-0.359:f9.89:tf11.93:p0.0238:tok6;45:x0.024:y-0.269:f10.17:tf11.93:p0.0236:tok6;60:x0.023:y-0.153:f9.84:tf11.93:p0.0226:tok4;75:x0.024:y-0.025:f9.97:tf14.27:p0.0238:tok6;90:x0.026:y0.092:f11.94:tf14.27:p0.0259:tok4;95:x0.027:y0.127:f13.13:tf14.27:p0.0267:tok4
ablate_no_slip_context,stick_slip_cycle,6,1000,,0,0.90625,2.88917,2.18838,0.20241,0.97548,0.02836,0.00000,0.18391,0.00000,0,5,0.84799,-0.12347,0.68430,447.94930,0.36776,45,0:x-0.113:y-0.431:f0.00:tf11.93:p0.0000:tok1;15:x0.022:y-0.425:f9.72:tf11.93:p0.0225:tok6;30:x0.024:y-0.365:f10.48:tf11.93:p0.0235:tok6;45:x0.024:y-0.268:f9.54:tf11.93:p0.0243:tok6;60:x0.023:y-0.150:f10.82:tf11.93:p0.0230:tok6;75:x0.026:y-0.023:f11.54:tf14.27:p0.0258:tok2;90:x0.028:y0.115:f12.33:tf14.27:p0.0279:tok6;95:x0.028:y0.152:f12.87:tf14.27:p0.0284:tok6
ablate_no_tail_risk_objective,stick_slip_cycle,6,1000,,1,0.89583,1.95620,1.26144,0.13705,1.04272,0.02971,0.00000,0.44186,0.00000,0,5,0.77729,-0.11182,0.75404,452.83237,0.36765,22,0:x-0.124:y-0.426:f0.07:tf11.93:p0.0000:tok1;15:x0.025:y-0.420:f12.00:tf11.93:p0.0246:tok7;30:x0.027:y-0.343:f11.38:tf11.93:p0.0270:tok3;45:x0.026:y-0.229:f11.05:tf11.93:p0.0264:tok3;60:x0.026:y-0.097:f12.44:tf11.93:p0.0258:tok3;75:x0.028:y0.041:f12.54:tf14.27:p0.0277:tok3;90:x0.030:y0.175:f13.73:tf14.27:p0.0297:tok3;95:x0.030:y0.211:f13.33:tf14.27:p0.0297:tok2
ablate_no_calibration_guard,stick_slip_cycle,6,1000,,0,0.90625,2.53278,2.16789,0.17744,1.25536,0.03101,0.00000,0.16092,0.02299,2,5,1.12994,-0.17357,0.67514,451.02600,0.36767,27,0:x-0.129:y-0.433:f0.00:tf11.93:p0.0000:tok1;15:x0.031:y-0.423:f12.65:tf11.93:p0.0310:tok7;30:x0.024:y-0.357:f9.99:tf11.93:p0.0241:tok6;45:x0.025:y-0.262:f10.82:tf11.93:p0.0252:tok6;60:x0.023:y-0.148:f9.32:tf11.93:p0.0233:tok7;75:x0.026:y-0.021:f11.82:tf14.27:p0.0264:tok6;90:x0.027:y0.107:f12.22:tf14.27:p0.0272:tok6;95:x0.028:y0.143:f11.71:tf14.27:p0.0276:tok7
ablate_no_phase_memory,stick_slip_cycle,6,1000,,1,0.90625,2.16621,1.09930,0.15176,1.04403,0.02994,0.00000,0.44828,0.01149,1,5,0.70731,-0.10261,0.75220,454.66103,0.36762,37,0:x-0.113:y-0.407:f0.28:tf11.93:p0.0000:tok1;15:x0.023:y-0.400:f9.23:tf11.93:p0.0227:tok2;30:x0.025:y-0.343:f10.52:tf11.93:p0.0255:tok0;45:x0.027:y-0.234:f11.53:tf11.93:p0.0267:tok3;60:x0.026:y-0.100:f12.13:tf11.93:p0.0262:tok3;75:x0.028:y0.039:f12.81:tf14.27:p0.0283:tok3;90:x0.030:y0.174:f13.07:tf14.27:p0.0299:tok3;95:x0.030:y0.210:f14.24:tf14.27:p0.0299:tok4
impedance_token_policy_v4,stick_slip_cycle,6,1000,,0,0.90625,2.48746,1.82858,0.17427,1.04504,0.02996,0.00000,0.41379,0.00000,0,5,0.77254,-0.09423,0.72393,460.43943,0.36770,67,0:x-0.113:y-0.430:f0.29:tf11.93:p0.0000:tok1;15:x0.022:y-0.423:f8.37:tf11.93:p0.0220:tok5;30:x0.025:y-0.356:f11.06:tf11.93:p0.0249:tok2;45:x0.026:y-0.244:f11.55:tf11.93:p0.0259:tok4;60:x0.024:y-0.114:f10.75:tf11.93:p0.0241:tok4;75:x0.026:y0.016:f11.54:tf14.27:p0.0256:tok4;90:x0.029:y0.144:f13.61:tf14.27:p0.0285:tok0;95:x0.030:y0.185:f14.28:tf14.27:p0.0300:tok1
learned_only_token_replacement,stick_slip_cycle,6,1000,,1,0.90625,2.21611,0.65380,0.15526,1.10507,0.03281,0.00000,0.57471,0.02299,2,5,0.60735,-0.15410,0.79941,456.22162,0.36755,0,0:x-0.113:y-0.436:f0.00:tf11.93:p0.0000:tok-1;15:x0.018:y-0.429:f8.72:tf11.93:p0.0177:tok-1;30:x0.025:y-0.354:f11.00:tf11.93:p0.0253:tok-1;45:x0.028:y-0.224:f12.19:tf11.93:p0.0279:tok-1;60:x0.027:y-0.072:f12.68:tf11.93:p0.0274:tok-1;75:x0.031:y0.078:f13.98:tf14.27:p0.0310:tok-1;90:x0.033:y0.216:f15.14:tf14.27:p0.0327:tok-1;95:x0.033:y0.251:f15.25:tf14.27:p0.0328:tok-1
token_full_v5,stick_slip_cycle,6,1001,,0,0.90625,3.06029,2.70046,0.20830,0.92646,0.02769,0.00000,0.18391,0.00000,0,5,0.66904,-0.09055,0.67207,456.57369,0.35148,53,0:x-0.107:y-0.428:f0.79:tf11.40:p0.0000:tok1;15:x0.020:y-0.421:f8.93:tf11.40:p0.0200:tok7;30:x0.022:y-0.362:f9.39:tf11.40:p0.0220:tok6;45:x0.022:y-0.267:f10.37:tf11.40:p0.0223:tok4;60:x0.022:y-0.146:f8.86:tf11.40:p0.0216:tok6;75:x0.026:y-0.017:f12.41:tf14.69:p0.0264:tok4;90:x0.027:y0.105:f11.96:tf14.69:p0.0266:tok6;95:x0.028:y0.141:f12.71:tf14.69:p0.0276:tok4
ablate_no_memory,stick_slip_cycle,6,1001,,1,0.88542,2.52330,1.36851,0.17175,1.01680,0.03067,0.00000,0.45882,0.02353,2,5,0.53258,-0.07940,0.74039,455.14341,0.35162,9,0:x-0.113:y-0.433:f0.45:tf11.40:p0.0000:tok3;15:x0.019:y-0.429:f9.94:tf11.40:p0.0195:tok0;30:x0.022:y-0.370:f9.67:tf11.40:p0.0221:tok6;45:x0.021:y-0.278:f9.58:tf11.40:p0.0213:tok6;60:x0.024:y-0.144:f10.24:tf11.40:p0.0237:tok3;75:x0.029:y0.013:f13.68:tf14.69:p0.0294:tok3;90:x0.031:y0.160:f13.23:tf14.69:p0.0306:tok3;95:x0.031:y0.199:f14.36:tf14.69:p0.0306:tok3
ablate_no_discrete_tokens,stick_slip_cycle,6,1001,,0,0.91667,1.56785,0.59711,0.10672,1.30336,0.03235,0.00000,0.60227,0.05682,5,5,0.81939,-0.10567,0.84947,454.25428,0.35144,0,0:x-0.116:y-0.435:f0.42:tf11.40:p0.0000:tok1;15:x0.028:y-0.425:f11.77:tf11.40:p0.0283:tok1;30:x0.025:y-0.343:f10.34:tf11.40:p0.0251:tok1;45:x0.026:y-0.207:f11.87:tf11.40:p0.0260:tok1;60:x0.026:y-0.046:f10.87:tf11.40:p0.0255:tok1;75:x0.032:y0.114:f14.46:tf14.69:p0.0320:tok1;90:x0.032:y0.259:f14.30:tf14.69:p0.0321:tok1;95:x0.032:y0.294:f15.38:tf14.69:p0.0324:tok1
ablate_no_force_update,stick_slip_cycle,6,1001,,0,0.90625,2.64659,2.13473,0.18014,1.01164,0.02946,0.00000,0.37931,0.01149,1,5,0.70841,-0.08191,0.68342,420.00000,0.20000,30,0:x-0.109:y-0.443:f0.05:tf11.40:p0.0000:tok1;15:x0.022:y-0.437:f10.26:tf11.40:p0.0222:tok7;30:x0.022:y-0.379:f9.64:tf11.40:p0.0223:tok6;45:x0.022:y-0.294:f9.14:tf11.40:p0.0217:tok6;60:x0.022:y-0.179:f8.86:tf11.40:p0.0224:tok6;75:x0.029:y-0.039:f14.33:tf14.69:p0.0290:tok4;90:x0.029:y0.110:f13.09:tf14.69:p0.0286:tok4;95:x0.029:y0.150:f12.31:tf14.69:p0.0286:tok4
ablate_no_transition_planner,stick_slip_cycle,6,1001,,0,0.90625,3.12500,2.85354,0.21271,0.94202,0.02722,0.00000,0.24138,0.00000,0,7,0.69467,-0.10671,0.67233,451.99668,0.35150,41,0:x-0.113:y-0.426:f0.09:tf11.40:p0.0000:tok1;15:x0.019:y-0.421:f8.36:tf11.40:p0.0195:tok5;30:x0.022:y-0.364:f9.39:tf11.40:p0.0219:tok6;45:x0.022:y-0.271:f10.11:tf11.40:p0.0223:tok4;60:x0.022:y-0.147:f9.86:tf11.40:p0.0219:tok4;75:x0.027:y-0.017:f11.38:tf14.69:p0.0269:tok6;90:x0.027:y0.107:f12.47:tf14.69:p0.0271:tok4;95:x0.027:y0.142:f12.88:tf14.69:p0.0272:tok6
ablate_no_safety_penalty,stick_slip_cycle,6,1001,,0,0.90625,3.25429,3.14100,0.22151,0.98397,0.02778,0.00000,0.22989,0.00000,0,8,0.71094,-0.10563,0.65374,445.75079,0.35151,33,0:x-0.114:y-0.436:f0.14:tf11.40:p0.0000:tok1;15:x0.020:y-0.429:f9.07:tf11.40:p0.0202:tok6;30:x0.021:y-0.371:f9.88:tf11.40:p0.0208:tok6;45:x0.021:y-0.281:f9.71:tf11.40:p0.0210:tok6;60:x0.021:y-0.164:f9.54:tf11.40:p0.0214:tok4;75:x0.025:y-0.028:f11.29:tf14.69:p0.0254:tok6;90:x0.027:y0.090:f12.46:tf14.69:p0.0266:tok6;95:x0.028:y0.125:f11.55:tf14.69:p0.0277:tok6
ablate_no_slip_context,stick_slip_cycle,6,1001,,0,0.90625,2.94135,2.15551,0.20021,0.95090,0.02904,0.00000,0.26437,0.00000,0,5,0.82287,-0.12316,0.68216,444.77117,0.35147,44,0:x-0.113:y-0.414:f0.14:tf11.40:p0.0000:tok1;15:x0.019:y-0.409:f8.08:tf11.40:p0.0191:tok5;30:x0.021:y-0.356:f9.64:tf11.40:p0.0210:tok6;45:x0.022:y-0.267:f9.65:tf11.40:p0.0216:tok6;60:x0.022:y-0.151:f9.95:tf11.40:p0.0222:tok6;75:x0.028:y-0.015:f12.60:tf14.69:p0.0278:tok6;90:x0.029:y0.115:f12.33:tf14.69:p0.0288:tok6;95:x0.029:y0.150:f12.74:tf14.69:p0.0289:tok6
ablate_no_tail_risk_objective,stick_slip_cycle,6,1001,,1,0.90625,1.92775,1.26049,0.13122,1.04591,0.03048,0.00000,0.41379,0.01149,1,5,0.62083,-0.07118,0.75696,454.68367,0.35140,20,0:x-0.104:y-0.417:f0.13:tf11.40:p0.0000:tok1;15:x0.023:y-0.410:f11.03:tf11.40:p0.0226:tok7;30:x0.025:y-0.335:f11.56:tf11.40:p0.0255:tok3;45:x0.025:y-0.224:f10.25:tf11.40:p0.0247:tok3;60:x0.024:y-0.094:f11.53:tf11.40:p0.0243:tok3;75:x0.030:y0.045:f13.12:tf14.69:p0.0295:tok3;90:x0.030:y0.178:f14.01:tf14.69:p0.0304:tok3;95:x0.030:y0.214:f13.48:tf14.69:p0.0304:tok2
ablate_no_calibration_guard,stick_slip_cycle,6,1001,,0,0.90625,2.49466,1.97320,0.16980,1.32110,0.02958,0.00000,0.25287,0.04598,4,5,1.06140,-0.15393,0.68979,450.26840,0.35149,28,0:x-0.117:y-0.439:f0.00:tf11.40:p0.0000:tok1;15:x0.029:y-0.429:f12.16:tf11.40:p0.0288:tok7;30:x0.022:y-0.361:f9.58:tf11.40:p0.0224:tok6;45:x0.023:y-0.270:f9.00:tf11.40:p0.0227:tok6;60:x0.022:y-0.157:f10.36:tf11.40:p0.0225:tok6;75:x0.029:y-0.011:f12.26:tf14.69:p0.0288:tok6;90:x0.028:y0.120:f12.51:tf14.69:p0.0276:tok7;95:x0.029:y0.156:f12.75:tf14.69:p0.0293:tok6
ablate_no_phase_memory,stick_slip_cycle,6,1001,,1,0.90625,2.19821,1.35621,0.14963,1.02998,0.03089,0.00000,0.47126,0.01149,1,5,0.72315,-0.10372,0.75414,452.75177,0.35144,34,0:x-0.116:y-0.428:f0.00:tf11.40:p0.0000:tok1;15:x0.019:y-0.423:f8.95:tf11.40:p0.0190:tok7;30:x0.023:y-0.356:f9.98:tf11.40:p0.0229:tok2;45:x0.024:y-0.240:f10.51:tf11.40:p0.0240:tok3;60:x0.024:y-0.103:f10.78:tf11.40:p0.0238:tok3;75:x0.030:y0.039:f12.71:tf14.69:p0.0297:tok3;90:x0.031:y0.175:f14.14:tf14.69:p0.0307:tok3;95:x0.031:y0.212:f14.15:tf14.69:p0.0307:tok4
impedance_token_policy_v4,stick_slip_cycle,6,1001,,0,0.90625,2.44401,1.96722,0.16636,1.06252,0.03339,0.00000,0.43678,0.01149,1,6,0.69198,-0.07408,0.73005,452.59536,0.35149,66,0:x-0.105:y-0.431:f0.00:tf11.40:p0.0000:tok1;15:x0.021:y-0.424:f8.96:tf11.40:p0.0207:tok7;30:x0.024:y-0.359:f9.68:tf11.40:p0.0239:tok6;45:x0.024:y-0.242:f10.51:tf11.40:p0.0236:tok4;60:x0.022:y-0.113:f10.01:tf11.40:p0.0219:tok4;75:x0.027:y0.020:f12.48:tf14.69:p0.0274:tok4;90:x0.031:y0.148:f15.02:tf14.69:p0.0308:tok1;95:x0.033:y0.190:f14.51:tf14.69:p0.0334:tok5
learned_only_token_replacement,stick_slip_cycle,6,1001,,1,0.89583,2.01740,0.80818,0.13732,1.09059,0.03392,0.00000,0.56977,0.04651,4,5,0.61360,-0.15614,0.80310,452.23927,0.35136,0,0:x-0.115:y-0.428:f0.13:tf11.40:p0.0000:tok-1;15:x0.018:y-0.422:f8.39:tf11.40:p0.0180:tok-1;30:x0.024:y-0.350:f9.97:tf11.40:p0.0242:tok-1;45:x0.026:y-0.222:f10.89:tf11.40:p0.0256:tok-1;60:x0.026:y-0.071:f12.21:tf11.40:p0.0258:tok-1;75:x0.032:y0.081:f14.31:tf14.69:p0.0322:tok-1;90:x0.034:y0.219:f15.87:tf14.69:p0.0337:tok-1;95:x0.034:y0.254:f15.39:tf14.69:p0.0336:tok-1
token_full_v5,stick_slip_cycle,6,1002,,0,0.90625,2.93503,2.31972,0.21473,0.93352,0.02451,0.00000,0.24138,0.00000,0,7,0.71724,-0.10830,0.67349,482.07877,0.36315,37,0:x-0.116:y-0.419:f0.92:tf11.63:p0.0000:tok1;15:x0.021:y-0.414:f9.17:tf11.63:p0.0212:tok6;30:x0.022:y-0.360:f9.38:tf11.63:p0.0218:tok6;45:x0.021:y-0.274:f8.79:tf11.63:p0.0214:tok2;60:x0.021:y-0.153:f9.57:tf11.63:p0.0211:tok4;75:x0.024:y-0.024:f11.79:tf13.67:p0.0243:tok4;90:x0.024:y0.106:f11.46:tf13.67:p0.0240:tok4;95:x0.024:y0.142:f11.70:tf13.67:p0.0238:tok6
ablate_no_memory,stick_slip_cycle,6,1002,,0,0.89583,2.52687,0.96973,0.18487,1.01738,0.02734,0.00000,0.43023,0.00000,0,5,0.53059,-0.07618,0.73048,476.85128,0.36324,10,0:x-0.112:y-0.431:f0.00:tf11.63:p0.0000:tok3;15:x0.019:y-0.427:f9.19:tf11.63:p0.0194:tok0;30:x0.022:y-0.368:f9.83:tf11.63:p0.0225:tok6;45:x0.022:y-0.276:f9.49:tf11.63:p0.0220:tok6;60:x0.023:y-0.155:f10.70:tf11.63:p0.0232:tok3;75:x0.027:y-0.001:f12.32:tf13.67:p0.0269:tok3;90:x0.027:y0.150:f12.56:tf13.67:p0.0271:tok3;95:x0.027:y0.191:f13.46:tf13.67:p0.0273:tok3
ablate_no_discrete_tokens,stick_slip_cycle,6,1002,,1,0.91667,1.51924,0.38824,0.11115,1.25907,0.03010,0.00000,0.59091,0.04545,4,5,0.88650,-0.12371,0.84653,479.98638,0.36306,0,0:x-0.124:y-0.422:f0.00:tf11.63:p0.0000:tok1;15:x0.029:y-0.413:f12.43:tf11.63:p0.0291:tok1;30:x0.026:y-0.337:f11.70:tf11.63:p0.0259:tok1;45:x0.026:y-0.205:f11.72:tf11.63:p0.0262:tok1;60:x0.025:y-0.049:f12.08:tf11.63:p0.0250:tok1;75:x0.028:y0.110:f13.56:tf13.67:p0.0284:tok1;90:x0.029:y0.255:f13.78:tf13.67:p0.0285:tok1;95:x0.028:y0.292:f13.82:tf13.67:p0.0285:tok1
ablate_no_force_update,stick_slip_cycle,6,1002,,0,0.90625,2.27759,1.25713,0.16663,1.04938,0.02626,0.00000,0.37931,0.00000,0,5,0.69094,-0.09054,0.68670,420.00000,0.20000,25,0:x-0.112:y-0.435:f0.39:tf11.63:p0.0000:tok1;15:x0.023:y-0.429:f9.57:tf11.63:p0.0227:tok7;30:x0.023:y-0.374:f9.65:tf11.63:p0.0229:tok6;45:x0.024:y-0.283:f9.84:tf11.63:p0.0235:tok4;60:x0.022:y-0.158:f10.71:tf11.63:p0.0221:tok4;75:x0.026:y-0.024:f12.15:tf13.67:p0.0258:tok4;90:x0.026:y0.114:f12.91:tf13.67:p0.0263:tok4;95:x0.026:y0.153:f13.48:tf13.67:p0.0260:tok4
ablate_no_transition_planner,stick_slip_cycle,6,1002,,0,0.90625,2.92774,2.24514,0.21420,0.93896,0.02454,0.00000,0.29885,0.00000,0,6,0.68360,-0.09466,0.66979,483.00303,0.36319,38,0:x-0.111:y-0.445:f0.07:tf11.63:p0.0000:tok1;15:x0.021:y-0.438:f9.02:tf11.63:p0.0207:tok5;30:x0.022:y-0.380:f9.54:tf11.63:p0.0215:tok6;45:x0.022:y-0.284:f9.67:tf11.63:p0.0220:tok6;60:x0.021:y-0.164:f9.36:tf11.63:p0.0213:tok4;75:x0.024:y-0.031:f12.47:tf13.67:p0.0243:tok4;90:x0.024:y0.102:f11.49:tf13.67:p0.0239:tok4;95:x0.024:y0.139:f11.72:tf13.67:p0.0239:tok4
ablate_no_safety_penalty,stick_slip_cycle,6,1002,,0,0.90625,2.96460,2.40224,0.21690,0.98996,0.02433,0.00000,0.16092,0.00000,0,6,0.70656,-0.09721,0.67531,478.52994,0.36315,41,0:x-0.112:y-0.425:f0.00:tf11.63:p0.0000:tok1;15:x0.020:y-0.420:f9.20:tf11.63:p0.0203:tok7;30:x0.022:y-0.367:f9.01:tf11.63:p0.0215:tok2;45:x0.022:y-0.269:f9.65:tf11.63:p0.0222:tok4;60:x0.021:y-0.147:f10.63:tf11.63:p0.0210:tok4;75:x0.023:y-0.023:f10.49:tf13.67:p0.0230:tok7;90:x0.024:y0.108:f11.32:tf13.67:p0.0237:tok4;95:x0.024:y0.143:f11.09:tf13.67:p0.0238:tok2
ablate_no_slip_context,stick_slip_cycle,6,1002,,0,0.90625,2.77340,1.94630,0.20291,0.95091,0.02510,0.00000,0.19540,0.00000,0,5,0.72028,-0.09582,0.66370,482.86747,0.36308,41,0:x-0.105:y-0.433:f0.00:tf11.63:p0.0000:tok1;15:x0.022:y-0.425:f10.16:tf11.63:p0.0220:tok6;30:x0.022:y-0.366:f9.75:tf11.63:p0.0222:tok6;45:x0.023:y-0.270:f9.76:tf11.63:p0.0231:tok6;60:x0.021:y-0.161:f9.82:tf11.63:p0.0212:tok6;75:x0.024:y-0.033:f11.25:tf13.67:p0.0242:tok6;90:x0.025:y0.098:f12.50:tf13.67:p0.0251:tok6;95:x0.024:y0.134:f10.91:tf13.67:p0.0242:tok2
ablate_no_tail_risk_objective,stick_slip_cycle,6,1002,,1,0.90625,1.88852,0.92476,0.13817,1.09086,0.02702,0.00000,0.39080,0.01149,1,5,0.69339,-0.08948,0.75272,481.51366,0.36302,20,0:x-0.114:y-0.415:f0.17:tf11.63:p0.0000:tok1;15:x0.022:y-0.410:f9.86:tf11.63:p0.0224:tok7;30:x0.026:y-0.336:f11.28:tf11.63:p0.0257:tok3;45:x0.025:y-0.224:f10.87:tf11.63:p0.0250:tok3;60:x0.024:y-0.097:f11.62:tf11.63:p0.0237:tok3;75:x0.026:y0.039:f13.04:tf13.67:p0.0264:tok3;90:x0.027:y0.174:f12.50:tf13.67:p0.0267:tok3;95:x0.027:y0.210:f13.21:tf13.67:p0.0270:tok2
ablate_no_calibration_guard,stick_slip_cycle,6,1002,,0,0.90625,2.41559,1.91636,0.17673,1.28548,0.02963,0.00000,0.12644,0.04598,4,5,0.93149,-0.13931,0.66470,480.73258,0.36304,21,0:x-0.119:y-0.422:f0.09:tf11.63:p0.0000:tok1;15:x0.030:y-0.413:f12.21:tf11.63:p0.0296:tok7;30:x0.023:y-0.352:f9.59:tf11.63:p0.0234:tok6;45:x0.024:y-0.261:f9.88:tf11.63:p0.0243:tok6;60:x0.021:y-0.154:f10.95:tf11.63:p0.0211:tok6;75:x0.024:y-0.031:f11.27:tf13.67:p0.0238:tok6;90:x0.026:y0.097:f12.58:tf13.67:p0.0257:tok6;95:x0.025:y0.134:f12.56:tf13.67:p0.0247:tok7
ablate_no_phase_memory,stick_slip_cycle,6,1002,,1,0.89583,2.02467,0.92547,0.14813,1.06415,0.02747,0.00000,0.47674,0.01163,1,5,0.77720,-0.11541,0.74946,476.39446,0.36307,29,0:x-0.124:y-0.429:f0.06:tf11.63:p0.0000:tok1;15:x0.020:y-0.423:f8.46:tf11.63:p0.0205:tok5;30:x0.023:y-0.357:f11.53:tf11.63:p0.0235:tok2;45:x0.025:y-0.241:f10.64:tf11.63:p0.0249:tok3;60:x0.024:y-0.107:f10.83:tf11.63:p0.0237:tok3;75:x0.027:y0.034:f12.66:tf13.67:p0.0270:tok3;90:x0.027:y0.171:f13.28:tf13.67:p0.0275:tok3;95:x0.027:y0.208:f12.31:tf13.67:p0.0271:tok3
impedance_token_policy_v4,stick_slip_cycle,6,1002,,0,0.90625,2.22119,1.72872,0.16251,1.02551,0.02739,0.00000,0.37931,0.01149,1,5,0.77014,-0.08811,0.72385,480.33141,0.36310,72,0:x-0.109:y-0.420:f0.16:tf11.63:p0.0000:tok1;15:x0.023:y-0.413:f10.44:tf11.63:p0.0230:tok7;30:x0.025:y-0.352:f10.34:tf11.63:p0.0246:tok2;45:x0.024:y-0.243:f10.76:tf11.63:p0.0241:tok2;60:x0.022:y-0.113:f10.71:tf11.63:p0.0218:tok4;75:x0.025:y0.017:f11.14:tf13.67:p0.0245:tok4;90:x0.025:y0.144:f12.75:tf13.67:p0.0253:tok2;95:x0.027:y0.185:f12.63:tf13.67:p0.0270:tok7
learned_only_token_replacement,stick_slip_cycle,6,1002,,1,0.90625,2.11812,0.56109,0.15497,1.17483,0.02990,0.00000,0.58621,0.03448,3,5,0.56711,-0.13499,0.79849,477.84007,0.36296,0,0:x-0.108:y-0.435:f0.28:tf11.63:p0.0000:tok-1;15:x0.018:y-0.429:f7.97:tf11.63:p0.0181:tok-1;30:x0.024:y-0.354:f10.88:tf11.63:p0.0245:tok-1;45:x0.026:y-0.225:f10.87:tf11.63:p0.0263:tok-1;60:x0.026:y-0.075:f11.66:tf11.63:p0.0256:tok-1;75:x0.029:y0.075:f13.69:tf13.67:p0.0291:tok-1;90:x0.030:y0.214:f14.09:tf13.67:p0.0296:tok-1;95:x0.030:y0.250:f14.59:tf13.67:p0.0299:tok-1
token_full_v5,stick_slip_cycle,6,1003,,0,0.90625,3.16337,2.94598,0.21552,0.95288,0.02826,0.00000,0.12644,0.00000,0,9,0.70366,-0.10123,0.65711,442.94362,0.37829,39,0:x-0.110:y-0.439:f0.00:tf12.09:p0.0000:tok1;15:x0.022:y-0.432:f10.30:tf12.09:p0.0218:tok7;30:x0.023:y-0.371:f10.27:tf12.09:p0.0229:tok6;45:x0.023:y-0.277:f10.32:tf12.09:p0.0233:tok4;60:x0.023:y-0.160:f10.28:tf12.09:p0.0227:tok4;75:x0.025:y-0.033:f10.95:tf14.68:p0.0245:tok6;90:x0.028:y0.092:f12.21:tf14.68:p0.0276:tok4;95:x0.028:y0.128:f12.95:tf14.68:p0.0283:tok4
ablate_no_memory,stick_slip_cycle,6,1003,,0,0.88542,2.70323,1.28961,0.18417,1.00135,0.03108,0.00000,0.41176,0.00000,0,5,0.59417,-0.09914,0.72191,449.29071,0.37842,9,0:x-0.122:y-0.429:f0.39:tf12.09:p0.0000:tok3;15:x0.021:y-0.424:f10.04:tf12.09:p0.0209:tok0;30:x0.023:y-0.369:f10.06:tf12.09:p0.0226:tok6;45:x0.023:y-0.278:f10.67:tf12.09:p0.0227:tok6;60:x0.025:y-0.163:f11.32:tf12.09:p0.0249:tok3;75:x0.029:y-0.010:f13.58:tf14.68:p0.0287:tok3;90:x0.031:y0.142:f14.35:tf14.68:p0.0310:tok3;95:x0.031:y0.183:f14.70:tf14.68:p0.0310:tok3
ablate_no_discrete_tokens,stick_slip_cycle,6,1003,,1,0.91667,1.65177,0.61588,0.11253,1.31959,0.03307,0.00000,0.59091,0.05682,5,5,0.89208,-0.12580,0.84168,443.97946,0.37823,0,0:x-0.123:y-0.422:f0.70:tf12.09:p0.0000:tok1;15:x0.030:y-0.413:f13.73:tf12.09:p0.0300:tok1;30:x0.026:y-0.337:f11.33:tf12.09:p0.0261:tok1;45:x0.027:y-0.206:f12.35:tf12.09:p0.0272:tok1;60:x0.027:y-0.053:f11.38:tf12.09:p0.0270:tok1;75:x0.031:y0.105:f13.99:tf14.68:p0.0311:tok1;90:x0.033:y0.251:f14.69:tf14.68:p0.0328:tok1;95:x0.033:y0.287:f15.35:tf14.68:p0.0331:tok1
ablate_no_force_update,stick_slip_cycle,6,1003,,0,0.90625,2.77170,2.69114,0.18883,1.09482,0.02820,0.00000,0.29885,0.02299,2,6,0.62272,-0.07910,0.65911,420.00000,0.20000,33,0:x-0.103:y-0.434:f0.00:tf12.09:p0.0000:tok1;15:x0.025:y-0.427:f12.48:tf12.09:p0.0253:tok6;30:x0.024:y-0.371:f10.51:tf12.09:p0.0236:tok6;45:x0.023:y-0.289:f10.38:tf12.09:p0.0230:tok6;60:x0.024:y-0.172:f10.27:tf12.09:p0.0235:tok4;75:x0.025:y-0.035:f10.90:tf14.68:p0.0254:tok6;90:x0.028:y0.093:f12.04:tf14.68:p0.0280:tok6;95:x0.028:y0.130:f13.79:tf14.68:p0.0282:tok4
ablate_no_transition_planner,stick_slip_cycle,6,1003,,0,0.90625,3.20495,3.01820,0.21835,0.99051,0.02806,0.00000,0.00000,0.00000,0,9,0.70714,-0.10202,0.65232,444.47249,0.37827,42,0:x-0.113:y-0.430:f0.00:tf12.09:p0.0000:tok1;15:x0.022:y-0.423:f9.91:tf12.09:p0.0216:tok7;30:x0.022:y-0.367:f10.28:tf12.09:p0.0220:tok6;45:x0.023:y-0.275:f10.24:tf12.09:p0.0231:tok4;60:x0.023:y-0.157:f10.40:tf12.09:p0.0228:tok4;75:x0.025:y-0.033:f11.60:tf14.68:p0.0245:tok6;90:x0.028:y0.087:f12.34:tf14.68:p0.0277:tok4;95:x0.027:y0.124:f11.97:tf14.68:p0.0274:tok2
ablate_no_safety_penalty,stick_slip_cycle,6,1003,,0,0.90625,3.18749,2.87403,0.21716,0.92635,0.02823,0.00000,0.11494,0.00000,0,5,0.70804,-0.10387,0.65140,442.79656,0.37827,41,0:x-0.112:y-0.427:f0.29:tf12.09:p0.0000:tok1;15:x0.021:y-0.420:f8.63:tf12.09:p0.0214:tok5;30:x0.023:y-0.365:f10.65:tf12.09:p0.0226:tok6;45:x0.022:y-0.275:f9.84:tf12.09:p0.0220:tok6;60:x0.023:y-0.164:f10.03:tf12.09:p0.0226:tok4;75:x0.027:y-0.037:f11.97:tf14.68:p0.0267:tok6;90:x0.027:y0.087:f12.46:tf14.68:p0.0274:tok4;95:x0.028:y0.123:f12.75:tf14.68:p0.0282:tok4
ablate_no_slip_context,stick_slip_cycle,6,1003,,0,0.89583,2.94023,2.25357,0.20032,0.95657,0.02877,0.00000,0.26744,0.00000,0,5,0.97555,-0.13927,0.68572,445.59303,0.37839,44,0:x-0.125:y-0.425:f0.00:tf12.09:p0.0000:tok1;15:x0.022:y-0.419:f11.52:tf12.09:p0.0223:tok6;30:x0.023:y-0.365:f9.82:tf12.09:p0.0229:tok6;45:x0.023:y-0.276:f11.34:tf12.09:p0.0231:tok6;60:x0.023:y-0.164:f10.95:tf12.09:p0.0227:tok6;75:x0.027:y-0.030:f12.59:tf14.68:p0.0272:tok6;90:x0.028:y0.114:f11.97:tf14.68:p0.0281:tok2;95:x0.028:y0.152:f11.94:tf14.68:p0.0281:tok2
ablate_no_tail_risk_objective,stick_slip_cycle,6,1003,,1,0.90625,2.03810,1.36159,0.13886,1.05924,0.03116,0.00000,0.36782,0.02299,2,5,0.74749,-0.10726,0.74505,445.61686,0.37820,18,0:x-0.119:y-0.434:f0.27:tf12.09:p0.0000:tok1;15:x0.024:y-0.428:f12.36:tf12.09:p0.0242:tok0;30:x0.026:y-0.347:f11.89:tf12.09:p0.0264:tok3;45:x0.025:y-0.232:f10.92:tf12.09:p0.0253:tok3;60:x0.026:y-0.105:f11.09:tf12.09:p0.0256:tok3;75:x0.029:y0.032:f12.93:tf14.68:p0.0288:tok3;90:x0.031:y0.167:f13.97:tf14.68:p0.0311:tok3;95:x0.031:y0.204:f14.16:tf14.68:p0.0311:tok3
ablate_no_calibration_guard,stick_slip_cycle,6,1003,,0,0.90625,2.51097,2.13744,0.17107,1.22542,0.03093,0.00000,0.16092,0.02299,2,5,1.00415,-0.14262,0.67364,448.59610,0.37820,29,0:x-0.113:y-0.422:f0.00:tf12.09:p0.0000:tok1;15:x0.031:y-0.413:f13.80:tf12.09:p0.0309:tok7;30:x0.024:y-0.352:f10.54:tf12.09:p0.0237:tok6;45:x0.025:y-0.263:f10.90:tf12.09:p0.0246:tok6;60:x0.023:y-0.149:f10.48:tf12.09:p0.0234:tok6;75:x0.028:y-0.024:f12.83:tf14.68:p0.0276:tok6;90:x0.028:y0.107:f12.34:tf14.68:p0.0280:tok6;95:x0.029:y0.142:f12.24:tf14.68:p0.0286:tok7
ablate_no_phase_memory,stick_slip_cycle,6,1003,,1,0.90625,2.22296,1.18453,0.15145,1.02458,0.03113,0.00000,0.41379,0.02299,2,5,0.73000,-0.10380,0.74317,443.50059,0.37822,32,0:x-0.114:y-0.427:f0.29:tf12.09:p0.0000:tok1;15:x0.022:y-0.420:f10.21:tf12.09:p0.0216:tok7;30:x0.025:y-0.353:f10.78:tf12.09:p0.0248:tok4;45:x0.025:y-0.240:f11.18:tf12.09:p0.0253:tok3;60:x0.026:y-0.111:f11.29:tf12.09:p0.0259:tok3;75:x0.029:y0.028:f13.29:tf14.68:p0.0292:tok3;90:x0.031:y0.165:f13.07:tf14.68:p0.0310:tok3;95:x0.031:y0.202:f13.32:tf14.68:p0.0311:tok3
impedance_token_policy_v4,stick_slip_cycle,6,1003,,0,0.90625,2.44813,1.90421,0.16679,1.06188,0.03329,0.00000,0.41379,0.02299,2,5,0.87595,-0.11500,0.71288,454.70676,0.37824,64,0:x-0.123:y-0.445:f0.22:tf12.09:p0.0000:tok1;15:x0.023:y-0.439:f11.02:tf12.09:p0.0233:tok7;30:x0.024:y-0.373:f10.86:tf12.09:p0.0239:tok5;45:x0.024:y-0.256:f10.22:tf12.09:p0.0239:tok5;60:x0.023:y-0.126:f10.54:tf12.09:p0.0231:tok6;75:x0.027:y0.006:f12.60:tf14.68:p0.0273:tok4;90:x0.030:y0.135:f13.17:tf14.68:p0.0295:tok7;95:x0.033:y0.175:f14.93:tf14.68:p0.0333:tok2
learned_only_token_replacement,stick_slip_cycle,6,1003,,1,0.89583,2.04238,0.67880,0.13915,1.07404,0.03410,0.00000,0.58140,0.02326,2,5,0.65538,-0.17866,0.79112,442.26760,0.37814,0,0:x-0.121:y-0.434:f0.00:tf12.09:p0.0000:tok-1;15:x0.019:y-0.428:f9.96:tf12.09:p0.0193:tok-1;30:x0.025:y-0.354:f11.31:tf12.09:p0.0248:tok-1;45:x0.027:y-0.225:f11.97:tf12.09:p0.0269:tok-1;60:x0.028:y-0.079:f11.90:tf12.09:p0.0277:tok-1;75:x0.032:y0.069:f14.14:tf14.68:p0.0316:tok-1;90:x0.034:y0.208:f15.58:tf14.68:p0.0341:tok-1;95:x0.034:y0.244:f14.41:tf14.68:p0.0340:tok-1
token_full_v5,stick_slip_cycle,7,1000,,0,0.90625,2.99755,2.96487,0.21346,0.97418,0.02467,0.00000,0.13793,0.00000,0,7,0.57275,-0.07870,0.65508,479.47119,0.35706,30,0:x-0.102:y-0.437:f0.00:tf11.19:p0.0000:tok1;15:x0.020:y-0.429:f8.34:tf11.19:p0.0195:tok5;30:x0.022:y-0.368:f9.74:tf11.19:p0.0215:tok6;45:x0.022:y-0.275:f10.66:tf11.19:p0.0222:tok4;60:x0.020:y-0.154:f9.50:tf11.19:p0.0204:tok4;75:x0.022:y-0.025:f11.29:tf14.04:p0.0224:tok6;90:x0.024:y0.091:f11.91:tf14.04:p0.0244:tok4;95:x0.025:y0.127:f12.39:tf14.04:p0.0247:tok6
ablate_no_memory,stick_slip_cycle,7,1000,,0,0.88542,2.52403,1.25901,0.17974,1.02250,0.02808,0.00000,0.40000,0.01176,1,5,0.54333,-0.07698,0.72577,474.04856,0.35727,10,0:x-0.115:y-0.430:f0.32:tf11.19:p0.0000:tok3;15:x0.018:y-0.426:f9.57:tf11.19:p0.0185:tok0;30:x0.023:y-0.367:f10.06:tf11.19:p0.0229:tok6;45:x0.022:y-0.272:f8.75:tf11.19:p0.0219:tok6;60:x0.022:y-0.160:f10.83:tf11.19:p0.0221:tok3;75:x0.026:y-0.009:f12.46:tf14.04:p0.0265:tok3;90:x0.028:y0.145:f12.87:tf14.04:p0.0280:tok3;95:x0.028:y0.186:f13.14:tf14.04:p0.0280:tok3
ablate_no_discrete_tokens,stick_slip_cycle,7,1000,,0,0.91667,1.58544,0.67030,0.11290,1.21168,0.02941,0.00000,0.62500,0.04545,4,5,0.84332,-0.11009,0.84749,478.26256,0.35706,0,0:x-0.121:y-0.447:f0.00:tf11.19:p0.0000:tok1;15:x0.028:y-0.435:f12.14:tf11.19:p0.0283:tok1;30:x0.026:y-0.349:f10.77:tf11.19:p0.0258:tok1;45:x0.027:y-0.209:f11.14:tf11.19:p0.0266:tok1;60:x0.024:y-0.050:f11.37:tf11.19:p0.0236:tok1;75:x0.029:y0.110:f14.15:tf14.04:p0.0289:tok1;90:x0.029:y0.256:f13.68:tf14.04:p0.0289:tok1;95:x0.029:y0.292:f14.22:tf14.04:p0.0294:tok1
ablate_no_force_update,stick_slip_cycle,7,1000,,0,0.90625,2.44761,1.91136,0.17430,1.05872,0.02702,0.00000,0.33333,0.01149,1,6,0.59055,-0.05704,0.66820,420.00000,0.20000,22,0:x-0.101:y-0.426:f0.50:tf11.19:p0.0000:tok1;15:x0.022:y-0.419:f9.62:tf11.19:p0.0225:tok7;30:x0.022:y-0.365:f8.79:tf11.19:p0.0222:tok6;45:x0.021:y-0.284:f9.09:tf11.19:p0.0215:tok6;60:x0.021:y-0.178:f10.17:tf11.19:p0.0212:tok4;75:x0.024:y-0.044:f12.01:tf14.04:p0.0242:tok4;90:x0.027:y0.096:f13.41:tf14.04:p0.0270:tok4;95:x0.027:y0.137:f12.31:tf14.04:p0.0269:tok4
ablate_no_transition_planner,stick_slip_cycle,7,1000,,0,0.90625,2.99866,2.87007,0.21354,0.97146,0.02426,0.00000,0.09195,0.00000,0,9,0.64984,-0.10143,0.65859,481.25628,0.35704,34,0:x-0.113:y-0.424:f0.36:tf11.19:p0.0000:tok1;15:x0.021:y-0.418:f8.84:tf11.19:p0.0205:tok6;30:x0.022:y-0.361:f9.34:tf11.19:p0.0216:tok6;45:x0.022:y-0.269:f8.86:tf11.19:p0.0223:tok4;60:x0.020:y-0.149:f9.32:tf11.19:p0.0203:tok4;75:x0.023:y-0.022:f9.79:tf14.04:p0.0225:tok6;90:x0.024:y0.097:f11.50:tf14.04:p0.0243:tok6;95:x0.024:y0.130:f11.74:tf14.04:p0.0241:tok6
ablate_no_safety_penalty,stick_slip_cycle,7,1000,,0,0.89583,2.92387,2.94668,0.20821,0.98953,0.02538,0.00000,0.13953,0.00000,0,10,0.66451,-0.09207,0.65811,481.65116,0.35709,33,0:x-0.114:y-0.438:f0.00:tf11.19:p0.0000:tok1;15:x0.020:y-0.432:f8.18:tf11.19:p0.0199:tok5;30:x0.022:y-0.372:f9.35:tf11.19:p0.0219:tok6;45:x0.022:y-0.276:f8.96:tf11.19:p0.0223:tok4;60:x0.020:y-0.153:f8.96:tf11.19:p0.0199:tok4;75:x0.022:y-0.024:f10.77:tf14.04:p0.0225:tok6;90:x0.024:y0.093:f11.01:tf14.04:p0.0242:tok6;95:x0.025:y0.129:f12.68:tf14.04:p0.0254:tok4
ablate_no_slip_context,stick_slip_cycle,7,1000,,0,0.90625,2.75351,2.09921,0.19608,0.94280,0.02590,0.00000,0.22989,0.00000,0,5,0.73221,-0.08592,0.66869,484.97655,0.35715,34,0:x-0.105:y-0.431:f0.00:tf11.19:p0.0000:tok1;15:x0.020:y-0.425:f8.16:tf11.19:p0.0200:tok5;30:x0.022:y-0.369:f9.04:tf11.19:p0.0217:tok6;45:x0.022:y-0.277:f9.94:tf11.19:p0.0222:tok6;60:x0.020:y-0.167:f10.01:tf11.19:p0.0200:tok6;75:x0.025:y-0.038:f11.70:tf14.04:p0.0247:tok6;90:x0.026:y0.099:f12.64:tf14.04:p0.0256:tok6;95:x0.025:y0.138:f12.04:tf14.04:p0.0253:tok6
ablate_no_tail_risk_objective,stick_slip_cycle,7,1000,,1,0.90625,1.91302,1.16934,0.13623,1.08835,0.02775,0.00000,0.39080,0.00000,0,5,0.64146,-0.07755,0.75211,478.10576,0.35701,19,0:x-0.108:y-0.430:f0.00:tf11.19:p0.0000:tok1;15:x0.022:y-0.423:f10.52:tf11.19:p0.0223:tok7;30:x0.025:y-0.343:f10.44:tf11.19:p0.0252:tok3;45:x0.024:y-0.228:f10.19:tf11.19:p0.0244:tok3;60:x0.023:y-0.100:f9.65:tf11.19:p0.0226:tok3;75:x0.027:y0.038:f12.69:tf14.04:p0.0267:tok3;90:x0.028:y0.173:f13.08:tf14.04:p0.0276:tok3;95:x0.028:y0.210:f13.25:tf14.04:p0.0277:tok3
ablate_no_calibration_guard,stick_slip_cycle,7,1000,,0,0.90625,2.18399,1.99031,0.15553,1.16780,0.02948,0.00000,0.17241,0.02299,2,5,0.80559,-0.10308,0.67072,484.39600,0.35703,22,0:x-0.104:y-0.431:f0.53:tf11.19:p0.0000:tok1;15:x0.029:y-0.421:f11.11:tf11.19:p0.0295:tok7;30:x0.023:y-0.356:f10.17:tf11.19:p0.0231:tok6;45:x0.024:y-0.261:f9.89:tf11.19:p0.0236:tok6;60:x0.020:y-0.150:f9.82:tf11.19:p0.0202:tok6;75:x0.025:y-0.026:f12.55:tf14.04:p0.0253:tok6;90:x0.025:y0.102:f11.42:tf14.04:p0.0245:tok7;95:x0.026:y0.140:f13.16:tf14.04:p0.0261:tok6
ablate_no_phase_memory,stick_slip_cycle,7,1000,,1,0.89583,2.05175,1.27128,0.14611,1.09540,0.02801,0.00000,0.48837,0.01163,1,5,0.72415,-0.09743,0.74948,474.22524,0.35708,33,0:x-0.117:y-0.430:f0.93:tf11.19:p0.0000:tok1;15:x0.020:y-0.424:f8.42:tf11.19:p0.0202:tok2;30:x0.023:y-0.358:f10.18:tf11.19:p0.0232:tok7;45:x0.024:y-0.244:f11.19:tf11.19:p0.0242:tok3;60:x0.023:y-0.110:f10.34:tf11.19:p0.0229:tok3;75:x0.026:y0.032:f13.08:tf14.04:p0.0264:tok3;90:x0.028:y0.170:f12.71:tf14.04:p0.0277:tok3;95:x0.028:y0.208:f13.50:tf14.04:p0.0280:tok3
impedance_token_policy_v4,stick_slip_cycle,7,1000,,0,0.90625,2.14099,1.78038,0.15246,1.05798,0.03042,0.00000,0.40230,0.01149,1,5,0.73826,-0.07679,0.72567,487.51152,0.35703,70,0:x-0.109:y-0.440:f0.00:tf11.19:p0.0000:tok1;15:x0.022:y-0.432:f10.11:tf11.19:p0.0222:tok7;30:x0.024:y-0.361:f10.64:tf11.19:p0.0244:tok0;45:x0.024:y-0.241:f10.99:tf11.19:p0.0241:tok4;60:x0.022:y-0.113:f10.27:tf11.19:p0.0220:tok2;75:x0.025:y0.018:f11.60:tf14.04:p0.0248:tok4;90:x0.028:y0.145:f13.88:tf14.04:p0.0283:tok4;95:x0.030:y0.186:f14.65:tf14.04:p0.0304:tok7
learned_only_token_replacement,stick_slip_cycle,7,1000,,1,0.89583,2.15691,0.61558,0.15360,1.14761,0.03024,0.00000,0.58140,0.03488,3,5,0.61580,-0.16329,0.79906,480.81754,0.35695,0,0:x-0.119:y-0.424:f0.60:tf11.19:p0.0000:tok-1;15:x0.017:y-0.419:f7.79:tf11.19:p0.0169:tok-1;30:x0.024:y-0.349:f9.38:tf11.19:p0.0239:tok-1;45:x0.026:y-0.222:f10.79:tf11.19:p0.0261:tok-1;60:x0.025:y-0.074:f12.45:tf11.19:p0.0247:tok-1;75:x0.029:y0.075:f14.06:tf14.04:p0.0286:tok-1;90:x0.030:y0.215:f15.30:tf14.04:p0.0302:tok-1;95:x0.030:y0.251:f13.48:tf14.04:p0.0301:tok-1
token_full_v5,stick_slip_cycle,7,1001,,0,0.89583,2.87965,2.74509,0.20730,1.15443,0.02702,0.00000,0.10465,0.02326,2,6,0.73838,-0.11700,0.64758,464.82046,0.39070,45,0:x-0.122:y-0.412:f0.01:tf11.17:p0.0000:tok1;15:x0.023:y-0.407:f9.57:tf11.17:p0.0230:tok4;30:x0.026:y-0.350:f9.35:tf11.17:p0.0264:tok6;45:x0.025:y-0.257:f12.65:tf11.17:p0.0251:tok6;60:x0.021:y-0.161:f9.46:tf11.17:p0.0207:tok6;75:x0.021:y-0.047:f10.41:tf13.89:p0.0214:tok6;90:x0.025:y0.083:f11.61:tf13.89:p0.0247:tok4;95:x0.025:y0.120:f10.94:tf13.89:p0.0248:tok6
ablate_no_memory,stick_slip_cycle,7,1001,,0,0.88542,2.55358,1.36872,0.18383,1.06667,0.02831,0.00000,0.35294,0.01176,1,5,0.52175,-0.06413,0.70498,466.58890,0.39087,10,0:x-0.111:y-0.429:f0.00:tf11.17:p0.0000:tok3;15:x0.020:y-0.424:f8.56:tf11.17:p0.0204:tok5;30:x0.026:y-0.365:f8.75:tf11.17:p0.0260:tok6;45:x0.025:y-0.273:f11.91:tf11.17:p0.0248:tok6;60:x0.021:y-0.173:f9.79:tf11.17:p0.0211:tok3;75:x0.024:y-0.032:f11.83:tf13.89:p0.0245:tok3;90:x0.028:y0.125:f13.03:tf13.89:p0.0280:tok3;95:x0.028:y0.168:f13.91:tf13.89:p0.0283:tok3
ablate_no_discrete_tokens,stick_slip_cycle,7,1001,,0,0.91667,1.61749,0.57066,0.11644,1.32982,0.03086,0.00000,0.60227,0.02273,2,5,0.86162,-0.11430,0.84120,474.56596,0.39065,0,0:x-0.124:y-0.430:f0.00:tf11.17:p0.0000:tok1;15:x0.030:y-0.419:f9.66:tf11.17:p0.0300:tok1;30:x0.029:y-0.340:f11.66:tf11.17:p0.0292:tok1;45:x0.030:y-0.207:f13.24:tf11.17:p0.0300:tok1;60:x0.025:y-0.056:f12.12:tf11.17:p0.0247:tok1;75:x0.026:y0.103:f12.95:tf13.89:p0.0261:tok1;90:x0.029:y0.250:f13.82:tf13.89:p0.0291:tok1;95:x0.029:y0.287:f13.96:tf13.89:p0.0292:tok1
ablate_no_force_update,stick_slip_cycle,7,1001,,0,0.89583,2.67228,2.02447,0.19237,1.01081,0.02724,0.00000,0.25581,0.00000,0,7,0.74261,-0.10176,0.67724,420.00000,0.20000,37,0:x-0.120:y-0.420:f0.00:tf11.17:p0.0000:tok1;15:x0.024:y-0.414:f9.78:tf11.17:p0.0242:tok6;30:x0.026:y-0.359:f9.91:tf11.17:p0.0258:tok6;45:x0.024:y-0.258:f11.29:tf11.17:p0.0235:tok6;60:x0.021:y-0.158:f9.89:tf11.17:p0.0212:tok4;75:x0.023:y-0.031:f10.35:tf13.89:p0.0228:tok6;90:x0.027:y0.105:f12.68:tf13.89:p0.0270:tok4;95:x0.027:y0.145:f12.76:tf13.89:p0.0269:tok4
ablate_no_transition_planner,stick_slip_cycle,7,1001,,0,0.89583,2.88800,2.70871,0.20790,1.15950,0.02664,0.00000,0.11628,0.01163,1,6,0.74818,-0.11544,0.67068,472.94675,0.39068,44,0:x-0.121:y-0.423:f0.22:tf11.17:p0.0000:tok1;15:x0.022:y-0.417:f8.18:tf11.17:p0.0220:tok2;30:x0.025:y-0.359:f9.32:tf11.17:p0.0252:tok6;45:x0.025:y-0.262:f11.67:tf11.17:p0.0253:tok4;60:x0.021:y-0.146:f9.14:tf11.17:p0.0209:tok4;75:x0.021:y-0.021:f10.15:tf13.89:p0.0211:tok6;90:x0.025:y0.105:f11.16:tf13.89:p0.0245:tok6;95:x0.025:y0.140:f13.02:tf13.89:p0.0253:tok4
ablate_no_safety_penalty,stick_slip_cycle,7,1001,,0,0.89583,2.90949,2.89231,0.20945,1.06858,0.02590,0.00000,0.15116,0.02326,2,9,0.69585,-0.10303,0.64412,462.75336,0.39075,40,0:x-0.116:y-0.430:f0.04:tf11.17:p0.0000:tok1;15:x0.020:y-0.424:f7.87:tf11.17:p0.0204:tok5;30:x0.025:y-0.362:f9.06:tf11.17:p0.0246:tok6;45:x0.025:y-0.269:f11.93:tf11.17:p0.0245:tok6;60:x0.021:y-0.171:f10.22:tf11.17:p0.0207:tok6;75:x0.021:y-0.050:f10.22:tf13.89:p0.0212:tok6;90:x0.025:y0.080:f10.87:tf13.89:p0.0249:tok6;95:x0.025:y0.117:f11.30:tf13.89:p0.0249:tok6
ablate_no_slip_context,stick_slip_cycle,7,1001,,0,0.90625,2.83288,2.34359,0.20393,1.09993,0.02628,0.00000,0.13793,0.02299,2,5,0.69939,-0.10238,0.63950,460.56463,0.39059,37,0:x-0.111:y-0.414:f0.00:tf11.17:p0.0000:tok1;15:x0.023:y-0.408:f8.75:tf11.17:p0.0226:tok0;30:x0.025:y-0.350:f7.91:tf11.17:p0.0254:tok2;45:x0.025:y-0.259:f11.86:tf11.17:p0.0248:tok6;60:x0.021:y-0.164:f10.03:tf11.17:p0.0210:tok6;75:x0.024:y-0.051:f10.95:tf13.89:p0.0240:tok5;90:x0.026:y0.078:f11.70:tf13.89:p0.0256:tok6;95:x0.025:y0.113:f11.10:tf13.89:p0.0251:tok5
ablate_no_tail_risk_objective,stick_slip_cycle,7,1001,,1,0.90625,2.16663,1.30869,0.15597,1.25085,0.02891,0.00000,0.36782,0.02299,2,5,0.64209,-0.07531,0.74237,465.52860,0.39063,19,0:x-0.108:y-0.441:f0.02:tf11.17:p0.0000:tok1;15:x0.022:y-0.434:f8.47:tf11.17:p0.0223:tok5;30:x0.028:y-0.352:f10.54:tf11.17:p0.0282:tok3;45:x0.028:y-0.236:f13.01:tf11.17:p0.0280:tok3;60:x0.024:y-0.110:f10.08:tf11.17:p0.0236:tok3;75:x0.025:y0.027:f12.17:tf13.89:p0.0249:tok3;90:x0.028:y0.164:f12.40:tf13.89:p0.0281:tok3;95:x0.028:y0.202:f13.48:tf13.89:p0.0283:tok3
ablate_no_calibration_guard,stick_slip_cycle,7,1001,,0,0.90625,2.24262,2.08372,0.16144,1.22360,0.03086,0.00000,0.10345,0.01149,1,5,0.97755,-0.14925,0.66312,473.56665,0.39058,28,0:x-0.122:y-0.425:f0.14:tf11.17:p0.0000:tok1;15:x0.031:y-0.416:f10.46:tf11.17:p0.0307:tok7;30:x0.026:y-0.353:f9.83:tf11.17:p0.0259:tok6;45:x0.028:y-0.254:f12.46:tf11.17:p0.0275:tok6;60:x0.022:y-0.143:f10.28:tf11.17:p0.0225:tok6;75:x0.023:y-0.032:f10.41:tf13.89:p0.0229:tok7;90:x0.026:y0.096:f12.77:tf13.89:p0.0257:tok6;95:x0.026:y0.133:f12.94:tf13.89:p0.0259:tok6
ablate_no_phase_memory,stick_slip_cycle,7,1001,,1,0.90625,2.27352,1.15832,0.16367,1.19411,0.02834,0.00000,0.40230,0.01149,1,5,0.67960,-0.08610,0.74042,470.24057,0.39064,34,0:x-0.112:y-0.426:f0.41:tf11.17:p0.0000:tok1;15:x0.023:y-0.420:f8.44:tf11.17:p0.0228:tok2;30:x0.026:y-0.357:f8.85:tf11.17:p0.0259:tok6;45:x0.028:y-0.245:f11.88:tf11.17:p0.0279:tok3;60:x0.024:y-0.117:f11.19:tf11.17:p0.0240:tok3;75:x0.025:y0.024:f12.95:tf13.89:p0.0251:tok3;90:x0.028:y0.162:f13.97:tf13.89:p0.0281:tok3;95:x0.028:y0.200:f13.01:tf13.89:p0.0279:tok3
impedance_token_policy_v4,stick_slip_cycle,7,1001,,0,0.90625,2.44248,1.89495,0.17583,1.25554,0.02840,0.00000,0.31034,0.02299,2,5,0.83354,-0.10451,0.71242,467.26430,0.39065,72,0:x-0.117:y-0.432:f0.16:tf11.17:p0.0000:tok1;15:x0.024:y-0.426:f8.54:tf11.17:p0.0237:tok6;30:x0.027:y-0.360:f9.96:tf11.17:p0.0272:tok7;45:x0.028:y-0.244:f12.59:tf11.17:p0.0276:tok4;60:x0.024:y-0.123:f12.55:tf11.17:p0.0240:tok4;75:x0.023:y0.007:f10.87:tf13.89:p0.0233:tok3;90:x0.027:y0.136:f11.73:tf13.89:p0.0271:tok7;95:x0.028:y0.175:f12.74:tf13.89:p0.0277:tok5
learned_only_token_replacement,stick_slip_cycle,7,1001,,0,0.89583,2.42766,0.59954,0.17476,1.26592,0.03105,0.00000,0.60465,0.02326,2,5,0.66025,-0.17837,0.79007,463.88354,0.39054,0,0:x-0.124:y-0.442:f0.00:tf11.17:p0.0000:tok-1;15:x0.018:y-0.435:f7.55:tf11.17:p0.0181:tok-1;30:x0.027:y-0.358:f9.08:tf11.17:p0.0273:tok-1;45:x0.030:y-0.226:f14.14:tf11.17:p0.0295:tok-1;60:x0.026:y-0.081:f12.16:tf11.17:p0.0259:tok-1;75:x0.027:y0.068:f12.95:tf13.89:p0.0274:tok-1;90:x0.031:y0.207:f14.50:tf13.89:p0.0310:tok-1;95:x0.031:y0.243:f14.17:tf13.89:p0.0310:tok-1
token_full_v5,stick_slip_cycle,7,1002,,0,0.90625,3.14569,2.97411,0.21751,0.98767,0.02506,0.00000,0.04598,0.00000,0,7,0.61735,-0.08632,0.63340,478.19600,0.33784,38,0:x-0.105:y-0.421:f0.00:tf12.14:p0.0000:tok1;15:x0.023:y-0.414:f10.90:tf12.14:p0.0226:tok7;30:x0.022:y-0.361:f10.43:tf12.14:p0.0216:tok6;45:x0.021:y-0.271:f10.02:tf12.14:p0.0214:tok6;60:x0.021:y-0.170:f10.13:tf14.46:p0.0210:tok6;75:x0.024:y-0.055:f11.63:tf14.46:p0.0240:tok6;90:x0.025:y0.070:f11.53:tf14.46:p0.0249:tok6;95:x0.025:y0.108:f12.08:tf14.46:p0.0250:tok4
ablate_no_memory,stick_slip_cycle,7,1002,,0,0.88542,2.69695,1.08862,0.18648,1.00033,0.02856,0.00000,0.44706,0.01176,1,5,0.62650,-0.10768,0.72848,479.43492,0.33801,7,0:x-0.127:y-0.435:f0.46:tf12.14:p0.0000:tok3;15:x0.019:y-0.431:f10.57:tf12.14:p0.0190:tok0;30:x0.022:y-0.373:f10.64:tf12.14:p0.0218:tok6;45:x0.022:y-0.284:f9.86:tf12.14:p0.0216:tok6;60:x0.024:y-0.164:f11.77:tf14.46:p0.0243:tok3;75:x0.028:y-0.007:f13.75:tf14.46:p0.0281:tok3;90:x0.028:y0.147:f13.46:tf14.46:p0.0285:tok3;95:x0.029:y0.189:f13.51:tf14.46:p0.0285:tok3
ablate_no_discrete_tokens,stick_slip_cycle,7,1002,,0,0.91667,1.60247,0.52580,0.11080,1.31894,0.03129,0.00000,0.61364,0.02273,2,5,0.83424,-0.10830,0.84606,483.68372,0.33778,0,0:x-0.115:y-0.431:f0.11:tf12.14:p0.0000:tok1;15:x0.030:y-0.421:f13.89:tf12.14:p0.0296:tok1;30:x0.025:y-0.341:f11.41:tf12.14:p0.0249:tok1;45:x0.026:y-0.206:f11.79:tf12.14:p0.0257:tok1;60:x0.026:y-0.053:f11.52:tf14.46:p0.0258:tok1;75:x0.030:y0.106:f14.60:tf14.46:p0.0304:tok1;90:x0.030:y0.254:f15.07:tf14.46:p0.0299:tok1;95:x0.030:y0.291:f14.16:tf14.46:p0.0297:tok1
ablate_no_force_update,stick_slip_cycle,7,1002,,0,0.90625,2.32293,1.56179,0.16062,1.11898,0.02768,0.00000,0.27586,0.02299,2,5,0.65680,-0.07370,0.66970,420.00000,0.20000,22,0:x-0.106:y-0.424:f0.41:tf12.14:p0.0000:tok1;15:x0.025:y-0.417:f11.24:tf12.14:p0.0253:tok7;30:x0.023:y-0.364:f10.93:tf12.14:p0.0231:tok6;45:x0.023:y-0.281:f10.30:tf12.14:p0.0226:tok6;60:x0.023:y-0.178:f11.33:tf14.46:p0.0230:tok6;75:x0.028:y-0.048:f13.21:tf14.46:p0.0275:tok4;90:x0.028:y0.097:f13.00:tf14.46:p0.0276:tok4;95:x0.028:y0.138:f12.88:tf14.46:p0.0277:tok4
ablate_no_transition_planner,stick_slip_cycle,7,1002,,0,0.90625,3.13581,2.81593,0.21682,1.04265,0.02476,0.00000,0.01149,0.00000,0,10,0.69941,-0.10881,0.65144,487.80550,0.33781,40,0:x-0.115:y-0.417:f0.28:tf12.14:p0.0000:tok1;15:x0.021:y-0.411:f9.15:tf12.14:p0.0211:tok5;30:x0.022:y-0.357:f10.24:tf12.14:p0.0215:tok6;45:x0.022:y-0.269:f10.52:tf12.14:p0.0215:tok6;60:x0.021:y-0.155:f9.48:tf14.46:p0.0215:tok6;75:x0.024:y-0.037:f11.95:tf14.46:p0.0242:tok6;90:x0.025:y0.086:f12.92:tf14.46:p0.0248:tok4;95:x0.025:y0.123:f11.79:tf14.46:p0.0247:tok6
ablate_no_safety_penalty,stick_slip_cycle,7,1002,,0,0.90625,3.15964,2.55260,0.21847,0.96089,0.02537,0.00000,0.27586,0.00000,0,5,0.75247,-0.11635,0.65976,476.99038,0.33789,39,0:x-0.118:y-0.439:f0.00:tf12.14:p0.0000:tok1;15:x0.021:y-0.433:f10.08:tf12.14:p0.0209:tok7;30:x0.022:y-0.377:f10.33:tf12.14:p0.0217:tok6;45:x0.021:y-0.284:f10.88:tf12.14:p0.0214:tok6;60:x0.022:y-0.171:f10.91:tf14.46:p0.0220:tok6;75:x0.025:y-0.037:f11.70:tf14.46:p0.0252:tok6;90:x0.025:y0.094:f12.08:tf14.46:p0.0252:tok4;95:x0.025:y0.130:f12.18:tf14.46:p0.0253:tok4
ablate_no_slip_context,stick_slip_cycle,7,1002,,0,0.90625,2.86266,1.99152,0.19794,0.93800,0.02685,0.00000,0.28736,0.00000,0,5,0.80170,-0.11267,0.66556,482.98888,0.33778,39,0:x-0.111:y-0.437:f0.73:tf12.14:p0.0000:tok1;15:x0.022:y-0.429:f10.00:tf12.14:p0.0215:tok7;30:x0.022:y-0.371:f11.13:tf12.14:p0.0218:tok6;45:x0.022:y-0.277:f10.29:tf12.14:p0.0218:tok6;60:x0.024:y-0.164:f11.78:tf14.46:p0.0235:tok5;75:x0.026:y-0.026:f12.82:tf14.46:p0.0260:tok6;90:x0.026:y0.101:f12.27:tf14.46:p0.0257:tok6;95:x0.025:y0.135:f11.58:tf14.46:p0.0251:tok2
ablate_no_tail_risk_objective,stick_slip_cycle,7,1002,,1,0.90625,1.95004,1.08615,0.13483,1.08601,0.02893,0.00000,0.37931,0.01149,1,5,0.69577,-0.09044,0.74978,475.81727,0.33777,20,0:x-0.112:y-0.437:f0.00:tf12.14:p0.0000:tok1;15:x0.024:y-0.428:f12.27:tf12.14:p0.0241:tok7;30:x0.025:y-0.347:f11.08:tf12.14:p0.0246:tok3;45:x0.024:y-0.232:f10.73:tf12.14:p0.0242:tok3;60:x0.025:y-0.106:f12.21:tf14.46:p0.0247:tok3;75:x0.028:y0.033:f13.93:tf14.46:p0.0283:tok3;90:x0.029:y0.170:f13.16:tf14.46:p0.0287:tok3;95:x0.029:y0.208:f14.45:tf14.46:p0.0289:tok3
ablate_no_calibration_guard,stick_slip_cycle,7,1002,,0,0.90625,2.69465,1.89110,0.18632,1.32060,0.03095,0.00000,0.28736,0.01149,1,5,1.05216,-0.17079,0.67209,484.10645,0.33778,26,0:x-0.126:y-0.430:f0.00:tf12.14:p0.0000:tok1;15:x0.031:y-0.421:f14.58:tf12.14:p0.0306:tok7;30:x0.023:y-0.356:f10.58:tf12.14:p0.0226:tok6;45:x0.022:y-0.271:f9.80:tf12.14:p0.0217:tok6;60:x0.023:y-0.163:f11.94:tf14.46:p0.0229:tok7;75:x0.026:y-0.026:f11.84:tf14.46:p0.0260:tok7;90:x0.026:y0.105:f12.76:tf14.46:p0.0260:tok6;95:x0.026:y0.141:f13.18:tf14.46:p0.0264:tok6
ablate_no_phase_memory,stick_slip_cycle,7,1002,,1,0.90625,2.14255,1.05741,0.14814,1.00807,0.02865,0.00000,0.45977,0.01149,1,5,0.77147,-0.11029,0.74719,477.44803,0.33781,30,0:x-0.120:y-0.436:f0.00:tf12.14:p0.0000:tok1;15:x0.022:y-0.429:f9.73:tf12.14:p0.0224:tok6;30:x0.023:y-0.363:f10.36:tf12.14:p0.0234:tok7;45:x0.024:y-0.247:f11.67:tf12.14:p0.0242:tok3;60:x0.025:y-0.115:f12.09:tf14.46:p0.0248:tok3;75:x0.029:y0.027:f13.76:tf14.46:p0.0286:tok3;90:x0.028:y0.167:f13.36:tf14.46:p0.0284:tok3;95:x0.029:y0.205:f13.31:tf14.46:p0.0286:tok3
impedance_token_policy_v4,stick_slip_cycle,7,1002,,0,0.90625,2.45480,1.80407,0.16974,1.04628,0.02853,0.00000,0.39080,0.02299,2,6,0.81635,-0.09907,0.71996,492.81450,0.33780,69,0:x-0.115:y-0.437:f0.00:tf12.14:p0.0000:tok1;15:x0.022:y-0.430:f10.62:tf12.14:p0.0218:tok7;30:x0.025:y-0.364:f11.67:tf12.14:p0.0250:tok2;45:x0.023:y-0.247:f10.95:tf12.14:p0.0232:tok5;60:x0.023:y-0.119:f11.33:tf14.46:p0.0233:tok3;75:x0.026:y0.013:f12.46:tf14.46:p0.0259:tok4;90:x0.027:y0.141:f13.86:tf14.46:p0.0275:tok4;95:x0.029:y0.181:f14.26:tf14.46:p0.0285:tok1
learned_only_token_replacement,stick_slip_cycle,7,1002,,1,0.89583,1.94984,0.52955,0.13482,1.12136,0.03150,0.00000,0.56977,0.03488,3,5,0.63971,-0.17076,0.79772,476.66054,0.33770,0,0:x-0.118:y-0.418:f0.00:tf12.14:p0.0000:tok-1;15:x0.019:y-0.412:f9.60:tf12.14:p0.0194:tok-1;30:x0.024:y-0.344:f11.22:tf12.14:p0.0245:tok-1;45:x0.026:y-0.220:f12.72:tf12.14:p0.0255:tok-1;60:x0.027:y-0.077:f13.47:tf14.46:p0.0267:tok-1;75:x0.031:y0.072:f14.68:tf14.46:p0.0308:tok-1;90:x0.031:y0.213:f14.39:tf14.46:p0.0314:tok-1;95:x0.031:y0.249:f14.70:tf14.46:p0.0314:tok-1
token_full_v5,stick_slip_cycle,7,1003,,0,0.90625,3.12080,2.51738,0.22820,0.93574,0.02774,0.00000,0.18391,0.00000,0,5,0.67906,-0.10177,0.66692,411.91373,0.35749,49,0:x-0.111:y-0.422:f0.00:tf11.47:p0.0000:tok1;15:x0.022:y-0.416:f8.89:tf11.47:p0.0224:tok5;30:x0.023:y-0.361:f9.23:tf11.47:p0.0231:tok6;45:x0.023:y-0.273:f10.18:tf11.47:p0.0235:tok4;60:x0.024:y-0.156:f9.15:tf11.47:p0.0235:tok4;75:x0.027:y-0.025:f11.31:tf13.68:p0.0270:tok4;90:x0.028:y0.101:f11.40:tf13.68:p0.0275:tok4;95:x0.027:y0.137:f11.44:tf13.68:p0.0275:tok6
ablate_no_memory,stick_slip_cycle,7,1003,,1,0.88542,2.54149,1.19945,0.18584,1.00037,0.03189,0.00000,0.52941,0.01176,1,5,0.56353,-0.09689,0.74195,404.28179,0.35757,11,0:x-0.122:y-0.446:f0.00:tf11.47:p0.0000:tok3;15:x0.019:y-0.442:f8.72:tf11.47:p0.0192:tok5;30:x0.024:y-0.379:f10.08:tf11.47:p0.0241:tok6;45:x0.026:y-0.275:f10.92:tf11.47:p0.0259:tok3;60:x0.027:y-0.134:f11.45:tf11.47:p0.0265:tok3;75:x0.031:y0.017:f13.25:tf13.68:p0.0310:tok3;90:x0.032:y0.162:f12.99:tf13.68:p0.0319:tok3;95:x0.032:y0.201:f12.43:tf13.68:p0.0318:tok3
ablate_no_discrete_tokens,stick_slip_cycle,7,1003,,0,0.91667,1.44729,0.44183,0.10583,1.22557,0.03379,0.00000,0.62500,0.01136,1,5,0.87387,-0.11623,0.84687,406.94652,0.35743,0,0:x-0.123:y-0.443:f0.00:tf11.47:p0.0000:tok1;15:x0.030:y-0.432:f13.23:tf11.47:p0.0302:tok1;30:x0.027:y-0.348:f11.17:tf11.47:p0.0272:tok1;45:x0.028:y-0.209:f11.33:tf11.47:p0.0277:tok1;60:x0.028:y-0.052:f10.75:tf11.47:p0.0279:tok1;75:x0.034:y0.108:f14.01:tf13.68:p0.0335:tok1;90:x0.033:y0.255:f13.95:tf13.68:p0.0333:tok1;95:x0.033:y0.292:f13.39:tf13.68:p0.0333:tok1
ablate_no_force_update,stick_slip_cycle,7,1003,,0,0.90625,3.15069,2.88676,0.23039,0.95305,0.02827,0.00000,0.32184,0.00000,0,5,0.72197,-0.09232,0.67298,420.00000,0.20000,39,0:x-0.114:y-0.426:f0.12:tf11.47:p0.0000:tok1;15:x0.023:y-0.421:f9.39:tf11.47:p0.0230:tok7;30:x0.023:y-0.369:f10.05:tf11.47:p0.0231:tok6;45:x0.023:y-0.284:f9.01:tf11.47:p0.0229:tok6;60:x0.023:y-0.169:f10.09:tf11.47:p0.0232:tok4;75:x0.027:y-0.031:f11.53:tf13.68:p0.0272:tok4;90:x0.027:y0.103:f10.36:tf13.68:p0.0271:tok6;95:x0.028:y0.141:f11.86:tf13.68:p0.0283:tok4
ablate_no_transition_planner,stick_slip_cycle,7,1003,,0,0.90625,3.07847,2.66017,0.22511,0.93324,0.02894,0.00000,0.12644,0.00000,0,5,0.67187,-0.10070,0.67344,404.90141,0.35746,48,0:x-0.109:y-0.419:f0.38:tf11.47:p0.0000:tok1;15:x0.022:y-0.413:f8.91:tf11.47:p0.0220:tok2;30:x0.023:y-0.358:f8.91:tf11.47:p0.0232:tok2;45:x0.024:y-0.262:f10.18:tf11.47:p0.0244:tok4;60:x0.023:y-0.143:f10.09:tf11.47:p0.0233:tok6;75:x0.027:y-0.017:f10.04:tf13.68:p0.0275:tok6;90:x0.028:y0.107:f11.61:tf13.68:p0.0277:tok4;95:x0.029:y0.142:f11.75:tf13.68:p0.0289:tok6
ablate_no_safety_penalty,stick_slip_cycle,7,1003,,0,0.90625,3.13163,2.67223,0.22899,0.90849,0.02800,0.00000,0.18391,0.00000,0,5,0.67233,-0.09809,0.66714,404.35257,0.35750,47,0:x-0.109:y-0.437:f0.12:tf11.47:p0.0000:tok1;15:x0.022:y-0.429:f8.80:tf11.47:p0.0221:tok2;30:x0.023:y-0.369:f9.12:tf11.47:p0.0232:tok6;45:x0.024:y-0.273:f10.01:tf11.47:p0.0238:tok4;60:x0.024:y-0.154:f9.87:tf11.47:p0.0236:tok4;75:x0.027:y-0.024:f11.12:tf13.68:p0.0271:tok6;90:x0.028:y0.101:f11.42:tf13.68:p0.0280:tok4;95:x0.028:y0.137:f11.78:tf13.68:p0.0280:tok6
ablate_no_slip_context,stick_slip_cycle,7,1003,,0,0.89583,2.88924,2.09431,0.21127,0.95356,0.02957,0.00000,0.19767,0.00000,0,5,0.84843,-0.12778,0.67439,404.95466,0.35747,45,0:x-0.119:y-0.417:f0.50:tf11.47:p0.0000:tok1;15:x0.023:y-0.411:f9.99:tf11.47:p0.0227:tok6;30:x0.023:y-0.360:f9.62:tf11.47:p0.0230:tok6;45:x0.024:y-0.267:f8.99:tf11.47:p0.0240:tok6;60:x0.024:y-0.151:f9.83:tf11.47:p0.0240:tok6;75:x0.029:y-0.023:f11.91:tf13.68:p0.0289:tok6;90:x0.029:y0.107:f11.31:tf13.68:p0.0286:tok6;95:x0.029:y0.143:f11.64:tf13.68:p0.0290:tok6
ablate_no_tail_risk_objective,stick_slip_cycle,7,1003,,1,0.89583,1.98326,1.22165,0.14502,1.06580,0.03167,0.00000,0.38372,0.02326,2,5,0.70799,-0.09372,0.75192,408.58695,0.35740,22,0:x-0.116:y-0.425:f0.00:tf11.47:p0.0000:tok1;15:x0.025:y-0.419:f11.62:tf11.47:p0.0249:tok0;30:x0.027:y-0.341:f10.20:tf11.47:p0.0273:tok3;45:x0.027:y-0.227:f11.08:tf11.47:p0.0268:tok3;60:x0.027:y-0.100:f10.73:tf11.47:p0.0265:tok3;75:x0.031:y0.037:f13.17:tf13.68:p0.0307:tok3;90:x0.031:y0.173:f13.39:tf13.68:p0.0314:tok3;95:x0.032:y0.210:f13.48:tf13.68:p0.0317:tok3
ablate_no_calibration_guard,stick_slip_cycle,7,1003,,0,0.90625,2.43276,1.98929,0.17789,1.21483,0.03088,0.00000,0.18391,0.01149,1,6,1.00793,-0.15632,0.68168,410.86488,0.35741,29,0:x-0.122:y-0.422:f0.62:tf11.47:p0.0000:tok1;15:x0.031:y-0.413:f12.35:tf11.47:p0.0309:tok7;30:x0.024:y-0.351:f9.36:tf11.47:p0.0244:tok6;45:x0.025:y-0.257:f10.64:tf11.47:p0.0254:tok6;60:x0.025:y-0.144:f9.19:tf11.47:p0.0246:tok6;75:x0.029:y-0.015:f11.29:tf13.68:p0.0290:tok6;90:x0.028:y0.112:f10.89:tf13.68:p0.0278:tok7;95:x0.030:y0.149:f12.38:tf13.68:p0.0298:tok6
ablate_no_phase_memory,stick_slip_cycle,7,1003,,1,0.89583,2.18871,1.09101,0.16004,1.00587,0.03159,0.00000,0.51163,0.00000,0,5,0.77464,-0.11220,0.74758,409.54280,0.35746,33,0:x-0.125:y-0.435:f0.06:tf11.47:p0.0000:tok1;15:x0.023:y-0.428:f10.46:tf11.47:p0.0232:tok4;30:x0.024:y-0.364:f9.69:tf11.47:p0.0244:tok4;45:x0.026:y-0.250:f11.20:tf11.47:p0.0264:tok3;60:x0.027:y-0.116:f11.15:tf11.47:p0.0269:tok3;75:x0.031:y0.028:f11.82:tf13.68:p0.0308:tok3;90:x0.031:y0.168:f13.48:tf13.68:p0.0314:tok3;95:x0.031:y0.206:f12.34:tf13.68:p0.0314:tok3
impedance_token_policy_v4,stick_slip_cycle,7,1003,,0,0.90625,2.41554,1.68683,0.17663,1.03343,0.03281,0.00000,0.48276,0.01149,1,6,0.76267,-0.10047,0.72567,407.15936,0.35744,62,0:x-0.113:y-0.425:f0.14:tf11.47:p0.0000:tok1;15:x0.023:y-0.420:f9.42:tf11.47:p0.0232:tok7;30:x0.026:y-0.358:f11.16:tf11.47:p0.0255:tok6;45:x0.026:y-0.243:f9.93:tf11.47:p0.0257:tok4;60:x0.024:y-0.113:f9.79:tf11.47:p0.0244:tok6;75:x0.028:y0.018:f10.71:tf13.68:p0.0281:tok4;90:x0.032:y0.147:f12.99:tf13.68:p0.0318:tok7;95:x0.032:y0.187:f12.11:tf13.68:p0.0317:tok6
learned_only_token_replacement,stick_slip_cycle,7,1003,,1,0.89583,2.07245,0.62508,0.15154,1.11225,0.03481,0.00000,0.55814,0.03488,3,5,0.61782,-0.15922,0.80155,405.11768,0.35733,0,0:x-0.117:y-0.417:f0.09:tf11.47:p0.0000:tok-1;15:x0.019:y-0.411:f8.47:tf11.47:p0.0185:tok-1;30:x0.026:y-0.343:f11.34:tf11.47:p0.0259:tok-1;45:x0.028:y-0.219:f11.34:tf11.47:p0.0276:tok-1;60:x0.028:y-0.072:f10.90:tf11.47:p0.0285:tok-1;75:x0.034:y0.077:f13.64:tf13.68:p0.0336:tok-1;90:x0.035:y0.217:f13.84:tf13.68:p0.0348:tok-1;95:x0.035:y0.253:f14.15:tf13.68:p0.0348:tok-1
token_full_v5,actuator_saturation,0,1000,,0,0.89583,3.13448,3.25944,0.18724,1.25919,0.02507,0.00000,0.29070,0.01163,1,6,0.70506,-0.09667,0.68326,560.70129,0.26378,42,0:x-0.113:y-0.428:f0.00:tf11.13:p0.0000:tok1;15:x0.021:y-0.422:f8.04:tf11.13:p0.0214:tok2;30:x0.025:y-0.361:f9.34:tf11.13:p0.0245:tok6;45:x0.024:y-0.268:f13.45:tf11.13:p0.0241:tok4;60:x0.018:y-0.149:f9.71:tf11.13:p0.0183:tok4;75:x0.024:y-0.013:f13.83:tf16.74:p0.0243:tok6;90:x0.025:y0.114:f13.52:tf16.74:p0.0247:tok6;95:x0.025:y0.150:f13.97:tf16.74:p0.0249:tok2
ablate_no_memory,actuator_saturation,0,1000,,1,0.88542,2.66095,1.58177,0.15895,1.25360,0.02858,0.00000,0.48235,0.04706,4,5,0.52040,-0.07343,0.75996,561.66084,0.26382,14,0:x-0.111:y-0.412:f0.22:tf11.13:p0.0000:tok3;15:x0.019:y-0.408:f9.38:tf11.13:p0.0190:tok0;30:x0.024:y-0.352:f9.58:tf11.13:p0.0244:tok6;45:x0.024:y-0.260:f12.82:tf11.13:p0.0242:tok3;60:x0.020:y-0.128:f10.89:tf11.13:p0.0201:tok3;75:x0.027:y0.026:f14.92:tf16.74:p0.0272:tok3;90:x0.028:y0.175:f16.92:tf16.74:p0.0285:tok3;95:x0.028:y0.216:f15.43:tf16.74:p0.0282:tok3
ablate_no_discrete_tokens,actuator_saturation,0,1000,,1,0.91667,1.88087,0.77857,0.11236,1.46393,0.03001,0.00000,0.59091,0.02273,2,5,0.86780,-0.11119,0.86156,559.22289,0.26379,0,0:x-0.122:y-0.417:f0.33:tf11.13:p0.0000:tok1;15:x0.028:y-0.408:f10.12:tf11.13:p0.0284:tok1;30:x0.028:y-0.335:f10.07:tf11.13:p0.0278:tok1;45:x0.028:y-0.206:f15.64:tf11.13:p0.0281:tok1;60:x0.020:y-0.051:f11.23:tf11.13:p0.0204:tok1;75:x0.030:y0.114:f16.61:tf16.74:p0.0297:tok1;90:x0.030:y0.266:f16.50:tf16.74:p0.0297:tok1;95:x0.030:y0.304:f16.73:tf16.74:p0.0300:tok1
ablate_no_force_update,actuator_saturation,0,1000,,0,0.89583,2.25770,1.27114,0.13487,1.20258,0.03063,0.00000,0.36047,0.01163,1,5,0.67966,-0.09054,0.69690,420.00000,0.20000,30,0:x-0.114:y-0.426:f0.00:tf11.13:p0.0000:tok1;15:x0.021:y-0.420:f7.97:tf11.13:p0.0215:tok2;30:x0.024:y-0.364:f8.22:tf11.13:p0.0237:tok2;45:x0.023:y-0.266:f13.38:tf11.13:p0.0228:tok4;60:x0.020:y-0.144:f10.96:tf11.13:p0.0204:tok4;75:x0.027:y-0.012:f15.97:tf16.74:p0.0268:tok4;90:x0.031:y0.123:f16.77:tf16.74:p0.0305:tok4;95:x0.031:y0.162:f15.94:tf16.74:p0.0306:tok4
ablate_no_transition_planner,actuator_saturation,0,1000,,0,0.89583,3.23316,3.53934,0.19314,1.28237,0.02591,0.00000,0.25581,0.01163,1,8,0.75720,-0.10948,0.67700,560.38548,0.26378,37,0:x-0.120:y-0.440:f0.20:tf11.13:p0.0000:tok1;15:x0.021:y-0.433:f8.05:tf11.13:p0.0213:tok2;30:x0.024:y-0.369:f9.08:tf11.13:p0.0242:tok6;45:x0.024:y-0.272:f12.82:tf11.13:p0.0237:tok4;60:x0.018:y-0.151:f9.98:tf11.13:p0.0176:tok4;75:x0.024:y-0.014:f13.65:tf16.74:p0.0235:tok6;90:x0.025:y0.109:f13.87:tf16.74:p0.0248:tok6;95:x0.026:y0.145:f14.85:tf16.74:p0.0259:tok4
ablate_no_safety_penalty,actuator_saturation,0,1000,,0,0.89583,3.06751,3.47213,0.18324,1.18017,0.02515,0.00000,0.23256,0.01163,1,5,0.74508,-0.10749,0.66791,560.66127,0.26378,38,0:x-0.120:y-0.419:f0.00:tf11.13:p0.0000:tok1;15:x0.022:y-0.413:f9.76:tf11.13:p0.0217:tok4;30:x0.024:y-0.358:f8.57:tf11.13:p0.0239:tok2;45:x0.023:y-0.264:f12.66:tf11.13:p0.0234:tok6;60:x0.018:y-0.161:f10.50:tf11.13:p0.0177:tok4;75:x0.024:y-0.028:f13.10:tf16.74:p0.0240:tok6;90:x0.025:y0.101:f13.93:tf16.74:p0.0247:tok6;95:x0.025:y0.137:f14.13:tf16.74:p0.0248:tok2
ablate_no_slip_context,actuator_saturation,0,1000,,0,0.89583,2.97153,2.38035,0.17751,1.29812,0.02666,0.00000,0.38372,0.01163,1,5,0.84916,-0.12088,0.70731,569.07801,0.26366,44,0:x-0.113:y-0.416:f0.00:tf11.13:p0.0000:tok1;15:x0.021:y-0.410:f7.75:tf11.13:p0.0213:tok2;30:x0.024:y-0.355:f9.15:tf11.13:p0.0241:tok6;45:x0.025:y-0.266:f14.41:tf11.13:p0.0255:tok2;60:x0.019:y-0.121:f11.06:tf11.13:p0.0193:tok6;75:x0.026:y0.010:f14.60:tf16.74:p0.0259:tok6;90:x0.026:y0.137:f14.82:tf16.74:p0.0256:tok6;95:x0.026:y0.172:f14.76:tf16.74:p0.0259:tok6
ablate_no_tail_risk_objective,actuator_saturation,0,1000,,1,0.89583,2.43132,1.62151,0.14524,1.39229,0.02843,0.00000,0.46512,0.02326,2,5,0.77420,-0.10332,0.76696,558.80565,0.26377,18,0:x-0.125:y-0.439:f0.00:tf11.13:p0.0000:tok1;15:x0.021:y-0.433:f9.83:tf11.13:p0.0209:tok7;30:x0.027:y-0.352:f9.82:tf11.13:p0.0271:tok3;45:x0.026:y-0.238:f15.36:tf11.13:p0.0259:tok3;60:x0.020:y-0.107:f10.95:tf11.13:p0.0201:tok3;75:x0.027:y0.039:f14.74:tf16.74:p0.0270:tok3;90:x0.028:y0.183:f15.36:tf16.74:p0.0283:tok3;95:x0.028:y0.222:f16.31:tf16.74:p0.0284:tok3
ablate_no_calibration_guard,actuator_saturation,0,1000,,0,0.90625,2.41376,2.11629,0.14419,1.43498,0.02922,0.00000,0.37931,0.02299,2,5,1.05827,-0.13128,0.73505,560.79049,0.26368,30,0:x-0.107:y-0.434:f0.00:tf11.13:p0.0000:tok1;15:x0.029:y-0.424:f10.62:tf11.13:p0.0290:tok7;30:x0.026:y-0.358:f9.78:tf11.13:p0.0257:tok7;45:x0.027:y-0.251:f15.09:tf11.13:p0.0266:tok7;60:x0.019:y-0.103:f10.17:tf11.13:p0.0195:tok6;75:x0.026:y0.029:f14.68:tf16.74:p0.0263:tok6;90:x0.027:y0.161:f14.81:tf16.74:p0.0266:tok6;95:x0.026:y0.196:f15.44:tf16.74:p0.0265:tok6
ablate_no_phase_memory,actuator_saturation,0,1000,,1,0.90625,2.51751,1.58426,0.15039,1.43474,0.02865,0.00000,0.47126,0.02299,2,5,0.69780,-0.08772,0.76588,556.10359,0.26378,35,0:x-0.112:y-0.418:f0.76:tf11.13:p0.0000:tok1;15:x0.020:y-0.413:f7.60:tf11.13:p0.0204:tok2;30:x0.026:y-0.351:f9.69:tf11.13:p0.0259:tok6;45:x0.026:y-0.242:f14.59:tf11.13:p0.0261:tok3;60:x0.020:y-0.110:f10.81:tf11.13:p0.0203:tok3;75:x0.027:y0.037:f14.69:tf16.74:p0.0273:tok3;90:x0.029:y0.182:f16.37:tf16.74:p0.0286:tok3;95:x0.029:y0.221:f16.24:tf16.74:p0.0286:tok3
impedance_token_policy_v4,actuator_saturation,0,1000,,0,0.90625,2.65166,2.39901,0.15840,1.51668,0.02960,0.00000,0.47126,0.03448,3,5,0.73155,-0.07900,0.73657,562.72540,0.26377,66,0:x-0.107:y-0.429:f0.00:tf11.13:p0.0000:tok1;15:x0.022:y-0.422:f7.86:tf11.13:p0.0221:tok5;30:x0.027:y-0.358:f9.32:tf11.13:p0.0268:tok4;45:x0.027:y-0.244:f14.12:tf11.13:p0.0269:tok4;60:x0.018:y-0.114:f10.40:tf11.13:p0.0184:tok4;75:x0.026:y0.022:f14.10:tf16.74:p0.0257:tok4;90:x0.027:y0.154:f14.95:tf16.74:p0.0270:tok2;95:x0.029:y0.195:f16.39:tf16.74:p0.0289:tok5
learned_only_token_replacement,actuator_saturation,0,1000,,0,0.89583,2.64268,0.87838,0.15786,1.43121,0.03032,0.00000,0.61628,0.03488,3,5,0.65340,-0.16520,0.81469,563.62046,0.26371,0,0:x-0.121:y-0.437:f0.00:tf11.13:p0.0000:tok-1;15:x0.018:y-0.430:f7.49:tf11.13:p0.0178:tok-1;30:x0.025:y-0.355:f10.44:tf11.13:p0.0253:tok-1;45:x0.027:y-0.227:f15.52:tf11.13:p0.0272:tok-1;60:x0.022:y-0.078:f12.81:tf11.13:p0.0217:tok-1;75:x0.029:y0.078:f16.65:tf16.74:p0.0293:tok-1;90:x0.030:y0.225:f16.96:tf16.74:p0.0302:tok-1;95:x0.030:y0.264:f17.49:tf16.74:p0.0303:tok-1
token_full_v5,actuator_saturation,0,1001,,0,0.90625,3.09424,2.87052,0.19157,1.21318,0.02727,0.00000,0.29885,0.01149,1,9,0.76475,-0.11568,0.69221,540.05597,0.28805,45,0:x-0.116:y-0.445:f0.00:tf11.84:p0.0000:tok1;15:x0.024:y-0.438:f9.75:tf11.84:p0.0237:tok0;30:x0.026:y-0.374:f9.03:tf11.84:p0.0257:tok2;45:x0.027:y-0.270:f12.92:tf11.84:p0.0267:tok4;60:x0.020:y-0.149:f10.90:tf11.84:p0.0200:tok4;75:x0.025:y-0.013:f14.29:tf16.15:p0.0252:tok4;90:x0.025:y0.122:f13.48:tf16.15:p0.0254:tok6;95:x0.025:y0.158:f13.30:tf16.15:p0.0252:tok6
ablate_no_memory,actuator_saturation,0,1001,,1,0.88542,2.81478,1.32064,0.17427,1.21878,0.02870,0.00000,0.47059,0.04706,4,5,0.58667,-0.09976,0.75370,532.59828,0.28808,15,0:x-0.122:y-0.420:f0.04:tf11.84:p0.0000:tok3;15:x0.019:y-0.416:f8.64:tf11.84:p0.0191:tok5;30:x0.027:y-0.359:f10.24:tf11.84:p0.0266:tok6;45:x0.027:y-0.265:f13.02:tf11.84:p0.0266:tok6;60:x0.023:y-0.136:f11.50:tf11.84:p0.0228:tok3;75:x0.028:y0.019:f15.78:tf16.15:p0.0279:tok3;90:x0.029:y0.170:f15.14:tf16.15:p0.0286:tok3;95:x0.029:y0.211:f15.21:tf16.15:p0.0287:tok3
ablate_no_discrete_tokens,actuator_saturation,0,1001,,0,0.91667,1.95662,0.80271,0.12114,1.54423,0.03275,0.00000,0.60227,0.03409,3,5,0.86886,-0.11321,0.85944,540.58989,0.28799,0,0:x-0.120:y-0.422:f0.00:tf11.84:p0.0000:tok1;15:x0.031:y-0.413:f11.63:tf11.84:p0.0314:tok1;30:x0.030:y-0.337:f11.76:tf11.84:p0.0304:tok1;45:x0.033:y-0.205:f17.21:tf11.84:p0.0327:tok1;60:x0.023:y-0.050:f12.04:tf11.84:p0.0227:tok1;75:x0.030:y0.114:f17.21:tf16.15:p0.0301:tok1;90:x0.030:y0.265:f15.84:tf16.15:p0.0297:tok1;95:x0.030:y0.302:f15.89:tf16.15:p0.0298:tok1
ablate_no_force_update,actuator_saturation,0,1001,,0,0.90625,2.40509,1.15860,0.14890,1.10216,0.02985,0.00000,0.34483,0.01149,1,5,0.69147,-0.09151,0.69908,420.00000,0.20000,33,0:x-0.110:y-0.437:f0.00:tf11.84:p0.0000:tok1;15:x0.024:y-0.430:f9.20:tf11.84:p0.0240:tok5;30:x0.027:y-0.368:f9.35:tf11.84:p0.0273:tok6;45:x0.025:y-0.264:f12.54:tf11.84:p0.0254:tok4;60:x0.022:y-0.144:f12.30:tf11.84:p0.0220:tok4;75:x0.028:y-0.011:f15.54:tf16.15:p0.0282:tok4;90:x0.030:y0.125:f15.95:tf16.15:p0.0298:tok4;95:x0.030:y0.164:f14.88:tf16.15:p0.0298:tok4
ablate_no_transition_planner,actuator_saturation,0,1001,,0,0.90625,3.25807,3.15827,0.20171,1.26788,0.02729,0.00000,0.27586,0.02299,2,6,0.77681,-0.11818,0.67830,536.42595,0.28799,40,0:x-0.119:y-0.441:f0.00:tf11.84:p0.0000:tok1;15:x0.024:y-0.434:f9.84:tf11.84:p0.0235:tok0;30:x0.026:y-0.371:f10.56:tf11.84:p0.0262:tok6;45:x0.027:y-0.274:f15.02:tf11.84:p0.0267:tok7;60:x0.021:y-0.149:f11.26:tf11.84:p0.0206:tok4;75:x0.024:y-0.013:f13.71:tf16.15:p0.0238:tok4;90:x0.025:y0.111:f13.43:tf16.15:p0.0249:tok6;95:x0.026:y0.146:f13.85:tf16.15:p0.0260:tok4
ablate_no_safety_penalty,actuator_saturation,0,1001,,0,0.90625,3.17141,3.04451,0.19635,1.26255,0.02805,0.00000,0.20690,0.01149,1,8,0.66646,-0.09451,0.67948,545.46069,0.28794,46,0:x-0.104:y-0.416:f0.60:tf11.84:p0.0000:tok1;15:x0.024:y-0.409:f8.46:tf11.84:p0.0236:tok5;30:x0.027:y-0.350:f9.56:tf11.84:p0.0271:tok6;45:x0.028:y-0.255:f14.21:tf11.84:p0.0280:tok4;60:x0.020:y-0.142:f10.73:tf11.84:p0.0201:tok4;75:x0.024:y-0.011:f13.55:tf16.15:p0.0243:tok6;90:x0.025:y0.112:f13.31:tf16.15:p0.0248:tok6;95:x0.026:y0.147:f14.45:tf16.15:p0.0261:tok4
ablate_no_slip_context,actuator_saturation,0,1001,,0,0.90625,2.92691,2.14799,0.18121,1.25916,0.02713,0.00000,0.29885,0.01149,1,5,0.93542,-0.12659,0.71034,539.40400,0.28808,51,0:x-0.117:y-0.441:f0.00:tf11.84:p0.0000:tok1;15:x0.023:y-0.434:f9.78:tf11.84:p0.0232:tok0;30:x0.026:y-0.367:f9.07:tf11.84:p0.0259:tok2;45:x0.027:y-0.267:f14.91:tf11.84:p0.0268:tok2;60:x0.020:y-0.148:f10.87:tf11.84:p0.0205:tok6;75:x0.026:y-0.014:f13.34:tf16.15:p0.0259:tok2;90:x0.026:y0.134:f14.68:tf16.15:p0.0263:tok6;95:x0.026:y0.174:f13.82:tf16.15:p0.0262:tok6
ablate_no_tail_risk_objective,actuator_saturation,0,1001,,1,0.90625,2.34345,1.36516,0.14509,1.40768,0.03067,0.00000,0.42529,0.02299,2,5,0.62559,-0.06479,0.76543,537.33200,0.28795,19,0:x-0.102:y-0.428:f0.00:tf11.84:p0.0000:tok1;15:x0.027:y-0.420:f10.57:tf11.84:p0.0267:tok0;30:x0.030:y-0.342:f10.92:tf11.84:p0.0304:tok3;45:x0.030:y-0.229:f16.67:tf11.84:p0.0303:tok3;60:x0.022:y-0.101:f12.31:tf11.84:p0.0223:tok3;75:x0.028:y0.042:f15.08:tf16.15:p0.0277:tok3;90:x0.029:y0.183:f15.50:tf16.15:p0.0286:tok3;95:x0.029:y0.221:f15.61:tf16.15:p0.0286:tok3
ablate_no_calibration_guard,actuator_saturation,0,1001,,0,0.90625,2.59850,1.83907,0.16088,1.38452,0.03189,0.00000,0.35632,0.02299,2,5,1.17101,-0.17800,0.73272,536.92333,0.28784,28,0:x-0.125:y-0.417:f0.00:tf11.84:p0.0000:tok1;15:x0.032:y-0.409:f11.41:tf11.84:p0.0319:tok7;30:x0.027:y-0.348:f9.24:tf11.84:p0.0270:tok2;45:x0.029:y-0.250:f15.19:tf11.84:p0.0288:tok7;60:x0.023:y-0.099:f12.57:tf11.84:p0.0234:tok6;75:x0.027:y0.038:f14.68:tf16.15:p0.0272:tok6;90:x0.026:y0.161:f14.16:tf16.15:p0.0265:tok6;95:x0.027:y0.194:f13.79:tf16.15:p0.0267:tok6
ablate_no_phase_memory,actuator_saturation,0,1001,,1,0.90625,2.46910,1.40420,0.15287,1.35977,0.02961,0.00000,0.51724,0.03448,3,5,0.64973,-0.07255,0.76246,529.60582,0.28801,30,0:x-0.102:y-0.439:f0.14:tf11.84:p0.0000:tok1;15:x0.024:y-0.431:f9.38:tf11.84:p0.0236:tok7;30:x0.029:y-0.362:f10.33:tf11.84:p0.0286:tok4;45:x0.030:y-0.248:f16.10:tf11.84:p0.0296:tok3;60:x0.023:y-0.113:f12.15:tf11.84:p0.0226:tok3;75:x0.028:y0.035:f15.47:tf16.15:p0.0276:tok3;90:x0.029:y0.179:f15.43:tf16.15:p0.0287:tok3;95:x0.029:y0.219:f15.72:tf16.15:p0.0289:tok3
impedance_token_policy_v4,actuator_saturation,0,1001,,0,0.90625,2.83783,2.39883,0.17570,1.33699,0.02995,0.00000,0.43678,0.01149,1,5,0.75139,-0.09106,0.73451,532.84199,0.28799,69,0:x-0.109:y-0.418:f0.05:tf11.84:p0.0000:tok1;15:x0.024:y-0.411:f9.07:tf11.84:p0.0245:tok7;30:x0.029:y-0.349:f10.57:tf11.84:p0.0293:tok4;45:x0.029:y-0.240:f15.39:tf11.84:p0.0290:tok5;60:x0.021:y-0.110:f10.86:tf11.84:p0.0209:tok4;75:x0.026:y0.023:f13.14:tf16.15:p0.0256:tok3;90:x0.028:y0.153:f15.04:tf16.15:p0.0275:tok2;95:x0.028:y0.194:f14.33:tf16.15:p0.0277:tok6
learned_only_token_replacement,actuator_saturation,0,1001,,1,0.90625,2.62480,0.78148,0.16251,1.43479,0.03132,0.00000,0.59770,0.02299,2,5,0.56125,-0.12610,0.81075,537.76994,0.28788,0,0:x-0.105:y-0.432:f0.27:tf11.84:p0.0000:tok-1;15:x0.020:y-0.425:f7.91:tf11.84:p0.0198:tok-1;30:x0.028:y-0.351:f10.38:tf11.84:p0.0285:tok-1;45:x0.031:y-0.223:f16.99:tf11.84:p0.0313:tok-1;60:x0.024:y-0.075:f12.92:tf11.84:p0.0244:tok-1;75:x0.030:y0.079:f15.69:tf16.15:p0.0298:tok-1;90:x0.031:y0.223:f17.31:tf16.15:p0.0312:tok-1;95:x0.031:y0.260:f16.59:tf16.15:p0.0310:tok-1
token_full_v5,actuator_saturation,0,1002,,0,0.90625,3.45429,3.25354,0.20750,1.61434,0.02979,0.00000,0.28736,0.01149,1,7,0.71951,-0.10171,0.69197,618.18547,0.27710,40,0:x-0.108:y-0.435:f0.00:tf11.87:p0.0000:tok1;15:x0.025:y-0.427:f9.52:tf11.87:p0.0249:tok4;30:x0.030:y-0.362:f10.65:tf11.87:p0.0298:tok6;45:x0.026:y-0.265:f15.97:tf11.87:p0.0261:tok7;60:x0.017:y-0.140:f11.15:tf11.87:p0.0174:tok4;75:x0.020:y-0.005:f13.80:tf16.65:p0.0202:tok6;90:x0.022:y0.122:f13.54:tf16.65:p0.0224:tok6;95:x0.023:y0.158:f14.69:tf16.65:p0.0234:tok4
ablate_no_memory,actuator_saturation,0,1002,,1,0.89583,3.01483,1.60514,0.18110,1.64432,0.03125,0.00000,0.48837,0.02326,2,5,0.56283,-0.08683,0.75974,619.81339,0.27717,15,0:x-0.114:y-0.435:f0.83:tf11.87:p0.0000:tok3;15:x0.021:y-0.431:f8.76:tf11.87:p0.0207:tok5;30:x0.029:y-0.368:f9.81:tf11.87:p0.0285:tok6;45:x0.027:y-0.260:f16.92:tf11.87:p0.0265:tok3;60:x0.020:y-0.126:f11.84:tf11.87:p0.0196:tok3;75:x0.022:y0.027:f13.97:tf16.65:p0.0216:tok3;90:x0.025:y0.176:f15.62:tf16.65:p0.0253:tok3;95:x0.025:y0.216:f15.63:tf16.65:p0.0255:tok3
ablate_no_discrete_tokens,actuator_saturation,0,1002,,0,0.91667,2.03701,0.91332,0.12237,1.82993,0.03530,0.02273,0.62500,0.01136,1,5,0.78694,-0.08749,0.86071,624.76942,0.27712,0,0:x-0.106:y-0.434:f0.24:tf11.87:p0.0000:tok1;15:x0.033:y-0.424:f11.17:tf11.87:p0.0329:tok1;30:x0.034:y-0.343:f11.11:tf11.87:p0.0335:tok1;45:x0.029:y-0.209:f18.85:tf11.87:p0.0293:tok1;60:x0.020:y-0.052:f12.76:tf11.87:p0.0202:tok1;75:x0.023:y0.114:f15.13:tf16.65:p0.0226:tok1;90:x0.027:y0.266:f16.32:tf16.65:p0.0266:tok1;95:x0.027:y0.304:f17.10:tf16.65:p0.0267:tok1
ablate_no_force_update,actuator_saturation,0,1002,,0,0.90625,2.88749,1.25526,0.17345,1.43847,0.02951,0.00000,0.33333,0.03448,3,5,0.75332,-0.10303,0.70088,420.00000,0.20000,39,0:x-0.116:y-0.449:f0.04:tf11.87:p0.0000:tok1;15:x0.026:y-0.442:f8.40:tf11.87:p0.0259:tok2;30:x0.029:y-0.371:f9.95:tf11.87:p0.0292:tok6;45:x0.025:y-0.264:f15.80:tf11.87:p0.0251:tok7;60:x0.021:y-0.141:f13.13:tf11.87:p0.0209:tok4;75:x0.023:y-0.007:f14.80:tf16.65:p0.0226:tok4;90:x0.029:y0.127:f17.08:tf16.65:p0.0292:tok4;95:x0.030:y0.166:f17.96:tf16.65:p0.0295:tok4
ablate_no_transition_planner,actuator_saturation,0,1002,,0,0.90625,3.42544,3.46618,0.20577,1.58146,0.02969,0.00000,0.24138,0.01149,1,7,0.76015,-0.11085,0.68801,625.98454,0.27711,39,0:x-0.114:y-0.434:f0.00:tf11.87:p0.0000:tok1;15:x0.024:y-0.427:f9.53:tf11.87:p0.0244:tok0;30:x0.029:y-0.362:f9.74:tf11.87:p0.0285:tok6;45:x0.026:y-0.260:f16.62:tf11.87:p0.0260:tok6;60:x0.017:y-0.142:f11.02:tf11.87:p0.0171:tok4;75:x0.019:y-0.007:f12.32:tf16.65:p0.0193:tok6;90:x0.022:y0.119:f13.25:tf16.65:p0.0218:tok6;95:x0.023:y0.155:f14.28:tf16.65:p0.0231:tok4
ablate_no_safety_penalty,actuator_saturation,0,1002,,0,0.89583,3.45183,3.43994,0.20736,1.61747,0.03006,0.00000,0.27907,0.02326,2,9,0.81261,-0.12407,0.68907,623.96190,0.27711,43,0:x-0.121:y-0.431:f0.00:tf11.87:p0.0000:tok1;15:x0.026:y-0.425:f9.70:tf11.87:p0.0256:tok4;30:x0.029:y-0.364:f8.81:tf11.87:p0.0288:tok2;45:x0.027:y-0.266:f16.03:tf11.87:p0.0267:tok6;60:x0.018:y-0.142:f10.84:tf11.87:p0.0175:tok4;75:x0.020:y-0.007:f13.88:tf16.65:p0.0198:tok6;90:x0.022:y0.120:f12.99:tf16.65:p0.0221:tok6;95:x0.023:y0.156:f15.00:tf16.65:p0.0233:tok4
ablate_no_slip_context,actuator_saturation,0,1002,,0,0.90625,3.36672,2.53746,0.20224,1.73166,0.03169,0.01149,0.29885,0.01149,1,5,0.93745,-0.12284,0.71737,625.25644,0.27705,56,0:x-0.116:y-0.424:f0.33:tf11.87:p0.0000:tok1;15:x0.025:y-0.418:f9.25:tf11.87:p0.0246:tok2;30:x0.030:y-0.355:f10.31:tf11.87:p0.0295:tok6;45:x0.028:y-0.251:f17.76:tf11.87:p0.0276:tok6;60:x0.019:y-0.115:f12.63:tf11.87:p0.0192:tok6;75:x0.020:y0.004:f12.46:tf16.65:p0.0200:tok2;90:x0.023:y0.143:f14.70:tf16.65:p0.0232:tok6;95:x0.024:y0.180:f15.83:tf16.65:p0.0241:tok6
ablate_no_tail_risk_objective,actuator_saturation,0,1002,,1,0.89583,2.81247,1.66640,0.16895,1.69807,0.03286,0.00000,0.48837,0.01163,1,5,0.82120,-0.11828,0.76899,619.16026,0.27708,23,0:x-0.128:y-0.431:f0.23:tf11.87:p0.0000:tok1;15:x0.025:y-0.425:f9.71:tf11.87:p0.0247:tok0;30:x0.033:y-0.346:f11.09:tf11.87:p0.0327:tok3;45:x0.028:y-0.232:f17.38:tf11.87:p0.0283:tok4;60:x0.019:y-0.099:f12.76:tf11.87:p0.0194:tok3;75:x0.021:y0.045:f14.08:tf16.65:p0.0215:tok3;90:x0.025:y0.186:f15.41:tf16.65:p0.0252:tok3;95:x0.025:y0.224:f15.71:tf16.65:p0.0255:tok3
ablate_no_calibration_guard,actuator_saturation,0,1002,,0,0.90625,2.63598,2.07076,0.15835,1.73697,0.03484,0.01149,0.32184,0.01149,1,5,1.08222,-0.14288,0.71792,630.52973,0.27703,31,0:x-0.112:y-0.442:f0.00:tf11.87:p0.0000:tok1;15:x0.033:y-0.431:f11.03:tf11.87:p0.0331:tok7;30:x0.032:y-0.361:f10.77:tf11.87:p0.0319:tok7;45:x0.027:y-0.253:f16.82:tf11.87:p0.0272:tok7;60:x0.019:y-0.114:f11.99:tf11.87:p0.0192:tok6;75:x0.022:y0.008:f14.51:tf16.65:p0.0219:tok6;90:x0.023:y0.144:f15.90:tf16.65:p0.0235:tok6;95:x0.024:y0.181:f15.13:tf16.65:p0.0237:tok6
ablate_no_phase_memory,actuator_saturation,0,1002,,1,0.90625,2.78314,1.62634,0.16719,1.73361,0.03185,0.01149,0.45977,0.02299,2,5,0.75523,-0.09911,0.76322,629.04434,0.27712,35,0:x-0.116:y-0.434:f0.67:tf11.87:p0.0000:tok1;15:x0.025:y-0.428:f9.75:tf11.87:p0.0248:tok0;30:x0.031:y-0.358:f9.19:tf11.87:p0.0308:tok5;45:x0.027:y-0.246:f16.72:tf11.87:p0.0273:tok3;60:x0.019:y-0.115:f12.36:tf11.87:p0.0193:tok3;75:x0.021:y0.034:f12.74:tf16.65:p0.0213:tok3;90:x0.025:y0.179:f15.97:tf16.65:p0.0252:tok3;95:x0.025:y0.219:f16.30:tf16.65:p0.0252:tok3
impedance_token_policy_v4,actuator_saturation,0,1002,,1,0.90625,2.79284,1.51818,0.16777,1.67376,0.03217,0.00000,0.48276,0.03448,3,5,0.77460,-0.08624,0.76149,633.73092,0.27711,48,0:x-0.117:y-0.434:f0.00:tf11.87:p0.0000:tok1;15:x0.026:y-0.428:f8.81:tf11.87:p0.0255:tok5;30:x0.031:y-0.361:f10.70:tf11.87:p0.0310:tok6;45:x0.027:y-0.249:f17.37:tf11.87:p0.0268:tok4;60:x0.019:y-0.118:f11.37:tf11.87:p0.0193:tok3;75:x0.021:y0.030:f13.93:tf16.65:p0.0213:tok3;90:x0.025:y0.175:f15.91:tf16.65:p0.0253:tok3;95:x0.027:y0.217:f17.55:tf16.65:p0.0271:tok7
learned_only_token_replacement,actuator_saturation,0,1002,,1,0.90625,3.23384,0.93791,0.19426,1.79076,0.03354,0.01149,0.58621,0.02299,2,5,0.59673,-0.13768,0.81235,624.51952,0.27704,0,0:x-0.108:y-0.426:f0.00:tf11.87:p0.0000:tok-1;15:x0.019:y-0.420:f7.22:tf11.87:p0.0193:tok-1;30:x0.030:y-0.348:f9.49:tf11.87:p0.0299:tok-1;45:x0.031:y-0.222:f19.06:tf11.87:p0.0311:tok-1;60:x0.021:y-0.077:f12.87:tf11.87:p0.0211:tok-1;75:x0.023:y0.079:f14.56:tf16.65:p0.0228:tok-1;90:x0.026:y0.224:f16.48:tf16.65:p0.0263:tok-1;95:x0.026:y0.262:f16.55:tf16.65:p0.0264:tok-1
token_full_v5,actuator_saturation,0,1003,,0,0.90625,3.26117,2.86422,0.18835,1.29178,0.02761,0.00000,0.32184,0.01149,1,5,0.80110,-0.11806,0.70987,582.36716,0.24624,53,0:x-0.116:y-0.422:f0.00:tf12.00:p0.0000:tok1;15:x0.023:y-0.416:f8.76:tf12.00:p0.0228:tok2;30:x0.026:y-0.356:f9.47:tf12.00:p0.0264:tok2;45:x0.027:y-0.260:f9.78:tf12.00:p0.0269:tok6;60:x0.027:y-0.140:f15.31:tf12.00:p0.0270:tok6;75:x0.022:y0.003:f12.89:tf17.31:p0.0218:tok7;90:x0.025:y0.138:f14.52:tf17.31:p0.0251:tok6;95:x0.026:y0.173:f15.28:tf17.31:p0.0258:tok4
ablate_no_memory,actuator_saturation,0,1003,,1,0.89583,2.92488,1.36711,0.16893,1.46449,0.03021,0.00000,0.52326,0.02326,2,5,0.56664,-0.09145,0.76722,569.42747,0.24627,13,0:x-0.116:y-0.424:f0.00:tf12.00:p0.0000:tok3;15:x0.021:y-0.420:f8.81:tf12.00:p0.0207:tok5;30:x0.026:y-0.363:f9.68:tf12.00:p0.0257:tok6;45:x0.029:y-0.261:f11.32:tf12.00:p0.0295:tok3;60:x0.030:y-0.120:f17.10:tf12.00:p0.0301:tok3;75:x0.025:y0.034:f15.30:tf17.31:p0.0251:tok3;90:x0.029:y0.182:f16.36:tf17.31:p0.0289:tok3;95:x0.029:y0.222:f15.81:tf17.31:p0.0288:tok3
ablate_no_discrete_tokens,actuator_saturation,0,1003,,0,0.92708,1.86858,0.79926,0.10792,1.55101,0.03311,0.00000,0.60674,0.04494,4,5,0.76103,-0.08476,0.86580,572.14755,0.24621,0,0:x-0.103:y-0.429:f0.15:tf12.00:p0.0000:tok1;15:x0.030:y-0.419:f10.45:tf12.00:p0.0298:tok1;30:x0.030:y-0.340:f12.45:tf12.00:p0.0302:tok1;45:x0.032:y-0.206:f11.37:tf12.00:p0.0321:tok1;60:x0.033:y-0.047:f18.61:tf12.00:p0.0329:tok1;75:x0.026:y0.120:f15.57:tf17.31:p0.0257:tok1;90:x0.030:y0.271:f18.09:tf17.31:p0.0303:tok1;95:x0.030:y0.308:f17.33:tf17.31:p0.0302:tok1
ablate_no_force_update,actuator_saturation,0,1003,,0,0.90625,2.71807,0.79699,0.15699,1.19210,0.03133,0.00000,0.37931,0.05747,5,5,0.74670,-0.10803,0.71027,420.00000,0.20000,43,0:x-0.113:y-0.435:f0.46:tf12.00:p0.0000:tok1;15:x0.026:y-0.427:f10.51:tf12.00:p0.0256:tok6;30:x0.026:y-0.369:f9.60:tf12.00:p0.0262:tok6;45:x0.026:y-0.268:f9.75:tf12.00:p0.0256:tok4;60:x0.025:y-0.148:f14.28:tf12.00:p0.0251:tok4;75:x0.028:y-0.008:f16.72:tf17.31:p0.0275:tok4;90:x0.031:y0.134:f18.29:tf17.31:p0.0313:tok4;95:x0.031:y0.174:f17.66:tf17.31:p0.0313:tok4
ablate_no_transition_planner,actuator_saturation,0,1003,,0,0.89583,3.22314,3.15287,0.18616,1.28718,0.02828,0.00000,0.31395,0.01163,1,5,0.89624,-0.14762,0.69266,571.92907,0.24624,41,0:x-0.132:y-0.431:f0.66:tf12.00:p0.0000:tok1;15:x0.023:y-0.425:f10.16:tf12.00:p0.0233:tok6;30:x0.027:y-0.364:f9.77:tf12.00:p0.0268:tok6;45:x0.027:y-0.265:f10.07:tf12.00:p0.0274:tok4;60:x0.027:y-0.142:f15.45:tf12.00:p0.0266:tok6;75:x0.024:y-0.006:f14.09:tf17.31:p0.0236:tok6;90:x0.025:y0.122:f15.04:tf17.31:p0.0250:tok4;95:x0.026:y0.159:f14.54:tf17.31:p0.0262:tok6
ablate_no_safety_penalty,actuator_saturation,0,1003,,0,0.90625,3.36156,3.10890,0.19415,1.32775,0.02782,0.00000,0.28736,0.01149,1,6,0.81341,-0.12087,0.70359,571.10849,0.24623,47,0:x-0.119:y-0.419:f0.14:tf12.00:p0.0000:tok1;15:x0.024:y-0.413:f9.41:tf12.00:p0.0241:tok5;30:x0.027:y-0.356:f9.78:tf12.00:p0.0272:tok6;45:x0.028:y-0.261:f10.95:tf12.00:p0.0278:tok4;60:x0.027:y-0.141:f15.79:tf12.00:p0.0271:tok7;75:x0.023:y0.002:f15.64:tf17.31:p0.0233:tok4;90:x0.025:y0.133:f14.00:tf17.31:p0.0253:tok6;95:x0.025:y0.168:f14.47:tf17.31:p0.0254:tok2
ablate_no_slip_context,actuator_saturation,0,1003,,0,0.90625,3.14334,1.93384,0.18155,1.34668,0.02784,0.00000,0.29885,0.02299,2,5,0.92676,-0.13329,0.73595,574.53083,0.24622,47,0:x-0.116:y-0.435:f0.53:tf12.00:p0.0000:tok1;15:x0.024:y-0.426:f9.46:tf12.00:p0.0240:tok5;30:x0.027:y-0.362:f9.82:tf12.00:p0.0267:tok6;45:x0.028:y-0.266:f10.66:tf12.00:p0.0277:tok6;60:x0.027:y-0.150:f15.13:tf12.00:p0.0268:tok2;75:x0.026:y0.022:f15.55:tf17.31:p0.0264:tok6;90:x0.027:y0.162:f15.11:tf17.31:p0.0266:tok6;95:x0.027:y0.197:f15.87:tf17.31:p0.0269:tok6
ablate_no_tail_risk_objective,actuator_saturation,0,1003,,1,0.90625,2.32403,1.37628,0.13423,1.47232,0.03088,0.00000,0.44828,0.04598,4,5,0.63173,-0.06478,0.77478,574.93944,0.24617,19,0:x-0.101:y-0.421:f0.88:tf12.00:p0.0000:tok1;15:x0.028:y-0.413:f11.25:tf12.00:p0.0279:tok2;30:x0.031:y-0.337:f11.23:tf12.00:p0.0307:tok3;45:x0.030:y-0.225:f11.37:tf12.00:p0.0300:tok3;60:x0.030:y-0.095:f17.67:tf12.00:p0.0301:tok3;75:x0.025:y0.050:f15.15:tf17.31:p0.0250:tok3;90:x0.029:y0.191:f16.61:tf17.31:p0.0289:tok3;95:x0.029:y0.229:f17.07:tf17.31:p0.0287:tok3
ablate_no_calibration_guard,actuator_saturation,0,1003,,1,0.90625,2.52270,1.89314,0.14570,1.59048,0.03258,0.00000,0.32184,0.03448,3,5,1.16004,-0.15638,0.77711,576.78694,0.24620,31,0:x-0.113:y-0.413:f0.00:tf12.00:p0.0000:tok1;15:x0.033:y-0.405:f12.05:tf12.00:p0.0325:tok7;30:x0.028:y-0.345:f10.79:tf12.00:p0.0282:tok7;45:x0.028:y-0.240:f11.03:tf12.00:p0.0285:tok7;60:x0.032:y-0.121:f19.09:tf12.00:p0.0316:tok4;75:x0.026:y0.060:f15.34:tf17.31:p0.0265:tok6;90:x0.026:y0.201:f15.56:tf17.31:p0.0264:tok6;95:x0.026:y0.233:f16.13:tf17.31:p0.0264:tok6
ablate_no_phase_memory,actuator_saturation,0,1003,,1,0.90625,2.59843,1.21439,0.15008,1.45505,0.03049,0.00000,0.52874,0.02299,2,5,0.75443,-0.09833,0.76999,576.46732,0.24623,35,0:x-0.114:y-0.441:f0.60:tf12.00:p0.0000:tok1;15:x0.024:y-0.432:f10.79:tf12.00:p0.0242:tok4;30:x0.028:y-0.362:f10.53:tf12.00:p0.0276:tok4;45:x0.030:y-0.249:f11.32:tf12.00:p0.0297:tok3;60:x0.030:y-0.110:f16.74:tf12.00:p0.0305:tok3;75:x0.025:y0.040:f15.79:tf17.31:p0.0254:tok3;90:x0.029:y0.186:f16.20:tf17.31:p0.0287:tok3;95:x0.029:y0.225:f17.34:tf17.31:p0.0286:tok3
impedance_token_policy_v4,actuator_saturation,0,1003,,1,0.90625,2.46719,1.16688,0.14250,1.24190,0.02978,0.00000,0.52874,0.04598,4,5,0.76316,-0.08744,0.75820,581.40401,0.24623,49,0:x-0.115:y-0.429:f0.00:tf12.00:p0.0000:tok1;15:x0.024:y-0.422:f8.87:tf12.00:p0.0244:tok5;30:x0.028:y-0.356:f10.58:tf12.00:p0.0282:tok6;45:x0.028:y-0.244:f10.53:tf12.00:p0.0285:tok6;60:x0.027:y-0.115:f14.90:tf12.00:p0.0269:tok4;75:x0.026:y0.025:f16.31:tf17.31:p0.0256:tok3;90:x0.029:y0.172:f16.10:tf17.31:p0.0286:tok3;95:x0.030:y0.214:f18.48:tf17.31:p0.0296:tok7
learned_only_token_replacement,actuator_saturation,0,1003,,1,0.89583,2.79995,0.92507,0.16172,1.52648,0.03218,0.00000,0.59302,0.04651,4,5,0.69643,-0.18871,0.82047,577.55454,0.24611,0,0:x-0.125:y-0.428:f0.00:tf12.00:p0.0000:tok-1;15:x0.019:y-0.421:f8.76:tf12.00:p0.0193:tok-1;30:x0.028:y-0.349:f10.00:tf12.00:p0.0278:tok-1;45:x0.031:y-0.222:f11.28:tf12.00:p0.0310:tok-1;60:x0.032:y-0.070:f18.32:tf12.00:p0.0322:tok-1;75:x0.028:y0.087:f15.70:tf17.31:p0.0279:tok-1;90:x0.031:y0.231:f17.62:tf17.31:p0.0311:tok-1;95:x0.031:y0.269:f18.83:tf17.31:p0.0309:tok-1
token_full_v5,actuator_saturation,1,1000,,0,0.90625,3.25279,3.07110,0.19012,1.34179,0.02793,0.00000,0.21839,0.01149,1,8,0.74143,-0.11390,0.67870,610.79191,0.28758,43,0:x-0.113:y-0.440:f0.25:tf12.60:p0.0000:tok1;15:x0.024:y-0.432:f10.43:tf12.60:p0.0240:tok7;30:x0.026:y-0.367:f10.53:tf12.60:p0.0261:tok6;45:x0.027:y-0.267:f16.25:tf12.60:p0.0267:tok6;60:x0.019:y-0.149:f12.02:tf12.60:p0.0191:tok4;75:x0.024:y-0.019:f14.13:tf17.11:p0.0240:tok6;90:x0.024:y0.110:f14.84:tf17.11:p0.0240:tok4;95:x0.024:y0.147:f15.66:tf17.11:p0.0239:tok4
ablate_no_memory,actuator_saturation,1,1000,,1,0.89583,3.00605,1.45598,0.17570,1.34490,0.02790,0.00000,0.50000,0.02326,2,5,0.60811,-0.10938,0.75619,600.81829,0.28765,11,0:x-0.124:y-0.427:f1.12:tf12.60:p0.0000:tok3;15:x0.021:y-0.422:f9.84:tf12.60:p0.0208:tok5;30:x0.027:y-0.362:f10.92:tf12.60:p0.0267:tok6;45:x0.028:y-0.264:f16.85:tf12.60:p0.0276:tok3;60:x0.021:y-0.128:f12.30:tf12.60:p0.0207:tok3;75:x0.026:y0.025:f16.13:tf17.11:p0.0263:tok3;90:x0.027:y0.173:f16.16:tf17.11:p0.0270:tok3;95:x0.027:y0.213:f16.98:tf17.11:p0.0272:tok3
ablate_no_discrete_tokens,actuator_saturation,1,1000,,0,0.91667,1.86686,0.65697,0.10912,1.52531,0.03240,0.00000,0.61364,0.03409,3,5,0.84759,-0.10882,0.85788,603.61735,0.28758,0,0:x-0.113:y-0.424:f0.00:tf12.60:p0.0000:tok1;15:x0.032:y-0.414:f13.24:tf12.60:p0.0320:tok1;30:x0.031:y-0.338:f12.78:tf12.60:p0.0310:tok1;45:x0.031:y-0.206:f19.23:tf12.60:p0.0312:tok1;60:x0.022:y-0.051:f13.13:tf12.60:p0.0217:tok1;75:x0.028:y0.113:f17.30:tf17.11:p0.0282:tok1;90:x0.028:y0.264:f17.01:tf17.11:p0.0284:tok1;95:x0.028:y0.301:f17.25:tf17.11:p0.0284:tok1
ablate_no_force_update,actuator_saturation,1,1000,,0,0.90625,2.54999,1.30355,0.14904,1.27246,0.03035,0.00000,0.35632,0.02299,2,5,0.71699,-0.09860,0.69134,420.00000,0.20000,31,0:x-0.113:y-0.439:f0.04:tf12.60:p0.0000:tok1;15:x0.027:y-0.432:f11.44:tf12.60:p0.0269:tok4;30:x0.027:y-0.373:f10.88:tf12.60:p0.0265:tok6;45:x0.026:y-0.272:f15.44:tf12.60:p0.0256:tok6;60:x0.022:y-0.151:f13.18:tf12.60:p0.0224:tok4;75:x0.029:y-0.019:f17.68:tf17.11:p0.0293:tok4;90:x0.030:y0.118:f18.60:tf17.11:p0.0303:tok4;95:x0.030:y0.157:f17.95:tf17.11:p0.0304:tok4
ablate_no_transition_planner,actuator_saturation,1,1000,,0,0.90625,3.35536,3.13678,0.19612,1.27342,0.02789,0.00000,0.12644,0.02299,2,7,0.80153,-0.12860,0.67267,602.66952,0.28753,45,0:x-0.118:y-0.425:f0.37:tf12.60:p0.0000:tok1;15:x0.024:y-0.418:f10.91:tf12.60:p0.0237:tok6;30:x0.027:y-0.358:f9.92:tf12.60:p0.0266:tok2;45:x0.027:y-0.259:f15.93:tf12.60:p0.0267:tok6;60:x0.019:y-0.146:f11.40:tf12.60:p0.0193:tok4;75:x0.023:y-0.015:f13.50:tf17.11:p0.0232:tok6;90:x0.024:y0.106:f14.46:tf17.11:p0.0238:tok6;95:x0.025:y0.141:f15.07:tf17.11:p0.0247:tok4
ablate_no_safety_penalty,actuator_saturation,1,1000,,0,0.90625,3.40603,3.07706,0.19908,1.29075,0.02704,0.00000,0.21839,0.02299,2,5,0.85928,-0.14311,0.67297,601.01185,0.28756,45,0:x-0.127:y-0.445:f0.00:tf12.60:p0.0000:tok1;15:x0.023:y-0.438:f9.20:tf12.60:p0.0233:tok2;30:x0.026:y-0.373:f9.06:tf12.60:p0.0258:tok2;45:x0.026:y-0.273:f15.66:tf12.60:p0.0264:tok7;60:x0.019:y-0.151:f11.00:tf12.60:p0.0189:tok4;75:x0.023:y-0.016:f13.86:tf17.11:p0.0233:tok6;90:x0.024:y0.105:f15.13:tf17.11:p0.0238:tok4;95:x0.025:y0.142:f14.86:tf17.11:p0.0248:tok4
ablate_no_slip_context,actuator_saturation,1,1000,,0,0.90625,3.08670,2.06431,0.18041,1.33472,0.02909,0.00000,0.41379,0.02299,2,5,0.96741,-0.12261,0.73218,613.19341,0.28754,52,0:x-0.111:y-0.440:f0.72:tf12.60:p0.0000:tok1;15:x0.026:y-0.432:f10.88:tf12.60:p0.0259:tok6;30:x0.027:y-0.368:f11.03:tf12.60:p0.0268:tok6;45:x0.028:y-0.272:f15.36:tf12.60:p0.0277:tok2;60:x0.022:y-0.114:f13.17:tf12.60:p0.0216:tok6;75:x0.025:y0.029:f15.44:tf17.11:p0.0247:tok6;90:x0.025:y0.157:f15.84:tf17.11:p0.0254:tok6;95:x0.025:y0.193:f16.20:tf17.11:p0.0251:tok6
ablate_no_tail_risk_objective,actuator_saturation,1,1000,,1,0.90625,2.40551,1.32604,0.14060,1.41143,0.03090,0.00000,0.42529,0.01149,1,5,0.73081,-0.09336,0.76345,602.43009,0.28754,18,0:x-0.114:y-0.431:f0.54:tf12.60:p0.0000:tok1;15:x0.028:y-0.422:f11.85:tf12.60:p0.0284:tok2;30:x0.031:y-0.343:f11.65:tf12.60:p0.0305:tok3;45:x0.029:y-0.230:f17.63:tf12.60:p0.0294:tok3;60:x0.021:y-0.102:f11.72:tf12.60:p0.0210:tok3;75:x0.026:y0.040:f15.65:tf17.11:p0.0264:tok3;90:x0.027:y0.181:f16.39:tf17.11:p0.0269:tok3;95:x0.027:y0.219:f16.36:tf17.11:p0.0270:tok3
ablate_no_calibration_guard,actuator_saturation,1,1000,,0,0.91667,2.55032,2.02827,0.14906,1.35942,0.03235,0.00000,0.32955,0.01136,1,5,1.17696,-0.16290,0.73313,606.76791,0.28742,30,0:x-0.116:y-0.435:f0.00:tf12.60:p0.0000:tok1;15:x0.032:y-0.425:f13.01:tf12.60:p0.0318:tok7;30:x0.032:y-0.354:f13.02:tf12.60:p0.0323:tok6;45:x0.028:y-0.245:f17.13:tf12.60:p0.0279:tok7;60:x0.022:y-0.092:f12.98:tf12.60:p0.0215:tok6;75:x0.024:y0.041:f14.41:tf17.11:p0.0243:tok7;90:x0.025:y0.162:f15.40:tf17.11:p0.0251:tok6;95:x0.025:y0.194:f15.44:tf17.11:p0.0250:tok6
ablate_no_phase_memory,actuator_saturation,1,1000,,1,0.90625,2.63285,1.32529,0.15389,1.38714,0.02933,0.00000,0.52874,0.02299,2,5,0.76229,-0.10639,0.76052,602.90400,0.28760,32,0:x-0.115:y-0.443:f0.12:tf12.60:p0.0000:tok1;15:x0.025:y-0.434:f11.13:tf12.60:p0.0252:tok4;30:x0.028:y-0.364:f10.84:tf12.60:p0.0281:tok6;45:x0.029:y-0.250:f17.11:tf12.60:p0.0288:tok3;60:x0.021:y-0.115:f12.66:tf12.60:p0.0209:tok3;75:x0.026:y0.033:f15.81:tf17.11:p0.0263:tok3;90:x0.027:y0.178:f16.93:tf17.11:p0.0271:tok3;95:x0.027:y0.217:f16.65:tf17.11:p0.0271:tok3
impedance_token_policy_v4,actuator_saturation,1,1000,,0,0.90625,2.83093,2.19735,0.16547,1.51421,0.03098,0.00000,0.44828,0.01149,1,5,0.77565,-0.08542,0.73413,603.86223,0.28756,64,0:x-0.110:y-0.427:f0.00:tf12.60:p0.0000:tok1;15:x0.025:y-0.420:f11.25:tf12.60:p0.0250:tok7;30:x0.029:y-0.354:f11.62:tf12.60:p0.0289:tok4;45:x0.030:y-0.240:f17.91:tf12.60:p0.0298:tok3;60:x0.020:y-0.112:f12.57:tf12.60:p0.0197:tok4;75:x0.024:y0.022:f15.30:tf17.11:p0.0244:tok4;90:x0.026:y0.151:f16.06:tf17.11:p0.0261:tok0;95:x0.028:y0.193:f16.82:tf17.11:p0.0281:tok7
learned_only_token_replacement,actuator_saturation,1,1000,,1,0.90625,2.76975,0.57755,0.16189,1.53276,0.03088,0.00000,0.58621,0.01149,1,5,0.61829,-0.15475,0.80912,601.76164,0.28750,0,0:x-0.112:y-0.433:f0.04:tf12.60:p0.0000:tok-1;15:x0.020:y-0.425:f7.46:tf12.60:p0.0202:tok-1;30:x0.028:y-0.350:f11.92:tf12.60:p0.0284:tok-1;45:x0.030:y-0.223:f19.32:tf12.60:p0.0305:tok-1;60:x0.023:y-0.076:f13.10:tf12.60:p0.0229:tok-1;75:x0.028:y0.078:f17.28:tf17.11:p0.0281:tok-1;90:x0.028:y0.221:f16.45:tf17.11:p0.0285:tok-1;95:x0.029:y0.259:f16.86:tf17.11:p0.0287:tok-1
token_full_v5,actuator_saturation,1,1001,,0,0.90625,3.47741,3.50009,0.19832,1.41517,0.02833,0.00000,0.25287,0.01149,1,5,0.77860,-0.11699,0.68525,615.68080,0.25403,48,0:x-0.116:y-0.434:f0.00:tf12.02:p0.0000:tok1;15:x0.023:y-0.428:f8.52:tf12.02:p0.0227:tok2;30:x0.027:y-0.366:f10.04:tf12.02:p0.0271:tok6;45:x0.026:y-0.265:f15.87:tf12.02:p0.0261:tok6;60:x0.018:y-0.141:f11.32:tf12.02:p0.0179:tok4;75:x0.023:y-0.006:f13.64:tf17.53:p0.0227:tok6;90:x0.024:y0.117:f14.72:tf17.53:p0.0239:tok6;95:x0.025:y0.152:f15.25:tf17.53:p0.0246:tok4
ablate_no_memory,actuator_saturation,1,1001,,1,0.88542,2.97776,1.55108,0.16982,1.44703,0.02731,0.00000,0.51765,0.01176,1,5,0.58513,-0.09543,0.75910,615.76808,0.25413,12,0:x-0.120:y-0.442:f0.00:tf12.02:p0.0000:tok3;15:x0.021:y-0.437:f9.07:tf12.02:p0.0213:tok5;30:x0.027:y-0.372:f9.54:tf12.02:p0.0266:tok6;45:x0.026:y-0.274:f15.80:tf12.02:p0.0258:tok3;60:x0.020:y-0.136:f11.83:tf12.02:p0.0197:tok3;75:x0.026:y0.022:f16.34:tf17.53:p0.0259:tok3;90:x0.027:y0.174:f16.41:tf17.53:p0.0272:tok3;95:x0.027:y0.215:f16.76:tf17.53:p0.0271:tok3
ablate_no_discrete_tokens,actuator_saturation,1,1001,,0,0.92708,1.97830,0.87106,0.11282,1.64096,0.03295,0.00000,0.61798,0.03371,3,5,0.76312,-0.08371,0.86213,614.28108,0.25407,0,0:x-0.103:y-0.441:f0.00:tf12.02:p0.0000:tok1;15:x0.030:y-0.430:f10.65:tf12.02:p0.0297:tok1;30:x0.031:y-0.347:f11.10:tf12.02:p0.0313:tok1;45:x0.028:y-0.211:f17.23:tf12.02:p0.0280:tok1;60:x0.020:y-0.053:f11.92:tf12.02:p0.0205:tok1;75:x0.028:y0.114:f17.74:tf17.53:p0.0284:tok1;90:x0.028:y0.267:f16.96:tf17.53:p0.0285:tok1;95:x0.029:y0.305:f17.67:tf17.53:p0.0285:tok1
ablate_no_force_update,actuator_saturation,1,1001,,0,0.89583,2.74144,1.27524,0.15634,1.35435,0.03116,0.00000,0.33721,0.02326,2,5,0.80189,-0.12719,0.70987,420.00000,0.20000,36,0:x-0.123:y-0.428:f0.00:tf12.02:p0.0000:tok1;15:x0.025:y-0.423:f10.19:tf12.02:p0.0252:tok6;30:x0.026:y-0.365:f9.48:tf12.02:p0.0263:tok2;45:x0.024:y-0.264:f14.54:tf12.02:p0.0240:tok2;60:x0.021:y-0.143:f12.98:tf12.02:p0.0211:tok4;75:x0.030:y-0.003:f19.35:tf17.53:p0.0302:tok4;90:x0.031:y0.135:f19.13:tf17.53:p0.0310:tok4;95:x0.031:y0.173:f19.07:tf17.53:p0.0311:tok4
ablate_no_transition_planner,actuator_saturation,1,1001,,0,0.90625,3.54385,3.47808,0.20211,1.42389,0.02829,0.00000,0.22989,0.01149,1,9,0.78436,-0.12338,0.68394,613.25791,0.25402,42,0:x-0.118:y-0.426:f0.00:tf12.02:p0.0000:tok1;15:x0.024:y-0.420:f9.82:tf12.02:p0.0238:tok0;30:x0.026:y-0.359:f9.77:tf12.02:p0.0262:tok6;45:x0.027:y-0.263:f16.42:tf12.02:p0.0267:tok6;60:x0.018:y-0.141:f11.09:tf12.02:p0.0180:tok4;75:x0.023:y-0.006:f13.65:tf17.53:p0.0227:tok6;90:x0.024:y0.116:f15.26:tf17.53:p0.0237:tok4;95:x0.025:y0.151:f15.02:tf17.53:p0.0248:tok6
ablate_no_safety_penalty,actuator_saturation,1,1001,,0,0.90625,3.46913,3.56724,0.19785,1.47842,0.02847,0.00000,0.21839,0.01149,1,6,0.73426,-0.10607,0.68099,617.43158,0.25402,41,0:x-0.111:y-0.434:f0.02:tf12.02:p0.0000:tok1;15:x0.025:y-0.426:f9.28:tf12.02:p0.0245:tok5;30:x0.028:y-0.360:f9.95:tf12.02:p0.0283:tok6;45:x0.026:y-0.261:f15.61:tf12.02:p0.0263:tok6;60:x0.018:y-0.145:f11.01:tf12.02:p0.0176:tok4;75:x0.022:y-0.010:f13.65:tf17.53:p0.0223:tok6;90:x0.024:y0.113:f14.97:tf17.53:p0.0239:tok6;95:x0.025:y0.148:f15.57:tf17.53:p0.0246:tok4
ablate_no_slip_context,actuator_saturation,1,1001,,0,0.90625,3.24936,2.34531,0.18531,1.44593,0.02805,0.00000,0.33333,0.01149,1,5,0.89154,-0.13217,0.71443,619.82481,0.25393,53,0:x-0.114:y-0.423:f0.00:tf12.02:p0.0000:tok1;15:x0.024:y-0.416:f8.79:tf12.02:p0.0236:tok2;30:x0.026:y-0.357:f9.69:tf12.02:p0.0263:tok6;45:x0.027:y-0.259:f16.45:tf12.02:p0.0269:tok2;60:x0.019:y-0.112:f12.52:tf12.02:p0.0192:tok6;75:x0.026:y0.016:f16.11:tf17.53:p0.0257:tok6;90:x0.025:y0.143:f15.01:tf17.53:p0.0250:tok5;95:x0.025:y0.178:f15.71:tf17.53:p0.0251:tok6
ablate_no_tail_risk_objective,actuator_saturation,1,1001,,1,0.90625,2.63313,1.59741,0.15017,1.55332,0.03085,0.00000,0.49425,0.01149,1,5,0.69188,-0.08401,0.76930,613.94663,0.25403,20,0:x-0.110:y-0.438:f0.00:tf12.02:p0.0000:tok1;15:x0.026:y-0.430:f10.67:tf12.02:p0.0257:tok0;30:x0.030:y-0.348:f10.67:tf12.02:p0.0304:tok3;45:x0.027:y-0.236:f17.22:tf12.02:p0.0271:tok3;60:x0.020:y-0.103:f12.21:tf12.02:p0.0198:tok3;75:x0.026:y0.043:f15.35:tf17.53:p0.0257:tok3;90:x0.027:y0.185:f17.30:tf17.53:p0.0271:tok3;95:x0.027:y0.224:f16.12:tf17.53:p0.0271:tok3
ablate_no_calibration_guard,actuator_saturation,1,1001,,0,0.90625,2.73637,2.30753,0.15606,1.50699,0.03322,0.00000,0.35632,0.02299,2,5,1.07835,-0.14932,0.72588,610.94855,0.25396,31,0:x-0.114:y-0.431:f0.00:tf12.02:p0.0000:tok1;15:x0.033:y-0.421:f11.43:tf12.02:p0.0326:tok7;30:x0.029:y-0.356:f10.20:tf12.02:p0.0289:tok7;45:x0.027:y-0.251:f16.74:tf12.02:p0.0267:tok7;60:x0.019:y-0.108:f11.44:tf12.02:p0.0191:tok6;75:x0.026:y0.023:f16.11:tf17.53:p0.0256:tok6;90:x0.024:y0.151:f14.74:tf17.53:p0.0244:tok7;95:x0.026:y0.188:f15.53:tf17.53:p0.0261:tok6
ablate_no_phase_memory,actuator_saturation,1,1001,,1,0.90625,2.74638,1.65668,0.15663,1.64356,0.03136,0.00000,0.44828,0.01149,1,5,0.72199,-0.09206,0.76576,611.24083,0.25406,35,0:x-0.110:y-0.424:f0.00:tf12.02:p0.0000:tok1;15:x0.024:y-0.416:f9.59:tf12.02:p0.0244:tok4;30:x0.028:y-0.351:f9.85:tf12.02:p0.0283:tok7;45:x0.027:y-0.242:f16.45:tf12.02:p0.0268:tok3;60:x0.020:y-0.112:f12.07:tf12.02:p0.0197:tok3;75:x0.026:y0.036:f16.20:tf17.53:p0.0258:tok3;90:x0.027:y0.182:f16.18:tf17.53:p0.0272:tok3;95:x0.027:y0.221:f16.74:tf17.53:p0.0273:tok3
impedance_token_policy_v4,actuator_saturation,1,1001,,0,0.90625,3.06175,2.61953,0.17461,1.54387,0.02997,0.00000,0.49425,0.01149,1,6,0.80019,-0.10959,0.72673,612.97637,0.25408,60,0:x-0.117:y-0.445:f0.00:tf12.02:p0.0000:tok1;15:x0.024:y-0.437:f8.59:tf12.02:p0.0244:tok5;30:x0.029:y-0.367:f10.63:tf12.02:p0.0291:tok0;45:x0.027:y-0.254:f15.68:tf12.02:p0.0267:tok5;60:x0.018:y-0.123:f12.08:tf12.02:p0.0180:tok4;75:x0.025:y0.013:f14.62:tf17.53:p0.0245:tok4;90:x0.027:y0.147:f16.81:tf17.53:p0.0266:tok4;95:x0.027:y0.187:f16.36:tf17.53:p0.0265:tok6
learned_only_token_replacement,actuator_saturation,1,1001,,1,0.90625,3.03865,1.03082,0.17329,1.58985,0.03144,0.00000,0.58621,0.03448,3,5,0.58622,-0.13685,0.81430,610.52958,0.25399,0,0:x-0.108:y-0.422:f0.59:tf12.02:p0.0000:tok-1;15:x0.020:y-0.416:f8.84:tf12.02:p0.0200:tok-1;30:x0.028:y-0.346:f10.01:tf12.02:p0.0281:tok-1;45:x0.029:y-0.223:f17.88:tf12.02:p0.0295:tok-1;60:x0.022:y-0.076:f13.73:tf12.02:p0.0215:tok-1;75:x0.027:y0.080:f18.06:tf17.53:p0.0271:tok-1;90:x0.029:y0.226:f17.60:tf17.53:p0.0287:tok-1;95:x0.029:y0.263:f18.19:tf17.53:p0.0289:tok-1
token_full_v5,actuator_saturation,1,1002,,0,0.90625,3.27948,2.58420,0.18237,1.33917,0.02634,0.00000,0.29885,0.02299,2,5,0.74159,-0.11205,0.69037,606.36584,0.24900,52,0:x-0.115:y-0.434:f0.47:tf11.72:p0.0000:tok1;15:x0.022:y-0.427:f9.11:tf11.72:p0.0217:tok2;30:x0.025:y-0.366:f9.52:tf11.72:p0.0245:tok6;45:x0.025:y-0.266:f9.81:tf11.72:p0.0255:tok4;60:x0.022:y-0.147:f13.43:tf17.98:p0.0218:tok6;75:x0.026:y-0.011:f15.80:tf17.98:p0.0260:tok4;90:x0.025:y0.120:f15.70:tf17.98:p0.0252:tok4;95:x0.025:y0.157:f15.11:tf17.98:p0.0250:tok6
ablate_no_memory,actuator_saturation,1,1002,,1,0.88542,2.74709,0.89239,0.15277,1.49045,0.02911,0.00000,0.50588,0.02353,2,5,0.55937,-0.08636,0.75796,602.05737,0.24905,15,0:x-0.116:y-0.426:f0.42:tf11.72:p0.0000:tok3;15:x0.020:y-0.422:f9.85:tf11.72:p0.0203:tok0;30:x0.025:y-0.365:f9.90:tf11.72:p0.0247:tok6;45:x0.026:y-0.272:f10.38:tf11.72:p0.0261:tok3;60:x0.023:y-0.135:f13.64:tf17.98:p0.0232:tok3;75:x0.029:y0.022:f17.36:tf17.98:p0.0291:tok3;90:x0.028:y0.173:f17.35:tf17.98:p0.0284:tok3;95:x0.028:y0.214:f16.52:tf17.98:p0.0283:tok3
ablate_no_discrete_tokens,actuator_saturation,1,1002,,0,0.91667,1.91650,0.74902,0.10658,1.63069,0.03072,0.00000,0.60227,0.02273,2,5,0.86793,-0.11355,0.86177,602.92662,0.24899,0,0:x-0.119:y-0.423:f0.93:tf11.72:p0.0000:tok1;15:x0.030:y-0.413:f11.82:tf11.72:p0.0299:tok1;30:x0.029:y-0.337:f11.69:tf11.72:p0.0291:tok1;45:x0.031:y-0.207:f11.29:tf11.72:p0.0306:tok1;60:x0.023:y-0.049:f13.68:tf17.98:p0.0225:tok1;75:x0.030:y0.115:f18.95:tf17.98:p0.0304:tok1;90:x0.030:y0.267:f18.35:tf17.98:p0.0301:tok1;95:x0.030:y0.304:f18.17:tf17.98:p0.0298:tok1
ablate_no_force_update,actuator_saturation,1,1002,,0,0.90625,2.79102,1.34903,0.15521,1.33313,0.03194,0.00000,0.35632,0.02299,2,5,0.75023,-0.10798,0.69516,420.00000,0.20000,37,0:x-0.118:y-0.435:f0.13:tf11.72:p0.0000:tok1;15:x0.023:y-0.430:f8.82:tf11.72:p0.0228:tok5;30:x0.026:y-0.371:f9.78:tf11.72:p0.0256:tok6;45:x0.024:y-0.277:f9.25:tf11.72:p0.0244:tok6;60:x0.023:y-0.159:f13.82:tf17.98:p0.0225:tok6;75:x0.032:y-0.019:f19.94:tf17.98:p0.0318:tok4;90:x0.031:y0.121:f18.74:tf17.98:p0.0315:tok4;95:x0.032:y0.160:f18.13:tf17.98:p0.0317:tok4
ablate_no_transition_planner,actuator_saturation,1,1002,,0,0.89583,3.25300,2.60808,0.18090,1.28519,0.02623,0.00000,0.32558,0.02326,2,5,0.84171,-0.13679,0.69211,604.27264,0.24902,50,0:x-0.128:y-0.439:f0.00:tf11.72:p0.0000:tok1;15:x0.022:y-0.433:f8.63:tf11.72:p0.0216:tok2;30:x0.025:y-0.370:f10.19:tf11.72:p0.0253:tok6;45:x0.025:y-0.274:f9.25:tf11.72:p0.0251:tok6;60:x0.022:y-0.151:f13.85:tf17.98:p0.0217:tok6;75:x0.026:y-0.012:f15.76:tf17.98:p0.0258:tok4;90:x0.025:y0.122:f14.92:tf17.98:p0.0250:tok6;95:x0.026:y0.158:f15.91:tf17.98:p0.0261:tok4
ablate_no_safety_penalty,actuator_saturation,1,1002,,0,0.90625,3.23903,2.59431,0.18012,1.34356,0.02633,0.00000,0.27586,0.02299,2,5,0.72058,-0.10381,0.68798,598.01780,0.24899,50,0:x-0.112:y-0.426:f0.49:tf11.72:p0.0000:tok1;15:x0.022:y-0.419:f9.32:tf11.72:p0.0216:tok6;30:x0.025:y-0.358:f9.62:tf11.72:p0.0254:tok6;45:x0.026:y-0.264:f9.91:tf11.72:p0.0260:tok4;60:x0.021:y-0.148:f11.71:tf17.98:p0.0209:tok6;75:x0.026:y-0.013:f15.49:tf17.98:p0.0260:tok4;90:x0.025:y0.118:f15.66:tf17.98:p0.0252:tok4;95:x0.026:y0.154:f15.78:tf17.98:p0.0260:tok4
ablate_no_slip_context,actuator_saturation,1,1002,,0,0.89583,3.16196,2.02477,0.17584,1.51901,0.02787,0.00000,0.34884,0.02326,2,5,0.98245,-0.13531,0.71514,604.08471,0.24898,52,0:x-0.128:y-0.432:f0.00:tf11.72:p0.0000:tok1;15:x0.021:y-0.426:f9.75:tf11.72:p0.0214:tok6;30:x0.024:y-0.367:f9.77:tf11.72:p0.0244:tok6;45:x0.026:y-0.267:f10.08:tf11.72:p0.0258:tok6;60:x0.025:y-0.133:f15.49:tf17.98:p0.0254:tok6;75:x0.027:y0.011:f17.01:tf17.98:p0.0269:tok6;90:x0.026:y0.138:f15.57:tf17.98:p0.0260:tok6;95:x0.028:y0.177:f17.98:tf17.98:p0.0279:tok6
ablate_no_tail_risk_objective,actuator_saturation,1,1002,,1,0.90625,2.15563,0.86692,0.11987,1.52766,0.02910,0.00000,0.47126,0.02299,2,5,0.64666,-0.06723,0.76791,607.61232,0.24896,20,0:x-0.105:y-0.445:f0.60:tf11.72:p0.0000:tok1;15:x0.027:y-0.435:f10.50:tf11.72:p0.0268:tok0;30:x0.028:y-0.351:f10.40:tf11.72:p0.0283:tok3;45:x0.028:y-0.237:f10.55:tf11.72:p0.0284:tok3;60:x0.024:y-0.104:f14.43:tf17.98:p0.0236:tok3;75:x0.029:y0.041:f17.11:tf17.98:p0.0290:tok3;90:x0.028:y0.184:f16.81:tf17.98:p0.0282:tok3;95:x0.028:y0.223:f17.75:tf17.98:p0.0282:tok3
ablate_no_calibration_guard,actuator_saturation,1,1002,,0,0.90625,2.59675,1.86558,0.14441,1.41856,0.03066,0.00000,0.27586,0.03448,3,5,1.08882,-0.16958,0.71270,607.24511,0.24887,24,0:x-0.126:y-0.410:f0.70:tf11.72:p0.0000:tok1;15:x0.031:y-0.402:f12.26:tf11.72:p0.0307:tok7;30:x0.025:y-0.345:f10.12:tf11.72:p0.0253:tok6;45:x0.028:y-0.248:f10.49:tf11.72:p0.0278:tok6;60:x0.026:y-0.124:f15.08:tf17.98:p0.0257:tok7;75:x0.027:y0.020:f16.23:tf17.98:p0.0269:tok6;90:x0.025:y0.143:f15.69:tf17.98:p0.0254:tok6;95:x0.026:y0.177:f16.01:tf17.98:p0.0261:tok6
ablate_no_phase_memory,actuator_saturation,1,1002,,1,0.90625,2.52627,0.97905,0.14049,1.49137,0.02878,0.00000,0.51724,0.03448,3,5,0.75862,-0.10286,0.76439,607.55484,0.24899,35,0:x-0.118:y-0.434:f0.00:tf11.72:p0.0000:tok1;15:x0.023:y-0.427:f9.06:tf11.72:p0.0226:tok5;30:x0.026:y-0.361:f9.75:tf11.72:p0.0261:tok0;45:x0.028:y-0.249:f10.30:tf11.72:p0.0278:tok3;60:x0.023:y-0.113:f13.62:tf17.98:p0.0225:tok3;75:x0.029:y0.035:f17.77:tf17.98:p0.0288:tok3;90:x0.029:y0.180:f18.36:tf17.98:p0.0286:tok3;95:x0.028:y0.220:f16.90:tf17.98:p0.0281:tok3
impedance_token_policy_v4,actuator_saturation,1,1002,,0,0.90625,2.70793,1.96896,0.15059,1.37501,0.02956,0.00000,0.50575,0.02299,2,5,0.73787,-0.09000,0.73085,609.58544,0.24898,64,0:x-0.110:y-0.436:f0.31:tf11.72:p0.0000:tok1;15:x0.023:y-0.428:f8.85:tf11.72:p0.0233:tok7;30:x0.028:y-0.363:f10.99:tf11.72:p0.0279:tok7;45:x0.027:y-0.243:f9.94:tf11.72:p0.0275:tok4;60:x0.022:y-0.113:f13.26:tf17.98:p0.0220:tok3;75:x0.026:y0.019:f16.26:tf17.98:p0.0259:tok4;90:x0.027:y0.149:f17.01:tf17.98:p0.0272:tok4;95:x0.029:y0.191:f17.01:tf17.98:p0.0288:tok6
learned_only_token_replacement,actuator_saturation,1,1002,,1,0.90625,2.56378,0.88075,0.14257,1.58264,0.03153,0.00000,0.59770,0.05747,5,5,0.59947,-0.13843,0.81720,604.61399,0.24891,0,0:x-0.109:y-0.433:f0.00:tf11.72:p0.0000:tok-1;15:x0.019:y-0.427:f7.92:tf11.72:p0.0192:tok-1;30:x0.027:y-0.353:f9.81:tf11.72:p0.0270:tok-1;45:x0.030:y-0.226:f11.23:tf11.72:p0.0301:tok-1;60:x0.025:y-0.075:f15.56:tf17.98:p0.0255:tok-1;75:x0.031:y0.081:f18.69:tf17.98:p0.0308:tok-1;90:x0.030:y0.227:f19.06:tf17.98:p0.0304:tok-1;95:x0.030:y0.266:f18.20:tf17.98:p0.0303:tok-1
token_full_v5,actuator_saturation,1,1003,,0,0.89583,3.26429,2.96696,0.17472,1.20084,0.02751,0.00000,0.13953,0.02326,2,5,0.73029,-0.10740,0.66435,592.42167,0.32139,46,0:x-0.119:y-0.423:f0.00:tf11.38:p0.0000:tok1;15:x0.020:y-0.418:f9.03:tf11.38:p0.0200:tok7;30:x0.022:y-0.362:f9.60:tf11.38:p0.0220:tok6;45:x0.023:y-0.273:f9.34:tf11.38:p0.0230:tok4;60:x0.023:y-0.151:f13.23:tf18.68:p0.0228:tok6;75:x0.027:y-0.027:f15.17:tf18.68:p0.0269:tok6;90:x0.026:y0.098:f16.12:tf18.68:p0.0264:tok6;95:x0.028:y0.134:f16.27:tf18.68:p0.0275:tok4
ablate_no_memory,actuator_saturation,1,1003,,1,0.88542,2.46757,0.66759,0.13208,1.25076,0.03125,0.00000,0.50588,0.02353,2,5,0.58387,-0.09992,0.74664,597.80227,0.32145,8,0:x-0.124:y-0.439:f0.47:tf11.38:p0.0000:tok3;15:x0.018:y-0.434:f9.44:tf11.38:p0.0183:tok0;30:x0.022:y-0.374:f9.56:tf11.38:p0.0223:tok6;45:x0.023:y-0.282:f9.99:tf11.38:p0.0231:tok3;60:x0.026:y-0.141:f16.31:tf18.68:p0.0258:tok3;75:x0.031:y0.017:f18.64:tf18.68:p0.0310:tok3;90:x0.030:y0.165:f17.63:tf18.68:p0.0298:tok3;95:x0.030:y0.205:f17.72:tf18.68:p0.0297:tok3
ablate_no_discrete_tokens,actuator_saturation,1,1003,,1,0.91667,1.65095,0.76103,0.08837,1.42179,0.03343,0.00000,0.59091,0.06818,6,5,0.76046,-0.09440,0.85315,594.52946,0.32136,0,0:x-0.110:y-0.417:f0.00:tf11.38:p0.0000:tok1;15:x0.028:y-0.408:f12.36:tf11.38:p0.0284:tok1;30:x0.026:y-0.334:f10.91:tf11.38:p0.0260:tok1;45:x0.027:y-0.204:f10.74:tf11.38:p0.0265:tok1;60:x0.027:y-0.046:f17.34:tf18.68:p0.0266:tok1;75:x0.032:y0.115:f18.12:tf18.68:p0.0320:tok1;90:x0.031:y0.261:f19.16:tf18.68:p0.0313:tok1;95:x0.031:y0.297:f18.48:tf18.68:p0.0313:tok1
ablate_no_force_update,actuator_saturation,1,1003,,0,0.89583,2.50567,1.52648,0.13411,1.21357,0.03329,0.00000,0.40698,0.04651,4,5,0.73556,-0.10419,0.68430,420.00000,0.20000,26,0:x-0.120:y-0.436:f0.00:tf11.38:p0.0000:tok1;15:x0.022:y-0.430:f9.60:tf11.38:p0.0217:tok7;30:x0.023:y-0.373:f9.79:tf11.38:p0.0227:tok6;45:x0.023:y-0.284:f10.80:tf11.38:p0.0230:tok4;60:x0.023:y-0.159:f15.06:tf18.68:p0.0230:tok6;75:x0.033:y-0.026:f19.59:tf18.68:p0.0329:tok4;90:x0.033:y0.112:f19.49:tf18.68:p0.0332:tok4;95:x0.033:y0.151:f20.48:tf18.68:p0.0332:tok4
ablate_no_transition_planner,actuator_saturation,1,1003,,0,0.90625,3.07804,2.53571,0.16475,1.09681,0.02835,0.00000,0.33333,0.02299,2,5,0.72188,-0.10700,0.68364,593.49526,0.32141,44,0:x-0.115:y-0.438:f0.34:tf11.38:p0.0000:tok1;15:x0.021:y-0.431:f8.89:tf11.38:p0.0207:tok6;30:x0.022:y-0.371:f9.04:tf11.38:p0.0218:tok6;45:x0.022:y-0.274:f9.67:tf11.38:p0.0222:tok4;60:x0.023:y-0.150:f13.11:tf18.68:p0.0227:tok6;75:x0.028:y-0.013:f16.05:tf18.68:p0.0276:tok6;90:x0.027:y0.115:f15.81:tf18.68:p0.0265:tok6;95:x0.027:y0.151:f16.53:tf18.68:p0.0274:tok4
ablate_no_safety_penalty,actuator_saturation,1,1003,,0,0.89583,3.26080,3.11401,0.17453,1.21021,0.02707,0.00000,0.09302,0.02326,2,5,0.69914,-0.10150,0.65809,595.68570,0.32137,34,0:x-0.116:y-0.426:f0.00:tf11.38:p0.0000:tok1;15:x0.020:y-0.421:f8.26:tf11.38:p0.0203:tok5;30:x0.023:y-0.364:f9.87:tf11.38:p0.0227:tok6;45:x0.022:y-0.275:f8.70:tf11.38:p0.0220:tok2;60:x0.023:y-0.152:f13.63:tf18.68:p0.0225:tok6;75:x0.026:y-0.030:f16.05:tf18.68:p0.0264:tok6;90:x0.026:y0.093:f16.17:tf18.68:p0.0263:tok6;95:x0.027:y0.129:f16.19:tf18.68:p0.0271:tok4
ablate_no_slip_context,actuator_saturation,1,1003,,0,0.90625,2.94941,2.09347,0.15787,1.15356,0.02867,0.00000,0.21839,0.02299,2,5,0.76146,-0.12039,0.66655,604.17078,0.32131,37,0:x-0.112:y-0.423:f0.00:tf11.38:p0.0000:tok1;15:x0.021:y-0.417:f9.53:tf11.38:p0.0207:tok6;30:x0.022:y-0.362:f9.42:tf11.38:p0.0222:tok6;45:x0.022:y-0.273:f9.46:tf11.38:p0.0222:tok6;60:x0.024:y-0.159:f14.67:tf18.68:p0.0238:tok2;75:x0.028:y-0.023:f16.29:tf18.68:p0.0275:tok6;90:x0.027:y0.101:f16.94:tf18.68:p0.0275:tok6;95:x0.028:y0.137:f16.68:tf18.68:p0.0277:tok6
ablate_no_tail_risk_objective,actuator_saturation,1,1003,,1,0.90625,1.90078,0.74816,0.10174,1.26979,0.03069,0.00000,0.44828,0.02299,2,5,0.70046,-0.09217,0.75934,590.10389,0.32135,18,0:x-0.115:y-0.436:f0.72:tf11.38:p0.0000:tok1;15:x0.022:y-0.429:f11.01:tf11.38:p0.0225:tok0;30:x0.025:y-0.348:f11.43:tf11.38:p0.0251:tok3;45:x0.025:y-0.234:f9.93:tf11.38:p0.0248:tok3;60:x0.026:y-0.100:f16.84:tf18.68:p0.0258:tok3;75:x0.030:y0.042:f18.28:tf18.68:p0.0303:tok3;90:x0.030:y0.179:f18.06:tf18.68:p0.0299:tok3;95:x0.030:y0.216:f17.54:tf18.68:p0.0300:tok3
ablate_no_calibration_guard,actuator_saturation,1,1003,,0,0.90625,2.47626,1.74255,0.13254,1.24477,0.02914,0.00000,0.26437,0.03448,3,5,0.91397,-0.13377,0.68459,600.02104,0.32134,27,0:x-0.110:y-0.430:f0.18:tf11.38:p0.0000:tok1;15:x0.029:y-0.420:f12.39:tf11.38:p0.0291:tok7;30:x0.023:y-0.356:f9.42:tf11.38:p0.0230:tok6;45:x0.024:y-0.265:f10.69:tf11.38:p0.0242:tok6;60:x0.025:y-0.149:f16.14:tf18.68:p0.0251:tok7;75:x0.028:y-0.015:f17.76:tf18.68:p0.0283:tok6;90:x0.028:y0.114:f17.68:tf18.68:p0.0284:tok6;95:x0.027:y0.151:f16.20:tf18.68:p0.0273:tok7
ablate_no_phase_memory,actuator_saturation,1,1003,,1,0.90625,2.02737,0.73354,0.10851,1.35564,0.03114,0.00000,0.45977,0.03448,3,5,0.63726,-0.08122,0.75868,594.81317,0.32134,32,0:x-0.104:y-0.418:f0.00:tf11.38:p0.0000:tok1;15:x0.020:y-0.412:f8.70:tf11.38:p0.0200:tok5;30:x0.025:y-0.349:f9.90:tf11.38:p0.0247:tok0;45:x0.025:y-0.236:f9.68:tf11.38:p0.0248:tok3;60:x0.026:y-0.102:f16.06:tf18.68:p0.0260:tok3;75:x0.031:y0.041:f18.95:tf18.68:p0.0309:tok3;90:x0.030:y0.178:f17.94:tf18.68:p0.0299:tok3;95:x0.030:y0.216:f17.78:tf18.68:p0.0298:tok3
impedance_token_policy_v4,actuator_saturation,1,1003,,0,0.90625,2.38884,1.77024,0.12786,1.24793,0.03119,0.00000,0.44828,0.03448,3,5,0.71361,-0.07348,0.72090,599.09903,0.32138,57,0:x-0.109:y-0.446:f0.00:tf11.38:p0.0000:tok1;15:x0.022:y-0.438:f9.03:tf11.38:p0.0221:tok7;30:x0.025:y-0.367:f11.31:tf11.38:p0.0252:tok6;45:x0.025:y-0.251:f10.57:tf11.38:p0.0247:tok2;60:x0.023:y-0.122:f15.38:tf18.68:p0.0235:tok3;75:x0.029:y0.010:f16.55:tf18.68:p0.0288:tok4;90:x0.029:y0.140:f17.22:tf18.68:p0.0289:tok7;95:x0.031:y0.181:f18.88:tf18.68:p0.0312:tok7
learned_only_token_replacement,actuator_saturation,1,1003,,1,0.89583,2.35533,1.23225,0.12607,1.40244,0.03444,0.00000,0.56977,0.02326,2,5,0.57504,-0.14373,0.80784,600.59799,0.32128,0,0:x-0.110:y-0.413:f0.70:tf11.38:p0.0000:tok-1;15:x0.016:y-0.408:f7.80:tf11.38:p0.0161:tok-1;30:x0.024:y-0.341:f9.82:tf11.38:p0.0240:tok-1;45:x0.026:y-0.219:f11.92:tf11.38:p0.0261:tok-1;60:x0.027:y-0.070:f16.93:tf18.68:p0.0274:tok-1;75:x0.034:y0.081:f20.43:tf18.68:p0.0338:tok-1;90:x0.032:y0.221:f19.16:tf18.68:p0.0320:tok-1;95:x0.032:y0.258:f19.38:tf18.68:p0.0317:tok-1
token_full_v5,actuator_saturation,2,1000,,0,0.90625,3.50787,2.45672,0.19181,1.46117,0.02971,0.00000,0.26437,0.02299,2,5,0.80733,-0.13194,0.68125,611.32345,0.28728,50,0:x-0.119:y-0.430:f0.23:tf12.73:p0.0000:tok1;15:x0.025:y-0.423:f9.33:tf12.73:p0.0249:tok2;30:x0.029:y-0.360:f11.22:tf12.73:p0.0294:tok6;45:x0.029:y-0.265:f11.36:tf12.73:p0.0294:tok4;60:x0.025:y-0.142:f14.94:tf18.29:p0.0250:tok6;75:x0.026:y-0.010:f15.97:tf18.29:p0.0259:tok4;90:x0.025:y0.113:f15.48:tf18.29:p0.0252:tok6;95:x0.026:y0.149:f16.68:tf18.29:p0.0262:tok4
ablate_no_memory,actuator_saturation,2,1000,,1,0.89583,2.80689,0.74498,0.15348,1.61897,0.03275,0.00000,0.53488,0.02326,2,5,0.51928,-0.07242,0.75209,616.44735,0.28737,19,0:x-0.102:y-0.447:f0.00:tf12.73:p0.0000:tok3;15:x0.025:y-0.440:f9.64:tf12.73:p0.0247:tok5;30:x0.029:y-0.375:f11.28:tf12.73:p0.0290:tok6;45:x0.031:y-0.269:f11.20:tf12.73:p0.0314:tok3;60:x0.026:y-0.131:f17.11:tf18.29:p0.0264:tok3;75:x0.029:y0.021:f17.62:tf18.29:p0.0287:tok3;90:x0.028:y0.169:f17.10:tf18.29:p0.0281:tok3;95:x0.028:y0.209:f17.28:tf18.29:p0.0282:tok3
ablate_no_discrete_tokens,actuator_saturation,2,1000,,0,0.92708,1.96124,0.79314,0.10724,1.69297,0.03501,0.00000,0.60674,0.07865,7,5,0.78127,-0.09581,0.85579,610.14498,0.28731,0,0:x-0.105:y-0.428:f0.00:tf12.73:p0.0000:tok1;15:x0.032:y-0.418:f11.23:tf12.73:p0.0324:tok1;30:x0.033:y-0.340:f11.50:tf12.73:p0.0327:tok1;45:x0.034:y-0.207:f12.02:tf12.73:p0.0342:tok1;60:x0.026:y-0.050:f16.88:tf18.29:p0.0260:tok1;75:x0.031:y0.113:f18.92:tf18.29:p0.0306:tok1;90:x0.030:y0.262:f18.67:tf18.29:p0.0300:tok1;95:x0.030:y0.299:f19.08:tf18.29:p0.0300:tok1
ablate_no_force_update,actuator_saturation,2,1000,,0,0.90625,2.96229,1.51513,0.16198,1.28412,0.03234,0.00000,0.32184,0.02299,2,5,0.73392,-0.11094,0.69849,420.00000,0.20000,42,0:x-0.112:y-0.425:f0.99:tf12.73:p0.0000:tok1;15:x0.028:y-0.418:f10.39:tf12.73:p0.0282:tok7;30:x0.029:y-0.357:f10.03:tf12.73:p0.0287:tok2;45:x0.029:y-0.257:f10.23:tf12.73:p0.0289:tok4;60:x0.027:y-0.142:f18.64:tf18.29:p0.0269:tok4;75:x0.032:y-0.009:f20.28:tf18.29:p0.0321:tok4;90:x0.032:y0.125:f19.01:tf18.29:p0.0322:tok4;95:x0.032:y0.164:f19.61:tf18.29:p0.0322:tok4
ablate_no_transition_planner,actuator_saturation,2,1000,,0,0.90625,3.37853,2.55652,0.18474,1.40079,0.03048,0.00000,0.05747,0.02299,2,5,0.68939,-0.09560,0.67393,612.83464,0.28728,59,0:x-0.106:y-0.430:f0.00:tf12.73:p0.0000:tok1;15:x0.027:y-0.422:f11.58:tf12.73:p0.0270:tok6;30:x0.029:y-0.361:f10.20:tf12.73:p0.0289:tok2;45:x0.029:y-0.259:f10.87:tf12.73:p0.0290:tok4;60:x0.025:y-0.142:f15.15:tf18.29:p0.0245:tok6;75:x0.026:y-0.018:f16.05:tf18.29:p0.0259:tok4;90:x0.025:y0.106:f15.12:tf18.29:p0.0253:tok6;95:x0.026:y0.142:f16.20:tf18.29:p0.0260:tok4
ablate_no_safety_penalty,actuator_saturation,2,1000,,0,0.90625,3.33144,2.33812,0.18216,1.42150,0.03003,0.00000,0.32184,0.02299,2,5,0.70908,-0.10008,0.68454,611.62713,0.28731,55,0:x-0.107:y-0.428:f0.00:tf12.73:p0.0000:tok1;15:x0.027:y-0.421:f10.18:tf12.73:p0.0267:tok5;30:x0.029:y-0.360:f10.98:tf12.73:p0.0290:tok6;45:x0.028:y-0.268:f10.36:tf12.73:p0.0284:tok6;60:x0.026:y-0.148:f16.83:tf18.29:p0.0261:tok4;75:x0.026:y-0.014:f15.80:tf18.29:p0.0265:tok4;90:x0.025:y0.115:f15.46:tf18.29:p0.0255:tok6;95:x0.025:y0.151:f15.07:tf18.29:p0.0253:tok2
ablate_no_slip_context,actuator_saturation,2,1000,,0,0.90625,3.25569,1.90700,0.17802,1.43494,0.03007,0.00000,0.25287,0.02299,2,5,0.84331,-0.12019,0.69388,615.94216,0.28726,48,0:x-0.111:y-0.428:f0.00:tf12.73:p0.0000:tok1;15:x0.026:y-0.421:f10.45:tf12.73:p0.0264:tok6;30:x0.029:y-0.359:f9.64:tf12.73:p0.0289:tok2;45:x0.029:y-0.265:f11.03:tf12.73:p0.0295:tok6;60:x0.028:y-0.133:f17.94:tf18.29:p0.0277:tok6;75:x0.026:y-0.002:f16.09:tf18.29:p0.0264:tok6;90:x0.026:y0.123:f15.55:tf18.29:p0.0259:tok2;95:x0.026:y0.160:f16.03:tf18.29:p0.0259:tok6
ablate_no_tail_risk_objective,actuator_saturation,2,1000,,1,0.90625,2.44434,0.64161,0.13366,1.60813,0.03294,0.00000,0.43678,0.04598,4,5,0.80878,-0.12333,0.76440,609.24556,0.28726,22,0:x-0.123:y-0.421:f0.00:tf12.73:p0.0000:tok1;15:x0.026:y-0.415:f10.53:tf12.73:p0.0258:tok7;30:x0.033:y-0.341:f11.09:tf12.73:p0.0328:tok3;45:x0.033:y-0.229:f12.65:tf12.73:p0.0326:tok3;60:x0.027:y-0.098:f17.14:tf18.29:p0.0274:tok3;75:x0.029:y0.044:f18.24:tf18.29:p0.0293:tok3;90:x0.029:y0.182:f17.92:tf18.29:p0.0286:tok3;95:x0.028:y0.220:f16.98:tf18.29:p0.0284:tok3
ablate_no_calibration_guard,actuator_saturation,2,1000,,0,0.91667,2.55936,1.84892,0.13995,1.48755,0.03538,0.00000,0.15909,0.03409,3,5,0.95767,-0.13123,0.70231,612.37034,0.28721,31,0:x-0.108:y-0.431:f0.00:tf12.73:p0.0000:tok1;15:x0.033:y-0.421:f12.39:tf12.73:p0.0325:tok7;30:x0.034:y-0.351:f12.88:tf12.73:p0.0343:tok7;45:x0.031:y-0.243:f11.95:tf12.73:p0.0311:tok6;60:x0.027:y-0.116:f16.47:tf18.29:p0.0275:tok6;75:x0.026:y0.009:f15.31:tf18.29:p0.0257:tok7;90:x0.027:y0.130:f16.29:tf18.29:p0.0270:tok6;95:x0.027:y0.167:f16.67:tf18.29:p0.0271:tok6
ablate_no_phase_memory,actuator_saturation,2,1000,,1,0.90625,2.44968,0.66625,0.13395,1.57834,0.03326,0.00000,0.49425,0.02299,2,5,0.77006,-0.10583,0.75812,616.70270,0.28729,34,0:x-0.114:y-0.431:f0.03:tf12.73:p0.0000:tok1;15:x0.026:y-0.423:f10.15:tf12.73:p0.0263:tok5;30:x0.033:y-0.355:f11.82:tf12.73:p0.0327:tok6;45:x0.033:y-0.243:f11.81:tf12.73:p0.0329:tok3;60:x0.027:y-0.111:f17.02:tf18.29:p0.0269:tok3;75:x0.030:y0.033:f18.62:tf18.29:p0.0295:tok3;90:x0.028:y0.176:f17.74:tf18.29:p0.0281:tok3;95:x0.028:y0.215:f16.95:tf18.29:p0.0281:tok3
impedance_token_policy_v4,actuator_saturation,2,1000,,0,0.90625,2.90531,1.73368,0.15886,1.37334,0.03152,0.00000,0.43678,0.02299,2,5,0.86518,-0.12802,0.72564,611.41740,0.28730,63,0:x-0.123:y-0.423:f0.61:tf12.73:p0.0000:tok1;15:x0.026:y-0.416:f9.83:tf12.73:p0.0261:tok7;30:x0.030:y-0.355:f11.76:tf12.73:p0.0304:tok2;45:x0.031:y-0.246:f11.95:tf12.73:p0.0307:tok2;60:x0.025:y-0.114:f15.62:tf18.29:p0.0254:tok4;75:x0.026:y0.017:f16.05:tf18.29:p0.0262:tok4;90:x0.028:y0.146:f17.72:tf18.29:p0.0285:tok4;95:x0.028:y0.186:f17.64:tf18.29:p0.0285:tok0
learned_only_token_replacement,actuator_saturation,2,1000,,1,0.90625,3.01809,1.01979,0.16503,1.67826,0.03512,0.00000,0.56322,0.02299,2,5,0.61108,-0.15589,0.81046,617.65959,0.28721,0,0:x-0.111:y-0.416:f0.62:tf12.73:p0.0000:tok-1;15:x0.021:y-0.410:f8.85:tf12.73:p0.0214:tok-1;30:x0.031:y-0.342:f11.98:tf12.73:p0.0309:tok-1;45:x0.034:y-0.219:f11.86:tf12.73:p0.0343:tok-1;60:x0.030:y-0.072:f19.30:tf18.29:p0.0302:tok-1;75:x0.031:y0.079:f19.63:tf18.29:p0.0313:tok-1;90:x0.030:y0.223:f18.20:tf18.29:p0.0301:tok-1;95:x0.030:y0.260:f18.29:tf18.29:p0.0299:tok-1
token_full_v5,actuator_saturation,2,1001,,0,0.90625,3.58800,3.75769,0.18784,1.55727,0.02674,0.00000,0.28736,0.02299,2,5,0.68465,-0.09684,0.68603,657.54160,0.25877,43,0:x-0.106:y-0.426:f0.00:tf11.06:p0.0000:tok1;15:x0.023:y-0.419:f9.19:tf11.06:p0.0226:tok0;30:x0.025:y-0.358:f8.78:tf11.06:p0.0254:tok6;45:x0.026:y-0.266:f9.10:tf11.06:p0.0259:tok6;60:x0.024:y-0.146:f15.89:tf11.06:p0.0244:tok6;75:x0.021:y-0.008:f13.92:tf19.10:p0.0213:tok6;90:x0.024:y0.118:f15.90:tf19.10:p0.0241:tok6;95:x0.026:y0.153:f16.61:tf19.10:p0.0256:tok4
ablate_no_memory,actuator_saturation,2,1001,,1,0.88542,3.12919,1.79114,0.16382,1.72728,0.02955,0.01176,0.50588,0.02353,2,5,0.55394,-0.08465,0.75763,650.52182,0.25883,17,0:x-0.115:y-0.416:f0.65:tf11.06:p0.0000:tok3;15:x0.018:y-0.413:f8.08:tf11.06:p0.0178:tok5;30:x0.025:y-0.355:f7.88:tf11.06:p0.0254:tok2;45:x0.028:y-0.262:f9.30:tf11.06:p0.0275:tok3;60:x0.026:y-0.126:f17.18:tf11.06:p0.0263:tok4;75:x0.024:y0.024:f16.26:tf19.10:p0.0241:tok3;90:x0.028:y0.174:f18.20:tf19.10:p0.0277:tok3;95:x0.028:y0.214:f18.78:tf19.10:p0.0280:tok3
ablate_no_discrete_tokens,actuator_saturation,2,1001,,0,0.91667,1.89399,1.05840,0.09915,1.89007,0.03172,0.03409,0.61364,0.03409,3,5,0.71700,-0.07173,0.86233,655.78128,0.25880,0,0:x-0.100:y-0.425:f0.54:tf11.06:p0.0000:tok1;15:x0.030:y-0.415:f9.99:tf11.06:p0.0297:tok1;30:x0.030:y-0.338:f10.23:tf11.06:p0.0298:tok1;45:x0.031:y-0.206:f10.60:tf11.06:p0.0309:tok1;60:x0.028:y-0.048:f19.09:tf11.06:p0.0283:tok1;75:x0.026:y0.118:f17.40:tf19.10:p0.0256:tok1;90:x0.029:y0.268:f19.31:tf19.10:p0.0292:tok1;95:x0.029:y0.305:f19.38:tf19.10:p0.0290:tok1
ablate_no_force_update,actuator_saturation,2,1001,,0,0.89583,3.29270,2.43667,0.17238,1.48878,0.03263,0.00000,0.34884,0.02326,2,5,0.73324,-0.10636,0.69747,420.00000,0.20000,52,0:x-0.117:y-0.434:f0.23:tf11.06:p0.0000:tok1;15:x0.023:y-0.428:f9.64:tf11.06:p0.0232:tok6;30:x0.025:y-0.365:f9.05:tf11.06:p0.0255:tok6;45:x0.024:y-0.264:f7.82:tf11.06:p0.0242:tok6;60:x0.023:y-0.140:f15.25:tf11.06:p0.0227:tok7;75:x0.024:y-0.002:f15.62:tf19.10:p0.0235:tok6;90:x0.032:y0.126:f20.35:tf19.10:p0.0323:tok4;95:x0.032:y0.163:f21.23:tf19.10:p0.0323:tok4
ablate_no_transition_planner,actuator_saturation,2,1001,,0,0.89583,3.58867,3.77684,0.18788,1.63983,0.02701,0.00000,0.30233,0.02326,2,5,0.80846,-0.12066,0.69461,657.59068,0.25879,42,0:x-0.121:y-0.435:f0.00:tf11.06:p0.0000:tok1;15:x0.021:y-0.428:f8.32:tf11.06:p0.0215:tok2;30:x0.025:y-0.366:f9.34:tf11.06:p0.0254:tok6;45:x0.027:y-0.269:f9.51:tf11.06:p0.0267:tok4;60:x0.024:y-0.145:f15.99:tf11.06:p0.0240:tok7;75:x0.022:y-0.001:f14.90:tf19.10:p0.0217:tok6;90:x0.024:y0.124:f15.80:tf19.10:p0.0241:tok6;95:x0.025:y0.161:f16.16:tf19.10:p0.0252:tok6
ablate_no_safety_penalty,actuator_saturation,2,1001,,0,0.89583,3.57820,3.61132,0.18733,1.67134,0.02739,0.00000,0.30233,0.02326,2,5,0.83776,-0.12807,0.68568,659.13248,0.25873,41,0:x-0.127:y-0.422:f0.28:tf11.06:p0.0000:tok1;15:x0.021:y-0.416:f8.51:tf11.06:p0.0213:tok5;30:x0.025:y-0.357:f8.51:tf11.06:p0.0251:tok2;45:x0.026:y-0.264:f9.51:tf11.06:p0.0261:tok4;60:x0.025:y-0.140:f16.49:tf11.06:p0.0247:tok4;75:x0.022:y-0.007:f16.12:tf19.10:p0.0222:tok6;90:x0.024:y0.117:f15.93:tf19.10:p0.0243:tok6;95:x0.025:y0.152:f16.51:tf19.10:p0.0251:tok2
ablate_no_slip_context,actuator_saturation,2,1001,,0,0.89583,3.25081,2.26413,0.17019,1.50992,0.02705,0.00000,0.29070,0.02326,2,5,0.94706,-0.14271,0.71638,663.31559,0.25875,51,0:x-0.124:y-0.432:f0.00:tf11.06:p0.0000:tok1;15:x0.021:y-0.426:f7.91:tf11.06:p0.0215:tok2;30:x0.026:y-0.363:f8.21:tf11.06:p0.0255:tok2;45:x0.027:y-0.264:f8.92:tf11.06:p0.0268:tok6;60:x0.025:y-0.148:f16.00:tf11.06:p0.0249:tok2;75:x0.025:y0.008:f16.73:tf19.10:p0.0253:tok6;90:x0.026:y0.144:f16.59:tf19.10:p0.0255:tok5;95:x0.027:y0.179:f18.46:tf19.10:p0.0265:tok6
ablate_no_tail_risk_objective,actuator_saturation,2,1001,,1,0.90625,2.65942,1.63513,0.13923,1.76561,0.02953,0.01149,0.42529,0.03448,3,5,0.65048,-0.07609,0.77669,663.22266,0.25874,22,0:x-0.106:y-0.418:f0.00:tf11.06:p0.0000:tok1;15:x0.023:y-0.412:f8.48:tf11.06:p0.0225:tok2;30:x0.029:y-0.338:f10.80:tf11.06:p0.0294:tok3;45:x0.029:y-0.226:f10.01:tf11.06:p0.0290:tok3;60:x0.027:y-0.096:f17.36:tf11.06:p0.0266:tok3;75:x0.024:y0.054:f17.57:tf19.10:p0.0242:tok3;90:x0.027:y0.194:f17.87:tf19.10:p0.0273:tok3;95:x0.027:y0.231:f18.79:tf19.10:p0.0275:tok3
ablate_no_calibration_guard,actuator_saturation,2,1001,,1,0.90625,2.76365,2.10602,0.14468,1.59489,0.03022,0.00000,0.28736,0.03448,3,5,1.16854,-0.17771,0.76001,659.19655,0.25879,34,0:x-0.122:y-0.421:f0.33:tf11.06:p0.0000:tok1;15:x0.028:y-0.413:f10.58:tf11.06:p0.0277:tok7;30:x0.027:y-0.351:f9.76:tf11.06:p0.0266:tok6;45:x0.029:y-0.250:f10.17:tf11.06:p0.0285:tok6;60:x0.025:y-0.137:f16.32:tf11.06:p0.0249:tok6;75:x0.025:y0.038:f16.38:tf19.10:p0.0251:tok7;90:x0.026:y0.184:f16.80:tf19.10:p0.0263:tok6;95:x0.026:y0.218:f18.86:tf19.10:p0.0264:tok6
ablate_no_phase_memory,actuator_saturation,2,1001,,1,0.90625,2.78551,1.73033,0.14583,1.76118,0.02957,0.01149,0.50575,0.02299,2,5,0.66024,-0.07336,0.76279,661.46397,0.25879,35,0:x-0.104:y-0.434:f0.15:tf11.06:p0.0000:tok1;15:x0.023:y-0.426:f9.03:tf11.06:p0.0232:tok0;30:x0.028:y-0.359:f10.82:tf11.06:p0.0279:tok4;45:x0.029:y-0.248:f10.28:tf11.06:p0.0292:tok3;60:x0.026:y-0.111:f18.03:tf11.06:p0.0264:tok4;75:x0.024:y0.034:f16.27:tf19.10:p0.0237:tok3;90:x0.028:y0.179:f18.70:tf19.10:p0.0276:tok3;95:x0.027:y0.219:f18.13:tf19.10:p0.0275:tok3
impedance_token_policy_v4,actuator_saturation,2,1001,,1,0.90625,2.84363,1.82873,0.14887,1.62451,0.02850,0.00000,0.50575,0.02299,2,5,0.73063,-0.08651,0.75568,653.61226,0.25880,47,0:x-0.111:y-0.428:f0.00:tf11.06:p0.0000:tok1;15:x0.023:y-0.422:f8.60:tf11.06:p0.0227:tok4;30:x0.026:y-0.358:f9.61:tf11.06:p0.0263:tok7;45:x0.028:y-0.246:f9.69:tf11.06:p0.0280:tok6;60:x0.025:y-0.116:f17.31:tf11.06:p0.0250:tok4;75:x0.024:y0.028:f16.65:tf19.10:p0.0240:tok3;90:x0.028:y0.173:f18.26:tf19.10:p0.0278:tok3;95:x0.027:y0.212:f16.57:tf19.10:p0.0266:tok1
learned_only_token_replacement,actuator_saturation,2,1001,,1,0.89583,2.94047,0.99038,0.15394,1.82767,0.03155,0.04651,0.58140,0.04651,4,5,0.58341,-0.13642,0.81649,655.33773,0.25870,0,0:x-0.109:y-0.421:f0.03:tf11.06:p0.0000:tok-1;15:x0.018:y-0.415:f7.81:tf11.06:p0.0183:tok-1;30:x0.028:y-0.345:f10.02:tf11.06:p0.0275:tok-1;45:x0.031:y-0.221:f11.27:tf11.06:p0.0306:tok-1;60:x0.030:y-0.071:f20.05:tf11.06:p0.0299:tok-1;75:x0.026:y0.084:f17.71:tf19.10:p0.0260:tok-1;90:x0.029:y0.228:f18.74:tf19.10:p0.0289:tok-1;95:x0.029:y0.265:f18.67:tf19.10:p0.0289:tok-1
token_full_v5,actuator_saturation,2,1002,,0,0.89583,3.32871,3.80027,0.18270,1.31549,0.02527,0.00000,0.22093,0.01163,1,12,0.79735,-0.12771,0.67319,632.93927,0.27094,37,0:x-0.123:y-0.417:f0.17:tf11.89:p0.0000:tok1;15:x0.021:y-0.412:f9.42:tf11.89:p0.0206:tok7;30:x0.022:y-0.358:f10.17:tf11.89:p0.0222:tok6;45:x0.023:y-0.266:f15.64:tf11.89:p0.0227:tok6;60:x0.016:y-0.149:f10.33:tf11.89:p0.0165:tok4;75:x0.022:y-0.015:f14.35:tf18.22:p0.0224:tok6;90:x0.024:y0.106:f14.59:tf18.22:p0.0238:tok6;95:x0.025:y0.142:f15.61:tf18.22:p0.0252:tok5
ablate_no_memory,actuator_saturation,2,1002,,1,0.89583,2.74272,1.67183,0.15054,1.21940,0.02721,0.00000,0.50000,0.03488,3,5,0.54550,-0.07996,0.75417,641.82540,0.27106,11,0:x-0.112:y-0.439:f0.24:tf11.89:p0.0000:tok3;15:x0.020:y-0.434:f9.92:tf11.89:p0.0196:tok0;30:x0.022:y-0.376:f9.29:tf11.89:p0.0222:tok2;45:x0.022:y-0.279:f13.79:tf11.89:p0.0222:tok3;60:x0.019:y-0.141:f11.43:tf11.89:p0.0186:tok3;75:x0.026:y0.018:f17.09:tf18.22:p0.0260:tok3;90:x0.027:y0.170:f16.32:tf18.22:p0.0271:tok3;95:x0.027:y0.211:f17.07:tf18.22:p0.0270:tok3
ablate_no_discrete_tokens,actuator_saturation,2,1002,,0,0.91667,1.96457,0.87267,0.10783,1.39940,0.03023,0.00000,0.60227,0.05682,5,5,0.82154,-0.10390,0.85970,648.81760,0.27095,0,0:x-0.113:y-0.419:f0.10:tf11.89:p0.0000:tok1;15:x0.029:y-0.410:f12.14:tf11.89:p0.0288:tok1;30:x0.025:y-0.335:f11.36:tf11.89:p0.0253:tok1;45:x0.026:y-0.205:f16.62:tf11.89:p0.0259:tok1;60:x0.019:y-0.049:f12.05:tf11.89:p0.0191:tok1;75:x0.029:y0.115:f18.53:tf18.22:p0.0285:tok1;90:x0.028:y0.265:f18.44:tf18.22:p0.0280:tok1;95:x0.028:y0.303:f18.36:tf18.22:p0.0281:tok1
ablate_no_force_update,actuator_saturation,2,1002,,0,0.90625,2.45281,1.95110,0.13462,1.20469,0.03154,0.00000,0.34483,0.04598,4,5,0.64232,-0.07235,0.67690,420.00000,0.20000,27,0:x-0.105:y-0.434:f0.00:tf11.89:p0.0000:tok1;15:x0.025:y-0.426:f11.71:tf11.89:p0.0246:tok4;30:x0.023:y-0.371:f10.30:tf11.89:p0.0232:tok6;45:x0.022:y-0.284:f13.63:tf11.89:p0.0225:tok6;60:x0.021:y-0.175:f13.01:tf11.89:p0.0206:tok4;75:x0.030:y-0.038:f20.34:tf18.22:p0.0301:tok4;90:x0.031:y0.104:f20.10:tf18.22:p0.0312:tok4;95:x0.032:y0.144:f20.69:tf18.22:p0.0315:tok4
ablate_no_transition_planner,actuator_saturation,2,1002,,0,0.90625,3.30368,3.63681,0.18132,1.26287,0.02473,0.00000,0.24138,0.02299,2,10,0.72935,-0.10880,0.67306,640.41175,0.27094,35,0:x-0.112:y-0.426:f0.54:tf11.89:p0.0000:tok1;15:x0.021:y-0.419:f9.43:tf11.89:p0.0210:tok7;30:x0.022:y-0.366:f10.68:tf11.89:p0.0221:tok6;45:x0.023:y-0.271:f14.40:tf11.89:p0.0226:tok6;60:x0.017:y-0.151:f10.82:tf11.89:p0.0167:tok4;75:x0.023:y-0.015:f15.30:tf18.22:p0.0228:tok6;90:x0.024:y0.106:f15.58:tf18.22:p0.0238:tok6;95:x0.025:y0.142:f15.97:tf18.22:p0.0247:tok4
ablate_no_safety_penalty,actuator_saturation,2,1002,,0,0.90625,3.26274,3.70231,0.17908,1.22362,0.02460,0.00000,0.24138,0.01149,1,10,0.77877,-0.12268,0.67426,642.49689,0.27094,35,0:x-0.120:y-0.428:f0.00:tf11.89:p0.0000:tok1;15:x0.021:y-0.422:f9.57:tf11.89:p0.0211:tok6;30:x0.023:y-0.365:f10.74:tf11.89:p0.0226:tok6;45:x0.022:y-0.270:f14.55:tf11.89:p0.0223:tok6;60:x0.016:y-0.149:f11.01:tf11.89:p0.0164:tok4;75:x0.022:y-0.014:f14.65:tf18.22:p0.0225:tok6;90:x0.024:y0.107:f14.81:tf18.22:p0.0236:tok6;95:x0.025:y0.143:f15.02:tf18.22:p0.0246:tok6
ablate_no_slip_context,actuator_saturation,2,1002,,0,0.90625,2.79878,2.32918,0.15361,1.16181,0.02625,0.00000,0.26437,0.01149,1,5,0.86424,-0.12466,0.68129,639.38195,0.27098,40,0:x-0.117:y-0.442:f0.00:tf11.89:p0.0000:tok1;15:x0.021:y-0.436:f10.39:tf11.89:p0.0209:tok6;30:x0.022:y-0.375:f9.03:tf11.89:p0.0225:tok2;45:x0.021:y-0.281:f13.42:tf11.89:p0.0214:tok6;60:x0.017:y-0.175:f11.86:tf11.89:p0.0165:tok6;75:x0.026:y-0.032:f16.30:tf18.22:p0.0261:tok6;90:x0.025:y0.110:f15.96:tf18.22:p0.0250:tok6;95:x0.025:y0.148:f15.71:tf18.22:p0.0252:tok5
ablate_no_tail_risk_objective,actuator_saturation,2,1002,,1,0.90625,2.30187,1.76656,0.12634,1.38251,0.02713,0.00000,0.42529,0.02299,2,5,0.72352,-0.09548,0.76645,638.06645,0.27093,18,0:x-0.115:y-0.427:f0.26:tf11.89:p0.0000:tok1;15:x0.023:y-0.419:f11.47:tf11.89:p0.0233:tok0;30:x0.026:y-0.341:f11.09:tf11.89:p0.0256:tok3;45:x0.024:y-0.229:f14.66:tf11.89:p0.0243:tok3;60:x0.019:y-0.101:f12.38:tf11.89:p0.0187:tok3;75:x0.026:y0.043:f16.72:tf18.22:p0.0258:tok3;90:x0.027:y0.184:f17.45:tf18.22:p0.0269:tok3;95:x0.027:y0.222:f16.86:tf18.22:p0.0271:tok3
ablate_no_calibration_guard,actuator_saturation,2,1002,,0,0.90625,2.76412,2.27256,0.15171,1.39495,0.02977,0.00000,0.42529,0.02299,2,5,1.16894,-0.17078,0.73217,641.07733,0.27088,32,0:x-0.122:y-0.422:f0.06:tf11.89:p0.0000:tok1;15:x0.030:y-0.413:f13.50:tf11.89:p0.0297:tok7;30:x0.023:y-0.352:f11.13:tf11.89:p0.0230:tok6;45:x0.025:y-0.263:f15.93:tf11.89:p0.0248:tok7;60:x0.019:y-0.109:f11.70:tf11.89:p0.0187:tok6;75:x0.025:y0.028:f16.50:tf18.22:p0.0254:tok6;90:x0.026:y0.158:f17.21:tf18.22:p0.0259:tok6;95:x0.026:y0.193:f16.40:tf18.22:p0.0255:tok6
ablate_no_phase_memory,actuator_saturation,2,1002,,1,0.90625,2.54508,1.68662,0.13969,1.38035,0.02705,0.00000,0.48276,0.04598,4,5,0.71798,-0.09526,0.76437,647.39075,0.27095,33,0:x-0.112:y-0.430:f0.04:tf11.89:p0.0000:tok1;15:x0.021:y-0.423:f9.56:tf11.89:p0.0208:tok7;30:x0.024:y-0.357:f10.85:tf11.89:p0.0240:tok2;45:x0.025:y-0.243:f16.41:tf11.89:p0.0246:tok3;60:x0.018:y-0.109:f11.94:tf11.89:p0.0183:tok3;75:x0.026:y0.038:f16.60:tf18.22:p0.0259:tok3;90:x0.027:y0.181:f17.59:tf18.22:p0.0271:tok3;95:x0.027:y0.220:f18.03:tf18.22:p0.0269:tok3
impedance_token_policy_v4,actuator_saturation,2,1002,,0,0.90625,2.55505,2.50817,0.14024,1.34466,0.02757,0.00000,0.43678,0.03448,3,5,0.66893,-0.05664,0.73760,642.14554,0.27095,68,0:x-0.098:y-0.434:f0.27:tf11.89:p0.0000:tok1;15:x0.023:y-0.427:f10.19:tf11.89:p0.0225:tok4;30:x0.026:y-0.360:f12.55:tf11.89:p0.0256:tok5;45:x0.024:y-0.243:f14.51:tf11.89:p0.0237:tok7;60:x0.017:y-0.112:f10.66:tf11.89:p0.0170:tok2;75:x0.024:y0.024:f15.38:tf18.22:p0.0244:tok4;90:x0.027:y0.154:f18.14:tf18.22:p0.0268:tok2;95:x0.027:y0.196:f16.46:tf18.22:p0.0275:tok7
learned_only_token_replacement,actuator_saturation,2,1002,,0,0.89583,2.57926,1.26151,0.14156,1.39037,0.02837,0.00000,0.60465,0.02326,2,5,0.65395,-0.17094,0.81075,636.02087,0.27094,0,0:x-0.119:y-0.437:f0.00:tf11.89:p0.0000:tok-1;15:x0.019:y-0.430:f9.03:tf11.89:p0.0190:tok-1;30:x0.025:y-0.355:f11.64:tf11.89:p0.0251:tok-1;45:x0.026:y-0.226:f16.53:tf11.89:p0.0259:tok-1;60:x0.020:y-0.076:f12.73:tf11.89:p0.0198:tok-1;75:x0.027:y0.079:f17.39:tf18.22:p0.0267:tok-1;90:x0.028:y0.223:f17.39:tf18.22:p0.0282:tok-1;95:x0.028:y0.260:f18.06:tf18.22:p0.0283:tok-1
token_full_v5,actuator_saturation,2,1003,,0,0.90625,2.94264,2.10021,0.15931,1.01377,0.02957,0.00000,0.27586,0.02299,2,5,0.72539,-0.10651,0.70137,597.81755,0.26141,44,0:x-0.116:y-0.430:f0.00:tf11.41:p0.0000:tok1;15:x0.021:y-0.424:f8.47:tf11.41:p0.0208:tok2;30:x0.024:y-0.362:f9.74:tf11.41:p0.0243:tok6;45:x0.024:y-0.261:f9.33:tf11.41:p0.0238:tok4;60:x0.026:y-0.142:f16.18:tf18.47:p0.0259:tok4;75:x0.028:y-0.010:f16.24:tf18.47:p0.0277:tok4;90:x0.027:y0.129:f16.43:tf18.47:p0.0265:tok4;95:x0.026:y0.166:f14.99:tf18.47:p0.0261:tok6
ablate_no_memory,actuator_saturation,2,1003,,1,0.88542,2.55111,1.18291,0.13811,1.13165,0.03364,0.00000,0.54118,0.02353,2,5,0.54076,-0.08735,0.76256,598.36535,0.26139,11,0:x-0.115:y-0.437:f0.00:tf11.41:p0.0000:tok3;15:x0.019:y-0.433:f10.16:tf11.41:p0.0187:tok0;30:x0.024:y-0.370:f9.28:tf11.41:p0.0237:tok6;45:x0.026:y-0.264:f10.54:tf11.41:p0.0262:tok3;60:x0.031:y-0.121:f20.90:tf18.47:p0.0311:tok3;75:x0.031:y0.033:f18.99:tf18.47:p0.0313:tok3;90:x0.029:y0.179:f17.11:tf18.47:p0.0293:tok3;95:x0.029:y0.219:f17.20:tf18.47:p0.0293:tok3
ablate_no_discrete_tokens,actuator_saturation,2,1003,,0,0.91667,2.02086,1.75594,0.10941,1.28182,0.03734,0.00000,0.63636,0.04545,4,6,0.79386,-0.09544,0.86090,596.91649,0.26134,0,0:x-0.111:y-0.440:f0.13:tf11.41:p0.0000:tok1;15:x0.029:y-0.429:f11.93:tf11.41:p0.0290:tok1;30:x0.027:y-0.346:f10.67:tf11.41:p0.0274:tok1;45:x0.029:y-0.208:f11.76:tf11.41:p0.0290:tok1;60:x0.033:y-0.047:f21.41:tf18.47:p0.0332:tok1;75:x0.032:y0.118:f19.26:tf18.47:p0.0319:tok1;90:x0.031:y0.267:f17.96:tf18.47:p0.0309:tok1;95:x0.031:y0.304:f17.77:tf18.47:p0.0307:tok1
ablate_no_force_update,actuator_saturation,2,1003,,0,0.90625,2.73908,1.68854,0.14829,1.12262,0.03282,0.00000,0.33333,0.01149,1,5,0.70833,-0.10127,0.69741,420.00000,0.20000,34,0:x-0.114:y-0.436:f0.00:tf11.41:p0.0000:tok1;15:x0.022:y-0.430:f8.77:tf11.41:p0.0225:tok5;30:x0.024:y-0.371:f9.33:tf11.41:p0.0241:tok6;45:x0.024:y-0.277:f10.13:tf11.41:p0.0241:tok4;60:x0.026:y-0.156:f15.84:tf18.47:p0.0255:tok7;75:x0.033:y-0.015:f19.67:tf18.47:p0.0327:tok4;90:x0.033:y0.123:f19.80:tf18.47:p0.0327:tok4;95:x0.033:y0.162:f19.55:tf18.47:p0.0327:tok4
ablate_no_transition_planner,actuator_saturation,2,1003,,0,0.89583,2.98402,2.15195,0.16155,1.06712,0.03159,0.00000,0.30233,0.01163,1,5,0.81257,-0.13219,0.69448,594.18813,0.26138,45,0:x-0.126:y-0.435:f0.51:tf11.41:p0.0000:tok1;15:x0.021:y-0.429:f8.75:tf11.41:p0.0213:tok2;30:x0.024:y-0.367:f9.55:tf11.41:p0.0241:tok6;45:x0.024:y-0.270:f9.74:tf11.41:p0.0241:tok4;60:x0.029:y-0.147:f19.71:tf18.47:p0.0289:tok4;75:x0.028:y-0.008:f15.70:tf18.47:p0.0281:tok6;90:x0.026:y0.124:f15.61:tf18.47:p0.0264:tok6;95:x0.026:y0.160:f15.34:tf18.47:p0.0262:tok2
ablate_no_safety_penalty,actuator_saturation,2,1003,,0,0.90625,2.95865,2.10454,0.16018,1.00789,0.02983,0.00000,0.33333,0.01149,1,5,0.66329,-0.08884,0.69433,600.19150,0.26137,35,0:x-0.108:y-0.417:f0.21:tf11.41:p0.0000:tok1;15:x0.021:y-0.412:f8.98:tf11.41:p0.0213:tok6;30:x0.023:y-0.356:f9.88:tf11.41:p0.0234:tok6;45:x0.024:y-0.266:f9.13:tf11.41:p0.0244:tok4;60:x0.026:y-0.143:f17.05:tf18.47:p0.0264:tok4;75:x0.028:y-0.009:f16.30:tf18.47:p0.0277:tok4;90:x0.026:y0.124:f15.95:tf18.47:p0.0262:tok6;95:x0.027:y0.160:f17.17:tf18.47:p0.0268:tok4
ablate_no_slip_context,actuator_saturation,2,1003,,0,0.90625,2.85760,1.81817,0.15471,1.10631,0.03113,0.00000,0.11494,0.01149,1,5,0.72861,-0.12408,0.66747,610.22844,0.26127,38,0:x-0.112:y-0.434:f0.38:tf11.41:p0.0000:tok1;15:x0.020:y-0.428:f7.80:tf11.41:p0.0203:tok5;30:x0.023:y-0.368:f9.27:tf11.41:p0.0233:tok6;45:x0.024:y-0.270:f10.06:tf11.41:p0.0242:tok6;60:x0.030:y-0.150:f20.43:tf18.47:p0.0304:tok6;75:x0.028:y-0.023:f16.21:tf18.47:p0.0276:tok6;90:x0.027:y0.100:f16.94:tf18.47:p0.0274:tok6;95:x0.027:y0.137:f17.08:tf18.47:p0.0265:tok6
ablate_no_tail_risk_objective,actuator_saturation,2,1003,,1,0.90625,2.01122,1.30821,0.10888,1.14293,0.03380,0.00000,0.44828,0.01149,1,5,0.60464,-0.06404,0.76912,602.81016,0.26129,19,0:x-0.102:y-0.427:f0.00:tf11.41:p0.0000:tok1;15:x0.026:y-0.419:f10.81:tf11.41:p0.0256:tok0;30:x0.027:y-0.340:f11.07:tf11.41:p0.0272:tok3;45:x0.027:y-0.227:f10.52:tf11.41:p0.0265:tok3;60:x0.031:y-0.096:f19.96:tf18.47:p0.0312:tok3;75:x0.031:y0.047:f18.82:tf18.47:p0.0309:tok3;90:x0.029:y0.186:f17.20:tf18.47:p0.0293:tok3;95:x0.029:y0.224:f18.03:tf18.47:p0.0292:tok3
ablate_no_calibration_guard,actuator_saturation,2,1003,,1,0.90625,2.89133,2.96985,0.15653,1.45185,0.04222,0.00000,0.29885,0.03448,3,11,1.14889,-0.17983,0.74996,597.87851,0.26126,23,0:x-0.122:y-0.416:f0.26:tf11.41:p0.0000:tok1;15:x0.030:y-0.408:f12.34:tf11.41:p0.0300:tok7;30:x0.024:y-0.348:f10.26:tf11.41:p0.0242:tok6;45:x0.026:y-0.257:f9.63:tf11.41:p0.0260:tok6;60:x0.033:y-0.140:f23.28:tf18.47:p0.0328:tok7;75:x0.033:y0.044:f18.58:tf18.47:p0.0326:tok6;90:x0.027:y0.178:f16.44:tf18.47:p0.0274:tok6;95:x0.028:y0.209:f17.24:tf18.47:p0.0276:tok6
ablate_no_phase_memory,actuator_saturation,2,1003,,1,0.90625,2.38573,1.30737,0.12916,1.15447,0.03416,0.00000,0.50575,0.01149,1,5,0.71934,-0.09485,0.76614,592.47496,0.26134,32,0:x-0.114:y-0.435:f0.53:tf11.41:p0.0000:tok1;15:x0.021:y-0.429:f9.70:tf11.41:p0.0209:tok6;30:x0.024:y-0.360:f10.09:tf11.41:p0.0244:tok0;45:x0.026:y-0.246:f10.06:tf11.41:p0.0262:tok3;60:x0.031:y-0.107:f20.01:tf18.47:p0.0315:tok3;75:x0.031:y0.041:f18.45:tf18.47:p0.0310:tok3;90:x0.030:y0.183:f17.19:tf18.47:p0.0296:tok3;95:x0.030:y0.222:f17.41:tf18.47:p0.0295:tok3
impedance_token_policy_v4,actuator_saturation,2,1003,,0,0.90625,2.44230,1.56756,0.13222,1.07321,0.03141,0.00000,0.48276,0.03448,3,5,0.75128,-0.09498,0.72414,597.79294,0.26133,59,0:x-0.116:y-0.432:f0.00:tf11.41:p0.0000:tok1;15:x0.022:y-0.426:f8.98:tf11.41:p0.0222:tok7;30:x0.025:y-0.361:f10.72:tf11.41:p0.0252:tok6;45:x0.027:y-0.247:f10.49:tf11.41:p0.0270:tok4;60:x0.029:y-0.116:f19.09:tf18.47:p0.0290:tok4;75:x0.028:y0.015:f17.02:tf18.47:p0.0279:tok4;90:x0.029:y0.143:f17.42:tf18.47:p0.0285:tok7;95:x0.030:y0.184:f17.85:tf18.47:p0.0297:tok7
learned_only_token_replacement,actuator_saturation,2,1003,,0,0.89583,2.85581,2.32470,0.15461,1.25630,0.03781,0.00000,0.61628,0.04651,4,10,0.68385,-0.18902,0.81610,597.51894,0.26127,0,0:x-0.126:y-0.443:f0.75:tf11.41:p0.0000:tok-1;15:x0.017:y-0.438:f8.07:tf11.41:p0.0170:tok-1;30:x0.025:y-0.361:f9.76:tf11.41:p0.0250:tok-1;45:x0.028:y-0.229:f11.04:tf11.41:p0.0275:tok-1;60:x0.033:y-0.072:f22.00:tf18.47:p0.0328:tok-1;75:x0.034:y0.084:f21.47:tf18.47:p0.0342:tok-1;90:x0.032:y0.227:f19.89:tf18.47:p0.0319:tok-1;95:x0.032:y0.265:f19.03:tf18.47:p0.0319:tok-1
token_full_v5,actuator_saturation,3,1000,,0,0.89583,3.04963,2.43434,0.18680,1.34661,0.02540,0.00000,0.38372,0.02326,2,7,0.74952,-0.10938,0.68394,641.86479,0.25422,32,0:x-0.121:y-0.432:f0.00:tf11.64:p0.0000:tok1;15:x0.021:y-0.426:f9.55:tf11.64:p0.0214:tok6;30:x0.023:y-0.368:f9.17:tf11.64:p0.0235:tok6;45:x0.025:y-0.276:f10.11:tf11.64:p0.0247:tok4;60:x0.023:y-0.153:f14.26:tf11.64:p0.0235:tok6;75:x0.022:y-0.023:f14.25:tf16.33:p0.0217:tok4;90:x0.022:y0.110:f14.63:tf16.33:p0.0218:tok4;95:x0.022:y0.151:f12.88:tf16.33:p0.0215:tok6
ablate_no_memory,actuator_saturation,3,1000,,1,0.88542,2.96946,0.93033,0.18189,1.52513,0.02685,0.00000,0.47059,0.04706,4,5,0.61263,-0.09554,0.74792,635.26871,0.25429,10,0:x-0.124:y-0.433:f0.25:tf11.64:p0.0000:tok3;15:x0.019:y-0.428:f8.92:tf11.64:p0.0187:tok5;30:x0.024:y-0.370:f9.20:tf11.64:p0.0243:tok6;45:x0.024:y-0.280:f9.41:tf11.64:p0.0239:tok6;60:x0.026:y-0.157:f16.93:tf11.64:p0.0259:tok4;75:x0.025:y0.003:f15.37:tf16.33:p0.0248:tok3;90:x0.025:y0.162:f16.69:tf16.33:p0.0248:tok3;95:x0.025:y0.205:f15.86:tf16.33:p0.0245:tok3
ablate_no_discrete_tokens,actuator_saturation,3,1000,,1,0.91667,1.79922,0.73575,0.11021,1.56826,0.03031,0.00000,0.59091,0.03409,3,5,0.84055,-0.10742,0.86376,639.20034,0.25415,0,0:x-0.117:y-0.411:f0.46:tf11.64:p0.0000:tok1;15:x0.030:y-0.403:f11.80:tf11.64:p0.0299:tok1;30:x0.028:y-0.332:f12.09:tf11.64:p0.0280:tok1;45:x0.029:y-0.204:f10.81:tf11.64:p0.0289:tok1;60:x0.028:y-0.047:f18.25:tf11.64:p0.0284:tok1;75:x0.027:y0.118:f17.61:tf16.33:p0.0268:tok1;90:x0.025:y0.269:f16.39:tf16.33:p0.0255:tok1;95:x0.025:y0.306:f16.19:tf16.33:p0.0255:tok1
ablate_no_force_update,actuator_saturation,3,1000,,0,0.89583,2.76534,1.66493,0.16939,1.30972,0.02840,0.00000,0.31395,0.03488,3,5,0.77029,-0.11553,0.69461,420.00000,0.20000,38,0:x-0.124:y-0.413:f0.00:tf11.64:p0.0000:tok1;15:x0.022:y-0.408:f9.66:tf11.64:p0.0224:tok7;30:x0.024:y-0.356:f9.56:tf11.64:p0.0245:tok6;45:x0.024:y-0.267:f9.43:tf11.64:p0.0237:tok6;60:x0.023:y-0.152:f15.10:tf11.64:p0.0230:tok6;75:x0.027:y-0.018:f17.33:tf16.33:p0.0274:tok4;90:x0.028:y0.120:f18.67:tf16.33:p0.0280:tok4;95:x0.028:y0.160:f18.08:tf16.33:p0.0281:tok4
ablate_no_transition_planner,actuator_saturation,3,1000,,0,0.90625,3.16562,2.43979,0.19391,1.38068,0.02482,0.00000,0.35632,0.02299,2,5,0.73395,-0.10652,0.69125,637.48854,0.25420,43,0:x-0.117:y-0.432:f0.00:tf11.64:p0.0000:tok1;15:x0.022:y-0.425:f9.53:tf11.64:p0.0217:tok4;30:x0.024:y-0.366:f9.92:tf11.64:p0.0243:tok6;45:x0.024:y-0.268:f9.82:tf11.64:p0.0241:tok6;60:x0.024:y-0.150:f15.46:tf11.64:p0.0238:tok6;75:x0.022:y-0.014:f14.83:tf16.33:p0.0217:tok4;90:x0.022:y0.118:f14.30:tf16.33:p0.0219:tok4;95:x0.022:y0.157:f13.63:tf16.33:p0.0218:tok6
ablate_no_safety_penalty,actuator_saturation,3,1000,,0,0.90625,3.10560,2.13201,0.19023,1.32710,0.02532,0.00000,0.33333,0.02299,2,5,0.76200,-0.11631,0.70313,626.57035,0.25422,54,0:x-0.118:y-0.433:f0.40:tf11.64:p0.0000:tok1;15:x0.021:y-0.427:f8.53:tf11.64:p0.0209:tok2;30:x0.023:y-0.369:f8.80:tf11.64:p0.0226:tok2;45:x0.024:y-0.268:f8.76:tf11.64:p0.0243:tok6;60:x0.024:y-0.148:f14.59:tf11.64:p0.0238:tok7;75:x0.023:y-0.005:f13.26:tf16.33:p0.0228:tok6;90:x0.022:y0.131:f14.35:tf16.33:p0.0219:tok4;95:x0.022:y0.168:f12.99:tf16.33:p0.0219:tok6
ablate_no_slip_context,actuator_saturation,3,1000,,0,0.90625,3.00163,1.71442,0.18386,1.43995,0.02518,0.00000,0.31034,0.02299,2,5,0.85807,-0.11381,0.71322,636.49550,0.25415,45,0:x-0.111:y-0.433:f0.00:tf11.64:p0.0000:tok1;15:x0.021:y-0.427:f8.92:tf11.64:p0.0210:tok2;30:x0.023:y-0.371:f8.97:tf11.64:p0.0232:tok2;45:x0.024:y-0.273:f8.30:tf11.64:p0.0239:tok2;60:x0.025:y-0.150:f15.89:tf11.64:p0.0248:tok2;75:x0.023:y0.012:f14.77:tf16.33:p0.0231:tok6;90:x0.023:y0.141:f13.89:tf16.33:p0.0229:tok6;95:x0.022:y0.177:f14.26:tf16.33:p0.0222:tok6
ablate_no_tail_risk_objective,actuator_saturation,3,1000,,1,0.89583,2.22813,0.72591,0.13648,1.51292,0.02746,0.00000,0.47674,0.03488,3,5,0.80894,-0.11215,0.77034,634.22686,0.25413,20,0:x-0.128:y-0.439:f0.00:tf11.64:p0.0000:tok1;15:x0.023:y-0.432:f11.07:tf11.64:p0.0234:tok7;30:x0.027:y-0.351:f10.46:tf11.64:p0.0271:tok3;45:x0.027:y-0.237:f10.35:tf11.64:p0.0269:tok3;60:x0.027:y-0.103:f17.61:tf11.64:p0.0267:tok3;75:x0.025:y0.043:f15.58:tf16.33:p0.0247:tok3;90:x0.025:y0.186:f15.87:tf16.33:p0.0247:tok3;95:x0.025:y0.225:f16.24:tf16.33:p0.0246:tok3
ablate_no_calibration_guard,actuator_saturation,3,1000,,0,0.90625,2.61389,1.59662,0.16011,1.44780,0.03025,0.00000,0.24138,0.02299,2,5,0.95899,-0.12657,0.71127,647.69519,0.25409,21,0:x-0.113:y-0.426:f0.35:tf11.64:p0.0000:tok1;15:x0.030:y-0.417:f12.50:tf11.64:p0.0303:tok7;30:x0.025:y-0.353:f11.49:tf11.64:p0.0254:tok6;45:x0.026:y-0.261:f10.48:tf11.64:p0.0262:tok6;60:x0.025:y-0.150:f16.34:tf11.64:p0.0245:tok7;75:x0.023:y0.013:f14.17:tf16.33:p0.0228:tok6;90:x0.022:y0.138:f13.75:tf16.33:p0.0223:tok7;95:x0.022:y0.175:f15.45:tf16.33:p0.0224:tok6
ablate_no_phase_memory,actuator_saturation,3,1000,,1,0.90625,2.44208,0.80562,0.14959,1.48112,0.02798,0.00000,0.52874,0.04598,4,5,0.75431,-0.09828,0.76687,639.30841,0.25417,34,0:x-0.117:y-0.443:f0.31:tf11.64:p0.0000:tok1;15:x0.021:y-0.436:f8.85:tf11.64:p0.0212:tok2;30:x0.026:y-0.367:f10.85:tf11.64:p0.0262:tok4;45:x0.027:y-0.252:f10.83:tf11.64:p0.0273:tok3;60:x0.027:y-0.114:f16.67:tf11.64:p0.0268:tok3;75:x0.025:y0.036:f16.03:tf16.33:p0.0247:tok3;90:x0.024:y0.182:f16.28:tf16.33:p0.0242:tok3;95:x0.024:y0.222:f15.33:tf16.33:p0.0242:tok3
impedance_token_policy_v4,actuator_saturation,3,1000,,0,0.90625,2.56041,1.69657,0.15684,1.40320,0.02764,0.00000,0.49425,0.03448,3,5,0.76522,-0.09831,0.72965,643.40764,0.25415,60,0:x-0.115:y-0.433:f0.06:tf11.64:p0.0000:tok1;15:x0.023:y-0.427:f9.06:tf11.64:p0.0228:tok7;30:x0.026:y-0.362:f10.59:tf11.64:p0.0258:tok5;45:x0.027:y-0.246:f10.94:tf11.64:p0.0265:tok4;60:x0.024:y-0.116:f15.01:tf11.64:p0.0240:tok3;75:x0.023:y0.018:f14.90:tf16.33:p0.0229:tok4;90:x0.023:y0.149:f14.59:tf16.33:p0.0230:tok7;95:x0.024:y0.190:f14.66:tf16.33:p0.0236:tok6
learned_only_token_replacement,actuator_saturation,3,1000,,1,0.89583,2.58444,0.79024,0.15831,1.63280,0.02943,0.00000,0.56977,0.03488,3,5,0.63606,-0.15790,0.81858,632.13415,0.25405,0,0:x-0.116:y-0.420:f0.00:tf11.64:p0.0000:tok-1;15:x0.019:y-0.414:f8.42:tf11.64:p0.0185:tok-1;30:x0.026:y-0.345:f10.99:tf11.64:p0.0260:tok-1;45:x0.028:y-0.222:f10.77:tf11.64:p0.0285:tok-1;60:x0.029:y-0.072:f18.55:tf11.64:p0.0288:tok-1;75:x0.027:y0.085:f18.12:tf16.33:p0.0272:tok-1;90:x0.026:y0.230:f15.48:tf16.33:p0.0263:tok-1;95:x0.026:y0.267:f16.37:tf16.33:p0.0261:tok-1
token_full_v5,actuator_saturation,3,1001,,0,0.89583,3.10917,4.06835,0.17845,1.29293,0.02760,0.00000,0.30233,0.02326,2,11,0.72668,-0.10069,0.68943,539.38225,0.27652,36,0:x-0.112:y-0.423:f0.04:tf10.87:p0.0000:tok1;15:x0.021:y-0.417:f7.63:tf10.87:p0.0210:tok2;30:x0.025:y-0.359:f9.33:tf10.87:p0.0247:tok6;45:x0.024:y-0.271:f8.80:tf10.87:p0.0244:tok6;60:x0.021:y-0.150:f11.55:tf10.87:p0.0210:tok4;75:x0.018:y-0.013:f9.23:tf17.42:p0.0179:tok6;90:x0.026:y0.120:f14.25:tf17.42:p0.0261:tok6;95:x0.028:y0.156:f14.60:tf17.42:p0.0276:tok6
ablate_no_memory,actuator_saturation,3,1001,,1,0.88542,3.02279,2.32440,0.17349,1.37319,0.03087,0.00000,0.48235,0.01176,1,5,0.54288,-0.07653,0.75485,530.42059,0.27658,13,0:x-0.114:y-0.421:f0.00:tf10.87:p0.0000:tok3;15:x0.018:y-0.417:f8.38:tf10.87:p0.0179:tok0;30:x0.024:y-0.361:f8.86:tf10.87:p0.0235:tok6;45:x0.024:y-0.273:f8.84:tf10.87:p0.0244:tok6;60:x0.023:y-0.143:f12.81:tf10.87:p0.0231:tok3;75:x0.020:y0.016:f10.81:tf17.42:p0.0197:tok3;90:x0.030:y0.170:f15.69:tf17.42:p0.0304:tok3;95:x0.031:y0.212:f15.74:tf17.42:p0.0309:tok3
ablate_no_discrete_tokens,actuator_saturation,3,1001,,0,0.91667,1.82354,1.15391,0.10466,1.42255,0.03295,0.00000,0.61364,0.03409,3,5,0.83040,-0.10111,0.86219,536.02385,0.27647,0,0:x-0.118:y-0.434:f0.00:tf10.87:p0.0000:tok1;15:x0.029:y-0.423:f10.60:tf10.87:p0.0287:tok1;30:x0.028:y-0.343:f10.71:tf10.87:p0.0277:tok1;45:x0.029:y-0.209:f10.70:tf10.87:p0.0295:tok1;60:x0.024:y-0.050:f11.93:tf10.87:p0.0238:tok1;75:x0.021:y0.116:f11.48:tf17.42:p0.0213:tok1;90:x0.033:y0.268:f17.17:tf17.42:p0.0326:tok1;95:x0.033:y0.305:f17.86:tf17.42:p0.0325:tok1
ablate_no_force_update,actuator_saturation,3,1001,,0,0.89583,2.36275,1.30779,0.13561,1.11522,0.03222,0.00000,0.34884,0.01163,1,5,0.75805,-0.10476,0.70864,420.00000,0.20000,37,0:x-0.119:y-0.413:f0.62:tf10.87:p0.0000:tok1;15:x0.021:y-0.408:f8.06:tf10.87:p0.0211:tok5;30:x0.024:y-0.356:f7.58:tf10.87:p0.0235:tok2;45:x0.024:y-0.267:f8.59:tf10.87:p0.0236:tok4;60:x0.020:y-0.150:f10.88:tf10.87:p0.0205:tok4;75:x0.020:y-0.012:f9.96:tf17.42:p0.0201:tok6;90:x0.032:y0.133:f17.59:tf17.42:p0.0322:tok4;95:x0.032:y0.172:f15.78:tf17.42:p0.0321:tok4
ablate_no_transition_planner,actuator_saturation,3,1001,,0,0.89583,3.08606,4.02551,0.17712,1.17014,0.02683,0.00000,0.27907,0.02326,2,6,0.71729,-0.09529,0.68495,530.97743,0.27653,36,0:x-0.112:y-0.430:f0.00:tf10.87:p0.0000:tok1;15:x0.021:y-0.424:f7.50:tf10.87:p0.0211:tok2;30:x0.025:y-0.363:f8.90:tf10.87:p0.0246:tok6;45:x0.024:y-0.268:f8.59:tf10.87:p0.0244:tok6;60:x0.021:y-0.156:f10.93:tf10.87:p0.0207:tok4;75:x0.018:y-0.019:f9.30:tf17.42:p0.0180:tok6;90:x0.026:y0.117:f14.05:tf17.42:p0.0265:tok6;95:x0.027:y0.152:f13.89:tf17.42:p0.0268:tok2
ablate_no_safety_penalty,actuator_saturation,3,1001,,0,0.89583,3.16313,3.96893,0.18154,1.24373,0.02846,0.00000,0.26744,0.02326,2,12,0.74867,-0.11039,0.69082,532.62184,0.27650,41,0:x-0.118:y-0.415:f0.00:tf10.87:p0.0000:tok1;15:x0.021:y-0.410:f8.42:tf10.87:p0.0206:tok6;30:x0.024:y-0.351:f8.33:tf10.87:p0.0243:tok2;45:x0.024:y-0.261:f8.19:tf10.87:p0.0244:tok2;60:x0.021:y-0.145:f10.99:tf10.87:p0.0207:tok4;75:x0.018:y-0.011:f9.47:tf17.42:p0.0180:tok6;90:x0.027:y0.122:f13.67:tf17.42:p0.0265:tok6;95:x0.028:y0.157:f15.54:tf17.42:p0.0285:tok4
ablate_no_slip_context,actuator_saturation,3,1001,,0,0.90625,2.81122,2.79696,0.16135,1.20948,0.02963,0.00000,0.21839,0.01149,1,5,0.72387,-0.07241,0.69681,530.87521,0.27657,45,0:x-0.099:y-0.433:f0.13:tf10.87:p0.0000:tok1;15:x0.021:y-0.425:f8.04:tf10.87:p0.0214:tok2;30:x0.024:y-0.363:f9.09:tf10.87:p0.0242:tok6;45:x0.024:y-0.271:f9.06:tf10.87:p0.0242:tok6;60:x0.021:y-0.157:f11.17:tf10.87:p0.0212:tok6;75:x0.018:y-0.038:f9.70:tf17.42:p0.0179:tok2;90:x0.028:y0.116:f14.56:tf17.42:p0.0284:tok2;95:x0.029:y0.161:f15.98:tf17.42:p0.0293:tok6
ablate_no_tail_risk_objective,actuator_saturation,3,1001,,1,0.89583,2.38288,2.30668,0.13676,1.34354,0.03116,0.00000,0.46512,0.02326,2,5,0.70182,-0.08395,0.76885,527.57030,0.27645,20,0:x-0.115:y-0.432:f0.65:tf10.87:p0.0000:tok1;15:x0.023:y-0.425:f9.62:tf10.87:p0.0227:tok0;30:x0.028:y-0.346:f10.99:tf10.87:p0.0279:tok3;45:x0.028:y-0.232:f9.60:tf10.87:p0.0275:tok3;60:x0.023:y-0.102:f13.08:tf10.87:p0.0232:tok3;75:x0.020:y0.043:f10.66:tf17.42:p0.0200:tok3;90:x0.031:y0.186:f15.82:tf17.42:p0.0306:tok3;95:x0.031:y0.224:f16.34:tf17.42:p0.0312:tok3
ablate_no_calibration_guard,actuator_saturation,3,1001,,1,0.90625,2.18857,2.02523,0.12561,1.20510,0.02991,0.00000,0.35632,0.03448,3,5,1.14322,-0.13097,0.78847,539.88061,0.27657,31,0:x-0.111:y-0.431:f0.00:tf10.87:p0.0000:tok1;15:x0.030:y-0.422:f11.93:tf10.87:p0.0299:tok7;30:x0.025:y-0.357:f9.27:tf10.87:p0.0248:tok7;45:x0.026:y-0.252:f9.57:tf10.87:p0.0262:tok6;60:x0.024:y-0.138:f13.06:tf10.87:p0.0236:tok7;75:x0.023:y0.039:f12.57:tf17.42:p0.0229:tok7;90:x0.028:y0.205:f14.88:tf17.42:p0.0283:tok7;95:x0.030:y0.241:f16.28:tf17.42:p0.0296:tok7
ablate_no_phase_memory,actuator_saturation,3,1001,,1,0.89583,2.52178,2.12144,0.14473,1.41187,0.03094,0.00000,0.50000,0.01163,1,5,0.76002,-0.10244,0.76720,529.67734,0.27646,31,0:x-0.123:y-0.421:f0.00:tf10.87:p0.0000:tok1;15:x0.021:y-0.416:f7.92:tf10.87:p0.0205:tok2;30:x0.025:y-0.355:f9.30:tf10.87:p0.0247:tok7;45:x0.028:y-0.242:f10.08:tf10.87:p0.0275:tok3;60:x0.024:y-0.108:f12.93:tf10.87:p0.0240:tok3;75:x0.020:y0.040:f10.97:tf17.42:p0.0204:tok3;90:x0.031:y0.184:f16.89:tf17.42:p0.0306:tok3;95:x0.031:y0.223:f15.76:tf17.42:p0.0309:tok3
impedance_token_policy_v4,actuator_saturation,3,1001,,0,0.90625,2.46067,2.83497,0.14123,1.28637,0.03028,0.00000,0.44828,0.01149,1,5,0.71070,-0.08534,0.73324,534.36830,0.27644,65,0:x-0.107:y-0.418:f0.00:tf10.87:p0.0000:tok1;15:x0.022:y-0.413:f7.67:tf10.87:p0.0220:tok5;30:x0.026:y-0.351:f10.31:tf10.87:p0.0257:tok5;45:x0.027:y-0.238:f10.38:tf10.87:p0.0274:tok7;60:x0.022:y-0.109:f11.40:tf10.87:p0.0219:tok4;75:x0.018:y0.021:f8.86:tf17.42:p0.0182:tok3;90:x0.030:y0.154:f15.95:tf17.42:p0.0298:tok4;95:x0.030:y0.193:f15.62:tf17.42:p0.0297:tok0
learned_only_token_replacement,actuator_saturation,3,1001,,1,0.89583,2.59931,1.13057,0.14918,1.40353,0.03340,0.00000,0.58140,0.02326,2,5,0.59874,-0.14471,0.81519,535.39357,0.27636,0,0:x-0.114:y-0.423:f0.59:tf10.87:p0.0000:tok-1;15:x0.017:y-0.419:f8.00:tf10.87:p0.0167:tok-1;30:x0.025:y-0.350:f8.91:tf10.87:p0.0255:tok-1;45:x0.029:y-0.224:f10.52:tf10.87:p0.0286:tok-1;60:x0.025:y-0.074:f12.58:tf10.87:p0.0252:tok-1;75:x0.022:y0.082:f11.27:tf17.42:p0.0220:tok-1;90:x0.033:y0.227:f17.64:tf17.42:p0.0329:tok-1;95:x0.033:y0.264:f18.09:tf17.42:p0.0334:tok-1
token_full_v5,actuator_saturation,3,1002,,0,0.90625,3.19339,3.40239,0.18259,1.21959,0.02782,0.00000,0.25287,0.02299,2,6,0.66559,-0.08861,0.67270,580.55980,0.27432,35,0:x-0.100:y-0.430:f0.00:tf12.82:p0.0000:tok1;15:x0.025:y-0.423:f10.27:tf12.82:p0.0249:tok2;30:x0.026:y-0.364:f10.51:tf12.82:p0.0262:tok6;45:x0.026:y-0.272:f15.63:tf12.82:p0.0261:tok2;60:x0.020:y-0.153:f11.41:tf12.82:p0.0199:tok4;75:x0.025:y-0.018:f14.66:tf17.49:p0.0248:tok6;90:x0.025:y0.106:f13.99:tf17.49:p0.0250:tok6;95:x0.026:y0.142:f14.55:tf17.49:p0.0258:tok6
ablate_no_memory,actuator_saturation,3,1002,,1,0.89583,2.82679,1.45906,0.16163,1.21231,0.02858,0.00000,0.50000,0.01163,1,5,0.59635,-0.09961,0.75255,585.95844,0.27442,14,0:x-0.119:y-0.436:f0.19:tf12.82:p0.0000:tok3;15:x0.022:y-0.430:f10.98:tf12.82:p0.0223:tok0;30:x0.026:y-0.371:f11.12:tf12.82:p0.0257:tok6;45:x0.026:y-0.278:f15.54:tf12.82:p0.0256:tok2;60:x0.022:y-0.143:f13.26:tf12.82:p0.0223:tok3;75:x0.028:y0.015:f16.32:tf17.49:p0.0276:tok3;90:x0.028:y0.168:f17.01:tf17.49:p0.0285:tok3;95:x0.028:y0.210:f16.40:tf17.49:p0.0283:tok3
ablate_no_discrete_tokens,actuator_saturation,3,1002,,0,0.91667,1.81214,0.73512,0.10361,1.44349,0.03271,0.00000,0.60227,0.03409,3,5,0.90042,-0.12175,0.85899,579.53251,0.27434,0,0:x-0.119:y-0.423:f0.00:tf12.82:p0.0000:tok1;15:x0.032:y-0.414:f13.77:tf12.82:p0.0321:tok1;30:x0.030:y-0.338:f12.64:tf12.82:p0.0300:tok1;45:x0.031:y-0.208:f18.50:tf12.82:p0.0310:tok1;60:x0.023:y-0.052:f13.51:tf12.82:p0.0228:tok1;75:x0.030:y0.113:f17.62:tf17.49:p0.0301:tok1;90:x0.030:y0.264:f18.05:tf17.49:p0.0300:tok1;95:x0.030:y0.302:f17.27:tf17.49:p0.0300:tok1
ablate_no_force_update,actuator_saturation,3,1002,,0,0.90625,2.41085,0.98202,0.13785,1.21332,0.03161,0.00000,0.36782,0.03448,3,5,0.73838,-0.10229,0.69403,420.00000,0.20000,28,0:x-0.114:y-0.431:f0.52:tf12.82:p0.0000:tok1;15:x0.027:y-0.423:f11.53:tf12.82:p0.0269:tok2;30:x0.027:y-0.368:f10.39:tf12.82:p0.0267:tok6;45:x0.027:y-0.278:f15.20:tf12.82:p0.0266:tok4;60:x0.023:y-0.157:f12.57:tf12.82:p0.0229:tok4;75:x0.030:y-0.020:f17.33:tf17.49:p0.0303:tok4;90:x0.032:y0.120:f18.44:tf17.49:p0.0315:tok4;95:x0.031:y0.159:f17.83:tf17.49:p0.0314:tok4
ablate_no_transition_planner,actuator_saturation,3,1002,,0,0.90625,3.29253,3.39743,0.18826,1.14488,0.02664,0.00000,0.22989,0.01149,1,8,0.82110,-0.14124,0.66656,580.56759,0.27433,38,0:x-0.123:y-0.420:f0.35:tf12.82:p0.0000:tok1;15:x0.025:y-0.413:f10.83:tf12.82:p0.0254:tok4;30:x0.026:y-0.356:f10.46:tf12.82:p0.0264:tok6;45:x0.026:y-0.266:f14.17:tf12.82:p0.0262:tok6;60:x0.020:y-0.161:f11.77:tf12.82:p0.0202:tok4;75:x0.025:y-0.031:f15.34:tf17.49:p0.0251:tok4;90:x0.025:y0.100:f15.24:tf17.49:p0.0252:tok4;95:x0.025:y0.137:f15.10:tf17.49:p0.0252:tok6
ablate_no_safety_penalty,actuator_saturation,3,1002,,0,0.90625,3.34465,3.61581,0.19124,1.22845,0.02693,0.00000,0.16092,0.02299,2,14,0.71431,-0.11089,0.66435,588.13280,0.27431,38,0:x-0.113:y-0.439:f0.00:tf12.82:p0.0000:tok1;15:x0.025:y-0.431:f10.77:tf12.82:p0.0250:tok7;30:x0.026:y-0.368:f10.61:tf12.82:p0.0261:tok6;45:x0.027:y-0.272:f14.76:tf12.82:p0.0267:tok4;60:x0.020:y-0.152:f10.84:tf12.82:p0.0201:tok4;75:x0.023:y-0.022:f13.74:tf17.49:p0.0233:tok6;90:x0.025:y0.098:f15.43:tf17.49:p0.0248:tok4;95:x0.026:y0.134:f15.57:tf17.49:p0.0259:tok4
ablate_no_slip_context,actuator_saturation,3,1002,,0,0.90625,2.98601,2.31730,0.17073,1.21662,0.02684,0.00000,0.26437,0.01149,1,5,0.95072,-0.13332,0.69986,581.36131,0.27442,43,0:x-0.119:y-0.436:f0.00:tf12.82:p0.0000:tok1;15:x0.024:y-0.428:f10.37:tf12.82:p0.0239:tok6;30:x0.026:y-0.367:f10.54:tf12.82:p0.0255:tok6;45:x0.026:y-0.272:f15.59:tf12.82:p0.0262:tok2;60:x0.020:y-0.159:f12.20:tf12.82:p0.0204:tok6;75:x0.026:y-0.022:f15.88:tf17.49:p0.0261:tok6;90:x0.026:y0.124:f15.39:tf17.49:p0.0258:tok6;95:x0.027:y0.164:f15.83:tf17.49:p0.0268:tok6
ablate_no_tail_risk_objective,actuator_saturation,3,1002,,1,0.90625,2.22895,1.52394,0.12745,1.37521,0.03073,0.00000,0.40230,0.01149,1,5,0.68052,-0.07952,0.76526,571.25429,0.27430,19,0:x-0.105:y-0.421:f0.53:tf12.82:p0.0000:tok1;15:x0.028:y-0.413:f12.06:tf12.82:p0.0278:tok0;30:x0.031:y-0.338:f12.84:tf12.82:p0.0306:tok3;45:x0.030:y-0.228:f17.63:tf12.82:p0.0296:tok3;60:x0.023:y-0.101:f12.67:tf12.82:p0.0225:tok3;75:x0.028:y0.041:f16.15:tf17.49:p0.0276:tok3;90:x0.029:y0.182:f15.85:tf17.49:p0.0289:tok3;95:x0.029:y0.221:f16.19:tf17.49:p0.0290:tok3
ablate_no_calibration_guard,actuator_saturation,3,1002,,0,0.90625,2.61256,2.07266,0.14938,1.35113,0.03333,0.00000,0.39080,0.02299,2,5,1.12163,-0.16011,0.73059,579.59903,0.27425,28,0:x-0.115:y-0.429:f0.00:tf12.82:p0.0000:tok1;15:x0.033:y-0.420:f13.98:tf12.82:p0.0333:tok7;30:x0.027:y-0.357:f10.89:tf12.82:p0.0272:tok6;45:x0.029:y-0.258:f16.35:tf12.82:p0.0289:tok7;60:x0.023:y-0.107:f12.81:tf12.82:p0.0225:tok6;75:x0.027:y0.029:f15.95:tf17.49:p0.0273:tok6;90:x0.027:y0.156:f14.73:tf17.49:p0.0266:tok7;95:x0.027:y0.192:f15.30:tf17.49:p0.0266:tok6
ablate_no_phase_memory,actuator_saturation,3,1002,,1,0.90625,2.63833,1.50059,0.15085,1.32586,0.02890,0.00000,0.51724,0.02299,2,5,0.84027,-0.12630,0.76199,580.62287,0.27435,34,0:x-0.123:y-0.437:f0.08:tf12.82:p0.0000:tok1;15:x0.024:y-0.429:f11.50:tf12.82:p0.0240:tok6;30:x0.028:y-0.363:f11.02:tf12.82:p0.0275:tok6;45:x0.029:y-0.250:f16.66:tf12.82:p0.0288:tok3;60:x0.022:y-0.115:f12.63:tf12.82:p0.0224:tok3;75:x0.028:y0.034:f16.82:tf17.49:p0.0276:tok3;90:x0.029:y0.179:f16.52:tf17.49:p0.0285:tok3;95:x0.029:y0.218:f16.43:tf17.49:p0.0286:tok3
impedance_token_policy_v4,actuator_saturation,3,1002,,0,0.90625,2.83442,2.32057,0.16207,1.43131,0.03068,0.00000,0.48276,0.02299,2,5,0.86003,-0.10941,0.73362,586.75191,0.27433,64,0:x-0.122:y-0.438:f0.00:tf12.82:p0.0000:tok1;15:x0.026:y-0.430:f11.24:tf12.82:p0.0255:tok7;30:x0.028:y-0.363:f11.49:tf12.82:p0.0278:tok2;45:x0.030:y-0.246:f18.35:tf12.82:p0.0298:tok3;60:x0.021:y-0.115:f12.51:tf12.82:p0.0206:tok4;75:x0.026:y0.020:f16.18:tf17.49:p0.0262:tok4;90:x0.028:y0.151:f18.01:tf17.49:p0.0281:tok4;95:x0.029:y0.192:f17.22:tf17.49:p0.0293:tok7
learned_only_token_replacement,actuator_saturation,3,1002,,1,0.90625,2.67769,0.83929,0.15310,1.35531,0.03027,0.00000,0.58621,0.02299,2,5,0.64733,-0.16369,0.81370,591.78881,0.27426,0,0:x-0.115:y-0.428:f0.00:tf12.82:p0.0000:tok-1;15:x0.021:y-0.420:f9.67:tf12.82:p0.0213:tok-1;30:x0.029:y-0.348:f12.77:tf12.82:p0.0286:tok-1;45:x0.030:y-0.224:f16.94:tf12.82:p0.0303:tok-1;60:x0.024:y-0.078:f13.32:tf12.82:p0.0241:tok-1;75:x0.030:y0.078:f17.04:tf17.49:p0.0297:tok-1;90:x0.030:y0.224:f18.08:tf17.49:p0.0299:tok-1;95:x0.030:y0.263:f17.51:tf17.49:p0.0299:tok-1
token_full_v5,actuator_saturation,3,1003,,0,0.90625,3.24872,2.94673,0.19430,1.30422,0.02885,0.00000,0.27586,0.01149,1,5,0.65748,-0.08221,0.69601,518.27072,0.27132,56,0:x-0.101:y-0.415:f0.21:tf11.67:p0.0000:tok1;15:x0.024:y-0.409:f9.41:tf11.67:p0.0244:tok6;30:x0.028:y-0.351:f9.56:tf11.67:p0.0276:tok6;45:x0.029:y-0.260:f9.71:tf11.67:p0.0288:tok4;60:x0.028:y-0.144:f14.75:tf11.67:p0.0281:tok7;75:x0.026:y-0.005:f14.40:tf16.72:p0.0260:tok4;90:x0.027:y0.126:f13.92:tf16.72:p0.0272:tok6;95:x0.027:y0.161:f13.77:tf16.72:p0.0270:tok2
ablate_no_memory,actuator_saturation,3,1003,,1,0.88542,2.89306,1.24538,0.17303,1.48444,0.03260,0.00000,0.52941,0.03529,3,5,0.55213,-0.08864,0.76396,518.01817,0.27135,14,0:x-0.115:y-0.426:f0.08:tf11.67:p0.0000:tok3;15:x0.021:y-0.422:f8.67:tf11.67:p0.0215:tok5;30:x0.027:y-0.364:f9.24:tf11.67:p0.0275:tok6;45:x0.031:y-0.260:f10.20:tf11.67:p0.0314:tok3;60:x0.031:y-0.120:f16.59:tf11.67:p0.0315:tok3;75:x0.028:y0.033:f15.06:tf16.72:p0.0279:tok3;90:x0.031:y0.180:f15.77:tf16.72:p0.0307:tok3;95:x0.031:y0.220:f16.42:tf16.72:p0.0307:tok3
ablate_no_discrete_tokens,actuator_saturation,3,1003,,0,0.91667,1.95956,0.80066,0.11720,1.54960,0.03454,0.00000,0.61364,0.06818,6,5,0.83107,-0.10294,0.86318,517.86646,0.27130,0,0:x-0.115:y-0.430:f0.51:tf11.67:p0.0000:tok1;15:x0.032:y-0.419:f11.00:tf11.67:p0.0319:tok1;30:x0.032:y-0.340:f10.57:tf11.67:p0.0322:tok1;45:x0.034:y-0.207:f11.50:tf11.67:p0.0342:tok1;60:x0.034:y-0.047:f16.99:tf11.67:p0.0340:tok1;75:x0.029:y0.119:f16.72:tf16.72:p0.0291:tok1;90:x0.032:y0.269:f17.26:tf16.72:p0.0322:tok1;95:x0.032:y0.306:f15.89:tf16.72:p0.0320:tok1
ablate_no_force_update,actuator_saturation,3,1003,,0,0.90625,2.83102,0.94752,0.16932,1.20355,0.03115,0.00000,0.31034,0.02299,2,5,0.75817,-0.11029,0.71150,420.00000,0.20000,40,0:x-0.115:y-0.437:f0.09:tf11.67:p0.0000:tok1;15:x0.025:y-0.431:f8.60:tf11.67:p0.0247:tok5;30:x0.027:y-0.367:f9.68:tf11.67:p0.0274:tok6;45:x0.026:y-0.261:f8.69:tf11.67:p0.0255:tok6;60:x0.025:y-0.141:f12.82:tf11.67:p0.0253:tok4;75:x0.028:y-0.004:f15.08:tf16.72:p0.0283:tok4;90:x0.031:y0.136:f17.00:tf16.72:p0.0312:tok4;95:x0.031:y0.175:f15.83:tf16.72:p0.0310:tok4
ablate_no_transition_planner,actuator_saturation,3,1003,,0,0.90625,3.35451,3.13424,0.20062,1.27712,0.02915,0.00000,0.21839,0.01149,1,5,0.76008,-0.10952,0.68717,514.15624,0.27133,47,0:x-0.115:y-0.440:f0.00:tf11.67:p0.0000:tok1;15:x0.024:y-0.433:f8.56:tf11.67:p0.0235:tok2;30:x0.029:y-0.365:f9.67:tf11.67:p0.0286:tok6;45:x0.029:y-0.263:f10.02:tf11.67:p0.0288:tok4;60:x0.028:y-0.144:f14.25:tf11.67:p0.0279:tok6;75:x0.025:y-0.011:f13.67:tf16.72:p0.0253:tok6;90:x0.027:y0.118:f13.15:tf16.72:p0.0267:tok6;95:x0.028:y0.154:f13.92:tf16.72:p0.0279:tok6
ablate_no_safety_penalty,actuator_saturation,3,1003,,0,0.89583,3.31757,2.89565,0.19842,1.30119,0.03022,0.00000,0.32558,0.01163,1,5,0.86016,-0.13276,0.69989,515.94068,0.27136,50,0:x-0.126:y-0.442:f0.00:tf11.67:p0.0000:tok1;15:x0.023:y-0.436:f8.00:tf11.67:p0.0228:tok2;30:x0.029:y-0.367:f9.33:tf11.67:p0.0286:tok6;45:x0.029:y-0.269:f9.27:tf11.67:p0.0287:tok4;60:x0.030:y-0.147:f15.02:tf11.67:p0.0297:tok6;75:x0.026:y-0.005:f15.35:tf16.72:p0.0255:tok4;90:x0.027:y0.130:f13.78:tf16.72:p0.0271:tok6;95:x0.027:y0.165:f14.02:tf16.72:p0.0270:tok2
ablate_no_slip_context,actuator_saturation,3,1003,,0,0.90625,3.24323,2.03874,0.19397,1.35246,0.03026,0.00000,0.28736,0.03448,3,5,0.91596,-0.13721,0.72527,519.30919,0.27124,52,0:x-0.116:y-0.430:f0.57:tf11.67:p0.0000:tok1;15:x0.024:y-0.423:f9.24:tf11.67:p0.0239:tok4;30:x0.028:y-0.357:f9.57:tf11.67:p0.0285:tok6;45:x0.028:y-0.259:f8.68:tf11.67:p0.0282:tok2;60:x0.030:y-0.139:f15.53:tf11.67:p0.0300:tok2;75:x0.027:y0.024:f14.66:tf16.72:p0.0271:tok6;90:x0.029:y0.154:f15.35:tf16.72:p0.0289:tok6;95:x0.028:y0.188:f15.14:tf16.72:p0.0280:tok6
ablate_no_tail_risk_objective,actuator_saturation,3,1003,,1,0.90625,2.59869,1.31238,0.15542,1.51214,0.03293,0.00000,0.43678,0.02299,2,5,0.73408,-0.09750,0.77452,514.49366,0.27126,21,0:x-0.117:y-0.418:f0.70:tf11.67:p0.0000:tok1;15:x0.024:y-0.412:f8.89:tf11.67:p0.0240:tok2;30:x0.032:y-0.337:f11.28:tf11.67:p0.0322:tok3;45:x0.032:y-0.225:f11.00:tf11.67:p0.0321:tok3;60:x0.032:y-0.095:f17.65:tf11.67:p0.0323:tok3;75:x0.028:y0.051:f15.17:tf16.72:p0.0282:tok3;90:x0.031:y0.191:f15.98:tf16.72:p0.0306:tok3;95:x0.031:y0.229:f15.98:tf16.72:p0.0308:tok3
ablate_no_calibration_guard,actuator_saturation,3,1003,,1,0.90625,2.48217,1.86539,0.14845,1.62345,0.03403,0.00000,0.31034,0.02299,2,5,1.14718,-0.15202,0.75474,517.50626,0.27129,38,0:x-0.112:y-0.428:f0.00:tf11.67:p0.0000:tok1;15:x0.033:y-0.419:f11.49:tf11.67:p0.0328:tok7;30:x0.030:y-0.352:f10.54:tf11.67:p0.0303:tok7;45:x0.030:y-0.245:f10.74:tf11.67:p0.0302:tok6;60:x0.033:y-0.127:f17.59:tf11.67:p0.0326:tok4;75:x0.028:y0.040:f15.79:tf16.72:p0.0277:tok6;90:x0.029:y0.176:f15.16:tf16.72:p0.0291:tok6;95:x0.030:y0.212:f16.51:tf16.72:p0.0303:tok6
ablate_no_phase_memory,actuator_saturation,3,1003,,1,0.90625,2.63808,1.18718,0.15778,1.47182,0.03258,0.00000,0.49425,0.02299,2,5,0.69588,-0.08617,0.76729,527.70511,0.27129,37,0:x-0.108:y-0.428:f0.02:tf11.67:p0.0000:tok1;15:x0.024:y-0.420:f8.64:tf11.67:p0.0241:tok5;30:x0.030:y-0.354:f9.46:tf11.67:p0.0300:tok7;45:x0.032:y-0.244:f10.80:tf11.67:p0.0318:tok3;60:x0.031:y-0.108:f16.17:tf11.67:p0.0315:tok3;75:x0.028:y0.040:f15.29:tf16.72:p0.0277:tok3;90:x0.031:y0.184:f16.73:tf16.72:p0.0307:tok3;95:x0.030:y0.223:f17.16:tf16.72:p0.0303:tok3
impedance_token_policy_v4,actuator_saturation,3,1003,,0,0.90625,2.81614,2.31581,0.16843,1.39450,0.03214,0.00000,0.50575,0.01149,1,5,0.70266,-0.07583,0.73504,515.79173,0.27133,60,0:x-0.104:y-0.436:f0.55:tf11.67:p0.0000:tok1;15:x0.023:y-0.428:f7.68:tf11.67:p0.0232:tok5;30:x0.030:y-0.360:f10.07:tf11.67:p0.0297:tok7;45:x0.031:y-0.241:f10.53:tf11.67:p0.0307:tok4;60:x0.029:y-0.111:f15.34:tf11.67:p0.0292:tok3;75:x0.026:y0.023:f14.73:tf16.72:p0.0260:tok4;90:x0.030:y0.153:f14.81:tf16.72:p0.0295:tok4;95:x0.030:y0.194:f15.78:tf16.72:p0.0296:tok1
learned_only_token_replacement,actuator_saturation,3,1003,,0,0.89583,2.88555,0.86015,0.17258,1.55119,0.03477,0.00000,0.60465,0.02326,2,5,0.65294,-0.16824,0.81640,516.60454,0.27119,0,0:x-0.119:y-0.438:f0.02:tf11.67:p0.0000:tok-1;15:x0.017:y-0.431:f7.00:tf11.67:p0.0172:tok-1;30:x0.030:y-0.355:f10.71:tf11.67:p0.0298:tok-1;45:x0.033:y-0.225:f11.49:tf11.67:p0.0334:tok-1;60:x0.034:y-0.072:f18.11:tf11.67:p0.0343:tok-1;75:x0.031:y0.085:f16.35:tf16.72:p0.0307:tok-1;90:x0.034:y0.228:f17.69:tf16.72:p0.0336:tok-1;95:x0.033:y0.265:f17.64:tf16.72:p0.0334:tok-1
token_full_v5,actuator_saturation,4,1000,,0,0.90625,3.33456,3.88982,0.18122,1.18238,0.02813,0.00000,0.22989,0.01149,1,9,0.79128,-0.13113,0.68800,572.90104,0.27502,37,0:x-0.118:y-0.419:f0.00:tf12.29:p0.0000:tok1;15:x0.024:y-0.412:f10.15:tf12.29:p0.0240:tok4;30:x0.026:y-0.352:f10.77:tf12.29:p0.0259:tok6;45:x0.026:y-0.257:f14.48:tf12.29:p0.0257:tok4;60:x0.019:y-0.139:f10.36:tf12.29:p0.0195:tok4;75:x0.022:y-0.007:f12.70:tf18.40:p0.0215:tok7;90:x0.027:y0.120:f14.99:tf18.40:p0.0266:tok6;95:x0.028:y0.155:f16.44:tf18.40:p0.0281:tok6
ablate_no_memory,actuator_saturation,4,1000,,1,0.89583,2.90210,1.98790,0.15772,1.29324,0.03077,0.00000,0.50000,0.02326,2,5,0.54353,-0.08652,0.76126,565.82794,0.27508,13,0:x-0.111:y-0.420:f0.83:tf12.29:p0.0000:tok3;15:x0.021:y-0.415:f9.87:tf12.29:p0.0214:tok0;30:x0.025:y-0.357:f9.47:tf12.29:p0.0252:tok2;45:x0.027:y-0.256:f15.83:tf12.29:p0.0274:tok3;60:x0.022:y-0.120:f12.10:tf12.29:p0.0218:tok3;75:x0.025:y0.031:f14.24:tf18.40:p0.0250:tok3;90:x0.031:y0.178:f17.14:tf18.40:p0.0306:tok3;95:x0.031:y0.217:f17.14:tf18.40:p0.0308:tok3
ablate_no_discrete_tokens,actuator_saturation,4,1000,,0,0.91667,1.82372,1.17343,0.09911,1.41754,0.03254,0.00000,0.61364,0.07955,7,5,0.82903,-0.10283,0.86006,569.41436,0.27504,0,0:x-0.112:y-0.430:f0.27:tf12.29:p0.0000:tok1;15:x0.031:y-0.419:f12.23:tf12.29:p0.0313:tok1;30:x0.030:y-0.341:f11.72:tf12.29:p0.0301:tok1;45:x0.030:y-0.207:f17.08:tf12.29:p0.0295:tok1;60:x0.023:y-0.051:f12.75:tf12.29:p0.0225:tok1;75:x0.027:y0.115:f17.12:tf18.40:p0.0267:tok1;90:x0.032:y0.266:f18.20:tf18.40:p0.0325:tok1;95:x0.032:y0.303:f18.73:tf18.40:p0.0323:tok1
ablate_no_force_update,actuator_saturation,4,1000,,0,0.90625,2.47263,1.56402,0.13438,1.28186,0.03342,0.00000,0.32184,0.03448,3,5,0.68625,-0.09738,0.69318,420.00000,0.20000,31,0:x-0.110:y-0.419:f0.00:tf12.29:p0.0000:tok1;15:x0.025:y-0.413:f9.59:tf12.29:p0.0249:tok5;30:x0.026:y-0.358:f9.90:tf12.29:p0.0265:tok6;45:x0.025:y-0.264:f14.35:tf12.29:p0.0248:tok4;60:x0.022:y-0.146:f12.42:tf12.29:p0.0223:tok4;75:x0.025:y-0.010:f14.82:tf18.40:p0.0246:tok6;90:x0.033:y0.120:f18.55:tf18.40:p0.0331:tok4;95:x0.033:y0.159:f18.87:tf18.40:p0.0334:tok4
ablate_no_transition_planner,actuator_saturation,4,1000,,0,0.90625,3.36773,4.13564,0.18302,1.21359,0.02792,0.00000,0.24138,0.01149,1,13,0.81669,-0.12945,0.68555,563.18776,0.27506,36,0:x-0.120:y-0.430:f0.61:tf12.29:p0.0000:tok1;15:x0.023:y-0.422:f8.97:tf12.29:p0.0232:tok2;30:x0.026:y-0.362:f10.35:tf12.29:p0.0262:tok6;45:x0.025:y-0.260:f14.42:tf12.29:p0.0253:tok4;60:x0.019:y-0.143:f11.70:tf12.29:p0.0193:tok4;75:x0.021:y-0.010:f13.24:tf18.40:p0.0212:tok7;90:x0.027:y0.117:f14.52:tf18.40:p0.0266:tok6;95:x0.028:y0.153:f15.22:tf18.40:p0.0279:tok6
ablate_no_safety_penalty,actuator_saturation,4,1000,,0,0.90625,3.36893,4.00538,0.18308,1.24132,0.02771,0.00000,0.26437,0.01149,1,13,0.80919,-0.12926,0.68333,573.32346,0.27506,36,0:x-0.119:y-0.423:f0.00:tf12.29:p0.0000:tok1;15:x0.024:y-0.418:f9.12:tf12.29:p0.0236:tok2;30:x0.026:y-0.362:f9.89:tf12.29:p0.0259:tok6;45:x0.025:y-0.268:f14.47:tf12.29:p0.0254:tok4;60:x0.019:y-0.147:f11.54:tf12.29:p0.0193:tok4;75:x0.023:y-0.013:f13.10:tf18.40:p0.0231:tok6;90:x0.026:y0.115:f14.70:tf18.40:p0.0262:tok6;95:x0.028:y0.151:f15.85:tf18.40:p0.0277:tok6
ablate_no_slip_context,actuator_saturation,4,1000,,0,0.90625,2.95381,2.57830,0.16053,1.17097,0.02897,0.00000,0.24138,0.01149,1,5,0.90103,-0.11144,0.69833,571.37287,0.27516,40,0:x-0.114:y-0.434:f0.17:tf12.29:p0.0000:tok1;15:x0.023:y-0.426:f8.77:tf12.29:p0.0230:tok2;30:x0.026:y-0.365:f10.48:tf12.29:p0.0258:tok6;45:x0.025:y-0.271:f14.22:tf12.29:p0.0248:tok6;60:x0.020:y-0.165:f10.92:tf12.29:p0.0197:tok6;75:x0.026:y-0.041:f16.78:tf18.40:p0.0260:tok6;90:x0.028:y0.120:f15.82:tf18.40:p0.0284:tok2;95:x0.028:y0.162:f15.88:tf18.40:p0.0281:tok2
ablate_no_tail_risk_objective,actuator_saturation,4,1000,,1,0.90625,2.48105,2.11002,0.13483,1.34402,0.03083,0.00000,0.42529,0.04598,4,5,0.76240,-0.10590,0.76647,566.30884,0.27502,19,0:x-0.119:y-0.430:f0.17:tf12.29:p0.0000:tok1;15:x0.025:y-0.422:f11.21:tf12.29:p0.0247:tok7;30:x0.030:y-0.343:f11.88:tf12.29:p0.0296:tok3;45:x0.028:y-0.230:f15.38:tf12.29:p0.0277:tok3;60:x0.022:y-0.102:f11.97:tf12.29:p0.0216:tok3;75:x0.025:y0.042:f14.38:tf18.40:p0.0250:tok3;90:x0.030:y0.184:f16.52:tf18.40:p0.0304:tok3;95:x0.031:y0.222:f17.53:tf18.40:p0.0308:tok3
ablate_no_calibration_guard,actuator_saturation,4,1000,,0,0.90625,2.48224,2.14371,0.13490,1.35077,0.03238,0.00000,0.35632,0.03448,3,5,1.12555,-0.15749,0.73889,568.47809,0.27495,28,0:x-0.115:y-0.436:f0.13:tf12.29:p0.0000:tok1;15:x0.032:y-0.426:f13.56:tf12.29:p0.0324:tok7;30:x0.028:y-0.359:f11.32:tf12.29:p0.0276:tok7;45:x0.028:y-0.250:f15.71:tf12.29:p0.0284:tok7;60:x0.022:y-0.097:f11.43:tf12.29:p0.0216:tok6;75:x0.028:y0.025:f18.59:tf18.40:p0.0280:tok6;90:x0.029:y0.161:f16.38:tf18.40:p0.0294:tok6;95:x0.029:y0.199:f16.12:tf18.40:p0.0295:tok6
ablate_no_phase_memory,actuator_saturation,4,1000,,1,0.90625,2.54973,2.06051,0.13857,1.31395,0.03078,0.00000,0.47126,0.02299,2,5,0.67540,-0.08305,0.76436,566.75184,0.27504,34,0:x-0.104:y-0.422:f0.03:tf12.29:p0.0000:tok1;15:x0.024:y-0.415:f10.01:tf12.29:p0.0244:tok7;30:x0.028:y-0.353:f11.08:tf12.29:p0.0277:tok4;45:x0.028:y-0.242:f14.91:tf12.29:p0.0279:tok3;60:x0.022:y-0.110:f11.79:tf12.29:p0.0218:tok3;75:x0.025:y0.037:f15.61:tf18.40:p0.0251:tok3;90:x0.031:y0.181:f16.45:tf18.40:p0.0306:tok3;95:x0.031:y0.220:f16.71:tf18.40:p0.0307:tok3
impedance_token_policy_v4,actuator_saturation,4,1000,,0,0.90625,2.79860,2.65900,0.15209,1.32146,0.03167,0.00000,0.48276,0.03448,3,5,0.84527,-0.11270,0.73388,575.17224,0.27503,65,0:x-0.123:y-0.429:f0.00:tf12.29:p0.0000:tok1;15:x0.024:y-0.423:f10.91:tf12.29:p0.0241:tok7;30:x0.029:y-0.358:f11.90:tf12.29:p0.0286:tok6;45:x0.028:y-0.243:f16.10:tf12.29:p0.0276:tok3;60:x0.020:y-0.113:f10.80:tf12.29:p0.0200:tok4;75:x0.024:y0.017:f14.44:tf18.40:p0.0239:tok3;90:x0.029:y0.152:f16.68:tf18.40:p0.0293:tok6;95:x0.032:y0.193:f18.52:tf18.40:p0.0317:tok2
learned_only_token_replacement,actuator_saturation,4,1000,,0,0.89583,2.80336,1.09179,0.15235,1.49471,0.03299,0.00000,0.61628,0.03488,3,5,0.64715,-0.16493,0.81391,569.46372,0.27498,0,0:x-0.117:y-0.440:f0.49:tf12.29:p0.0000:tok-1;15:x0.020:y-0.433:f9.06:tf12.29:p0.0200:tok-1;30:x0.028:y-0.357:f10.22:tf12.29:p0.0278:tok-1;45:x0.030:y-0.226:f16.04:tf12.29:p0.0301:tok-1;60:x0.023:y-0.077:f12.94:tf12.29:p0.0234:tok-1;75:x0.027:y0.078:f16.01:tf18.40:p0.0269:tok-1;90:x0.033:y0.225:f18.41:tf18.40:p0.0325:tok-1;95:x0.033:y0.263:f17.87:tf18.40:p0.0330:tok-1
token_full_v5,actuator_saturation,4,1001,,0,0.89583,3.17306,3.75831,0.17993,1.28631,0.02566,0.00000,0.32558,0.01163,1,9,0.77132,-0.11417,0.69493,593.97849,0.26161,36,0:x-0.118:y-0.427:f0.00:tf11.16:p0.0000:tok1;15:x0.021:y-0.421:f9.18:tf11.16:p0.0209:tok6;30:x0.024:y-0.362:f10.22:tf11.16:p0.0240:tok6;45:x0.023:y-0.271:f8.96:tf11.16:p0.0232:tok6;60:x0.022:y-0.149:f13.09:tf11.16:p0.0225:tok4;75:x0.018:y-0.007:f11.04:tf17.63:p0.0179:tok7;90:x0.024:y0.125:f14.46:tf17.63:p0.0244:tok6;95:x0.026:y0.161:f15.21:tf17.63:p0.0257:tok4
ablate_no_memory,actuator_saturation,4,1001,,1,0.89583,2.90261,1.93318,0.16459,1.37282,0.02842,0.00000,0.46512,0.02326,2,5,0.49423,-0.06018,0.75879,587.36663,0.26167,13,0:x-0.103:y-0.425:f0.00:tf11.16:p0.0000:tok3;15:x0.019:y-0.421:f9.21:tf11.16:p0.0191:tok0;30:x0.023:y-0.365:f8.14:tf11.16:p0.0226:tok2;45:x0.023:y-0.269:f9.02:tf11.16:p0.0232:tok6;60:x0.024:y-0.139:f15.32:tf11.16:p0.0243:tok3;75:x0.020:y0.020:f13.71:tf17.63:p0.0204:tok3;90:x0.028:y0.174:f16.54:tf17.63:p0.0282:tok3;95:x0.028:y0.215:f16.35:tf17.63:p0.0284:tok3
ablate_no_discrete_tokens,actuator_saturation,4,1001,,0,0.91667,1.86698,1.02280,0.10587,1.54669,0.03038,0.00000,0.61364,0.07955,7,5,0.83785,-0.10326,0.86437,587.91541,0.26155,0,0:x-0.118:y-0.425:f1.10:tf11.16:p0.0000:tok1;15:x0.028:y-0.415:f10.40:tf11.16:p0.0284:tok1;30:x0.028:y-0.338:f10.92:tf11.16:p0.0276:tok1;45:x0.029:y-0.206:f11.17:tf11.16:p0.0288:tok1;60:x0.026:y-0.047:f14.90:tf11.16:p0.0262:tok1;75:x0.021:y0.119:f13.06:tf17.63:p0.0215:tok1;90:x0.030:y0.270:f16.93:tf17.63:p0.0303:tok1;95:x0.030:y0.307:f17.86:tf17.63:p0.0300:tok1
ablate_no_force_update,actuator_saturation,4,1001,,0,0.89583,2.67172,1.73844,0.15150,1.20285,0.03130,0.00000,0.34884,0.03488,3,5,0.73189,-0.10531,0.69660,420.00000,0.20000,32,0:x-0.120:y-0.426:f0.00:tf11.16:p0.0000:tok1;15:x0.021:y-0.420:f8.14:tf11.16:p0.0214:tok5;30:x0.024:y-0.365:f9.32:tf11.16:p0.0241:tok6;45:x0.024:y-0.272:f8.78:tf11.16:p0.0239:tok4;60:x0.021:y-0.149:f12.32:tf11.16:p0.0214:tok4;75:x0.021:y-0.011:f12.68:tf17.63:p0.0209:tok6;90:x0.031:y0.123:f18.52:tf17.63:p0.0311:tok4;95:x0.031:y0.162:f18.10:tf17.63:p0.0313:tok4
ablate_no_transition_planner,actuator_saturation,4,1001,,0,0.90625,3.15388,3.65290,0.17884,1.29724,0.02561,0.00000,0.36782,0.01149,1,7,0.77125,-0.10585,0.70309,595.75166,0.26163,42,0:x-0.113:y-0.437:f0.36:tf11.16:p0.0000:tok1;15:x0.020:y-0.431:f8.11:tf11.16:p0.0201:tok2;30:x0.023:y-0.369:f8.81:tf11.16:p0.0232:tok6;45:x0.024:y-0.272:f9.85:tf11.16:p0.0239:tok4;60:x0.023:y-0.145:f13.79:tf11.16:p0.0226:tok6;75:x0.019:y-0.005:f12.57:tf17.63:p0.0190:tok6;90:x0.025:y0.131:f15.44:tf17.63:p0.0248:tok4;95:x0.026:y0.168:f15.65:tf17.63:p0.0256:tok4
ablate_no_safety_penalty,actuator_saturation,4,1001,,0,0.89583,3.10424,3.56524,0.17603,1.23690,0.02559,0.00000,0.33721,0.01163,1,5,0.78336,-0.11118,0.69123,599.94121,0.26161,38,0:x-0.120:y-0.450:f0.54:tf11.16:p0.0000:tok1;15:x0.021:y-0.443:f8.39:tf11.16:p0.0212:tok2;30:x0.023:y-0.380:f8.25:tf11.16:p0.0226:tok2;45:x0.024:y-0.276:f9.22:tf11.16:p0.0238:tok4;60:x0.022:y-0.150:f13.34:tf11.16:p0.0220:tok4;75:x0.018:y-0.012:f11.16:tf17.63:p0.0182:tok7;90:x0.025:y0.121:f14.88:tf17.63:p0.0246:tok6;95:x0.026:y0.157:f15.86:tf17.63:p0.0256:tok4
ablate_no_slip_context,actuator_saturation,4,1001,,0,0.90625,2.86565,2.45591,0.16250,1.24195,0.02729,0.00000,0.19540,0.01149,1,5,0.75027,-0.10231,0.68693,589.69190,0.26155,39,0:x-0.109:y-0.429:f0.51:tf11.16:p0.0000:tok1;15:x0.020:y-0.423:f8.68:tf11.16:p0.0203:tok6;30:x0.024:y-0.362:f9.53:tf11.16:p0.0236:tok6;45:x0.023:y-0.272:f8.64:tf11.16:p0.0233:tok2;60:x0.023:y-0.157:f13.36:tf11.16:p0.0226:tok6;75:x0.019:y-0.031:f12.32:tf17.63:p0.0191:tok5;90:x0.027:y0.114:f15.53:tf17.63:p0.0272:tok6;95:x0.027:y0.153:f16.82:tf17.63:p0.0271:tok6
ablate_no_tail_risk_objective,actuator_saturation,4,1001,,1,0.89583,2.38888,1.83727,0.13546,1.38782,0.02833,0.00000,0.48837,0.03488,3,5,0.74979,-0.09629,0.77149,590.32912,0.26154,20,0:x-0.121:y-0.439:f0.00:tf11.16:p0.0000:tok1;15:x0.024:y-0.432:f9.42:tf11.16:p0.0237:tok0;30:x0.027:y-0.351:f10.12:tf11.16:p0.0266:tok3;45:x0.027:y-0.236:f9.75:tf11.16:p0.0270:tok3;60:x0.025:y-0.102:f14.10:tf11.16:p0.0249:tok3;75:x0.021:y0.045:f12.96:tf17.63:p0.0205:tok3;90:x0.028:y0.188:f16.99:tf17.63:p0.0282:tok3;95:x0.028:y0.226:f16.54:tf17.63:p0.0283:tok3
ablate_no_calibration_guard,actuator_saturation,4,1001,,1,0.90625,2.59687,2.18533,0.14726,1.44189,0.02944,0.00000,0.34483,0.03448,3,5,1.16145,-0.15622,0.75812,589.35039,0.26158,28,0:x-0.119:y-0.439:f0.36:tf11.16:p0.0000:tok1;15:x0.029:y-0.429:f12.46:tf11.16:p0.0294:tok7;30:x0.024:y-0.361:f8.53:tf11.16:p0.0239:tok2;45:x0.026:y-0.260:f10.57:tf11.16:p0.0262:tok6;60:x0.025:y-0.142:f15.31:tf11.16:p0.0253:tok7;75:x0.021:y0.034:f13.49:tf17.63:p0.0208:tok7;90:x0.027:y0.180:f15.40:tf17.63:p0.0267:tok6;95:x0.027:y0.216:f15.88:tf17.63:p0.0267:tok6
ablate_no_phase_memory,actuator_saturation,4,1001,,1,0.89583,2.53594,1.92741,0.14380,1.40734,0.02878,0.00000,0.53488,0.03488,3,5,0.73872,-0.09472,0.76880,585.70370,0.26159,33,0:x-0.116:y-0.441:f0.52:tf11.16:p0.0000:tok1;15:x0.021:y-0.435:f9.49:tf11.16:p0.0210:tok6;30:x0.025:y-0.367:f10.64:tf11.16:p0.0246:tok4;45:x0.027:y-0.253:f10.66:tf11.16:p0.0267:tok3;60:x0.025:y-0.112:f14.80:tf11.16:p0.0248:tok3;75:x0.020:y0.039:f12.24:tf17.63:p0.0204:tok3;90:x0.029:y0.185:f16.26:tf17.63:p0.0286:tok3;95:x0.029:y0.224:f16.43:tf17.63:p0.0286:tok3
impedance_token_policy_v4,actuator_saturation,4,1001,,0,0.89583,2.57857,2.56823,0.14622,1.26779,0.02805,0.00000,0.50000,0.02326,2,5,0.78271,-0.10530,0.73190,592.05551,0.26156,58,0:x-0.119:y-0.430:f0.00:tf11.16:p0.0000:tok1;15:x0.022:y-0.425:f9.18:tf11.16:p0.0224:tok7;30:x0.025:y-0.362:f10.10:tf11.16:p0.0246:tok2;45:x0.026:y-0.247:f10.06:tf11.16:p0.0263:tok4;60:x0.023:y-0.117:f13.64:tf11.16:p0.0231:tok4;75:x0.019:y0.016:f11.42:tf17.63:p0.0187:tok3;90:x0.027:y0.152:f15.50:tf17.63:p0.0270:tok6;95:x0.027:y0.192:f16.02:tf17.63:p0.0274:tok7
learned_only_token_replacement,actuator_saturation,4,1001,,0,0.88542,2.71510,0.74033,0.15396,1.54618,0.03028,0.00000,0.63529,0.01176,1,5,0.58882,-0.15612,0.81897,590.10054,0.26148,0,0:x-0.116:y-0.441:f0.99:tf11.16:p0.0000:tok-1;15:x0.016:y-0.435:f8.29:tf11.16:p0.0164:tok-1;30:x0.025:y-0.360:f9.34:tf11.16:p0.0250:tok-1;45:x0.028:y-0.228:f10.93:tf11.16:p0.0281:tok-1;60:x0.027:y-0.074:f16.02:tf11.16:p0.0273:tok-1;75:x0.023:y0.084:f14.81:tf17.63:p0.0226:tok-1;90:x0.030:y0.230:f17.26:tf17.63:p0.0301:tok-1;95:x0.030:y0.268:f17.66:tf17.63:p0.0303:tok-1
token_full_v5,actuator_saturation,4,1002,,0,0.90625,3.27575,3.60144,0.18314,1.27494,0.02597,0.00000,0.25287,0.01149,1,6,0.71844,-0.10265,0.67499,595.79818,0.27577,40,0:x-0.110:y-0.428:f0.00:tf12.28:p0.0000:tok1;15:x0.023:y-0.421:f10.24:tf12.28:p0.0235:tok7;30:x0.024:y-0.364:f10.52:tf12.28:p0.0245:tok6;45:x0.023:y-0.271:f13.48:tf12.28:p0.0234:tok4;60:x0.018:y-0.150:f11.22:tf12.28:p0.0184:tok4;75:x0.024:y-0.017:f14.45:tf17.89:p0.0243:tok6;90:x0.025:y0.108:f15.98:tf17.89:p0.0251:tok4;95:x0.026:y0.143:f16.40:tf17.89:p0.0260:tok4
ablate_no_memory,actuator_saturation,4,1002,,1,0.88542,2.75729,1.74854,0.15416,1.22366,0.02897,0.00000,0.51765,0.01176,1,5,0.59244,-0.09766,0.75366,588.56567,0.27588,7,0:x-0.121:y-0.441:f0.00:tf12.28:p0.0000:tok3;15:x0.021:y-0.437:f10.04:tf12.28:p0.0213:tok0;30:x0.024:y-0.378:f10.02:tf12.28:p0.0236:tok6;45:x0.024:y-0.283:f14.18:tf12.28:p0.0242:tok3;60:x0.021:y-0.142:f12.10:tf12.28:p0.0207:tok3;75:x0.027:y0.017:f16.54:tf17.89:p0.0274:tok3;90:x0.029:y0.169:f17.03:tf17.89:p0.0289:tok3;95:x0.029:y0.211:f16.96:tf17.89:p0.0289:tok3
ablate_no_discrete_tokens,actuator_saturation,4,1002,,0,0.91667,1.92457,0.83645,0.10760,1.40872,0.03218,0.00000,0.62500,0.03409,3,5,0.87604,-0.11559,0.85909,587.01974,0.27579,0,0:x-0.118:y-0.439:f0.09:tf12.28:p0.0000:tok1;15:x0.031:y-0.428:f12.44:tf12.28:p0.0310:tok1;30:x0.027:y-0.346:f12.12:tf12.28:p0.0274:tok1;45:x0.027:y-0.211:f15.42:tf12.28:p0.0265:tok1;60:x0.021:y-0.053:f12.60:tf12.28:p0.0210:tok1;75:x0.030:y0.113:f17.47:tf17.89:p0.0298:tok1;90:x0.031:y0.265:f17.94:tf17.89:p0.0306:tok1;95:x0.030:y0.302:f18.22:tf17.89:p0.0305:tok1
ablate_no_force_update,actuator_saturation,4,1002,,0,0.90625,2.19842,1.27215,0.12291,1.15777,0.03204,0.00000,0.35632,0.02299,2,5,0.72427,-0.09359,0.68132,420.00000,0.20000,28,0:x-0.114:y-0.435:f1.62:tf12.28:p0.0000:tok1;15:x0.024:y-0.428:f10.83:tf12.28:p0.0244:tok7;30:x0.025:y-0.372:f10.02:tf12.28:p0.0250:tok6;45:x0.023:y-0.283:f13.42:tf12.28:p0.0229:tok6;60:x0.022:y-0.173:f13.29:tf12.28:p0.0220:tok4;75:x0.029:y-0.036:f17.72:tf17.89:p0.0291:tok4;90:x0.032:y0.107:f18.21:tf17.89:p0.0319:tok4;95:x0.032:y0.148:f18.95:tf17.89:p0.0320:tok4
ablate_no_transition_planner,actuator_saturation,4,1002,,0,0.90625,3.30062,3.69712,0.18453,1.13340,0.02554,0.00000,0.22989,0.01149,1,6,0.83438,-0.14044,0.66178,587.64311,0.27580,35,0:x-0.128:y-0.429:f0.22:tf12.28:p0.0000:tok1;15:x0.022:y-0.423:f10.48:tf12.28:p0.0217:tok6;30:x0.024:y-0.363:f10.73:tf12.28:p0.0242:tok6;45:x0.022:y-0.272:f13.22:tf12.28:p0.0224:tok6;60:x0.019:y-0.167:f10.22:tf12.28:p0.0186:tok4;75:x0.024:y-0.034:f14.96:tf17.89:p0.0244:tok6;90:x0.025:y0.095:f13.86:tf17.89:p0.0254:tok6;95:x0.026:y0.132:f14.51:tf17.89:p0.0255:tok6
ablate_no_safety_penalty,actuator_saturation,4,1002,,0,0.90625,3.21552,3.65390,0.17978,1.17536,0.02640,0.00000,0.31034,0.01149,1,8,0.70595,-0.09700,0.67685,587.75765,0.27580,33,0:x-0.108:y-0.439:f0.28:tf12.28:p0.0000:tok1;15:x0.023:y-0.431:f10.86:tf12.28:p0.0231:tok7;30:x0.023:y-0.374:f9.53:tf12.28:p0.0230:tok2;45:x0.023:y-0.276:f12.88:tf12.28:p0.0225:tok4;60:x0.019:y-0.154:f11.11:tf12.28:p0.0187:tok4;75:x0.024:y-0.020:f14.80:tf17.89:p0.0244:tok6;90:x0.025:y0.109:f15.29:tf17.89:p0.0254:tok6;95:x0.026:y0.145:f15.42:tf17.89:p0.0264:tok4
ablate_no_slip_context,actuator_saturation,4,1002,,0,0.90625,2.97169,2.45473,0.16614,1.25970,0.02716,0.00000,0.28736,0.02299,2,5,0.99039,-0.13852,0.70664,594.16472,0.27586,44,0:x-0.125:y-0.424:f0.00:tf12.28:p0.0000:tok1;15:x0.022:y-0.418:f9.00:tf12.28:p0.0222:tok2;30:x0.024:y-0.362:f10.50:tf12.28:p0.0236:tok6;45:x0.025:y-0.265:f14.48:tf12.28:p0.0246:tok6;60:x0.019:y-0.153:f10.74:tf12.28:p0.0189:tok6;75:x0.026:y-0.022:f15.00:tf17.89:p0.0258:tok2;90:x0.027:y0.128:f15.33:tf17.89:p0.0266:tok2;95:x0.027:y0.170:f17.14:tf17.89:p0.0272:tok6
ablate_no_tail_risk_objective,actuator_saturation,4,1002,,1,0.90625,2.25964,1.73766,0.12633,1.26606,0.02894,0.00000,0.44828,0.01149,1,5,0.72672,-0.09350,0.76421,589.80238,0.27576,20,0:x-0.113:y-0.440:f0.48:tf12.28:p0.0000:tok1;15:x0.024:y-0.432:f11.05:tf12.28:p0.0243:tok0;30:x0.027:y-0.350:f11.09:tf12.28:p0.0267:tok3;45:x0.025:y-0.237:f15.40:tf12.28:p0.0250:tok3;60:x0.021:y-0.107:f12.48:tf12.28:p0.0206:tok3;75:x0.027:y0.039:f15.30:tf17.89:p0.0270:tok3;90:x0.029:y0.181:f17.44:tf17.89:p0.0288:tok3;95:x0.029:y0.220:f17.83:tf17.89:p0.0289:tok3
ablate_no_calibration_guard,actuator_saturation,4,1002,,0,0.90625,2.49140,2.22732,0.13929,1.36599,0.03162,0.00000,0.32184,0.02299,2,5,1.13390,-0.16063,0.71739,588.28117,0.27569,27,0:x-0.117:y-0.416:f0.00:tf12.28:p0.0000:tok1;15:x0.032:y-0.408:f12.41:tf12.28:p0.0316:tok7;30:x0.025:y-0.349:f10.80:tf12.28:p0.0254:tok6;45:x0.027:y-0.249:f16.77:tf12.28:p0.0273:tok7;60:x0.020:y-0.116:f10.85:tf12.28:p0.0196:tok6;75:x0.027:y0.011:f16.67:tf17.89:p0.0272:tok6;90:x0.026:y0.144:f15.62:tf17.89:p0.0263:tok6;95:x0.027:y0.180:f14.65:tf17.89:p0.0267:tok5
ablate_no_phase_memory,actuator_saturation,4,1002,,1,0.90625,2.56355,1.71449,0.14332,1.24657,0.02908,0.00000,0.49425,0.01149,1,5,0.81727,-0.12001,0.76143,587.15101,0.27580,34,0:x-0.123:y-0.429:f0.17:tf12.28:p0.0000:tok1;15:x0.022:y-0.424:f10.11:tf12.28:p0.0222:tok6;30:x0.024:y-0.361:f10.05:tf12.28:p0.0244:tok0;45:x0.025:y-0.251:f14.85:tf12.28:p0.0251:tok3;60:x0.021:y-0.116:f12.14:tf12.28:p0.0207:tok3;75:x0.027:y0.033:f16.50:tf17.89:p0.0274:tok3;90:x0.029:y0.178:f16.09:tf17.89:p0.0289:tok3;95:x0.029:y0.218:f17.34:tf17.89:p0.0290:tok3
impedance_token_policy_v4,actuator_saturation,4,1002,,0,0.90625,2.75379,2.56778,0.15396,1.22852,0.02894,0.00000,0.44828,0.03448,3,5,0.90166,-0.13557,0.72441,589.96347,0.27578,65,0:x-0.130:y-0.441:f0.29:tf12.28:p0.0000:tok1;15:x0.023:y-0.435:f9.50:tf12.28:p0.0234:tok7;30:x0.027:y-0.367:f12.63:tf12.28:p0.0270:tok2;45:x0.025:y-0.250:f15.08:tf12.28:p0.0253:tok4;60:x0.019:y-0.122:f10.94:tf12.28:p0.0191:tok4;75:x0.026:y0.013:f15.42:tf17.89:p0.0259:tok4;90:x0.027:y0.145:f16.08:tf17.89:p0.0274:tok0;95:x0.028:y0.185:f16.87:tf17.89:p0.0285:tok5
learned_only_token_replacement,actuator_saturation,4,1002,,1,0.90625,2.55921,0.92338,0.14308,1.36633,0.03104,0.00000,0.59770,0.02299,2,5,0.62927,-0.15373,0.81361,586.75642,0.27573,0,0:x-0.113:y-0.437:f0.00:tf12.28:p0.0000:tok-1;15:x0.020:y-0.430:f9.94:tf12.28:p0.0203:tok-1;30:x0.027:y-0.356:f10.74:tf12.28:p0.0265:tok-1;45:x0.027:y-0.228:f15.99:tf12.28:p0.0268:tok-1;60:x0.022:y-0.079:f13.89:tf12.28:p0.0223:tok-1;75:x0.029:y0.077:f16.50:tf17.89:p0.0289:tok-1;90:x0.031:y0.224:f18.74:tf17.89:p0.0307:tok-1;95:x0.031:y0.263:f18.04:tf17.89:p0.0310:tok-1
token_full_v5,actuator_saturation,4,1003,,0,0.90625,3.28576,2.34378,0.17891,1.38959,0.02956,0.00000,0.27586,0.02299,2,5,0.72290,-0.10346,0.70032,558.94741,0.26079,50,0:x-0.112:y-0.432:f0.00:tf11.42:p0.0000:tok1;15:x0.023:y-0.425:f8.66:tf11.42:p0.0229:tok2;30:x0.027:y-0.361:f9.23:tf11.42:p0.0268:tok6;45:x0.028:y-0.260:f8.49:tf11.42:p0.0281:tok6;60:x0.028:y-0.140:f15.64:tf11.42:p0.0276:tok6;75:x0.029:y-0.001:f17.25:tf18.37:p0.0292:tok4;90:x0.028:y0.129:f15.26:tf18.37:p0.0279:tok6;95:x0.029:y0.165:f17.06:tf18.37:p0.0286:tok4
ablate_no_memory,actuator_saturation,4,1003,,1,0.89583,2.80158,0.89309,0.15255,1.60561,0.03236,0.00000,0.53488,0.04651,4,5,0.53877,-0.08207,0.76200,562.06336,0.26081,14,0:x-0.111:y-0.435:f0.00:tf11.42:p0.0000:tok3;15:x0.020:y-0.431:f8.72:tf11.42:p0.0195:tok5;30:x0.027:y-0.368:f8.65:tf11.42:p0.0272:tok2;45:x0.031:y-0.256:f9.70:tf11.42:p0.0307:tok3;60:x0.031:y-0.115:f18.04:tf11.42:p0.0311:tok4;75:x0.032:y0.033:f17.77:tf18.37:p0.0321:tok3;90:x0.031:y0.178:f18.12:tf18.37:p0.0314:tok3;95:x0.031:y0.218:f18.45:tf18.37:p0.0311:tok3
ablate_no_discrete_tokens,actuator_saturation,4,1003,,0,0.91667,1.98553,0.90235,0.10811,1.73973,0.03480,0.01136,0.61364,0.02273,2,5,0.81568,-0.10385,0.86167,561.10392,0.26078,0,0:x-0.115:y-0.430:f0.20:tf11.42:p0.0000:tok1;15:x0.031:y-0.419:f10.56:tf11.42:p0.0313:tok1;30:x0.032:y-0.340:f10.15:tf11.42:p0.0317:tok1;45:x0.034:y-0.206:f11.56:tf11.42:p0.0337:tok1;60:x0.033:y-0.046:f19.17:tf11.42:p0.0334:tok1;75:x0.035:y0.119:f19.38:tf18.37:p0.0347:tok1;90:x0.033:y0.268:f18.88:tf18.37:p0.0327:tok1;95:x0.033:y0.305:f18.74:tf18.37:p0.0326:tok1
ablate_no_force_update,actuator_saturation,4,1003,,0,0.90625,3.03127,1.46828,0.16505,1.24398,0.03338,0.00000,0.20690,0.03448,3,5,0.70591,-0.09602,0.69743,420.00000,0.20000,42,0:x-0.112:y-0.426:f0.00:tf11.42:p0.0000:tok1;15:x0.025:y-0.420:f8.41:tf11.42:p0.0247:tok2;30:x0.027:y-0.356:f9.08:tf11.42:p0.0272:tok6;45:x0.026:y-0.253:f8.68:tf11.42:p0.0259:tok6;60:x0.025:y-0.132:f14.20:tf11.42:p0.0248:tok6;75:x0.030:y-0.007:f18.55:tf18.37:p0.0304:tok4;90:x0.033:y0.124:f18.79:tf18.37:p0.0334:tok4;95:x0.033:y0.163:f19.13:tf18.37:p0.0331:tok4
ablate_no_transition_planner,actuator_saturation,4,1003,,0,0.90625,3.27757,2.28730,0.17846,1.39657,0.02923,0.00000,0.26437,0.02299,2,5,0.75809,-0.11357,0.70193,566.58961,0.26078,56,0:x-0.118:y-0.432:f0.25:tf11.42:p0.0000:tok1;15:x0.023:y-0.426:f9.41:tf11.42:p0.0228:tok0;30:x0.028:y-0.358:f8.77:tf11.42:p0.0280:tok2;45:x0.028:y-0.255:f8.85:tf11.42:p0.0283:tok6;60:x0.028:y-0.136:f15.94:tf11.42:p0.0276:tok6;75:x0.029:y0.002:f16.55:tf18.37:p0.0291:tok4;90:x0.028:y0.131:f16.66:tf18.37:p0.0277:tok4;95:x0.027:y0.167:f15.03:tf18.37:p0.0272:tok2
ablate_no_safety_penalty,actuator_saturation,4,1003,,0,0.89583,3.30328,2.45852,0.17987,1.48660,0.02908,0.00000,0.26744,0.02326,2,5,0.76460,-0.12080,0.69787,566.90380,0.26079,50,0:x-0.117:y-0.425:f0.03:tf11.42:p0.0000:tok1;15:x0.023:y-0.419:f7.57:tf11.42:p0.0226:tok2;30:x0.027:y-0.356:f9.34:tf11.42:p0.0269:tok6;45:x0.028:y-0.256:f8.72:tf11.42:p0.0278:tok6;60:x0.027:y-0.138:f15.18:tf11.42:p0.0272:tok6;75:x0.029:y-0.002:f15.77:tf18.37:p0.0287:tok6;90:x0.027:y0.129:f15.32:tf18.37:p0.0275:tok6;95:x0.028:y0.164:f17.33:tf18.37:p0.0284:tok6
ablate_no_slip_context,actuator_saturation,4,1003,,0,0.90625,3.15663,1.91355,0.17188,1.47105,0.03025,0.00000,0.33333,0.02299,2,5,0.77356,-0.11030,0.69636,575.90018,0.26071,51,0:x-0.104:y-0.447:f0.01:tf11.42:p0.0000:tok1;15:x0.024:y-0.438:f8.48:tf11.42:p0.0240:tok5;30:x0.027:y-0.370:f8.90:tf11.42:p0.0269:tok2;45:x0.030:y-0.265:f10.53:tf11.42:p0.0297:tok6;60:x0.029:y-0.139:f16.72:tf11.42:p0.0289:tok6;75:x0.029:y0.005:f17.24:tf18.37:p0.0294:tok6;90:x0.028:y0.129:f16.80:tf18.37:p0.0276:tok6;95:x0.028:y0.162:f16.42:tf18.37:p0.0282:tok6
ablate_no_tail_risk_objective,actuator_saturation,4,1003,,1,0.90625,2.32886,0.65738,0.12681,1.63865,0.03220,0.00000,0.44828,0.03448,3,5,0.68890,-0.08741,0.77274,564.70723,0.26074,22,0:x-0.112:y-0.425:f0.57:tf11.42:p0.0000:tok1;15:x0.023:y-0.419:f9.07:tf11.42:p0.0234:tok0;30:x0.031:y-0.343:f9.77:tf11.42:p0.0308:tok3;45:x0.031:y-0.230:f10.86:tf11.42:p0.0312:tok3;60:x0.031:y-0.098:f17.29:tf11.42:p0.0311:tok3;75:x0.032:y0.050:f18.76:tf18.37:p0.0319:tok3;90:x0.031:y0.190:f17.32:tf18.37:p0.0311:tok3;95:x0.031:y0.228:f16.98:tf18.37:p0.0308:tok3
ablate_no_calibration_guard,actuator_saturation,4,1003,,0,0.90625,2.60704,1.80684,0.14195,1.50262,0.03288,0.00000,0.31034,0.02299,2,5,0.98569,-0.14495,0.70950,561.27170,0.26075,25,0:x-0.113:y-0.449:f0.00:tf11.42:p0.0000:tok1;15:x0.031:y-0.438:f10.68:tf11.42:p0.0313:tok7;30:x0.029:y-0.366:f9.79:tf11.42:p0.0286:tok7;45:x0.030:y-0.259:f9.80:tf11.42:p0.0296:tok6;60:x0.029:y-0.143:f16.88:tf11.42:p0.0295:tok4;75:x0.030:y0.008:f17.17:tf18.37:p0.0301:tok6;90:x0.029:y0.138:f17.11:tf18.37:p0.0294:tok6;95:x0.028:y0.174:f16.02:tf18.37:p0.0285:tok6
ablate_no_phase_memory,actuator_saturation,4,1003,,1,0.89583,2.51208,0.82565,0.13678,1.54507,0.03233,0.00000,0.51163,0.06977,6,5,0.80972,-0.11541,0.76521,560.12768,0.26079,36,0:x-0.125:y-0.432:f0.00:tf11.42:p0.0000:tok1;15:x0.023:y-0.426:f8.84:tf11.42:p0.0235:tok5;30:x0.029:y-0.358:f10.04:tf11.42:p0.0285:tok7;45:x0.031:y-0.245:f10.69:tf11.42:p0.0311:tok3;60:x0.031:y-0.107:f16.83:tf11.42:p0.0306:tok4;75:x0.032:y0.039:f18.21:tf18.37:p0.0323:tok3;90:x0.031:y0.182:f18.44:tf18.37:p0.0313:tok3;95:x0.031:y0.221:f17.48:tf18.37:p0.0311:tok3
impedance_token_policy_v4,actuator_saturation,4,1003,,0,0.90625,2.75231,1.68012,0.14986,1.54963,0.03253,0.00000,0.40230,0.02299,2,5,0.78528,-0.10000,0.73226,580.50480,0.26072,63,0:x-0.116:y-0.411:f0.93:tf11.42:p0.0000:tok1;15:x0.023:y-0.406:f7.78:tf11.42:p0.0229:tok5;30:x0.028:y-0.347:f9.05:tf11.42:p0.0282:tok2;45:x0.031:y-0.238:f10.17:tf11.42:p0.0313:tok5;60:x0.029:y-0.109:f16.23:tf11.42:p0.0287:tok3;75:x0.029:y0.025:f16.37:tf18.37:p0.0292:tok4;90:x0.029:y0.153:f16.15:tf18.37:p0.0290:tok6;95:x0.032:y0.192:f18.82:tf18.37:p0.0316:tok2
learned_only_token_replacement,actuator_saturation,4,1003,,0,0.89583,2.78795,1.18580,0.15181,1.75888,0.03559,0.01163,0.60465,0.03488,3,5,0.59504,-0.14080,0.81554,561.53661,0.26068,0,0:x-0.111:y-0.436:f0.00:tf11.42:p0.0000:tok-1;15:x0.018:y-0.430:f6.80:tf11.42:p0.0184:tok-1;30:x0.029:y-0.354:f10.44:tf11.42:p0.0293:tok-1;45:x0.033:y-0.224:f10.35:tf11.42:p0.0329:tok-1;60:x0.033:y-0.071:f20.08:tf11.42:p0.0334:tok-1;75:x0.035:y0.085:f19.00:tf18.37:p0.0353:tok-1;90:x0.034:y0.227:f20.19:tf18.37:p0.0340:tok-1;95:x0.034:y0.265:f18.81:tf18.37:p0.0338:tok-1
token_full_v5,actuator_saturation,5,1000,,0,0.90625,3.20573,2.56226,0.19964,1.41040,0.02824,0.00000,0.28736,0.01149,1,5,0.79876,-0.12596,0.69699,624.29854,0.26630,50,0:x-0.119:y-0.427:f0.00:tf12.42:p0.0000:tok1;15:x0.024:y-0.420:f9.65:tf12.42:p0.0243:tok5;30:x0.028:y-0.357:f9.72:tf12.42:p0.0277:tok2;45:x0.028:y-0.260:f10.00:tf12.42:p0.0277:tok4;60:x0.024:y-0.140:f14.90:tf12.42:p0.0239:tok4;75:x0.022:y-0.005:f13.04:tf16.06:p0.0215:tok6;90:x0.022:y0.125:f13.96:tf16.06:p0.0221:tok4;95:x0.022:y0.162:f13.02:tf16.06:p0.0218:tok6
ablate_no_memory,actuator_saturation,5,1000,,1,0.89583,2.92706,1.10928,0.18228,1.48928,0.03048,0.00000,0.51163,0.03488,3,5,0.55974,-0.08613,0.76081,621.95483,0.26633,18,0:x-0.112:y-0.426:f0.81:tf12.42:p0.0000:tok3;15:x0.021:y-0.420:f10.07:tf12.42:p0.0215:tok0;30:x0.027:y-0.357:f10.50:tf12.42:p0.0275:tok6;45:x0.029:y-0.259:f11.25:tf12.42:p0.0292:tok3;60:x0.025:y-0.124:f14.73:tf12.42:p0.0247:tok3;75:x0.024:y0.028:f15.24:tf16.06:p0.0237:tok3;90:x0.024:y0.176:f15.02:tf16.06:p0.0244:tok3;95:x0.024:y0.217:f14.89:tf16.06:p0.0244:tok3
ablate_no_discrete_tokens,actuator_saturation,5,1000,,0,0.91667,2.01791,0.65833,0.12566,1.61356,0.03267,0.00000,0.61364,0.03409,3,5,0.87107,-0.11454,0.86252,623.49265,0.26631,0,0:x-0.116:y-0.434:f0.00:tf12.42:p0.0000:tok1;15:x0.032:y-0.423:f11.75:tf12.42:p0.0320:tok1;30:x0.031:y-0.343:f11.93:tf12.42:p0.0313:tok1;45:x0.033:y-0.209:f12.55:tf12.42:p0.0327:tok1;60:x0.024:y-0.050:f15.13:tf12.42:p0.0243:tok1;75:x0.025:y0.116:f16.70:tf16.06:p0.0252:tok1;90:x0.026:y0.267:f15.79:tf16.06:p0.0255:tok1;95:x0.026:y0.305:f16.18:tf16.06:p0.0257:tok1
ablate_no_force_update,actuator_saturation,5,1000,,0,0.90625,2.87978,1.39006,0.17934,1.29945,0.02837,0.00000,0.28736,0.02299,2,5,0.75280,-0.10871,0.69594,420.00000,0.20000,41,0:x-0.116:y-0.433:f0.48:tf12.42:p0.0000:tok1;15:x0.025:y-0.426:f9.31:tf12.42:p0.0250:tok5;30:x0.028:y-0.364:f11.01:tf12.42:p0.0276:tok6;45:x0.026:y-0.263:f10.36:tf12.42:p0.0261:tok4;60:x0.023:y-0.151:f13.42:tf12.42:p0.0227:tok4;75:x0.026:y-0.018:f17.15:tf16.06:p0.0260:tok4;90:x0.028:y0.121:f17.74:tf16.06:p0.0279:tok4;95:x0.028:y0.161:f17.89:tf16.06:p0.0280:tok4
ablate_no_transition_planner,actuator_saturation,5,1000,,0,0.90625,3.27465,2.48464,0.20393,1.41325,0.02852,0.00000,0.29885,0.01149,1,5,0.81057,-0.13245,0.69903,623.82193,0.26630,54,0:x-0.119:y-0.416:f0.62:tf12.42:p0.0000:tok1;15:x0.023:y-0.409:f10.40:tf12.42:p0.0231:tok6;30:x0.027:y-0.350:f9.77:tf12.42:p0.0274:tok2;45:x0.028:y-0.257:f10.89:tf12.42:p0.0279:tok6;60:x0.024:y-0.142:f14.71:tf12.42:p0.0241:tok4;75:x0.022:y-0.006:f14.14:tf16.06:p0.0216:tok4;90:x0.022:y0.128:f13.27:tf16.06:p0.0219:tok6;95:x0.022:y0.164:f13.44:tf16.06:p0.0219:tok6
ablate_no_safety_penalty,actuator_saturation,5,1000,,0,0.90625,3.22429,2.47168,0.20079,1.40486,0.02792,0.00000,0.32184,0.01149,1,5,0.75272,-0.11353,0.69737,632.17077,0.26633,48,0:x-0.113:y-0.431:f0.00:tf12.42:p0.0000:tok1;15:x0.025:y-0.423:f10.91:tf12.42:p0.0248:tok4;30:x0.027:y-0.363:f10.51:tf12.42:p0.0268:tok6;45:x0.028:y-0.267:f10.64:tf12.42:p0.0279:tok4;60:x0.024:y-0.145:f14.95:tf12.42:p0.0237:tok6;75:x0.022:y-0.011:f14.82:tf16.06:p0.0217:tok4;90:x0.022:y0.125:f14.08:tf16.06:p0.0216:tok4;95:x0.021:y0.163:f13.74:tf16.06:p0.0215:tok4
ablate_no_slip_context,actuator_saturation,5,1000,,0,0.90625,3.15430,1.69040,0.19643,1.48859,0.02866,0.00000,0.32184,0.03448,3,5,0.88830,-0.12514,0.73132,625.37180,0.26622,48,0:x-0.109:y-0.420:f0.39:tf12.42:p0.0000:tok1;15:x0.025:y-0.413:f9.91:tf12.42:p0.0249:tok5;30:x0.026:y-0.356:f10.15:tf12.42:p0.0265:tok6;45:x0.028:y-0.263:f10.78:tf12.42:p0.0285:tok6;60:x0.026:y-0.141:f15.93:tf12.42:p0.0259:tok5;75:x0.023:y0.030:f14.24:tf16.06:p0.0228:tok6;90:x0.023:y0.159:f15.46:tf16.06:p0.0234:tok6;95:x0.023:y0.193:f14.18:tf16.06:p0.0225:tok6
ablate_no_tail_risk_objective,actuator_saturation,5,1000,,1,0.90625,2.58969,1.03003,0.16127,1.54925,0.03053,0.00000,0.47126,0.03448,3,5,0.81001,-0.11707,0.76828,627.96792,0.26626,19,0:x-0.124:y-0.438:f0.00:tf12.42:p0.0000:tok1;15:x0.024:y-0.431:f10.60:tf12.42:p0.0241:tok7;30:x0.030:y-0.350:f11.19:tf12.42:p0.0300:tok3;45:x0.030:y-0.236:f10.61:tf12.42:p0.0298:tok3;60:x0.025:y-0.104:f16.23:tf12.42:p0.0254:tok3;75:x0.023:y0.042:f14.86:tf16.06:p0.0235:tok3;90:x0.024:y0.185:f15.08:tf16.06:p0.0243:tok3;95:x0.024:y0.224:f14.61:tf16.06:p0.0242:tok3
ablate_no_calibration_guard,actuator_saturation,5,1000,,1,0.91667,2.61921,1.94005,0.16311,1.55062,0.03345,0.00000,0.29545,0.03409,3,5,1.02877,-0.13159,0.75390,625.89559,0.26618,28,0:x-0.107:y-0.422:f0.00:tf12.42:p0.0000:tok1;15:x0.031:y-0.413:f11.85:tf12.42:p0.0307:tok7;30:x0.033:y-0.345:f12.56:tf12.42:p0.0329:tok7;45:x0.029:y-0.237:f10.04:tf12.42:p0.0289:tok6;60:x0.026:y-0.117:f16.26:tf12.42:p0.0265:tok7;75:x0.022:y0.058:f13.78:tf16.06:p0.0219:tok6;90:x0.023:y0.181:f14.27:tf16.06:p0.0227:tok6;95:x0.023:y0.212:f13.89:tf16.06:p0.0227:tok6
ablate_no_phase_memory,actuator_saturation,5,1000,,1,0.90625,2.69190,0.94414,0.16764,1.55529,0.03085,0.00000,0.49425,0.01149,1,5,0.79980,-0.11319,0.76400,629.55642,0.26629,37,0:x-0.118:y-0.427:f0.00:tf12.42:p0.0000:tok1;15:x0.024:y-0.419:f11.32:tf12.42:p0.0242:tok4;30:x0.028:y-0.355:f12.11:tf12.42:p0.0283:tok6;45:x0.030:y-0.248:f12.03:tf12.42:p0.0301:tok3;60:x0.025:y-0.114:f14.80:tf12.42:p0.0246:tok3;75:x0.024:y0.034:f15.06:tf16.06:p0.0236:tok3;90:x0.025:y0.180:f15.20:tf16.06:p0.0246:tok3;95:x0.024:y0.220:f15.79:tf16.06:p0.0244:tok3
impedance_token_policy_v4,actuator_saturation,5,1000,,0,0.90625,2.78941,1.92518,0.17371,1.45679,0.03050,0.00000,0.49425,0.03448,3,5,0.75175,-0.08993,0.72859,633.30655,0.26629,62,0:x-0.108:y-0.440:f0.00:tf12.42:p0.0000:tok1;15:x0.025:y-0.432:f8.90:tf12.42:p0.0247:tok5;30:x0.028:y-0.364:f9.83:tf12.42:p0.0282:tok0;45:x0.030:y-0.246:f10.92:tf12.42:p0.0295:tok4;60:x0.024:y-0.116:f14.80:tf12.42:p0.0239:tok4;75:x0.022:y0.016:f12.90:tf16.06:p0.0215:tok3;90:x0.024:y0.148:f15.42:tf16.06:p0.0236:tok4;95:x0.024:y0.189:f15.61:tf16.06:p0.0243:tok6
learned_only_token_replacement,actuator_saturation,5,1000,,1,0.89583,2.79347,0.49689,0.17396,1.65825,0.03260,0.00000,0.58140,0.01163,1,5,0.67154,-0.17992,0.81614,624.27583,0.26620,0,0:x-0.120:y-0.414:f0.21:tf12.42:p0.0000:tok-1;15:x0.020:y-0.408:f8.33:tf12.42:p0.0199:tok-1;30:x0.029:y-0.341:f11.35:tf12.42:p0.0287:tok-1;45:x0.032:y-0.220:f12.78:tf12.42:p0.0321:tok-1;60:x0.027:y-0.072:f16.12:tf12.42:p0.0271:tok-1;75:x0.025:y0.082:f16.79:tf16.06:p0.0252:tok-1;90:x0.026:y0.227:f16.30:tf16.06:p0.0256:tok-1;95:x0.026:y0.265:f15.86:tf16.06:p0.0257:tok-1
token_full_v5,actuator_saturation,5,1001,,0,0.89583,3.27618,4.08176,0.18315,1.38720,0.02553,0.00000,0.30233,0.01163,1,12,0.77496,-0.11066,0.68254,591.29966,0.31175,36,0:x-0.123:y-0.424:f0.42:tf10.31:p0.0000:tok1;15:x0.018:y-0.418:f8.75:tf10.31:p0.0184:tok4;30:x0.022:y-0.359:f8.36:tf10.31:p0.0215:tok6;45:x0.022:y-0.271:f9.33:tf10.31:p0.0225:tok4;60:x0.017:y-0.148:f9.94:tf10.31:p0.0170:tok4;75:x0.021:y-0.012:f14.27:tf17.89:p0.0205:tok6;90:x0.024:y0.114:f14.95:tf17.89:p0.0245:tok6;95:x0.026:y0.150:f14.30:tf17.89:p0.0255:tok2
ablate_no_memory,actuator_saturation,5,1001,,1,0.88542,2.89515,2.23464,0.16185,1.38075,0.02851,0.00000,0.47059,0.01176,1,5,0.54816,-0.07927,0.74792,598.11602,0.31184,11,0:x-0.118:y-0.423:f0.74:tf10.31:p0.0000:tok3;15:x0.015:y-0.420:f7.82:tf10.31:p0.0155:tok0;30:x0.022:y-0.366:f8.38:tf10.31:p0.0216:tok6;45:x0.022:y-0.276:f8.27:tf10.31:p0.0217:tok6;60:x0.019:y-0.147:f11.31:tf10.31:p0.0189:tok3;75:x0.022:y0.012:f14.18:tf17.89:p0.0218:tok3;90:x0.028:y0.165:f16.72:tf17.89:p0.0282:tok3;95:x0.028:y0.206:f16.91:tf17.89:p0.0285:tok3
ablate_no_discrete_tokens,actuator_saturation,5,1001,,0,0.91667,1.90748,1.42451,0.10663,1.53553,0.03035,0.00000,0.62500,0.04545,4,5,0.82150,-0.10029,0.85753,595.51720,0.31173,0,0:x-0.119:y-0.433:f0.86:tf10.31:p0.0000:tok1;15:x0.026:y-0.423:f9.91:tf10.31:p0.0262:tok1;30:x0.025:y-0.342:f8.95:tf10.31:p0.0254:tok1;45:x0.026:y-0.207:f9.97:tf10.31:p0.0264:tok1;60:x0.019:y-0.050:f10.49:tf10.31:p0.0186:tok1;75:x0.023:y0.115:f14.69:tf17.89:p0.0230:tok1;90:x0.030:y0.264:f18.20:tf17.89:p0.0300:tok1;95:x0.030:y0.301:f18.56:tf17.89:p0.0301:tok1
ablate_no_force_update,actuator_saturation,5,1001,,0,0.89583,2.40510,1.78935,0.13445,1.24868,0.03191,0.00000,0.34884,0.03488,3,5,0.62277,-0.07120,0.69882,420.00000,0.20000,33,0:x-0.103:y-0.424:f0.00:tf10.31:p0.0000:tok1;15:x0.020:y-0.418:f7.56:tf10.31:p0.0201:tok5;30:x0.022:y-0.362:f8.50:tf10.31:p0.0225:tok6;45:x0.022:y-0.272:f8.69:tf10.31:p0.0219:tok4;60:x0.019:y-0.153:f10.61:tf10.31:p0.0186:tok4;75:x0.022:y-0.016:f13.07:tf17.89:p0.0217:tok6;90:x0.032:y0.125:f19.13:tf17.89:p0.0319:tok4;95:x0.032:y0.164:f18.37:tf17.89:p0.0319:tok4
ablate_no_transition_planner,actuator_saturation,5,1001,,0,0.89583,3.17222,4.05548,0.17733,1.27677,0.02604,0.00000,0.27907,0.01163,1,8,0.69528,-0.09265,0.67447,600.27917,0.31177,38,0:x-0.112:y-0.436:f0.13:tf10.31:p0.0000:tok1;15:x0.020:y-0.430:f7.26:tf10.31:p0.0197:tok2;30:x0.022:y-0.368:f8.16:tf10.31:p0.0219:tok6;45:x0.022:y-0.276:f8.77:tf10.31:p0.0219:tok6;60:x0.017:y-0.160:f9.37:tf10.31:p0.0167:tok4;75:x0.021:y-0.022:f14.31:tf17.89:p0.0205:tok6;90:x0.025:y0.107:f13.74:tf17.89:p0.0247:tok6;95:x0.026:y0.143:f15.79:tf17.89:p0.0260:tok4
ablate_no_safety_penalty,actuator_saturation,5,1001,,0,0.89583,3.16103,4.18261,0.17671,1.26550,0.02576,0.00000,0.26744,0.04651,4,11,0.74800,-0.10064,0.68005,594.49682,0.31176,35,0:x-0.119:y-0.431:f0.58:tf10.31:p0.0000:tok1;15:x0.018:y-0.425:f7.37:tf10.31:p0.0180:tok5;30:x0.022:y-0.364:f8.34:tf10.31:p0.0218:tok6;45:x0.022:y-0.271:f8.31:tf10.31:p0.0222:tok4;60:x0.017:y-0.151:f10.55:tf10.31:p0.0167:tok4;75:x0.020:y-0.014:f12.75:tf17.89:p0.0204:tok6;90:x0.024:y0.112:f14.53:tf17.89:p0.0244:tok6;95:x0.026:y0.147:f14.85:tf17.89:p0.0258:tok2
ablate_no_slip_context,actuator_saturation,5,1001,,0,0.89583,2.82842,2.60110,0.15812,1.31571,0.02716,0.00000,0.16279,0.02326,2,5,0.79179,-0.11704,0.67745,604.13377,0.31169,37,0:x-0.118:y-0.426:f0.00:tf10.31:p0.0000:tok1;15:x0.018:y-0.420:f7.98:tf10.31:p0.0179:tok6;30:x0.021:y-0.363:f8.44:tf10.31:p0.0214:tok6;45:x0.023:y-0.273:f9.16:tf10.31:p0.0227:tok6;60:x0.017:y-0.156:f10.86:tf10.31:p0.0173:tok6;75:x0.023:y-0.033:f16.36:tf17.89:p0.0234:tok6;90:x0.026:y0.107:f15.76:tf17.89:p0.0264:tok6;95:x0.027:y0.146:f16.50:tf17.89:p0.0266:tok6
ablate_no_tail_risk_objective,actuator_saturation,5,1001,,1,0.89583,2.40119,2.06260,0.13423,1.47165,0.02851,0.00000,0.47674,0.02326,2,5,0.67482,-0.07980,0.76262,598.49036,0.31170,18,0:x-0.115:y-0.439:f0.15:tf10.31:p0.0000:tok1;15:x0.020:y-0.432:f8.84:tf10.31:p0.0195:tok7;30:x0.025:y-0.351:f9.11:tf10.31:p0.0250:tok3;45:x0.025:y-0.236:f9.79:tf10.31:p0.0250:tok3;60:x0.018:y-0.104:f11.01:tf10.31:p0.0184:tok3;75:x0.022:y0.041:f14.43:tf17.89:p0.0223:tok3;90:x0.028:y0.181:f17.52:tf17.89:p0.0285:tok3;95:x0.028:y0.219:f17.47:tf17.89:p0.0285:tok3
ablate_no_calibration_guard,actuator_saturation,5,1001,,1,0.90625,2.47997,2.48871,0.13864,1.42852,0.02734,0.00000,0.37931,0.03448,3,5,1.21191,-0.17496,0.74564,597.01162,0.31165,34,0:x-0.121:y-0.437:f0.00:tf10.31:p0.0000:tok1;15:x0.024:y-0.428:f9.68:tf10.31:p0.0244:tok7;30:x0.022:y-0.361:f7.89:tf10.31:p0.0222:tok6;45:x0.024:y-0.259:f9.36:tf10.31:p0.0240:tok6;60:x0.021:y-0.111:f12.89:tf10.31:p0.0208:tok7;75:x0.023:y0.038:f14.38:tf17.89:p0.0231:tok7;90:x0.027:y0.173:f15.56:tf17.89:p0.0268:tok6;95:x0.027:y0.205:f16.12:tf17.89:p0.0266:tok6
ablate_no_phase_memory,actuator_saturation,5,1001,,1,0.89583,2.59987,2.21663,0.14534,1.43900,0.02881,0.00000,0.50000,0.01163,1,5,0.66053,-0.07928,0.76087,591.49342,0.31173,34,0:x-0.110:y-0.425:f0.00:tf10.31:p0.0000:tok1;15:x0.018:y-0.419:f6.81:tf10.31:p0.0181:tok5;30:x0.023:y-0.355:f8.31:tf10.31:p0.0229:tok7;45:x0.025:y-0.245:f8.30:tf10.31:p0.0249:tok3;60:x0.018:y-0.110:f10.99:tf10.31:p0.0184:tok3;75:x0.022:y0.037:f14.16:tf17.89:p0.0222:tok3;90:x0.028:y0.179:f16.57:tf17.89:p0.0284:tok3;95:x0.029:y0.217:f17.60:tf17.89:p0.0288:tok3
impedance_token_policy_v4,actuator_saturation,5,1001,,0,0.89583,2.49487,2.80217,0.13947,1.38515,0.02796,0.00000,0.48837,0.03488,3,5,0.76926,-0.10162,0.72647,599.54044,0.31172,67,0:x-0.118:y-0.442:f0.00:tf10.31:p0.0000:tok1;15:x0.021:y-0.436:f7.93:tf10.31:p0.0208:tok7;30:x0.026:y-0.366:f10.74:tf10.31:p0.0258:tok6;45:x0.024:y-0.247:f9.70:tf10.31:p0.0240:tok4;60:x0.017:y-0.117:f10.01:tf10.31:p0.0168:tok4;75:x0.021:y0.013:f14.43:tf17.89:p0.0210:tok3;90:x0.028:y0.148:f16.44:tf17.89:p0.0279:tok0;95:x0.027:y0.188:f16.52:tf17.89:p0.0274:tok6
learned_only_token_replacement,actuator_saturation,5,1001,,1,0.89583,2.69723,1.09011,0.15078,1.55805,0.03026,0.00000,0.58140,0.02326,2,5,0.66022,-0.17222,0.81093,597.81877,0.31162,0,0:x-0.124:y-0.420:f0.00:tf10.31:p0.0000:tok-1;15:x0.016:y-0.416:f7.36:tf10.31:p0.0159:tok-1;30:x0.023:y-0.347:f9.43:tf10.31:p0.0232:tok-1;45:x0.026:y-0.222:f10.79:tf10.31:p0.0263:tok-1;60:x0.021:y-0.073:f12.47:tf10.31:p0.0211:tok-1;75:x0.024:y0.081:f15.72:tf17.89:p0.0242:tok-1;90:x0.030:y0.224:f18.34:tf17.89:p0.0300:tok-1;95:x0.030:y0.261:f18.06:tf17.89:p0.0302:tok-1
token_full_v5,actuator_saturation,5,1002,,0,0.90625,3.17731,1.80382,0.18614,1.63183,0.02942,0.00000,0.31034,0.02299,2,5,0.74373,-0.11054,0.70225,624.09974,0.25492,37,0:x-0.117:y-0.438:f0.55:tf11.93:p0.0000:tok1;15:x0.024:y-0.431:f9.97:tf11.93:p0.0242:tok0;30:x0.029:y-0.362:f9.10:tf11.93:p0.0289:tok2;45:x0.028:y-0.265:f8.77:tf11.93:p0.0283:tok2;60:x0.027:y-0.143:f16.49:tf11.93:p0.0266:tok6;75:x0.025:y-0.006:f15.43:tf17.07:p0.0246:tok4;90:x0.023:y0.129:f15.10:tf17.07:p0.0235:tok4;95:x0.023:y0.167:f14.41:tf17.07:p0.0232:tok6
ablate_no_memory,actuator_saturation,5,1002,,1,0.89583,2.88463,0.61430,0.16899,1.69686,0.03183,0.00000,0.48837,0.03488,3,5,0.52994,-0.07175,0.75533,628.94071,0.25495,17,0:x-0.106:y-0.428:f0.30:tf11.93:p0.0000:tok3;15:x0.022:y-0.422:f8.73:tf11.93:p0.0215:tok5;30:x0.028:y-0.361:f10.02:tf11.93:p0.0284:tok6;45:x0.028:y-0.265:f9.66:tf11.93:p0.0278:tok6;60:x0.029:y-0.134:f17.75:tf11.93:p0.0286:tok4;75:x0.027:y0.019:f16.10:tf17.07:p0.0270:tok3;90:x0.026:y0.170:f16.82:tf17.07:p0.0257:tok3;95:x0.026:y0.212:f15.94:tf17.07:p0.0257:tok3
ablate_no_discrete_tokens,actuator_saturation,5,1002,,0,0.91667,2.07071,0.88535,0.12131,1.82387,0.03453,0.02273,0.62500,0.03409,3,5,0.86708,-0.11353,0.86254,630.33442,0.25489,0,0:x-0.118:y-0.438:f0.00:tf11.93:p0.0000:tok1;15:x0.032:y-0.427:f11.29:tf11.93:p0.0318:tok1;30:x0.032:y-0.345:f11.13:tf11.93:p0.0317:tok1;45:x0.034:y-0.209:f11.07:tf11.93:p0.0337:tok1;60:x0.031:y-0.049:f19.55:tf11.93:p0.0311:tok1;75:x0.029:y0.117:f18.26:tf17.07:p0.0286:tok1;90:x0.027:y0.268:f17.56:tf17.07:p0.0271:tok1;95:x0.027:y0.305:f16.07:tf17.07:p0.0267:tok1
ablate_no_force_update,actuator_saturation,5,1002,,0,0.90625,3.12258,1.60394,0.18293,1.36044,0.02985,0.00000,0.32184,0.02299,2,5,0.77616,-0.12298,0.70892,420.00000,0.20000,45,0:x-0.119:y-0.421:f0.00:tf11.93:p0.0000:tok1;15:x0.025:y-0.415:f9.13:tf11.93:p0.0255:tok2;30:x0.028:y-0.356:f9.75:tf11.93:p0.0278:tok6;45:x0.027:y-0.257:f10.33:tf11.93:p0.0270:tok4;60:x0.025:y-0.138:f15.82:tf11.93:p0.0249:tok6;75:x0.030:y0.001:f18.67:tf17.07:p0.0296:tok4;90:x0.030:y0.135:f18.95:tf17.07:p0.0297:tok4;95:x0.030:y0.173:f19.19:tf17.07:p0.0298:tok4
ablate_no_transition_planner,actuator_saturation,5,1002,,0,0.90625,3.23906,1.78508,0.18975,1.51577,0.02971,0.00000,0.31034,0.02299,2,5,0.77264,-0.12199,0.70419,626.25826,0.25492,40,0:x-0.120:y-0.440:f0.14:tf11.93:p0.0000:tok1;15:x0.024:y-0.433:f9.68:tf11.93:p0.0235:tok4;30:x0.028:y-0.366:f9.76:tf11.93:p0.0283:tok6;45:x0.029:y-0.262:f9.91:tf11.93:p0.0293:tok4;60:x0.027:y-0.141:f16.83:tf11.93:p0.0268:tok6;75:x0.025:y-0.004:f15.76:tf17.07:p0.0247:tok4;90:x0.023:y0.131:f14.79:tf17.07:p0.0233:tok4;95:x0.023:y0.169:f14.92:tf17.07:p0.0231:tok6
ablate_no_safety_penalty,actuator_saturation,5,1002,,0,0.90625,3.19527,1.83803,0.18719,1.50071,0.02891,0.00000,0.34483,0.02299,2,5,0.72380,-0.10120,0.70080,624.39788,0.25493,46,0:x-0.114:y-0.446:f0.00:tf11.93:p0.0000:tok1;15:x0.024:y-0.437:f10.02:tf11.93:p0.0238:tok0;30:x0.028:y-0.367:f9.68:tf11.93:p0.0280:tok6;45:x0.029:y-0.268:f9.97:tf11.93:p0.0287:tok4;60:x0.026:y-0.146:f17.27:tf11.93:p0.0265:tok6;75:x0.024:y-0.007:f15.44:tf17.07:p0.0244:tok4;90:x0.023:y0.128:f14.84:tf17.07:p0.0232:tok4;95:x0.023:y0.165:f14.41:tf17.07:p0.0231:tok2
ablate_no_slip_context,actuator_saturation,5,1002,,0,0.90625,3.16022,1.77292,0.18513,1.57071,0.03005,0.00000,0.14943,0.02299,2,5,0.72916,-0.11160,0.68303,623.56555,0.25480,44,0:x-0.108:y-0.422:f0.08:tf11.93:p0.0000:tok1;15:x0.025:y-0.415:f9.20:tf11.93:p0.0247:tok5;30:x0.029:y-0.352:f10.05:tf11.93:p0.0285:tok6;45:x0.029:y-0.256:f9.66:tf11.93:p0.0289:tok6;60:x0.027:y-0.142:f17.07:tf11.93:p0.0270:tok5;75:x0.024:y-0.008:f14.80:tf17.07:p0.0240:tok6;90:x0.024:y0.115:f15.65:tf17.07:p0.0245:tok6;95:x0.024:y0.151:f14.66:tf17.07:p0.0236:tok6
ablate_no_tail_risk_objective,actuator_saturation,5,1002,,1,0.90625,2.39996,0.56641,0.14060,1.68466,0.03257,0.00000,0.45977,0.03448,3,5,0.69440,-0.08628,0.77252,624.68248,0.25485,22,0:x-0.109:y-0.434:f0.00:tf11.93:p0.0000:tok1;15:x0.024:y-0.426:f9.66:tf11.93:p0.0245:tok7;30:x0.032:y-0.346:f10.99:tf11.93:p0.0315:tok3;45:x0.032:y-0.232:f10.47:tf11.93:p0.0318:tok3;60:x0.030:y-0.100:f19.25:tf11.93:p0.0296:tok3;75:x0.027:y0.048:f17.83:tf17.07:p0.0270:tok3;90:x0.026:y0.189:f16.80:tf17.07:p0.0261:tok3;95:x0.026:y0.227:f16.02:tf17.07:p0.0259:tok3
ablate_no_calibration_guard,actuator_saturation,5,1002,,0,0.90625,2.48732,1.52122,0.14571,1.65889,0.03300,0.00000,0.24138,0.06897,6,5,0.97646,-0.14037,0.70121,639.70842,0.25482,33,0:x-0.115:y-0.439:f0.13:tf11.93:p0.0000:tok1;15:x0.033:y-0.428:f11.18:tf11.93:p0.0329:tok7;30:x0.029:y-0.360:f10.06:tf11.93:p0.0294:tok7;45:x0.030:y-0.253:f10.71:tf11.93:p0.0298:tok6;60:x0.027:y-0.137:f17.44:tf11.93:p0.0271:tok4;75:x0.025:y-0.002:f15.28:tf17.07:p0.0249:tok6;90:x0.024:y0.130:f15.58:tf17.07:p0.0239:tok6;95:x0.024:y0.166:f15.56:tf17.07:p0.0240:tok6
ablate_no_phase_memory,actuator_saturation,5,1002,,1,0.90625,2.57914,0.56985,0.15109,1.75144,0.03222,0.01149,0.50575,0.02299,2,5,0.78516,-0.10951,0.76288,624.23093,0.25489,35,0:x-0.119:y-0.427:f0.00:tf11.93:p0.0000:tok1;15:x0.023:y-0.421:f9.69:tf11.93:p0.0234:tok4;30:x0.029:y-0.356:f9.44:tf11.93:p0.0293:tok6;45:x0.031:y-0.246:f11.18:tf11.93:p0.0314:tok3;60:x0.029:y-0.110:f17.67:tf11.93:p0.0288:tok4;75:x0.027:y0.034:f17.41:tf17.07:p0.0270:tok3;90:x0.026:y0.179:f16.14:tf17.07:p0.0259:tok3;95:x0.026:y0.219:f16.62:tf17.07:p0.0260:tok3
impedance_token_policy_v4,actuator_saturation,5,1002,,1,0.90625,2.43959,0.54605,0.14292,1.52522,0.03159,0.00000,0.49425,0.04598,4,5,0.73350,-0.08625,0.75562,632.25217,0.25488,50,0:x-0.109:y-0.434:f0.22:tf11.93:p0.0000:tok1;15:x0.024:y-0.426:f8.43:tf11.93:p0.0243:tok5;30:x0.030:y-0.359:f10.91:tf11.93:p0.0302:tok0;45:x0.031:y-0.246:f10.91:tf11.93:p0.0308:tok0;60:x0.026:y-0.117:f17.00:tf11.93:p0.0265:tok5;75:x0.027:y0.026:f17.63:tf17.07:p0.0274:tok3;90:x0.026:y0.172:f16.27:tf17.07:p0.0261:tok3;95:x0.026:y0.212:f17.08:tf17.07:p0.0260:tok0
learned_only_token_replacement,actuator_saturation,5,1002,,0,0.90625,3.04459,1.46427,0.17836,1.90688,0.03471,0.02299,0.60920,0.01149,1,5,0.61809,-0.15195,0.81481,627.98553,0.25478,0,0:x-0.113:y-0.441:f0.11:tf11.93:p0.0000:tok-1;15:x0.020:y-0.434:f7.24:tf11.93:p0.0197:tok-1;30:x0.030:y-0.357:f10.12:tf11.93:p0.0297:tok-1;45:x0.034:y-0.226:f11.66:tf11.93:p0.0337:tok-1;60:x0.033:y-0.074:f19.74:tf11.93:p0.0325:tok-1;75:x0.030:y0.081:f19.12:tf17.07:p0.0302:tok-1;90:x0.028:y0.226:f16.61:tf17.07:p0.0278:tok-1;95:x0.027:y0.264:f18.39:tf17.07:p0.0275:tok-1
token_full_v5,actuator_saturation,5,1003,,0,0.90625,3.48800,3.29211,0.19449,1.26331,0.02683,0.00000,0.16092,0.02299,2,5,0.76673,-0.12930,0.65655,568.15201,0.29127,40,0:x-0.120:y-0.459:f0.00:tf12.05:p0.0000:tok1;15:x0.023:y-0.452:f8.44:tf12.05:p0.0228:tok2;30:x0.027:y-0.382:f10.93:tf12.05:p0.0266:tok6;45:x0.026:y-0.276:f10.31:tf12.05:p0.0257:tok4;60:x0.021:y-0.158:f12.22:tf12.05:p0.0207:tok4;75:x0.026:y-0.027:f15.41:tf17.93:p0.0262:tok6;90:x0.026:y0.093:f14.35:tf17.93:p0.0264:tok6;95:x0.026:y0.128:f15.52:tf17.93:p0.0264:tok6
ablate_no_memory,actuator_saturation,5,1003,,1,0.88542,2.91455,1.25873,0.16252,1.42821,0.03018,0.00000,0.51765,0.02353,2,5,0.57096,-0.10035,0.75511,567.17483,0.29133,13,0:x-0.120:y-0.431:f0.00:tf12.05:p0.0000:tok3;15:x0.021:y-0.427:f10.04:tf12.05:p0.0211:tok0;30:x0.027:y-0.367:f9.95:tf12.05:p0.0269:tok6;45:x0.029:y-0.265:f11.09:tf12.05:p0.0291:tok3;60:x0.023:y-0.127:f13.77:tf12.05:p0.0233:tok3;75:x0.030:y0.025:f16.61:tf17.93:p0.0299:tok3;90:x0.030:y0.172:f16.61:tf17.93:p0.0300:tok3;95:x0.030:y0.212:f16.97:tf17.93:p0.0300:tok3
ablate_no_discrete_tokens,actuator_saturation,5,1003,,0,0.91667,2.01020,0.83379,0.11209,1.46790,0.03270,0.00000,0.62500,0.06818,6,5,0.84223,-0.10710,0.85624,570.03226,0.29129,0,0:x-0.115:y-0.440:f0.55:tf12.05:p0.0000:tok1;15:x0.032:y-0.429:f12.31:tf12.05:p0.0319:tok1;30:x0.030:y-0.347:f11.38:tf12.05:p0.0303:tok1;45:x0.032:y-0.211:f12.23:tf12.05:p0.0316:tok1;60:x0.023:y-0.051:f12.86:tf12.05:p0.0228:tok1;75:x0.032:y0.113:f18.78:tf17.93:p0.0324:tok1;90:x0.032:y0.262:f18.20:tf17.93:p0.0320:tok1;95:x0.031:y0.300:f18.16:tf17.93:p0.0315:tok1
ablate_no_force_update,actuator_saturation,5,1003,,0,0.90625,2.58350,0.99037,0.14406,1.20642,0.03249,0.00000,0.29885,0.04598,4,5,0.71909,-0.10720,0.70172,420.00000,0.20000,37,0:x-0.112:y-0.422:f0.00:tf12.05:p0.0000:tok1;15:x0.025:y-0.415:f9.06:tf12.05:p0.0246:tok5;30:x0.026:y-0.363:f8.90:tf12.05:p0.0259:tok2;45:x0.026:y-0.265:f10.26:tf12.05:p0.0258:tok4;60:x0.022:y-0.146:f13.21:tf12.05:p0.0220:tok4;75:x0.032:y-0.008:f19.10:tf17.93:p0.0320:tok4;90:x0.032:y0.128:f18.19:tf17.93:p0.0325:tok4;95:x0.032:y0.166:f18.03:tf17.93:p0.0324:tok4
ablate_no_transition_planner,actuator_saturation,5,1003,,0,0.90625,3.40821,3.12161,0.19004,1.31498,0.02722,0.00000,0.10345,0.02299,2,5,0.78611,-0.12410,0.66759,577.43862,0.29124,43,0:x-0.122:y-0.436:f0.53:tf12.05:p0.0000:tok1;15:x0.024:y-0.429:f9.49:tf12.05:p0.0239:tok5;30:x0.026:y-0.367:f10.25:tf12.05:p0.0258:tok6;45:x0.027:y-0.269:f10.46:tf12.05:p0.0272:tok4;60:x0.021:y-0.147:f12.37:tf12.05:p0.0207:tok4;75:x0.026:y-0.018:f15.20:tf17.93:p0.0263:tok6;90:x0.026:y0.101:f14.96:tf17.93:p0.0262:tok6;95:x0.027:y0.137:f15.72:tf17.93:p0.0269:tok4
ablate_no_safety_penalty,actuator_saturation,5,1003,,0,0.90625,3.37508,3.09035,0.18820,1.29369,0.02773,0.00000,0.13793,0.02299,2,5,0.80430,-0.13360,0.67103,568.80004,0.29125,44,0:x-0.122:y-0.434:f0.46:tf12.05:p0.0000:tok1;15:x0.023:y-0.428:f8.84:tf12.05:p0.0228:tok2;30:x0.026:y-0.363:f9.72:tf12.05:p0.0260:tok6;45:x0.027:y-0.266:f9.90:tf12.05:p0.0267:tok4;60:x0.021:y-0.145:f12.07:tf12.05:p0.0206:tok4;75:x0.026:y-0.016:f15.88:tf17.93:p0.0263:tok4;90:x0.026:y0.104:f14.34:tf17.93:p0.0262:tok6;95:x0.028:y0.140:f15.42:tf17.93:p0.0275:tok6
ablate_no_slip_context,actuator_saturation,5,1003,,0,0.90625,3.05018,1.92192,0.17008,1.29979,0.02926,0.00000,0.32184,0.03448,3,5,0.86691,-0.13183,0.70386,571.96591,0.29119,54,0:x-0.112:y-0.436:f0.27:tf12.05:p0.0000:tok1;15:x0.023:y-0.428:f9.00:tf12.05:p0.0233:tok2;30:x0.027:y-0.364:f11.48:tf12.05:p0.0265:tok6;45:x0.026:y-0.263:f10.93:tf12.05:p0.0264:tok6;60:x0.025:y-0.134:f14.84:tf12.05:p0.0251:tok2;75:x0.028:y0.012:f15.79:tf17.93:p0.0279:tok6;90:x0.028:y0.135:f17.15:tf17.93:p0.0282:tok6;95:x0.029:y0.169:f16.68:tf17.93:p0.0286:tok6
ablate_no_tail_risk_objective,actuator_saturation,5,1003,,1,0.90625,2.47380,1.22778,0.13794,1.46431,0.03020,0.00000,0.41379,0.03448,3,5,0.70314,-0.09281,0.76297,565.59883,0.29125,18,0:x-0.112:y-0.421:f0.00:tf12.05:p0.0000:tok1;15:x0.025:y-0.413:f11.48:tf12.05:p0.0251:tok0;30:x0.030:y-0.337:f11.14:tf12.05:p0.0298:tok3;45:x0.030:y-0.226:f11.31:tf12.05:p0.0297:tok3;60:x0.024:y-0.099:f14.32:tf12.05:p0.0236:tok3;75:x0.030:y0.042:f17.58:tf17.93:p0.0299:tok3;90:x0.030:y0.181:f16.05:tf17.93:p0.0299:tok3;95:x0.030:y0.219:f17.35:tf17.93:p0.0302:tok3
ablate_no_calibration_guard,actuator_saturation,5,1003,,0,0.90625,2.59699,1.86197,0.14481,1.36048,0.03176,0.00000,0.28736,0.02299,2,5,1.09279,-0.15440,0.73190,575.10476,0.29117,29,0:x-0.117:y-0.438:f0.64:tf12.05:p0.0000:tok1;15:x0.032:y-0.428:f13.20:tf12.05:p0.0318:tok7;30:x0.029:y-0.359:f10.99:tf12.05:p0.0285:tok7;45:x0.029:y-0.252:f10.63:tf12.05:p0.0285:tok6;60:x0.027:y-0.115:f15.72:tf12.05:p0.0267:tok7;75:x0.028:y0.043:f16.10:tf17.93:p0.0285:tok6;90:x0.028:y0.161:f16.60:tf17.93:p0.0278:tok6;95:x0.028:y0.193:f15.93:tf17.93:p0.0281:tok6
ablate_no_phase_memory,actuator_saturation,5,1003,,1,0.90625,2.66034,1.10399,0.14834,1.42181,0.03030,0.00000,0.49425,0.03448,3,5,0.77427,-0.11086,0.75871,573.53292,0.29128,36,0:x-0.119:y-0.426:f0.28:tf12.05:p0.0000:tok1;15:x0.024:y-0.420:f9.91:tf12.05:p0.0237:tok4;30:x0.027:y-0.357:f9.63:tf12.05:p0.0271:tok0;45:x0.029:y-0.249:f10.05:tf12.05:p0.0288:tok3;60:x0.024:y-0.114:f13.20:tf12.05:p0.0236:tok3;75:x0.030:y0.033:f17.25:tf17.93:p0.0303:tok3;90:x0.030:y0.176:f17.94:tf17.93:p0.0300:tok3;95:x0.030:y0.215:f16.90:tf17.93:p0.0297:tok3
impedance_token_policy_v4,actuator_saturation,5,1003,,0,0.90625,2.87150,2.29654,0.16012,1.32731,0.03047,0.00000,0.48276,0.01149,1,5,0.81253,-0.11390,0.71865,572.01733,0.29129,66,0:x-0.120:y-0.445:f0.00:tf12.05:p0.0000:tok1;15:x0.024:y-0.439:f8.71:tf12.05:p0.0242:tok5;30:x0.027:y-0.371:f10.08:tf12.05:p0.0267:tok0;45:x0.029:y-0.252:f11.61:tf12.05:p0.0289:tok4;60:x0.021:y-0.121:f12.04:tf12.05:p0.0213:tok4;75:x0.027:y0.011:f15.40:tf17.93:p0.0270:tok4;90:x0.029:y0.141:f17.68:tf17.93:p0.0291:tok4;95:x0.029:y0.180:f16.66:tf17.93:p0.0292:tok2
learned_only_token_replacement,actuator_saturation,5,1003,,0,0.89583,2.71375,0.57275,0.15132,1.50403,0.03237,0.00000,0.60465,0.03488,3,5,0.66293,-0.17523,0.81088,564.16145,0.29122,0,0:x-0.120:y-0.435:f0.03:tf12.05:p0.0000:tok-1;15:x0.019:y-0.428:f8.50:tf12.05:p0.0191:tok-1;30:x0.028:y-0.354:f10.95:tf12.05:p0.0277:tok-1;45:x0.031:y-0.226:f12.34:tf12.05:p0.0310:tok-1;60:x0.026:y-0.076:f15.56:tf12.05:p0.0260:tok-1;75:x0.032:y0.078:f17.49:tf17.93:p0.0320:tok-1;90:x0.032:y0.223:f18.38:tf17.93:p0.0321:tok-1;95:x0.032:y0.261:f17.76:tf17.93:p0.0322:tok-1
token_full_v5,actuator_saturation,6,1000,,0,0.89583,3.05658,2.72742,0.18384,1.26105,0.02477,0.00000,0.27907,0.01163,1,5,0.74951,-0.10684,0.68684,564.31025,0.27484,46,0:x-0.118:y-0.424:f0.89:tf11.36:p0.0000:tok1;15:x0.021:y-0.418:f9.37:tf11.36:p0.0209:tok6;30:x0.023:y-0.361:f9.94:tf11.36:p0.0232:tok6;45:x0.023:y-0.274:f8.73:tf11.36:p0.0226:tok2;60:x0.023:y-0.153:f12.65:tf11.36:p0.0226:tok4;75:x0.025:y-0.015:f14.74:tf16.63:p0.0248:tok4;90:x0.025:y0.118:f13.99:tf16.63:p0.0247:tok6;95:x0.025:y0.153:f13.54:tf16.63:p0.0246:tok2
ablate_no_memory,actuator_saturation,6,1000,,1,0.88542,2.66456,1.10702,0.16027,1.34042,0.02803,0.00000,0.47059,0.02353,2,5,0.52904,-0.07380,0.75524,565.48784,0.27489,11,0:x-0.111:y-0.418:f0.00:tf11.36:p0.0000:tok3;15:x0.020:y-0.414:f9.65:tf11.36:p0.0200:tok0;30:x0.023:y-0.359:f8.42:tf11.36:p0.0231:tok2;45:x0.023:y-0.269:f9.18:tf11.36:p0.0229:tok6;60:x0.026:y-0.140:f15.22:tf11.36:p0.0257:tok3;75:x0.027:y0.018:f15.71:tf16.63:p0.0273:tok3;90:x0.028:y0.171:f16.06:tf16.63:p0.0280:tok3;95:x0.028:y0.212:f16.25:tf16.63:p0.0280:tok3
ablate_no_discrete_tokens,actuator_saturation,6,1000,,0,0.91667,1.79674,0.71266,0.10807,1.37300,0.02971,0.00000,0.60227,0.03409,3,5,0.80088,-0.09722,0.86185,562.79305,0.27479,0,0:x-0.113:y-0.424:f0.00:tf11.36:p0.0000:tok1;15:x0.029:y-0.414:f11.64:tf11.36:p0.0287:tok1;30:x0.027:y-0.338:f11.00:tf11.36:p0.0268:tok1;45:x0.028:y-0.207:f12.27:tf11.36:p0.0280:tok1;60:x0.028:y-0.048:f15.52:tf11.36:p0.0276:tok1;75:x0.030:y0.117:f16.85:tf16.63:p0.0296:tok1;90:x0.029:y0.267:f16.41:tf16.63:p0.0294:tok1;95:x0.030:y0.305:f16.47:tf16.63:p0.0295:tok1
ablate_no_force_update,actuator_saturation,6,1000,,0,0.89583,2.56277,1.13741,0.15414,1.25974,0.03006,0.00000,0.33721,0.03488,3,5,0.76571,-0.10806,0.68495,420.00000,0.20000,33,0:x-0.125:y-0.424:f0.00:tf11.36:p0.0000:tok1;15:x0.022:y-0.419:f9.56:tf11.36:p0.0222:tok7;30:x0.023:y-0.365:f10.18:tf11.36:p0.0234:tok6;45:x0.023:y-0.277:f9.15:tf11.36:p0.0233:tok6;60:x0.022:y-0.161:f12.58:tf11.36:p0.0224:tok4;75:x0.027:y-0.029:f16.37:tf16.63:p0.0273:tok4;90:x0.030:y0.111:f17.81:tf16.63:p0.0301:tok4;95:x0.030:y0.151:f16.63:tf16.63:p0.0300:tok4
ablate_no_transition_planner,actuator_saturation,6,1000,,0,0.90625,3.08156,2.86261,0.18535,1.14053,0.02498,0.00000,0.34483,0.01149,1,5,0.66409,-0.08578,0.68747,560.18956,0.27484,40,0:x-0.105:y-0.434:f0.00:tf11.36:p0.0000:tok1;15:x0.021:y-0.426:f9.46:tf11.36:p0.0207:tok6;30:x0.023:y-0.365:f9.24:tf11.36:p0.0229:tok6;45:x0.024:y-0.273:f9.59:tf11.36:p0.0237:tok4;60:x0.023:y-0.149:f12.95:tf11.36:p0.0225:tok6;75:x0.025:y-0.014:f14.33:tf16.63:p0.0249:tok4;90:x0.025:y0.119:f14.08:tf16.63:p0.0249:tok6;95:x0.025:y0.154:f13.75:tf16.63:p0.0247:tok2
ablate_no_safety_penalty,actuator_saturation,6,1000,,0,0.89583,3.02512,2.66373,0.18195,1.20133,0.02493,0.00000,0.32558,0.01163,1,5,0.77488,-0.12095,0.69085,572.08880,0.27483,42,0:x-0.123:y-0.419:f0.06:tf11.36:p0.0000:tok1;15:x0.021:y-0.414:f9.81:tf11.36:p0.0207:tok6;30:x0.023:y-0.358:f9.22:tf11.36:p0.0233:tok6;45:x0.023:y-0.269:f9.57:tf11.36:p0.0233:tok6;60:x0.023:y-0.149:f12.68:tf11.36:p0.0228:tok4;75:x0.025:y-0.011:f13.27:tf16.63:p0.0248:tok6;90:x0.025:y0.120:f14.40:tf16.63:p0.0248:tok4;95:x0.025:y0.157:f14.71:tf16.63:p0.0247:tok4
ablate_no_slip_context,actuator_saturation,6,1000,,0,0.90625,2.83041,2.04845,0.17024,1.19756,0.02664,0.00000,0.19540,0.02299,2,5,0.76762,-0.11641,0.68185,566.44633,0.27476,46,0:x-0.113:y-0.431:f0.00:tf11.36:p0.0000:tok1;15:x0.020:y-0.425:f8.53:tf11.36:p0.0203:tok2;30:x0.023:y-0.361:f9.82:tf11.36:p0.0231:tok6;45:x0.024:y-0.265:f8.90:tf11.36:p0.0238:tok6;60:x0.023:y-0.151:f13.60:tf11.36:p0.0230:tok6;75:x0.025:y-0.019:f14.30:tf16.63:p0.0252:tok6;90:x0.026:y0.111:f14.96:tf16.63:p0.0264:tok6;95:x0.027:y0.149:f15.42:tf16.63:p0.0266:tok6
ablate_no_tail_risk_objective,actuator_saturation,6,1000,,1,0.89583,2.17387,1.05133,0.13075,1.38370,0.02776,0.00000,0.45349,0.02326,2,5,0.76875,-0.10454,0.76955,570.20194,0.27475,21,0:x-0.124:y-0.426:f0.07:tf11.36:p0.0000:tok1;15:x0.023:y-0.420:f11.07:tf11.36:p0.0231:tok7;30:x0.027:y-0.343:f10.72:tf11.36:p0.0267:tok3;45:x0.026:y-0.229:f10.46:tf11.36:p0.0263:tok3;60:x0.026:y-0.098:f15.72:tf11.36:p0.0261:tok3;75:x0.027:y0.046:f15.57:tf16.63:p0.0274:tok3;90:x0.028:y0.186:f16.20:tf16.63:p0.0278:tok3;95:x0.028:y0.225:f15.73:tf16.63:p0.0277:tok3
ablate_no_calibration_guard,actuator_saturation,6,1000,,0,0.90625,2.44984,1.94918,0.14735,1.25935,0.02882,0.00000,0.26437,0.03448,3,5,1.13978,-0.17608,0.69878,570.13051,0.27478,32,0:x-0.129:y-0.433:f0.00:tf11.36:p0.0000:tok1;15:x0.029:y-0.423:f11.24:tf11.36:p0.0288:tok7;30:x0.024:y-0.358:f9.29:tf11.36:p0.0236:tok6;45:x0.025:y-0.261:f10.32:tf11.36:p0.0253:tok6;60:x0.024:y-0.146:f12.95:tf11.36:p0.0243:tok6;75:x0.026:y-0.008:f14.93:tf16.63:p0.0262:tok6;90:x0.026:y0.125:f14.74:tf16.63:p0.0260:tok6;95:x0.026:y0.164:f14.28:tf16.63:p0.0263:tok6
ablate_no_phase_memory,actuator_saturation,6,1000,,1,0.90625,2.33322,0.92751,0.14034,1.35957,0.02810,0.00000,0.47126,0.01149,1,5,0.70394,-0.09155,0.76714,572.41453,0.27476,36,0:x-0.113:y-0.407:f0.28:tf11.36:p0.0000:tok1;15:x0.021:y-0.402:f8.02:tf11.36:p0.0205:tok2;30:x0.025:y-0.345:f10.14:tf11.36:p0.0250:tok6;45:x0.026:y-0.239:f10.91:tf11.36:p0.0264:tok3;60:x0.026:y-0.106:f15.44:tf11.36:p0.0265:tok3;75:x0.028:y0.041:f15.83:tf16.63:p0.0279:tok3;90:x0.028:y0.184:f15.55:tf16.63:p0.0279:tok3;95:x0.028:y0.223:f16.65:tf16.63:p0.0278:tok3
impedance_token_policy_v4,actuator_saturation,6,1000,,0,0.90625,2.50924,1.74250,0.15092,1.18209,0.03111,0.00000,0.47126,0.03448,3,5,0.74096,-0.09436,0.73195,583.43212,0.27474,57,0:x-0.113:y-0.430:f0.29:tf11.36:p0.0000:tok1;15:x0.020:y-0.425:f7.24:tf11.36:p0.0201:tok5;30:x0.025:y-0.360:f10.81:tf11.36:p0.0248:tok6;45:x0.025:y-0.244:f10.55:tf11.36:p0.0254:tok4;60:x0.023:y-0.116:f13.07:tf11.36:p0.0231:tok4;75:x0.025:y0.020:f14.38:tf16.63:p0.0254:tok4;90:x0.028:y0.151:f16.64:tf16.63:p0.0278:tok5;95:x0.031:y0.192:f18.66:tf16.63:p0.0311:tok6
learned_only_token_replacement,actuator_saturation,6,1000,,1,0.89583,2.45359,0.92157,0.14758,1.44538,0.03110,0.00000,0.59302,0.01163,1,5,0.60711,-0.14547,0.81614,573.59937,0.27468,0,0:x-0.113:y-0.436:f0.00:tf11.36:p0.0000:tok-1;15:x0.016:y-0.429:f8.11:tf11.36:p0.0164:tok-1;30:x0.025:y-0.355:f10.33:tf11.36:p0.0248:tok-1;45:x0.028:y-0.227:f11.66:tf11.36:p0.0278:tok-1;60:x0.028:y-0.074:f16.42:tf11.36:p0.0282:tok-1;75:x0.031:y0.083:f17.48:tf16.63:p0.0310:tok-1;90:x0.030:y0.228:f17.59:tf16.63:p0.0301:tok-1;95:x0.030:y0.265:f17.58:tf16.63:p0.0299:tok-1
token_full_v5,actuator_saturation,6,1001,,0,0.90625,3.16449,2.59717,0.17819,1.39355,0.02634,0.00000,0.32184,0.02299,2,5,0.66851,-0.08436,0.70332,597.01848,0.24463,49,0:x-0.107:y-0.428:f0.79:tf10.79:p0.0000:tok1;15:x0.021:y-0.422:f8.59:tf10.79:p0.0212:tok4;30:x0.025:y-0.361:f8.37:tf10.79:p0.0245:tok6;45:x0.026:y-0.262:f9.61:tf10.79:p0.0257:tok4;60:x0.024:y-0.142:f13.17:tf10.79:p0.0236:tok4;75:x0.026:y-0.004:f16.20:tf17.76:p0.0263:tok4;90:x0.025:y0.131:f15.02:tf17.76:p0.0253:tok6;95:x0.025:y0.168:f15.21:tf17.76:p0.0251:tok2
ablate_no_memory,actuator_saturation,6,1001,,1,0.88542,2.83864,1.13554,0.15984,1.57892,0.02872,0.00000,0.49412,0.03529,3,5,0.54688,-0.07386,0.75521,597.38236,0.24469,17,0:x-0.113:y-0.433:f0.45:tf10.79:p0.0000:tok3;15:x0.018:y-0.429:f8.06:tf10.79:p0.0179:tok5;30:x0.026:y-0.366:f9.00:tf10.79:p0.0257:tok6;45:x0.025:y-0.271:f8.82:tf10.79:p0.0245:tok6;60:x0.024:y-0.140:f13.71:tf10.79:p0.0237:tok3;75:x0.029:y0.016:f17.35:tf17.76:p0.0285:tok3;90:x0.028:y0.170:f16.44:tf17.76:p0.0285:tok3;95:x0.028:y0.212:f17.48:tf17.76:p0.0283:tok3
ablate_no_discrete_tokens,actuator_saturation,6,1001,,0,0.91667,1.88516,0.82812,0.10615,1.72550,0.03080,0.01136,0.62500,0.04545,4,5,0.81434,-0.09787,0.86407,597.09804,0.24460,0,0:x-0.116:y-0.435:f0.42:tf10.79:p0.0000:tok1;15:x0.029:y-0.425:f9.42:tf10.79:p0.0286:tok1;30:x0.029:y-0.343:f9.42:tf10.79:p0.0286:tok1;45:x0.030:y-0.208:f11.17:tf10.79:p0.0305:tok1;60:x0.026:y-0.048:f14.82:tf10.79:p0.0259:tok1;75:x0.031:y0.118:f18.29:tf17.76:p0.0308:tok1;90:x0.030:y0.269:f17.50:tf17.76:p0.0296:tok1;95:x0.030:y0.307:f18.55:tf17.76:p0.0298:tok1
ablate_no_force_update,actuator_saturation,6,1001,,0,0.89583,2.73995,1.21343,0.15428,1.22569,0.03170,0.00000,0.38372,0.02326,2,5,0.67651,-0.09116,0.70687,420.00000,0.20000,41,0:x-0.109:y-0.443:f0.05:tf10.79:p0.0000:tok1;15:x0.021:y-0.437:f8.12:tf10.79:p0.0213:tok5;30:x0.024:y-0.375:f8.30:tf10.79:p0.0241:tok6;45:x0.023:y-0.272:f7.81:tf10.79:p0.0234:tok6;60:x0.021:y-0.149:f11.50:tf10.79:p0.0213:tok4;75:x0.031:y-0.007:f19.06:tf17.76:p0.0313:tok4;90:x0.032:y0.132:f19.06:tf17.76:p0.0316:tok4;95:x0.032:y0.171:f18.29:tf17.76:p0.0316:tok4
ablate_no_transition_planner,actuator_saturation,6,1001,,0,0.89583,3.13725,2.43024,0.17665,1.39999,0.02650,0.00000,0.30233,0.02326,2,5,0.69892,-0.10080,0.70005,596.60375,0.24459,54,0:x-0.113:y-0.426:f0.09:tf10.79:p0.0000:tok1;15:x0.021:y-0.420:f7.51:tf10.79:p0.0209:tok2;30:x0.025:y-0.358:f8.58:tf10.79:p0.0250:tok6;45:x0.026:y-0.262:f9.59:tf10.79:p0.0261:tok4;60:x0.024:y-0.140:f14.20:tf10.79:p0.0238:tok6;75:x0.026:y-0.001:f15.00:tf17.76:p0.0265:tok6;90:x0.026:y0.129:f15.46:tf17.76:p0.0255:tok4;95:x0.026:y0.165:f17.14:tf17.76:p0.0264:tok4
ablate_no_safety_penalty,actuator_saturation,6,1001,,0,0.89583,3.37831,3.23218,0.19023,1.40463,0.02616,0.00000,0.29070,0.02326,2,5,0.70651,-0.09525,0.67730,587.39281,0.24459,40,0:x-0.114:y-0.436:f0.14:tf10.79:p0.0000:tok1;15:x0.021:y-0.429:f7.65:tf10.79:p0.0206:tok2;30:x0.024:y-0.367:f9.17:tf10.79:p0.0240:tok6;45:x0.025:y-0.274:f9.10:tf10.79:p0.0245:tok6;60:x0.024:y-0.150:f14.02:tf10.79:p0.0238:tok6;75:x0.025:y-0.013:f14.61:tf17.76:p0.0247:tok6;90:x0.025:y0.109:f15.47:tf17.76:p0.0252:tok4;95:x0.026:y0.145:f14.82:tf17.76:p0.0262:tok6
ablate_no_slip_context,actuator_saturation,6,1001,,0,0.89583,3.01398,1.90947,0.16971,1.45159,0.02777,0.00000,0.30233,0.03488,3,5,0.82339,-0.11939,0.70998,586.98765,0.24453,48,0:x-0.113:y-0.414:f0.14:tf10.79:p0.0000:tok1;15:x0.022:y-0.409:f8.32:tf10.79:p0.0215:tok4;30:x0.025:y-0.353:f9.53:tf10.79:p0.0248:tok6;45:x0.025:y-0.262:f8.95:tf10.79:p0.0251:tok6;60:x0.025:y-0.144:f14.88:tf10.79:p0.0251:tok5;75:x0.027:y0.014:f16.09:tf17.76:p0.0268:tok6;90:x0.027:y0.139:f15.41:tf17.76:p0.0269:tok6;95:x0.027:y0.174:f15.97:tf17.76:p0.0272:tok6
ablate_no_tail_risk_objective,actuator_saturation,6,1001,,1,0.90625,2.33752,0.97579,0.13162,1.68105,0.02892,0.00000,0.42529,0.03448,3,5,0.61998,-0.06734,0.77532,596.86158,0.24454,21,0:x-0.104:y-0.417:f0.13:tf10.79:p0.0000:tok1;15:x0.021:y-0.411:f8.67:tf10.79:p0.0214:tok7;30:x0.028:y-0.337:f10.35:tf10.79:p0.0284:tok3;45:x0.029:y-0.226:f9.46:tf10.79:p0.0286:tok3;60:x0.026:y-0.096:f15.85:tf10.79:p0.0256:tok3;75:x0.029:y0.051:f16.85:tf17.76:p0.0287:tok3;90:x0.028:y0.192:f17.23:tf17.76:p0.0283:tok3;95:x0.028:y0.230:f16.62:tf17.76:p0.0282:tok3
ablate_no_calibration_guard,actuator_saturation,6,1001,,0,0.90625,2.55234,1.95374,0.14372,1.47459,0.02913,0.00000,0.27586,0.03448,3,5,1.06351,-0.14314,0.71774,590.28779,0.24455,29,0:x-0.117:y-0.439:f0.00:tf10.79:p0.0000:tok1;15:x0.029:y-0.429:f10.06:tf10.79:p0.0290:tok7;30:x0.025:y-0.361:f8.51:tf10.79:p0.0250:tok6;45:x0.027:y-0.259:f8.58:tf10.79:p0.0272:tok6;60:x0.026:y-0.142:f15.90:tf10.79:p0.0261:tok4;75:x0.027:y0.018:f15.57:tf17.76:p0.0273:tok6;90:x0.026:y0.145:f15.75:tf17.76:p0.0262:tok6;95:x0.026:y0.180:f15.26:tf17.76:p0.0263:tok5
ablate_no_phase_memory,actuator_saturation,6,1001,,1,0.89583,2.46636,1.05110,0.13888,1.55082,0.02909,0.00000,0.52326,0.02326,2,5,0.73286,-0.09378,0.76739,594.90445,0.24459,38,0:x-0.116:y-0.428:f0.00:tf10.79:p0.0000:tok1;15:x0.020:y-0.422:f8.60:tf10.79:p0.0201:tok6;30:x0.026:y-0.356:f8.91:tf10.79:p0.0256:tok0;45:x0.028:y-0.245:f9.75:tf10.79:p0.0278:tok3;60:x0.024:y-0.109:f14.55:tf10.79:p0.0243:tok3;75:x0.029:y0.038:f16.43:tf17.76:p0.0288:tok3;90:x0.029:y0.183:f17.35:tf17.76:p0.0286:tok3;95:x0.028:y0.223:f17.28:tf17.76:p0.0284:tok3
impedance_token_policy_v4,actuator_saturation,6,1001,,0,0.90625,2.82395,2.13607,0.15901,1.44439,0.02889,0.00000,0.49425,0.03448,3,5,0.69349,-0.07635,0.73697,590.13556,0.24460,58,0:x-0.105:y-0.431:f0.00:tf10.79:p0.0000:tok1;15:x0.021:y-0.425:f7.72:tf10.79:p0.0211:tok5;30:x0.027:y-0.360:f8.40:tf10.79:p0.0267:tok6;45:x0.027:y-0.242:f9.38:tf10.79:p0.0269:tok6;60:x0.024:y-0.112:f14.51:tf10.79:p0.0241:tok3;75:x0.026:y0.025:f15.72:tf17.76:p0.0263:tok4;90:x0.027:y0.155:f17.05:tf17.76:p0.0267:tok7;95:x0.028:y0.196:f15.60:tf17.76:p0.0280:tok0
learned_only_token_replacement,actuator_saturation,6,1001,,0,0.89583,2.65384,0.89568,0.14943,1.66116,0.03171,0.00000,0.60465,0.02326,2,5,0.60853,-0.14513,0.81948,593.59029,0.24450,0,0:x-0.115:y-0.428:f0.13:tf10.79:p0.0000:tok-1;15:x0.017:y-0.422:f6.70:tf10.79:p0.0173:tok-1;30:x0.027:y-0.349:f8.76:tf10.79:p0.0265:tok-1;45:x0.029:y-0.222:f10.01:tf10.79:p0.0293:tok-1;60:x0.028:y-0.071:f17.42:tf10.79:p0.0282:tok-1;75:x0.032:y0.085:f18.47:tf17.76:p0.0316:tok-1;90:x0.031:y0.230:f19.05:tf17.76:p0.0308:tok-1;95:x0.030:y0.268:f18.41:tf17.76:p0.0305:tok-1
token_full_v5,actuator_saturation,6,1002,,0,0.90625,3.19140,1.72682,0.17843,1.53281,0.02985,0.00000,0.35632,0.02299,2,5,0.74939,-0.11426,0.70354,671.16439,0.22225,46,0:x-0.116:y-0.419:f0.92:tf12.59:p0.0000:tok1;15:x0.026:y-0.412:f9.89:tf12.59:p0.0259:tok5;30:x0.028:y-0.353:f9.91:tf12.59:p0.0284:tok2;45:x0.029:y-0.259:f9.54:tf12.59:p0.0286:tok2;60:x0.025:y-0.140:f16.73:tf17.89:p0.0254:tok4;75:x0.024:y-0.004:f16.26:tf17.89:p0.0240:tok4;90:x0.023:y0.130:f15.41:tf17.89:p0.0230:tok4;95:x0.023:y0.168:f15.59:tf17.89:p0.0228:tok4
ablate_no_memory,actuator_saturation,6,1002,,1,0.89583,2.88015,0.59104,0.16102,1.79223,0.03283,0.01163,0.51163,0.02326,2,5,0.57968,-0.09188,0.76295,665.51681,0.22227,16,0:x-0.112:y-0.431:f0.00:tf12.59:p0.0000:tok3;15:x0.023:y-0.425:f9.02:tf12.59:p0.0227:tok5;30:x0.030:y-0.360:f11.23:tf12.59:p0.0301:tok6;45:x0.032:y-0.258:f11.24:tf12.59:p0.0316:tok3;60:x0.026:y-0.123:f17.15:tf17.89:p0.0256:tok3;75:x0.027:y0.027:f17.24:tf17.89:p0.0266:tok3;90:x0.026:y0.177:f16.80:tf17.89:p0.0257:tok3;95:x0.026:y0.219:f17.66:tf17.89:p0.0257:tok3
ablate_no_discrete_tokens,actuator_saturation,6,1002,,0,0.91667,2.02571,0.64218,0.11325,1.90024,0.03509,0.02273,0.61364,0.02273,2,5,0.94568,-0.13411,0.86488,669.16365,0.22223,0,0:x-0.124:y-0.422:f0.00:tf12.59:p0.0000:tok1;15:x0.034:y-0.413:f11.73:tf12.59:p0.0339:tok1;30:x0.034:y-0.337:f12.34:tf12.59:p0.0335:tok1;45:x0.035:y-0.206:f12.63:tf12.59:p0.0349:tok1;60:x0.026:y-0.048:f17.59:tf17.89:p0.0259:tok1;75:x0.027:y0.117:f18.28:tf17.89:p0.0272:tok1;90:x0.027:y0.269:f18.13:tf17.89:p0.0268:tok1;95:x0.027:y0.307:f18.09:tf17.89:p0.0267:tok1
ablate_no_force_update,actuator_saturation,6,1002,,0,0.90625,3.34019,2.01546,0.18674,1.47297,0.03054,0.00000,0.32184,0.02299,2,5,0.73946,-0.11283,0.68886,420.00000,0.20000,52,0:x-0.112:y-0.435:f0.39:tf12.59:p0.0000:tok1;15:x0.027:y-0.428:f9.82:tf12.59:p0.0268:tok2;30:x0.028:y-0.366:f9.66:tf12.59:p0.0284:tok2;45:x0.028:y-0.265:f9.54:tf12.59:p0.0282:tok6;60:x0.026:y-0.149:f18.17:tf17.89:p0.0258:tok4;75:x0.029:y-0.016:f19.30:tf17.89:p0.0291:tok4;90:x0.030:y0.118:f20.72:tf17.89:p0.0302:tok6;95:x0.029:y0.155:f20.50:tf17.89:p0.0289:tok6
ablate_no_transition_planner,actuator_saturation,6,1002,,0,0.90625,3.32832,2.11124,0.18608,1.50186,0.03011,0.00000,0.00000,0.02299,2,5,0.68233,-0.09646,0.65904,672.28982,0.22216,37,0:x-0.111:y-0.445:f0.07:tf12.59:p0.0000:tok1;15:x0.026:y-0.436:f9.71:tf12.59:p0.0263:tok5;30:x0.029:y-0.372:f10.30:tf12.59:p0.0287:tok6;45:x0.030:y-0.271:f10.55:tf12.59:p0.0297:tok4;60:x0.024:y-0.151:f15.60:tf17.89:p0.0244:tok6;75:x0.024:y-0.030:f16.63:tf17.89:p0.0235:tok6;90:x0.023:y0.093:f15.24:tf17.89:p0.0226:tok6;95:x0.022:y0.129:f15.37:tf17.89:p0.0224:tok2
ablate_no_safety_penalty,actuator_saturation,6,1002,,0,0.90625,3.31282,2.16583,0.18521,1.58525,0.03103,0.00000,0.00000,0.02299,2,5,0.69946,-0.10429,0.66439,669.16467,0.22215,36,0:x-0.112:y-0.425:f0.00:tf12.59:p0.0000:tok1;15:x0.026:y-0.418:f10.23:tf12.59:p0.0261:tok6;30:x0.028:y-0.361:f9.52:tf12.59:p0.0281:tok2;45:x0.029:y-0.259:f10.20:tf12.59:p0.0290:tok4;60:x0.024:y-0.141:f17.02:tf17.89:p0.0243:tok6;75:x0.023:y-0.023:f14.96:tf17.89:p0.0231:tok6;90:x0.023:y0.098:f15.12:tf17.89:p0.0226:tok6;95:x0.023:y0.134:f15.81:tf17.89:p0.0232:tok6
ablate_no_slip_context,actuator_saturation,6,1002,,0,0.90625,3.09249,1.64116,0.17290,1.61014,0.03116,0.00000,0.12644,0.02299,2,5,0.72574,-0.10017,0.68166,672.33826,0.22215,49,0:x-0.105:y-0.433:f0.00:tf12.59:p0.0000:tok1;15:x0.028:y-0.424:f10.74:tf12.59:p0.0283:tok4;30:x0.030:y-0.360:f10.99:tf12.59:p0.0301:tok6;45:x0.031:y-0.257:f10.64:tf12.59:p0.0310:tok6;60:x0.025:y-0.138:f16.47:tf17.89:p0.0250:tok6;75:x0.023:y-0.016:f15.38:tf17.89:p0.0234:tok5;90:x0.024:y0.112:f16.67:tf17.89:p0.0241:tok6;95:x0.023:y0.149:f14.86:tf17.89:p0.0231:tok5
ablate_no_tail_risk_objective,actuator_saturation,6,1002,,1,0.90625,2.42806,0.66654,0.13575,1.76616,0.03322,0.01149,0.42529,0.01149,1,5,0.74371,-0.10044,0.77388,670.25034,0.22218,20,0:x-0.114:y-0.415:f0.17:tf12.59:p0.0000:tok1;15:x0.026:y-0.408:f9.57:tf12.59:p0.0260:tok5;30:x0.033:y-0.334:f11.72:tf12.59:p0.0330:tok3;45:x0.033:y-0.222:f11.63:tf12.59:p0.0330:tok3;60:x0.027:y-0.094:f18.45:tf17.89:p0.0266:tok3;75:x0.026:y0.047:f17.88:tf17.89:p0.0262:tok3;90:x0.025:y0.189:f16.74:tf17.89:p0.0254:tok3;95:x0.025:y0.228:f17.42:tf17.89:p0.0255:tok3
ablate_no_calibration_guard,actuator_saturation,6,1002,,0,0.90625,2.44492,1.48044,0.13669,1.64585,0.03475,0.00000,0.16092,0.05747,5,5,1.03379,-0.16019,0.69730,669.73153,0.22216,33,0:x-0.119:y-0.422:f0.09:tf12.59:p0.0000:tok1;15:x0.034:y-0.413:f11.76:tf12.59:p0.0342:tok7;30:x0.031:y-0.348:f10.90:tf12.59:p0.0313:tok6;45:x0.031:y-0.245:f10.39:tf12.59:p0.0315:tok7;60:x0.025:y-0.131:f17.57:tf17.89:p0.0249:tok6;75:x0.024:y-0.007:f15.87:tf17.89:p0.0238:tok6;90:x0.024:y0.125:f16.68:tf17.89:p0.0244:tok6;95:x0.023:y0.163:f16.47:tf17.89:p0.0234:tok6
ablate_no_phase_memory,actuator_saturation,6,1002,,1,0.90625,2.61297,0.55845,0.14609,1.73959,0.03279,0.01149,0.51724,0.02299,2,5,0.85704,-0.12804,0.76630,665.29355,0.22223,37,0:x-0.124:y-0.429:f0.06:tf12.59:p0.0000:tok1;15:x0.025:y-0.422:f9.45:tf12.59:p0.0251:tok5;30:x0.030:y-0.356:f11.68:tf12.59:p0.0301:tok4;45:x0.032:y-0.246:f11.26:tf12.59:p0.0323:tok3;60:x0.026:y-0.113:f17.26:tf17.89:p0.0257:tok3;75:x0.027:y0.034:f17.56:tf17.89:p0.0266:tok3;90:x0.026:y0.181:f17.53:tf17.89:p0.0259:tok3;95:x0.026:y0.222:f16.46:tf17.89:p0.0255:tok3
impedance_token_policy_v4,actuator_saturation,6,1002,,1,0.90625,2.41147,0.55825,0.13482,1.55513,0.03318,0.00000,0.44828,0.03448,3,5,0.75207,-0.07846,0.76888,667.60537,0.22221,54,0:x-0.109:y-0.420:f0.16:tf12.59:p0.0000:tok1;15:x0.026:y-0.413:f9.55:tf12.59:p0.0259:tok5;30:x0.033:y-0.350:f11.52:tf12.59:p0.0327:tok6;45:x0.031:y-0.236:f11.75:tf12.59:p0.0314:tok2;60:x0.026:y-0.108:f18.06:tf17.89:p0.0262:tok3;75:x0.026:y0.037:f17.14:tf17.89:p0.0265:tok3;90:x0.026:y0.181:f17.90:tf17.89:p0.0256:tok3;95:x0.027:y0.223:f18.37:tf17.89:p0.0271:tok7
learned_only_token_replacement,actuator_saturation,6,1002,,1,0.90625,3.18588,1.45352,0.17812,1.93821,0.03592,0.04598,0.59770,0.01149,1,7,0.60311,-0.14445,0.81662,666.51766,0.22215,0,0:x-0.108:y-0.435:f0.28:tf12.59:p0.0000:tok-1;15:x0.020:y-0.427:f7.41:tf12.59:p0.0204:tok-1;30:x0.031:y-0.351:f11.28:tf12.59:p0.0310:tok-1;45:x0.035:y-0.223:f11.76:tf12.59:p0.0347:tok-1;60:x0.030:y-0.073:f19.96:tf17.89:p0.0301:tok-1;75:x0.028:y0.081:f18.78:tf17.89:p0.0284:tok-1;90:x0.027:y0.227:f17.89:tf17.89:p0.0268:tok-1;95:x0.027:y0.265:f18.37:tf17.89:p0.0270:tok-1
token_full_v5,actuator_saturation,6,1003,,0,0.90625,2.77387,1.73237,0.16204,1.03254,0.02618,0.00000,0.29885,0.00000,0,5,0.67031,-0.09328,0.68777,638.72928,0.26427,44,0:x-0.110:y-0.439:f0.00:tf11.55:p0.0000:tok1;15:x0.021:y-0.433:f9.64:tf11.55:p0.0214:tok6;30:x0.023:y-0.369:f9.61:tf11.55:p0.0233:tok6;45:x0.024:y-0.272:f9.93:tf11.55:p0.0241:tok4;60:x0.025:y-0.151:f17.15:tf17.12:p0.0250:tok4;75:x0.024:y-0.016:f15.40:tf17.12:p0.0240:tok4;90:x0.023:y0.117:f14.84:tf17.12:p0.0229:tok4;95:x0.023:y0.155:f14.70:tf17.12:p0.0227:tok4
ablate_no_memory,actuator_saturation,6,1003,,1,0.88542,2.54481,1.04820,0.14866,1.16369,0.02936,0.00000,0.54118,0.01176,1,5,0.57804,-0.09744,0.75971,647.95591,0.26427,9,0:x-0.122:y-0.429:f0.39:tf11.55:p0.0000:tok3;15:x0.019:y-0.424:f8.78:tf11.55:p0.0185:tok5;30:x0.022:y-0.369:f9.26:tf11.55:p0.0225:tok6;45:x0.026:y-0.269:f11.25:tf11.55:p0.0255:tok3;60:x0.029:y-0.128:f19.41:tf17.12:p0.0285:tok3;75:x0.027:y0.027:f17.78:tf17.12:p0.0266:tok3;90:x0.025:y0.176:f17.08:tf17.12:p0.0255:tok3;95:x0.025:y0.216:f17.33:tf17.12:p0.0253:tok3
ablate_no_discrete_tokens,actuator_saturation,6,1003,,0,0.91667,1.92723,1.42453,0.11258,1.29804,0.03181,0.00000,0.60227,0.04545,4,5,0.88104,-0.11802,0.86036,642.28658,0.26423,0,0:x-0.123:y-0.422:f0.70:tf11.55:p0.0000:tok1;15:x0.029:y-0.413:f12.19:tf11.55:p0.0288:tok1;30:x0.027:y-0.337:f10.66:tf11.55:p0.0265:tok1;45:x0.028:y-0.207:f11.83:tf11.55:p0.0281:tok1;60:x0.030:y-0.049:f19.81:tf17.12:p0.0302:tok1;75:x0.027:y0.115:f17.50:tf17.12:p0.0274:tok1;90:x0.027:y0.266:f17.37:tf17.12:p0.0266:tok1;95:x0.027:y0.303:f17.96:tf17.12:p0.0267:tok1
ablate_no_force_update,actuator_saturation,6,1003,,0,0.90625,2.71098,1.86005,0.15837,1.18973,0.02959,0.00000,0.41379,0.01149,1,5,0.62980,-0.07675,0.68811,420.00000,0.20000,34,0:x-0.103:y-0.434:f0.00:tf11.55:p0.0000:tok1;15:x0.022:y-0.427:f10.83:tf11.55:p0.0225:tok7;30:x0.023:y-0.372:f9.52:tf11.55:p0.0231:tok6;45:x0.023:y-0.286:f9.69:tf11.55:p0.0231:tok6;60:x0.025:y-0.163:f16.80:tf17.12:p0.0250:tok4;75:x0.029:y-0.023:f18.36:tf17.12:p0.0291:tok4;90:x0.029:y0.115:f18.64:tf17.12:p0.0293:tok4;95:x0.029:y0.155:f20.37:tf17.12:p0.0293:tok6
ablate_no_transition_planner,actuator_saturation,6,1003,,0,0.90625,2.80054,1.69383,0.16360,1.01360,0.02634,0.00000,0.29885,0.00000,0,5,0.69295,-0.10153,0.69145,641.28634,0.26428,43,0:x-0.113:y-0.430:f0.00:tf11.55:p0.0000:tok1;15:x0.021:y-0.424:f9.71:tf11.55:p0.0210:tok6;30:x0.022:y-0.366:f9.63:tf11.55:p0.0222:tok6;45:x0.023:y-0.269:f9.51:tf11.55:p0.0233:tok4;60:x0.025:y-0.148:f17.25:tf17.12:p0.0251:tok4;75:x0.024:y-0.013:f16.09:tf17.12:p0.0239:tok4;90:x0.023:y0.121:f14.75:tf17.12:p0.0227:tok4;95:x0.023:y0.158:f14.44:tf17.12:p0.0226:tok6
ablate_no_safety_penalty,actuator_saturation,6,1003,,0,0.90625,2.80797,1.77900,0.16404,1.05764,0.02598,0.00000,0.35632,0.00000,0,5,0.68400,-0.09665,0.68765,639.06403,0.26431,33,0:x-0.112:y-0.427:f0.29:tf11.55:p0.0000:tok1;15:x0.021:y-0.421:f8.40:tf11.55:p0.0207:tok2;30:x0.023:y-0.365:f10.08:tf11.55:p0.0229:tok6;45:x0.022:y-0.276:f9.33:tf11.55:p0.0225:tok6;60:x0.025:y-0.160:f16.87:tf17.12:p0.0249:tok4;75:x0.024:y-0.022:f15.31:tf17.12:p0.0242:tok4;90:x0.023:y0.116:f15.13:tf17.12:p0.0229:tok4;95:x0.023:y0.154:f14.42:tf17.12:p0.0226:tok6
ablate_no_slip_context,actuator_saturation,6,1003,,0,0.89583,2.85246,1.72113,0.16664,1.09762,0.02606,0.00000,0.16279,0.02326,2,5,0.82133,-0.12008,0.67209,644.36140,0.26424,38,0:x-0.125:y-0.425:f0.00:tf11.55:p0.0000:tok1;15:x0.021:y-0.419:f10.52:tf11.55:p0.0213:tok6;30:x0.023:y-0.363:f9.22:tf11.55:p0.0233:tok6;45:x0.024:y-0.273:f10.92:tf11.55:p0.0236:tok6;60:x0.026:y-0.156:f18.11:tf17.12:p0.0261:tok6;75:x0.023:y-0.031:f15.14:tf17.12:p0.0234:tok6;90:x0.023:y0.099:f14.50:tf17.12:p0.0232:tok2;95:x0.023:y0.140:f14.42:tf17.12:p0.0231:tok2
ablate_no_tail_risk_objective,actuator_saturation,6,1003,,1,0.90625,2.06722,1.04355,0.12076,1.13822,0.02951,0.00000,0.45977,0.04598,4,5,0.74038,-0.09876,0.76680,643.81958,0.26420,19,0:x-0.119:y-0.434:f0.27:tf11.55:p0.0000:tok1;15:x0.021:y-0.428:f10.36:tf11.55:p0.0215:tok7;30:x0.026:y-0.348:f11.00:tf11.55:p0.0264:tok3;45:x0.026:y-0.234:f10.40:tf11.55:p0.0260:tok3;60:x0.029:y-0.102:f18.98:tf17.12:p0.0286:tok3;75:x0.027:y0.042:f17.09:tf17.12:p0.0266:tok3;90:x0.026:y0.184:f16.71:tf17.12:p0.0255:tok3;95:x0.025:y0.222:f16.77:tf17.12:p0.0254:tok3
ablate_no_calibration_guard,actuator_saturation,6,1003,,0,0.90625,2.15343,1.56315,0.12580,1.17460,0.02953,0.00000,0.09195,0.01149,1,5,0.89244,-0.12650,0.67325,647.39619,0.26412,21,0:x-0.113:y-0.422:f0.00:tf11.55:p0.0000:tok1;15:x0.030:y-0.414:f12.35:tf11.55:p0.0295:tok7;30:x0.024:y-0.352:f9.82:tf11.55:p0.0239:tok6;45:x0.026:y-0.254:f10.52:tf11.55:p0.0256:tok6;60:x0.027:y-0.140:f18.04:tf17.12:p0.0271:tok6;75:x0.024:y-0.019:f16.14:tf17.12:p0.0240:tok6;90:x0.023:y0.105:f14.64:tf17.12:p0.0227:tok6;95:x0.023:y0.141:f14.53:tf17.12:p0.0231:tok7
ablate_no_phase_memory,actuator_saturation,6,1003,,1,0.90625,2.29753,1.07266,0.13422,1.15463,0.02972,0.00000,0.50575,0.03448,3,5,0.72567,-0.09584,0.76427,641.73085,0.26423,34,0:x-0.114:y-0.427:f0.29:tf11.55:p0.0000:tok1;15:x0.021:y-0.421:f9.53:tf11.55:p0.0211:tok6;30:x0.024:y-0.359:f9.84:tf11.55:p0.0236:tok2;45:x0.026:y-0.248:f10.60:tf11.55:p0.0258:tok3;60:x0.029:y-0.111:f19.26:tf17.12:p0.0289:tok3;75:x0.027:y0.037:f17.44:tf17.12:p0.0268:tok3;90:x0.025:y0.181:f15.79:tf17.12:p0.0254:tok3;95:x0.025:y0.220:f15.93:tf17.12:p0.0253:tok3
impedance_token_policy_v4,actuator_saturation,6,1003,,0,0.89583,2.18673,1.32476,0.12774,1.06034,0.02834,0.00000,0.51163,0.00000,0,5,0.80080,-0.10152,0.71947,651.03774,0.26424,57,0:x-0.123:y-0.445:f0.22:tf11.55:p0.0000:tok1;15:x0.023:y-0.439:f10.05:tf11.55:p0.0228:tok7;30:x0.025:y-0.374:f10.81:tf11.55:p0.0246:tok2;45:x0.026:y-0.254:f10.30:tf11.55:p0.0258:tok4;60:x0.026:y-0.122:f18.15:tf17.12:p0.0264:tok4;75:x0.024:y0.009:f15.67:tf17.12:p0.0241:tok4;90:x0.025:y0.138:f16.77:tf17.12:p0.0248:tok4;95:x0.025:y0.180:f15.91:tf17.12:p0.0246:tok7
learned_only_token_replacement,actuator_saturation,6,1003,,1,0.89583,2.69310,2.14197,0.15733,1.31765,0.03446,0.00000,0.59302,0.01163,1,11,0.66311,-0.17187,0.81413,640.26069,0.26414,0,0:x-0.121:y-0.434:f0.00:tf11.55:p0.0000:tok-1;15:x0.018:y-0.428:f9.11:tf11.55:p0.0182:tok-1;30:x0.025:y-0.354:f10.51:tf11.55:p0.0248:tok-1;45:x0.027:y-0.227:f11.16:tf11.55:p0.0270:tok-1;60:x0.031:y-0.075:f20.71:tf17.12:p0.0311:tok-1;75:x0.029:y0.081:f18.78:tf17.12:p0.0294:tok-1;90:x0.027:y0.226:f18.10:tf17.12:p0.0272:tok-1;95:x0.027:y0.263:f16.64:tf17.12:p0.0268:tok-1
token_full_v5,actuator_saturation,7,1000,,0,0.90625,3.24555,3.17636,0.18508,1.40516,0.02592,0.00000,0.19540,0.01149,1,5,0.64498,-0.08589,0.67119,591.48494,0.29659,44,0:x-0.102:y-0.437:f0.00:tf11.77:p0.0000:tok1;15:x0.022:y-0.430:f9.21:tf11.77:p0.0219:tok2;30:x0.024:y-0.366:f10.09:tf11.77:p0.0241:tok6;45:x0.025:y-0.271:f16.53:tf11.77:p0.0255:tok6;60:x0.018:y-0.150:f10.55:tf11.77:p0.0183:tok4;75:x0.024:y-0.016:f14.90:tf17.54:p0.0245:tok6;90:x0.025:y0.104:f15.09:tf17.54:p0.0252:tok4;95:x0.026:y0.140:f16.42:tf17.54:p0.0259:tok4
ablate_no_memory,actuator_saturation,7,1000,,0,0.89583,2.77416,1.55372,0.15819,1.18721,0.02854,0.00000,0.39535,0.02326,2,5,0.56884,-0.08043,0.73404,584.93768,0.29676,12,0:x-0.115:y-0.430:f0.32:tf11.77:p0.0000:tok3;15:x0.020:y-0.425:f9.75:tf11.77:p0.0196:tok0;30:x0.025:y-0.365:f9.98:tf11.77:p0.0251:tok6;45:x0.024:y-0.267:f13.87:tf11.77:p0.0245:tok6;60:x0.020:y-0.160:f11.77:tf11.77:p0.0196:tok3;75:x0.028:y-0.008:f16.02:tf17.54:p0.0277:tok3;90:x0.028:y0.150:f16.25:tf17.54:p0.0285:tok3;95:x0.028:y0.193:f16.52:tf17.54:p0.0285:tok3
ablate_no_discrete_tokens,actuator_saturation,7,1000,,0,0.91667,1.98080,0.81074,0.11295,1.48962,0.03039,0.00000,0.63636,0.02273,2,5,0.87674,-0.11600,0.85653,589.30325,0.29665,0,0:x-0.121:y-0.447:f0.00:tf11.77:p0.0000:tok1;15:x0.030:y-0.435:f11.91:tf11.77:p0.0298:tok1;30:x0.029:y-0.350:f11.22:tf11.77:p0.0288:tok1;45:x0.030:y-0.211:f17.53:tf11.77:p0.0299:tok1;60:x0.020:y-0.052:f12.14:tf11.77:p0.0204:tok1;75:x0.030:y0.112:f17.73:tf17.54:p0.0300:tok1;90:x0.029:y0.263:f17.18:tf17.54:p0.0294:tok1;95:x0.030:y0.300:f17.72:tf17.54:p0.0298:tok1
ablate_no_force_update,actuator_saturation,7,1000,,0,0.90625,2.35912,1.28416,0.13453,1.21005,0.03155,0.00000,0.35632,0.03448,3,5,0.61253,-0.06640,0.68096,420.00000,0.20000,26,0:x-0.101:y-0.426:f0.50:tf11.77:p0.0000:tok1;15:x0.024:y-0.419:f10.42:tf11.77:p0.0244:tok2;30:x0.024:y-0.365:f8.83:tf11.77:p0.0239:tok2;45:x0.024:y-0.278:f14.13:tf11.77:p0.0240:tok6;60:x0.021:y-0.168:f12.34:tf11.77:p0.0209:tok4;75:x0.030:y-0.034:f18.27:tf17.54:p0.0304:tok4;90:x0.032:y0.107:f19.06:tf17.54:p0.0315:tok4;95:x0.031:y0.148:f17.96:tf17.54:p0.0314:tok4
ablate_no_transition_planner,actuator_saturation,7,1000,,0,0.90625,3.23672,3.36345,0.18457,1.20837,0.02574,0.00000,0.10345,0.02299,2,5,0.70249,-0.10513,0.67154,593.84771,0.29658,38,0:x-0.113:y-0.424:f0.36:tf11.77:p0.0000:tok1;15:x0.023:y-0.416:f9.82:tf11.77:p0.0227:tok4;30:x0.024:y-0.357:f9.74:tf11.77:p0.0242:tok6;45:x0.025:y-0.262:f14.22:tf11.77:p0.0252:tok4;60:x0.018:y-0.144:f10.29:tf11.77:p0.0181:tok4;75:x0.024:y-0.015:f13.25:tf17.54:p0.0243:tok6;90:x0.025:y0.104:f14.53:tf17.54:p0.0248:tok6;95:x0.026:y0.140:f15.33:tf17.54:p0.0257:tok4
ablate_no_safety_penalty,actuator_saturation,7,1000,,0,0.90625,3.32526,3.35870,0.18962,1.18950,0.02570,0.00000,0.21839,0.01149,1,7,0.71877,-0.10589,0.65944,592.07644,0.29662,38,0:x-0.114:y-0.438:f0.00:tf11.77:p0.0000:tok1;15:x0.021:y-0.431:f8.39:tf11.77:p0.0213:tok2;30:x0.024:y-0.368:f9.56:tf11.77:p0.0241:tok6;45:x0.025:y-0.274:f13.98:tf11.77:p0.0246:tok6;60:x0.018:y-0.164:f10.01:tf11.77:p0.0179:tok4;75:x0.024:y-0.030:f14.30:tf17.54:p0.0244:tok6;90:x0.025:y0.093:f14.11:tf17.54:p0.0250:tok6;95:x0.026:y0.130:f16.17:tf17.54:p0.0257:tok4
ablate_no_slip_context,actuator_saturation,7,1000,,0,0.90625,2.87485,2.10137,0.16394,1.28563,0.02734,0.00000,0.26437,0.01149,1,5,0.76691,-0.10778,0.68198,597.82699,0.29658,39,0:x-0.105:y-0.431:f0.00:tf11.77:p0.0000:tok1;15:x0.022:y-0.424:f9.18:tf11.77:p0.0222:tok2;30:x0.024:y-0.367:f9.33:tf11.77:p0.0240:tok6;45:x0.025:y-0.276:f15.13:tf11.77:p0.0248:tok2;60:x0.019:y-0.158:f11.41:tf11.77:p0.0186:tok6;75:x0.026:y-0.018:f15.23:tf17.54:p0.0260:tok6;90:x0.027:y0.113:f16.21:tf17.54:p0.0269:tok6;95:x0.027:y0.150:f15.89:tf17.54:p0.0266:tok6
ablate_no_tail_risk_objective,actuator_saturation,7,1000,,1,0.90625,2.36615,1.43943,0.13493,1.35854,0.02828,0.00000,0.41379,0.02299,2,5,0.66763,-0.08107,0.76182,588.93349,0.29660,19,0:x-0.108:y-0.430:f0.00:tf11.77:p0.0000:tok1;15:x0.024:y-0.422:f10.75:tf11.77:p0.0235:tok7;30:x0.028:y-0.343:f10.74:tf11.77:p0.0279:tok3;45:x0.027:y-0.230:f15.98:tf11.77:p0.0274:tok3;60:x0.020:y-0.102:f10.71:tf11.77:p0.0202:tok3;75:x0.028:y0.040:f16.30:tf17.54:p0.0280:tok3;90:x0.028:y0.180:f16.46:tf17.54:p0.0281:tok3;95:x0.028:y0.218:f16.63:tf17.54:p0.0282:tok3
ablate_no_calibration_guard,actuator_saturation,7,1000,,0,0.90625,2.56030,2.12794,0.14600,1.43737,0.03079,0.00000,0.39080,0.03448,3,5,1.01279,-0.12914,0.73640,595.50557,0.29650,28,0:x-0.104:y-0.431:f0.53:tf11.77:p0.0000:tok1;15:x0.031:y-0.421:f10.87:tf11.77:p0.0307:tok7;30:x0.026:y-0.356:f10.45:tf11.77:p0.0256:tok6;45:x0.027:y-0.255:f15.72:tf11.77:p0.0269:tok7;60:x0.021:y-0.098:f12.42:tf11.77:p0.0208:tok6;75:x0.026:y0.044:f15.84:tf17.54:p0.0261:tok6;90:x0.025:y0.164:f14.65:tf17.54:p0.0254:tok2;95:x0.027:y0.197:f16.60:tf17.54:p0.0266:tok6
ablate_no_phase_memory,actuator_saturation,7,1000,,1,0.90625,2.58362,1.52769,0.14733,1.43168,0.02847,0.00000,0.49425,0.02299,2,5,0.75438,-0.10311,0.75891,585.10264,0.29665,35,0:x-0.117:y-0.430:f0.93:tf11.77:p0.0000:tok1;15:x0.022:y-0.424:f8.64:tf11.77:p0.0217:tok2;30:x0.025:y-0.359:f10.53:tf11.77:p0.0250:tok6;45:x0.027:y-0.248:f16.84:tf11.77:p0.0270:tok3;60:x0.020:y-0.114:f11.38:tf11.77:p0.0203:tok3;75:x0.028:y0.033:f16.67:tf17.54:p0.0276:tok3;90:x0.028:y0.176:f16.10:tf17.54:p0.0283:tok3;95:x0.028:y0.215:f16.89:tf17.54:p0.0285:tok3
impedance_token_policy_v4,actuator_saturation,7,1000,,0,0.90625,2.77245,2.42588,0.15810,1.39631,0.02803,0.00000,0.48276,0.02299,2,5,0.74023,-0.08677,0.72203,597.29493,0.29664,66,0:x-0.109:y-0.440:f0.00:tf11.77:p0.0000:tok1;15:x0.023:y-0.432:f9.99:tf11.77:p0.0235:tok7;30:x0.027:y-0.365:f10.88:tf11.77:p0.0270:tok4;45:x0.027:y-0.250:f16.43:tf11.77:p0.0266:tok5;60:x0.019:y-0.120:f10.71:tf11.77:p0.0186:tok4;75:x0.026:y0.013:f14.91:tf17.54:p0.0259:tok4;90:x0.027:y0.143:f15.83:tf17.54:p0.0270:tok4;95:x0.028:y0.183:f17.15:tf17.54:p0.0280:tok6
learned_only_token_replacement,actuator_saturation,7,1000,,1,0.89583,2.73838,0.76678,0.15615,1.45127,0.03028,0.00000,0.59302,0.02326,2,5,0.64171,-0.16731,0.81046,591.46890,0.29656,0,0:x-0.119:y-0.424:f0.60:tf11.77:p0.0000:tok-1;15:x0.018:y-0.418:f7.99:tf11.77:p0.0181:tok-1;30:x0.026:y-0.347:f9.75:tf11.77:p0.0264:tok-1;45:x0.029:y-0.222:f17.07:tf11.77:p0.0293:tok-1;60:x0.022:y-0.076:f13.79:tf11.77:p0.0224:tok-1;75:x0.030:y0.077:f17.69:tf17.54:p0.0296:tok-1;90:x0.030:y0.222:f18.63:tf17.54:p0.0302:tok-1;95:x0.030:y0.260:f16.77:tf17.54:p0.0300:tok-1
token_full_v5,actuator_saturation,7,1001,,0,0.90625,2.96057,1.66470,0.15110,1.05647,0.03078,0.00000,0.24138,0.01149,1,5,0.80223,-0.13187,0.69370,636.32761,0.24800,45,0:x-0.122:y-0.412:f0.01:tf12.61:p0.0000:tok1;15:x0.025:y-0.406:f10.72:tf12.61:p0.0250:tok4;30:x0.029:y-0.345:f10.75:tf12.61:p0.0290:tok6;45:x0.028:y-0.252:f11.39:tf12.61:p0.0278:tok6;60:x0.027:y-0.138:f10.09:tf12.61:p0.0275:tok6;75:x0.028:y-0.008:f18.45:tf19.59:p0.0283:tok4;90:x0.026:y0.124:f17.06:tf19.59:p0.0263:tok6;95:x0.026:y0.160:f16.10:tf19.59:p0.0259:tok2
ablate_no_memory,actuator_saturation,7,1001,,1,0.89583,2.84680,1.21555,0.14529,1.16497,0.03409,0.00000,0.50000,0.01163,1,5,0.54220,-0.08606,0.75941,637.32172,0.24806,11,0:x-0.111:y-0.429:f0.00:tf12.61:p0.0000:tok3;15:x0.023:y-0.423:f9.89:tf12.61:p0.0226:tok5;30:x0.029:y-0.363:f10.87:tf12.61:p0.0288:tok6;45:x0.029:y-0.267:f11.63:tf12.61:p0.0289:tok3;60:x0.032:y-0.129:f11.82:tf12.61:p0.0316:tok3;75:x0.031:y0.027:f20.18:tf19.59:p0.0312:tok3;90:x0.029:y0.175:f18.96:tf19.59:p0.0295:tok3;95:x0.029:y0.216:f19.70:tf19.59:p0.0294:tok3
ablate_no_discrete_tokens,actuator_saturation,7,1001,,0,0.91667,2.02114,1.58531,0.10315,1.24346,0.03632,0.00000,0.61364,0.02273,2,6,0.92150,-0.13039,0.86097,645.73280,0.24800,0,0:x-0.124:y-0.430:f0.00:tf12.61:p0.0000:tok1;15:x0.033:y-0.419:f11.20:tf12.61:p0.0329:tok1;30:x0.032:y-0.341:f13.16:tf12.61:p0.0320:tok1;45:x0.033:y-0.207:f11.78:tf12.61:p0.0334:tok1;60:x0.034:y-0.048:f13.25:tf12.61:p0.0338:tok1;75:x0.032:y0.117:f21.05:tf19.59:p0.0322:tok1;90:x0.030:y0.267:f19.84:tf19.59:p0.0303:tok1;95:x0.030:y0.304:f19.84:tf19.59:p0.0302:tok1
ablate_no_force_update,actuator_saturation,7,1001,,0,0.90625,3.11785,1.79745,0.15912,1.13610,0.03392,0.00000,0.32184,0.00000,0,5,0.78435,-0.12775,0.69794,420.00000,0.20000,53,0:x-0.120:y-0.420:f0.00:tf12.61:p0.0000:tok1;15:x0.025:y-0.414:f10.24:tf12.61:p0.0254:tok7;30:x0.029:y-0.356:f11.38:tf12.61:p0.0287:tok6;45:x0.027:y-0.254:f10.58:tf12.61:p0.0274:tok4;60:x0.027:y-0.137:f10.27:tf12.61:p0.0271:tok4;75:x0.034:y-0.005:f21.33:tf19.59:p0.0337:tok4;90:x0.034:y0.126:f21.77:tf19.59:p0.0335:tok4;95:x0.034:y0.163:f22.08:tf19.59:p0.0337:tok4
ablate_no_transition_planner,actuator_saturation,7,1001,,0,0.90625,3.05328,1.70065,0.15583,1.05672,0.03082,0.00000,0.24138,0.00000,0,5,0.78932,-0.13368,0.69264,642.33714,0.24801,48,0:x-0.121:y-0.423:f0.22:tf12.61:p0.0000:tok1;15:x0.024:y-0.416:f9.21:tf12.61:p0.0240:tok2;30:x0.028:y-0.355:f10.65:tf12.61:p0.0275:tok6;45:x0.028:y-0.258:f10.42:tf12.61:p0.0282:tok4;60:x0.028:y-0.140:f9.74:tf12.61:p0.0276:tok6;75:x0.028:y-0.009:f18.16:tf19.59:p0.0281:tok4;90:x0.026:y0.123:f16.55:tf19.59:p0.0261:tok6;95:x0.026:y0.159:f17.55:tf19.59:p0.0259:tok6
ablate_no_safety_penalty,actuator_saturation,7,1001,,0,0.90625,3.05615,1.77865,0.15597,1.06511,0.03069,0.00000,0.32184,0.00000,0,5,0.75488,-0.11418,0.69219,633.96738,0.24804,42,0:x-0.116:y-0.430:f0.04:tf12.61:p0.0000:tok1;15:x0.023:y-0.423:f8.93:tf12.61:p0.0225:tok5;30:x0.027:y-0.361:f10.25:tf12.61:p0.0267:tok6;45:x0.028:y-0.268:f11.19:tf12.61:p0.0281:tok4;60:x0.027:y-0.148:f10.84:tf12.61:p0.0274:tok4;75:x0.028:y-0.013:f18.32:tf19.59:p0.0282:tok4;90:x0.026:y0.122:f16.19:tf19.59:p0.0262:tok6;95:x0.026:y0.158:f16.48:tf19.59:p0.0261:tok2
ablate_no_slip_context,actuator_saturation,7,1001,,0,0.90625,2.88840,1.65368,0.14741,0.98352,0.02969,0.00000,0.04598,0.00000,0,5,0.73271,-0.10809,0.67461,633.66758,0.24796,43,0:x-0.111:y-0.414:f0.00:tf12.61:p0.0000:tok1;15:x0.026:y-0.407:f10.04:tf12.61:p0.0257:tok5;30:x0.028:y-0.347:f9.32:tf12.61:p0.0281:tok2;45:x0.028:y-0.256:f11.54:tf12.61:p0.0284:tok6;60:x0.029:y-0.140:f11.87:tf12.61:p0.0293:tok6;75:x0.028:y-0.019:f17.49:tf19.59:p0.0279:tok6;90:x0.027:y0.105:f17.53:tf19.59:p0.0275:tok6;95:x0.027:y0.143:f16.55:tf19.59:p0.0265:tok2
ablate_no_tail_risk_objective,actuator_saturation,7,1001,,1,0.90625,2.19618,1.16240,0.11208,1.19697,0.03442,0.00000,0.47126,0.00000,0,5,0.68778,-0.08184,0.76799,636.78604,0.24798,19,0:x-0.108:y-0.441:f0.02:tf12.61:p0.0000:tok1;15:x0.028:y-0.432:f10.63:tf12.61:p0.0276:tok7;30:x0.031:y-0.348:f12.01:tf12.61:p0.0310:tok3;45:x0.031:y-0.234:f11.69:tf12.61:p0.0313:tok3;60:x0.032:y-0.101:f10.95:tf12.61:p0.0316:tok3;75:x0.032:y0.044:f20.45:tf19.59:p0.0316:tok3;90:x0.029:y0.185:f18.35:tf19.59:p0.0295:tok3;95:x0.029:y0.223:f19.26:tf19.59:p0.0294:tok3
ablate_no_calibration_guard,actuator_saturation,7,1001,,0,0.90625,2.43081,1.39793,0.12406,1.15370,0.03376,0.00000,0.04598,0.00000,0,5,0.95419,-0.15197,0.67296,646.80281,0.24795,22,0:x-0.122:y-0.425:f0.14:tf12.61:p0.0000:tok1;15:x0.034:y-0.416:f12.00:tf12.61:p0.0338:tok7;30:x0.028:y-0.353:f11.14:tf12.61:p0.0283:tok6;45:x0.031:y-0.255:f11.17:tf12.61:p0.0307:tok6;60:x0.029:y-0.140:f10.66:tf12.61:p0.0290:tok6;75:x0.028:y-0.022:f17.58:tf19.59:p0.0279:tok6;90:x0.027:y0.102:f18.63:tf19.59:p0.0274:tok6;95:x0.028:y0.141:f19.00:tf19.59:p0.0276:tok6
ablate_no_phase_memory,actuator_saturation,7,1001,,1,0.90625,2.43555,1.20988,0.12430,1.17663,0.03454,0.00000,0.49425,0.01149,1,5,0.74812,-0.09974,0.76585,641.84917,0.24799,30,0:x-0.112:y-0.426:f0.41:tf12.61:p0.0000:tok1;15:x0.026:y-0.419:f9.71:tf12.61:p0.0258:tok5;30:x0.031:y-0.355:f11.71:tf12.61:p0.0306:tok2;45:x0.031:y-0.245:f10.61:tf12.61:p0.0311:tok3;60:x0.032:y-0.108:f11.99:tf12.61:p0.0320:tok3;75:x0.032:y0.040:f21.28:tf19.59:p0.0317:tok3;90:x0.029:y0.183:f19.88:tf19.59:p0.0295:tok3;95:x0.029:y0.221:f18.75:tf19.59:p0.0290:tok3
impedance_token_policy_v4,actuator_saturation,7,1001,,0,0.90625,2.49612,1.18662,0.12739,1.05665,0.03110,0.00000,0.44828,0.00000,0,5,0.80726,-0.10086,0.73241,641.14600,0.24803,62,0:x-0.117:y-0.432:f0.16:tf12.61:p0.0000:tok1;15:x0.025:y-0.425:f9.25:tf12.61:p0.0252:tok5;30:x0.030:y-0.358:f11.30:tf12.61:p0.0297:tok7;45:x0.030:y-0.243:f10.81:tf12.61:p0.0296:tok2;60:x0.028:y-0.112:f11.95:tf12.61:p0.0283:tok4;75:x0.029:y0.020:f17.89:tf19.59:p0.0285:tok4;90:x0.028:y0.150:f16.97:tf19.59:p0.0276:tok4;95:x0.030:y0.192:f19.29:tf19.59:p0.0296:tok5
learned_only_token_replacement,actuator_saturation,7,1001,,1,0.90625,3.03566,2.46569,0.15493,1.29337,0.03848,0.00000,0.59770,0.01149,1,8,0.70791,-0.19552,0.81349,635.59075,0.24792,0,0:x-0.124:y-0.442:f0.00:tf12.61:p0.0000:tok-1;15:x0.021:y-0.435:f8.95:tf12.61:p0.0205:tok-1;30:x0.029:y-0.358:f10.26:tf12.61:p0.0292:tok-1;45:x0.033:y-0.227:f12.75:tf12.61:p0.0327:tok-1;60:x0.034:y-0.073:f12.91:tf12.61:p0.0341:tok-1;75:x0.035:y0.083:f22.26:tf19.59:p0.0349:tok-1;90:x0.032:y0.226:f20.37:tf19.59:p0.0316:tok-1;95:x0.031:y0.263:f19.74:tf19.59:p0.0310:tok-1
token_full_v5,actuator_saturation,7,1002,,0,0.90625,3.13186,3.30934,0.18400,1.26647,0.02606,0.00000,0.31034,0.01149,1,10,0.70052,-0.09242,0.68826,552.20902,0.28723,44,0:x-0.105:y-0.421:f0.00:tf11.42:p0.0000:tok1;15:x0.021:y-0.414:f9.26:tf11.42:p0.0209:tok6;30:x0.023:y-0.357:f9.70:tf11.42:p0.0231:tok6;45:x0.023:y-0.266:f9.07:tf11.42:p0.0229:tok6;60:x0.020:y-0.153:f10.87:tf11.42:p0.0198:tok4;75:x0.024:y-0.016:f13.30:tf17.02:p0.0236:tok6;90:x0.026:y0.118:f13.82:tf17.02:p0.0258:tok6;95:x0.026:y0.155:f14.35:tf17.02:p0.0258:tok2
ablate_no_memory,actuator_saturation,7,1002,,1,0.88542,2.80315,1.52886,0.16469,1.25299,0.02917,0.00000,0.52941,0.01176,1,5,0.61020,-0.10808,0.75647,553.70463,0.28726,12,0:x-0.127:y-0.435:f0.46:tf11.42:p0.0000:tok3;15:x0.017:y-0.432:f9.22:tf11.42:p0.0175:tok0;30:x0.023:y-0.373:f10.28:tf11.42:p0.0235:tok6;45:x0.025:y-0.276:f9.81:tf11.42:p0.0247:tok3;60:x0.023:y-0.135:f12.40:tf11.42:p0.0228:tok3;75:x0.027:y0.022:f15.65:tf17.02:p0.0272:tok3;90:x0.029:y0.173:f15.91:tf17.02:p0.0291:tok3;95:x0.029:y0.213:f15.95:tf17.02:p0.0291:tok3
ablate_no_discrete_tokens,actuator_saturation,7,1002,,0,0.91667,1.80728,0.86866,0.10618,1.34865,0.03113,0.00000,0.61364,0.03409,3,5,0.82089,-0.10143,0.85995,557.58997,0.28717,0,0:x-0.115:y-0.431:f0.11:tf11.42:p0.0000:tok1;15:x0.029:y-0.421:f11.66:tf11.42:p0.0286:tok1;30:x0.026:y-0.342:f10.49:tf11.42:p0.0264:tok1;45:x0.028:y-0.208:f10.81:tf11.42:p0.0278:tok1;60:x0.023:y-0.049:f11.60:tf11.42:p0.0230:tok1;75:x0.030:y0.116:f17.30:tf17.02:p0.0304:tok1;90:x0.030:y0.266:f17.58:tf17.02:p0.0305:tok1;95:x0.030:y0.303:f16.69:tf17.02:p0.0304:tok1
ablate_no_force_update,actuator_saturation,7,1002,,0,0.90625,2.33226,1.34899,0.13702,1.13242,0.03112,0.00000,0.37931,0.02299,2,6,0.63114,-0.07481,0.68749,420.00000,0.20000,25,0:x-0.106:y-0.424:f0.41:tf11.42:p0.0000:tok1;15:x0.023:y-0.417:f8.37:tf11.42:p0.0229:tok5;30:x0.023:y-0.364:f9.60:tf11.42:p0.0233:tok6;45:x0.023:y-0.280:f8.71:tf11.42:p0.0227:tok2;60:x0.021:y-0.157:f11.82:tf11.42:p0.0211:tok4;75:x0.026:y-0.021:f14.51:tf17.02:p0.0256:tok6;90:x0.031:y0.114:f16.91:tf17.02:p0.0309:tok4;95:x0.031:y0.154:f16.84:tf17.02:p0.0311:tok4
ablate_no_transition_planner,actuator_saturation,7,1002,,0,0.89583,3.11342,3.43227,0.18292,1.13970,0.02536,0.00000,0.27907,0.01163,1,6,0.72482,-0.09979,0.67982,562.06412,0.28719,37,0:x-0.115:y-0.417:f0.28:tf11.42:p0.0000:tok1;15:x0.021:y-0.412:f8.71:tf11.42:p0.0212:tok2;30:x0.023:y-0.356:f9.57:tf11.42:p0.0232:tok6;45:x0.023:y-0.270:f9.54:tf11.42:p0.0229:tok6;60:x0.020:y-0.151:f10.07:tf11.42:p0.0200:tok4;75:x0.024:y-0.016:f14.10:tf17.02:p0.0243:tok6;90:x0.025:y0.111:f15.01:tf17.02:p0.0252:tok4;95:x0.025:y0.147:f13.98:tf17.02:p0.0254:tok2
ablate_no_safety_penalty,actuator_saturation,7,1002,,0,0.89583,3.08351,3.31991,0.18116,1.13062,0.02574,0.00000,0.30233,0.01163,1,5,0.74945,-0.10308,0.67138,550.94467,0.28724,37,0:x-0.118:y-0.439:f0.00:tf11.42:p0.0000:tok1;15:x0.020:y-0.433:f8.54:tf11.42:p0.0200:tok5;30:x0.023:y-0.371:f9.61:tf11.42:p0.0233:tok6;45:x0.023:y-0.280:f9.95:tf11.42:p0.0230:tok6;60:x0.020:y-0.168:f11.43:tf11.42:p0.0203:tok4;75:x0.025:y-0.029:f13.73:tf17.02:p0.0250:tok6;90:x0.026:y0.104:f14.25:tf17.02:p0.0257:tok6;95:x0.026:y0.140:f14.25:tf17.02:p0.0257:tok2
ablate_no_slip_context,actuator_saturation,7,1002,,0,0.90625,2.78821,2.27505,0.16381,1.18594,0.02755,0.00000,0.25287,0.02299,2,5,0.84272,-0.09932,0.69920,557.98763,0.28727,39,0:x-0.111:y-0.437:f0.73:tf11.42:p0.0000:tok1;15:x0.021:y-0.430:f9.14:tf11.42:p0.0207:tok6;30:x0.023:y-0.370:f10.26:tf11.42:p0.0230:tok6;45:x0.023:y-0.276:f9.31:tf11.42:p0.0233:tok6;60:x0.021:y-0.162:f11.20:tf11.42:p0.0207:tok6;75:x0.027:y-0.026:f15.13:tf17.02:p0.0267:tok6;90:x0.027:y0.124:f14.60:tf17.02:p0.0265:tok6;95:x0.027:y0.163:f14.24:tf17.02:p0.0266:tok2
ablate_no_tail_risk_objective,actuator_saturation,7,1002,,1,0.90625,2.29490,1.64641,0.13483,1.31866,0.02948,0.00000,0.47126,0.02299,2,5,0.68491,-0.08381,0.76596,550.34286,0.28715,20,0:x-0.112:y-0.437:f0.00:tf11.42:p0.0000:tok1;15:x0.022:y-0.430:f10.42:tf11.42:p0.0223:tok2;30:x0.026:y-0.349:f9.93:tf11.42:p0.0256:tok3;45:x0.026:y-0.235:f9.70:tf11.42:p0.0259:tok3;60:x0.023:y-0.103:f12.77:tf11.42:p0.0228:tok3;75:x0.027:y0.042:f15.81:tf17.02:p0.0273:tok3;90:x0.029:y0.183:f15.58:tf17.02:p0.0292:tok3;95:x0.029:y0.222:f16.89:tf17.02:p0.0295:tok3
ablate_no_calibration_guard,actuator_saturation,7,1002,,0,0.90625,2.47605,2.37412,0.14547,1.22273,0.02905,0.00000,0.21839,0.03448,3,5,1.03650,-0.16062,0.68603,556.46664,0.28716,23,0:x-0.126:y-0.430:f0.00:tf11.42:p0.0000:tok1;15:x0.029:y-0.421:f12.08:tf11.42:p0.0290:tok7;30:x0.024:y-0.357:f9.57:tf11.42:p0.0236:tok6;45:x0.025:y-0.266:f9.52:tf11.42:p0.0250:tok6;60:x0.021:y-0.156:f11.50:tf11.42:p0.0206:tok6;75:x0.027:y-0.026:f14.10:tf17.02:p0.0266:tok7;90:x0.027:y0.117:f15.04:tf17.02:p0.0267:tok6;95:x0.026:y0.153:f14.92:tf17.02:p0.0260:tok7
ablate_no_phase_memory,actuator_saturation,7,1002,,1,0.89583,2.36709,1.50191,0.13907,1.22062,0.02925,0.00000,0.52326,0.01163,1,5,0.76178,-0.10495,0.76378,551.69613,0.28718,33,0:x-0.120:y-0.436:f0.00:tf11.42:p0.0000:tok1;15:x0.022:y-0.429:f8.21:tf11.42:p0.0215:tok2;30:x0.024:y-0.363:f9.48:tf11.42:p0.0244:tok6;45:x0.026:y-0.249:f10.64:tf11.42:p0.0260:tok3;60:x0.023:y-0.111:f12.64:tf11.42:p0.0230:tok3;75:x0.028:y0.037:f15.67:tf17.02:p0.0276:tok3;90:x0.029:y0.181:f15.79:tf17.02:p0.0290:tok3;95:x0.029:y0.220:f15.75:tf17.02:p0.0292:tok3
impedance_token_policy_v4,actuator_saturation,7,1002,,0,0.90625,2.55806,2.32394,0.15029,1.12303,0.02865,0.00000,0.48276,0.02299,2,5,0.76685,-0.09650,0.72915,566.33646,0.28717,59,0:x-0.115:y-0.437:f0.00:tf11.42:p0.0000:tok1;15:x0.021:y-0.431:f9.43:tf11.42:p0.0213:tok6;30:x0.025:y-0.363:f9.92:tf11.42:p0.0251:tok0;45:x0.025:y-0.246:f10.07:tf11.42:p0.0252:tok7;60:x0.021:y-0.116:f11.10:tf11.42:p0.0210:tok4;75:x0.026:y0.017:f14.48:tf17.02:p0.0259:tok4;90:x0.028:y0.149:f15.89:tf17.02:p0.0278:tok0;95:x0.029:y0.189:f16.24:tf17.02:p0.0286:tok0
learned_only_token_replacement,actuator_saturation,7,1002,,1,0.89583,2.38644,0.76923,0.14021,1.40413,0.03166,0.00000,0.56977,0.03488,3,5,0.63769,-0.16371,0.81448,550.89769,0.28708,0,0:x-0.118:y-0.418:f0.00:tf11.42:p0.0000:tok-1;15:x0.018:y-0.412:f8.16:tf11.42:p0.0181:tok-1;30:x0.025:y-0.344:f10.09:tf11.42:p0.0252:tok-1;45:x0.027:y-0.221:f11.68:tf11.42:p0.0273:tok-1;60:x0.025:y-0.072:f14.11:tf11.42:p0.0249:tok-1;75:x0.030:y0.083:f16.55:tf17.02:p0.0296:tok-1;90:x0.032:y0.226:f16.79:tf17.02:p0.0315:tok-1;95:x0.032:y0.264:f17.11:tf17.02:p0.0316:tok-1
token_full_v5,actuator_saturation,7,1003,,0,0.90625,3.04483,2.97116,0.18679,1.20161,0.02285,0.00000,0.31034,0.01149,1,5,0.70775,-0.10430,0.68563,633.29745,0.26347,41,0:x-0.111:y-0.422:f0.00:tf12.13:p0.0000:tok1;15:x0.021:y-0.415:f9.39:tf12.13:p0.0214:tok2;30:x0.022:y-0.362:f9.79:tf12.13:p0.0217:tok6;45:x0.023:y-0.274:f11.11:tf12.13:p0.0228:tok4;60:x0.018:y-0.150:f10.69:tf12.13:p0.0177:tok4;75:x0.021:y-0.014:f13.72:tf16.30:p0.0212:tok6;90:x0.022:y0.116:f13.83:tf16.30:p0.0217:tok4;95:x0.022:y0.153:f13.92:tf16.30:p0.0218:tok4
ablate_no_memory,actuator_saturation,7,1003,,1,0.88542,2.57130,1.38407,0.15774,1.26836,0.02488,0.00000,0.54118,0.01176,1,5,0.59144,-0.09868,0.76008,623.35907,0.26355,9,0:x-0.122:y-0.446:f0.00:tf12.13:p0.0000:tok3;15:x0.021:y-0.441:f10.47:tf12.13:p0.0205:tok0;30:x0.023:y-0.380:f10.83:tf12.13:p0.0230:tok6;45:x0.024:y-0.277:f11.59:tf12.13:p0.0244:tok3;60:x0.020:y-0.134:f12.89:tf12.13:p0.0195:tok3;75:x0.024:y0.024:f15.62:tf16.30:p0.0237:tok3;90:x0.025:y0.175:f15.62:tf16.30:p0.0249:tok3;95:x0.025:y0.216:f15.02:tf16.30:p0.0248:tok3
ablate_no_discrete_tokens,actuator_saturation,7,1003,,0,0.91667,1.84778,0.61309,0.11335,1.41090,0.03101,0.00000,0.63636,0.04545,4,5,0.91727,-0.12478,0.86265,626.94070,0.26346,0,0:x-0.123:y-0.443:f0.00:tf12.13:p0.0000:tok1;15:x0.029:y-0.432:f14.47:tf12.13:p0.0295:tok1;30:x0.026:y-0.348:f11.94:tf12.13:p0.0258:tok1;45:x0.026:y-0.211:f12.00:tf12.13:p0.0260:tok1;60:x0.020:y-0.051:f11.78:tf12.13:p0.0198:tok1;75:x0.026:y0.115:f16.64:tf16.30:p0.0256:tok1;90:x0.026:y0.267:f16.56:tf16.30:p0.0257:tok1;95:x0.026:y0.305:f16.05:tf16.30:p0.0259:tok1
ablate_no_force_update,actuator_saturation,7,1003,,0,0.90625,2.30801,1.29686,0.14159,1.20715,0.02887,0.00000,0.39080,0.03448,3,5,0.71312,-0.09234,0.69063,420.00000,0.20000,23,0:x-0.114:y-0.426:f0.12:tf12.13:p0.0000:tok1;15:x0.024:y-0.420:f10.80:tf12.13:p0.0236:tok7;30:x0.023:y-0.366:f11.32:tf12.13:p0.0232:tok6;45:x0.023:y-0.286:f10.06:tf12.13:p0.0226:tok6;60:x0.021:y-0.166:f14.03:tf12.13:p0.0213:tok4;75:x0.027:y-0.026:f17.56:tf16.30:p0.0266:tok4;90:x0.029:y0.116:f17.32:tf16.30:p0.0287:tok4;95:x0.029:y0.156:f18.42:tf16.30:p0.0288:tok4
ablate_no_transition_planner,actuator_saturation,7,1003,,0,0.90625,2.96118,3.11764,0.18166,1.23886,0.02327,0.00000,0.32184,0.02299,2,9,0.70049,-0.09707,0.69121,621.82835,0.26350,41,0:x-0.109:y-0.419:f0.38:tf12.13:p0.0000:tok1;15:x0.022:y-0.413:f10.26:tf12.13:p0.0220:tok2;30:x0.022:y-0.360:f9.62:tf12.13:p0.0221:tok2;45:x0.023:y-0.267:f10.99:tf12.13:p0.0232:tok4;60:x0.017:y-0.148:f11.50:tf12.13:p0.0174:tok4;75:x0.020:y-0.015:f11.47:tf16.30:p0.0198:tok6;90:x0.022:y0.120:f14.12:tf16.30:p0.0220:tok4;95:x0.022:y0.157:f13.70:tf16.30:p0.0220:tok5
ablate_no_safety_penalty,actuator_saturation,7,1003,,0,0.90625,3.02019,3.36871,0.18528,1.17343,0.02284,0.00000,0.27586,0.02299,2,8,0.67248,-0.09398,0.67032,626.58967,0.26344,28,0:x-0.109:y-0.437:f0.12:tf12.13:p0.0000:tok1;15:x0.022:y-0.429:f10.25:tf12.13:p0.0222:tok4;30:x0.022:y-0.371:f9.82:tf12.13:p0.0221:tok6;45:x0.022:y-0.277:f10.66:tf12.13:p0.0225:tok4;60:x0.018:y-0.154:f11.35:tf12.13:p0.0177:tok4;75:x0.020:y-0.019:f12.76:tf16.30:p0.0200:tok6;90:x0.022:y0.103:f13.58:tf16.30:p0.0216:tok6;95:x0.023:y0.139:f14.78:tf16.30:p0.0227:tok4
ablate_no_slip_context,actuator_saturation,7,1003,,0,0.90625,2.75364,2.14955,0.16892,1.18174,0.02331,0.00000,0.22989,0.02299,2,5,0.85750,-0.12974,0.68545,625.07968,0.26344,39,0:x-0.119:y-0.417:f0.50:tf12.13:p0.0000:tok1;15:x0.022:y-0.411:f10.75:tf12.13:p0.0216:tok6;30:x0.022:y-0.361:f10.23:tf12.13:p0.0217:tok6;45:x0.023:y-0.270:f9.61:tf12.13:p0.0226:tok2;60:x0.018:y-0.156:f11.32:tf12.13:p0.0179:tok6;75:x0.023:y-0.025:f14.63:tf16.30:p0.0231:tok6;90:x0.023:y0.114:f13.88:tf16.30:p0.0227:tok6;95:x0.023:y0.152:f14.38:tf16.30:p0.0232:tok6
ablate_no_tail_risk_objective,actuator_saturation,7,1003,,1,0.90625,2.17954,1.44647,0.13371,1.29955,0.02576,0.00000,0.43678,0.03448,3,5,0.74611,-0.09948,0.76918,629.04143,0.26342,18,0:x-0.116:y-0.425:f0.00:tf12.13:p0.0000:tok1;15:x0.024:y-0.419:f12.32:tf12.13:p0.0236:tok0;30:x0.025:y-0.342:f10.73:tf12.13:p0.0254:tok3;45:x0.025:y-0.230:f11.73:tf12.13:p0.0252:tok3;60:x0.019:y-0.101:f12.13:tf12.13:p0.0194:tok3;75:x0.024:y0.043:f15.54:tf16.30:p0.0235:tok3;90:x0.025:y0.185:f16.00:tf16.30:p0.0245:tok3;95:x0.025:y0.224:f16.09:tf16.30:p0.0247:tok3
ablate_no_calibration_guard,actuator_saturation,7,1003,,0,0.90625,2.58195,1.96865,0.15839,1.33056,0.03035,0.00000,0.28736,0.02299,2,5,1.07372,-0.15470,0.70478,631.73981,0.26344,26,0:x-0.122:y-0.422:f0.62:tf12.13:p0.0000:tok1;15:x0.030:y-0.414:f13.54:tf12.13:p0.0301:tok7;30:x0.023:y-0.353:f10.13:tf12.13:p0.0234:tok6;45:x0.024:y-0.270:f11.31:tf12.13:p0.0240:tok6;60:x0.018:y-0.144:f10.67:tf12.13:p0.0183:tok6;75:x0.023:y-0.012:f13.74:tf16.30:p0.0227:tok7;90:x0.022:y0.129:f13.49:tf16.30:p0.0222:tok7;95:x0.024:y0.169:f15.00:tf16.30:p0.0236:tok6
ablate_no_phase_memory,actuator_saturation,7,1003,,1,0.90625,2.32599,1.34087,0.14269,1.29752,0.02483,0.00000,0.51724,0.01149,1,5,0.81334,-0.11933,0.76672,630.18705,0.26345,31,0:x-0.125:y-0.435:f0.06:tf12.13:p0.0000:tok1;15:x0.021:y-0.429:f10.55:tf12.13:p0.0209:tok6;30:x0.024:y-0.361:f10.64:tf12.13:p0.0238:tok4;45:x0.025:y-0.246:f11.85:tf12.13:p0.0248:tok3;60:x0.020:y-0.111:f12.60:tf12.13:p0.0198:tok3;75:x0.024:y0.037:f14.13:tf16.30:p0.0235:tok3;90:x0.025:y0.183:f16.08:tf16.30:p0.0245:tok3;95:x0.024:y0.222:f14.93:tf16.30:p0.0245:tok3
impedance_token_policy_v4,actuator_saturation,7,1003,,0,0.90625,2.39290,2.19528,0.14679,1.28083,0.02542,0.00000,0.47126,0.02299,2,5,0.77723,-0.09822,0.73537,627.81890,0.26344,65,0:x-0.113:y-0.425:f0.14:tf12.13:p0.0000:tok1;15:x0.024:y-0.418:f10.78:tf12.13:p0.0235:tok7;30:x0.024:y-0.355:f11.70:tf12.13:p0.0240:tok5;45:x0.025:y-0.241:f10.82:tf12.13:p0.0247:tok4;60:x0.018:y-0.110:f11.31:tf12.13:p0.0183:tok4;75:x0.022:y0.022:f13.19:tf16.30:p0.0221:tok3;90:x0.024:y0.153:f15.21:tf16.30:p0.0243:tok2;95:x0.024:y0.195:f14.36:tf16.30:p0.0242:tok0
learned_only_token_replacement,actuator_saturation,7,1003,,1,0.90625,2.36655,0.79049,0.14518,1.35871,0.02619,0.00000,0.56322,0.03448,3,5,0.64238,-0.16432,0.81483,624.19032,0.26337,0,0:x-0.117:y-0.417:f0.09:tf12.13:p0.0000:tok-1;15:x0.019:y-0.411:f9.94:tf12.13:p0.0192:tok-1;30:x0.025:y-0.343:f12.10:tf12.13:p0.0246:tok-1;45:x0.026:y-0.221:f12.06:tf12.13:p0.0261:tok-1;60:x0.021:y-0.075:f12.43:tf12.13:p0.0209:tok-1;75:x0.025:y0.082:f15.78:tf16.30:p0.0251:tok-1;90:x0.026:y0.226:f16.08:tf16.30:p0.0262:tok-1;95:x0.026:y0.264:f16.38:tf16.30:p0.0261:tok-1
