method,split,seed,episodes,success_rate,mean_mean_abs_force_error,mean_post_shift_force_error,mean_normalized_force_error,mean_peak_overshoot,mean_safety_violation_rate,mean_slip_rate,mean_chatter_rate,mean_settling_latency,mean_energy,mean_final_progress,mean_token_switches
adaptive_impedance_control,actuator_saturation,0,6,1.00000,1.96376,0.84885,0.11223,1.73372,0.01498,0.58240,0.02435,5.00000,0.88386,0.83583,0.00000
adaptive_impedance_control,actuator_saturation,1,6,1.00000,1.83699,0.76545,0.10879,1.63279,0.00749,0.57865,0.03558,5.00000,0.95035,0.83418,0.00000
adaptive_impedance_control,actuator_saturation,2,6,1.00000,1.83344,0.98022,0.10585,1.50228,0.00187,0.57865,0.03745,5.50000,0.91595,0.83741,0.00000
adaptive_impedance_control,actuator_saturation,3,6,0.83333,1.95359,0.76506,0.11417,1.68788,0.01311,0.58614,0.04682,5.00000,0.93227,0.83349,0.00000
adaptive_impedance_control,actuator_saturation,4,6,1.00000,1.82658,1.01517,0.10804,1.55973,0.00375,0.57759,0.02620,6.00000,0.94305,0.83650,0.00000
adaptive_impedance_control,actuator_saturation,5,6,1.00000,1.83572,0.82593,0.10652,1.55906,0.00375,0.57678,0.02996,5.00000,0.94821,0.83687,0.00000
adaptive_impedance_control,actuator_saturation,6,6,0.83333,1.96707,0.79744,0.11369,1.64571,0.01311,0.57865,0.03933,5.00000,0.94362,0.83325,0.00000
adaptive_impedance_control,actuator_saturation,7,6,1.00000,1.86291,0.75328,0.10925,1.55516,0.00562,0.57865,0.03933,5.00000,0.95193,0.83561,0.00000
adaptive_impedance_control,combined_extreme_stress,0,6,1.00000,2.14511,1.46536,0.11691,1.64032,0.00375,0.53096,0.12006,5.00000,0.80871,0.79284,0.00000
adaptive_impedance_control,combined_extreme_stress,1,6,0.83333,2.35811,2.19839,0.12600,1.72470,0.00751,0.52255,0.13353,7.00000,0.89206,0.80003,0.00000
adaptive_impedance_control,combined_extreme_stress,2,6,1.00000,2.25347,1.70573,0.12179,1.67919,0.00754,0.53566,0.13734,5.83333,0.81939,0.80194,0.00000
adaptive_impedance_control,combined_extreme_stress,3,6,1.00000,2.24661,2.41044,0.12646,1.56194,0.01124,0.53673,0.14120,7.33333,0.85692,0.80389,0.00000
adaptive_impedance_control,combined_extreme_stress,4,6,1.00000,2.25147,2.03520,0.11749,1.54035,0.00000,0.53111,0.12811,6.66667,0.86063,0.80434,0.00000
adaptive_impedance_control,combined_extreme_stress,5,6,1.00000,2.31907,2.10616,0.12720,1.54744,0.00000,0.52917,0.13924,8.00000,0.88029,0.80401,0.00000
adaptive_impedance_control,combined_extreme_stress,6,6,1.00000,2.15434,1.68545,0.11326,1.59006,0.00377,0.53017,0.14352,5.00000,0.84183,0.79994,0.00000
adaptive_impedance_control,combined_extreme_stress,7,6,1.00000,2.05101,1.60540,0.11155,1.57397,0.00000,0.52736,0.12619,5.66667,0.85830,0.79793,0.00000
adaptive_impedance_control,combined_stress,0,6,0.66667,2.16107,1.03407,0.12783,1.87289,0.02809,0.55056,0.05056,5.00000,0.80895,0.79766,0.00000
adaptive_impedance_control,combined_stress,1,6,1.00000,2.05599,0.99549,0.12535,1.78257,0.01507,0.53950,0.08091,5.00000,0.85419,0.79452,0.00000
adaptive_impedance_control,combined_stress,2,6,1.00000,2.08997,1.02855,0.12309,1.74301,0.01498,0.54409,0.10313,5.00000,0.81991,0.79777,0.00000
adaptive_impedance_control,combined_stress,3,6,1.00000,2.02212,1.05001,0.12175,1.65234,0.00936,0.55535,0.07501,5.00000,0.83365,0.79581,0.00000
adaptive_impedance_control,combined_stress,4,6,0.83333,2.08980,0.97471,0.12324,1.77009,0.02622,0.52996,0.05993,5.00000,0.85221,0.79272,0.00000
adaptive_impedance_control,combined_stress,5,6,1.00000,1.88622,1.04652,0.11348,1.62256,0.00562,0.54601,0.09753,5.00000,0.84309,0.79416,0.00000
adaptive_impedance_control,combined_stress,6,6,1.00000,2.01015,1.17050,0.11773,1.66111,0.00562,0.54324,0.09961,5.33333,0.85305,0.80055,0.00000
adaptive_impedance_control,combined_stress,7,6,1.00000,2.04366,1.44286,0.11644,1.60955,0.00187,0.53371,0.08801,6.33333,0.86316,0.79073,0.00000
adaptive_impedance_control,contact_transition,0,6,1.00000,1.65030,0.63566,0.11207,1.44003,0.00000,0.58053,0.01873,5.00000,0.83864,0.82862,0.00000
adaptive_impedance_control,contact_transition,1,6,1.00000,1.60320,0.73194,0.10578,1.48896,0.00187,0.57442,0.02636,5.00000,0.88403,0.82854,0.00000
adaptive_impedance_control,contact_transition,2,6,1.00000,1.59686,0.62320,0.10794,1.44520,0.00000,0.57303,0.03371,5.00000,0.86510,0.82967,0.00000
adaptive_impedance_control,contact_transition,3,6,0.83333,1.58924,0.70846,0.10497,1.43032,0.00000,0.57678,0.04120,5.00000,0.87986,0.82830,0.00000
adaptive_impedance_control,contact_transition,4,6,1.00000,1.63103,0.66350,0.11163,1.48625,0.00000,0.57303,0.03184,5.00000,0.90617,0.82681,0.00000
adaptive_impedance_control,contact_transition,5,6,1.00000,1.60240,0.63596,0.10909,1.47596,0.00000,0.57303,0.02809,5.00000,0.88682,0.82879,0.00000
adaptive_impedance_control,contact_transition,6,6,1.00000,1.58427,0.76446,0.10748,1.38931,0.00000,0.57225,0.03562,5.00000,0.88320,0.83004,0.00000
adaptive_impedance_control,contact_transition,7,6,1.00000,1.70307,0.64798,0.11341,1.45132,0.00000,0.56929,0.03371,5.00000,0.90169,0.82184,0.00000
adaptive_impedance_control,delayed_mode_switch,0,6,0.33333,2.09993,1.56525,0.12540,2.14011,0.04494,0.56367,0.02809,5.00000,0.83621,0.83078,0.00000
adaptive_impedance_control,delayed_mode_switch,1,6,0.50000,2.23106,2.77823,0.12999,1.98729,0.03192,0.55914,0.04133,7.50000,0.92998,0.82951,0.00000
adaptive_impedance_control,delayed_mode_switch,2,6,0.66667,1.98100,1.15744,0.12155,2.02709,0.03745,0.56554,0.04307,5.00000,0.86340,0.83045,0.00000
adaptive_impedance_control,delayed_mode_switch,3,6,0.66667,2.18160,3.36505,0.13171,1.91525,0.02247,0.56554,0.03745,9.66667,0.89903,0.83269,0.00000
adaptive_impedance_control,delayed_mode_switch,4,6,0.33333,2.12394,2.13046,0.12688,2.18295,0.03371,0.55618,0.03184,6.83333,0.90852,0.83250,0.00000
adaptive_impedance_control,delayed_mode_switch,5,6,0.83333,2.03953,2.54265,0.11609,1.80797,0.03190,0.54786,0.05069,6.66667,0.90743,0.82603,0.00000
adaptive_impedance_control,delayed_mode_switch,6,6,0.50000,2.14245,2.55155,0.13192,2.08249,0.03745,0.55618,0.05243,6.33333,0.90583,0.83337,0.00000
adaptive_impedance_control,delayed_mode_switch,7,6,0.50000,1.97313,1.72144,0.11573,1.99377,0.02811,0.56288,0.03750,6.16667,0.89668,0.83152,0.00000
adaptive_impedance_control,friction_slip_shift,0,6,0.83333,1.41350,0.48777,0.11840,1.26876,0.00000,0.57564,0.01311,5.00000,0.87635,0.82551,0.00000
adaptive_impedance_control,friction_slip_shift,1,6,1.00000,1.46719,0.49528,0.12322,1.26050,0.00000,0.57303,0.01873,5.00000,0.96970,0.82264,0.00000
adaptive_impedance_control,friction_slip_shift,2,6,1.00000,1.43166,0.59646,0.12432,1.26968,0.00000,0.56742,0.02247,5.16667,0.91146,0.82879,0.00000
adaptive_impedance_control,friction_slip_shift,3,6,1.00000,1.43503,0.55982,0.12458,1.27146,0.00000,0.57303,0.01685,5.00000,0.91155,0.83100,0.00000
adaptive_impedance_control,friction_slip_shift,4,6,1.00000,1.37146,0.40031,0.11150,1.25285,0.00000,0.56929,0.02060,5.00000,0.90779,0.82036,0.00000
adaptive_impedance_control,friction_slip_shift,5,6,1.00000,1.44897,0.54492,0.12117,1.25176,0.00000,0.57491,0.00937,5.00000,0.94126,0.82390,0.00000
adaptive_impedance_control,friction_slip_shift,6,6,1.00000,1.30552,0.46530,0.11164,1.22116,0.00000,0.56742,0.01311,5.00000,0.89968,0.82745,0.00000
adaptive_impedance_control,friction_slip_shift,7,6,1.00000,1.40789,0.41115,0.11434,1.29276,0.00000,0.57116,0.01873,5.00000,0.92973,0.82213,0.00000
adaptive_impedance_control,nominal_surface_tracking,0,6,0.66667,1.34980,0.35984,0.11159,1.28459,0.00000,0.59925,0.01311,5.00000,0.90755,0.85494,0.00000
adaptive_impedance_control,nominal_surface_tracking,1,6,1.00000,1.36922,0.35559,0.11624,1.24145,0.00000,0.59176,0.01311,5.00000,0.98476,0.85546,0.00000
adaptive_impedance_control,nominal_surface_tracking,2,6,0.50000,1.35389,0.37501,0.11059,1.23469,0.00000,0.59363,0.01124,5.00000,0.92481,0.85469,0.00000
adaptive_impedance_control,nominal_surface_tracking,3,6,0.50000,1.37532,0.40205,0.11395,1.24808,0.00000,0.60112,0.01311,5.00000,0.94952,0.85503,0.00000
adaptive_impedance_control,nominal_surface_tracking,4,6,0.83333,1.32670,0.34390,0.10737,1.25080,0.00000,0.58802,0.01498,5.00000,0.94279,0.85409,0.00000
adaptive_impedance_control,nominal_surface_tracking,5,6,0.83333,1.38104,0.38099,0.11571,1.26995,0.00000,0.59176,0.01311,5.00000,0.96238,0.85390,0.00000
adaptive_impedance_control,nominal_surface_tracking,6,6,0.83333,1.33367,0.34488,0.11061,1.25308,0.00000,0.58989,0.01124,5.00000,0.95457,0.85370,0.00000
adaptive_impedance_control,nominal_surface_tracking,7,6,0.66667,1.29598,0.36888,0.10798,1.24203,0.00000,0.59551,0.01498,5.00000,0.95337,0.85557,0.00000
adaptive_impedance_control,sensor_noise_burst,0,6,0.66667,1.67158,0.61973,0.10654,1.35196,0.00000,0.59363,0.08240,5.00000,0.89989,0.84660,0.00000
adaptive_impedance_control,sensor_noise_burst,1,6,1.00000,1.74289,0.66181,0.10532,1.43708,0.00000,0.58427,0.08240,5.00000,0.98367,0.84261,0.00000
adaptive_impedance_control,sensor_noise_burst,2,6,0.66667,1.78138,0.63183,0.11257,1.38698,0.00000,0.58989,0.08240,5.16667,0.94600,0.84222,0.00000
adaptive_impedance_control,sensor_noise_burst,3,6,0.83333,1.74416,0.67877,0.10980,1.39811,0.00000,0.59176,0.07491,5.00000,0.95917,0.84501,0.00000
adaptive_impedance_control,sensor_noise_burst,4,6,1.00000,1.78177,0.57896,0.11010,1.47692,0.00749,0.58802,0.05805,5.00000,0.97258,0.84248,0.00000
adaptive_impedance_control,sensor_noise_burst,5,6,1.00000,1.80344,0.73936,0.11093,1.43396,0.00187,0.58615,0.06742,5.00000,0.98105,0.84502,0.00000
adaptive_impedance_control,sensor_noise_burst,6,6,0.83333,1.77281,0.71149,0.11317,1.43018,0.00000,0.58427,0.07865,5.00000,0.96555,0.84465,0.00000
adaptive_impedance_control,sensor_noise_burst,7,6,1.00000,1.70008,0.59039,0.10333,1.52736,0.00187,0.58802,0.04120,5.00000,0.98520,0.84445,0.00000
adaptive_impedance_control,stick_slip_cycle,0,6,0.83333,1.36667,0.54871,0.09744,1.21924,0.00000,0.57491,0.02435,5.00000,0.84218,0.82178,0.00000
adaptive_impedance_control,stick_slip_cycle,1,6,1.00000,1.41962,0.56385,0.10319,1.23415,0.00000,0.56554,0.03933,5.00000,0.92538,0.82138,0.00000
adaptive_impedance_control,stick_slip_cycle,2,6,1.00000,1.42655,0.59451,0.10067,1.26758,0.00000,0.56367,0.03183,5.00000,0.87529,0.81592,0.00000
adaptive_impedance_control,stick_slip_cycle,3,6,1.00000,1.36553,0.58405,0.10139,1.20765,0.00000,0.56929,0.02622,5.00000,0.88251,0.81454,0.00000
adaptive_impedance_control,stick_slip_cycle,4,6,1.00000,1.36765,0.57556,0.09552,1.22282,0.00000,0.56741,0.03184,5.00000,0.89379,0.82543,0.00000
adaptive_impedance_control,stick_slip_cycle,5,6,1.00000,1.37994,0.52529,0.10336,1.25792,0.00000,0.57116,0.02434,5.00000,0.89287,0.81892,0.00000
adaptive_impedance_control,stick_slip_cycle,6,6,1.00000,1.44105,0.58620,0.10234,1.27344,0.00000,0.56099,0.04311,5.00000,0.88681,0.81535,0.00000
adaptive_impedance_control,stick_slip_cycle,7,6,1.00000,1.38309,0.54474,0.09856,1.24868,0.00000,0.56180,0.02060,5.00000,0.90149,0.81944,0.00000
adaptive_impedance_control,stiffness_shift,0,6,0.33333,1.98555,0.60701,0.16935,1.86010,0.02809,0.60112,0.01311,5.00000,0.90219,0.85188,0.00000
adaptive_impedance_control,stiffness_shift,1,6,0.66667,2.09720,0.54707,0.16898,2.00632,0.03381,0.59102,0.02066,5.00000,0.97896,0.84964,0.00000
adaptive_impedance_control,stiffness_shift,2,6,0.33333,2.00334,0.75266,0.17343,1.96902,0.03371,0.59363,0.01311,5.16667,0.91245,0.84960,0.00000
adaptive_impedance_control,stiffness_shift,3,6,0.33333,2.06600,0.59192,0.16533,1.94392,0.03371,0.59738,0.01311,5.00000,0.97253,0.84838,0.00000
adaptive_impedance_control,stiffness_shift,4,6,0.66667,1.91951,0.68257,0.15846,1.96516,0.03750,0.59100,0.01313,6.00000,0.91022,0.85059,0.00000
adaptive_impedance_control,stiffness_shift,5,6,0.50000,2.07813,0.58660,0.17305,1.91749,0.02996,0.58989,0.01311,5.00000,0.98651,0.84931,0.00000
adaptive_impedance_control,stiffness_shift,6,6,0.66667,2.09979,0.51671,0.17927,1.95796,0.03184,0.59551,0.01124,5.00000,0.95836,0.85042,0.00000
adaptive_impedance_control,stiffness_shift,7,6,0.66667,1.97314,0.87549,0.16405,1.85341,0.02996,0.59551,0.01498,5.66667,0.95561,0.85019,0.00000
adaptive_impedance_control,surface_discontinuity,0,6,1.00000,1.63574,0.95832,0.09927,1.28314,0.00000,0.57116,0.03184,5.00000,0.84141,0.82409,0.00000
adaptive_impedance_control,surface_discontinuity,1,6,1.00000,1.73852,1.14266,0.10352,1.31079,0.00000,0.56099,0.03941,6.16667,0.91232,0.82217,0.00000
adaptive_impedance_control,surface_discontinuity,2,6,1.00000,1.64504,1.02471,0.10145,1.29584,0.00000,0.56929,0.04307,5.00000,0.86102,0.82593,0.00000
adaptive_impedance_control,surface_discontinuity,3,6,1.00000,1.70638,0.93167,0.10260,1.28642,0.00000,0.57303,0.04120,5.00000,0.90066,0.82468,0.00000
adaptive_impedance_control,surface_discontinuity,4,6,1.00000,1.60555,1.02554,0.10229,1.27849,0.00000,0.56554,0.02996,6.00000,0.87703,0.82352,0.00000
adaptive_impedance_control,surface_discontinuity,5,6,1.00000,1.68471,0.91688,0.10493,1.34622,0.00000,0.56554,0.03558,5.00000,0.88344,0.82529,0.00000
adaptive_impedance_control,surface_discontinuity,6,6,1.00000,1.68783,1.08992,0.09945,1.30001,0.00000,0.56929,0.04869,6.33333,0.88902,0.82800,0.00000
adaptive_impedance_control,surface_discontinuity,7,6,1.00000,1.58189,0.89935,0.09762,1.26479,0.00000,0.56286,0.04126,5.00000,0.87307,0.82198,0.00000
adaptive_impedance_control,target_force_jump,0,6,0.66667,1.42770,0.94000,0.08542,1.28919,0.00000,0.59023,0.02445,5.00000,0.78537,0.83756,0.00000
adaptive_impedance_control,target_force_jump,1,6,1.00000,1.45436,1.17288,0.08133,1.30497,0.00000,0.57955,0.03409,5.00000,0.85635,0.83401,0.00000
adaptive_impedance_control,target_force_jump,2,6,0.66667,1.48887,0.99899,0.08481,1.36986,0.00000,0.58491,0.03769,5.00000,0.81059,0.83670,0.00000
adaptive_impedance_control,target_force_jump,3,6,0.66667,1.43654,0.90241,0.08843,1.27604,0.00000,0.58948,0.03573,5.00000,0.83651,0.83592,0.00000
adaptive_impedance_control,target_force_jump,4,6,0.66667,1.38322,0.96639,0.07972,1.27390,0.00000,0.58604,0.02458,5.00000,0.82860,0.83946,0.00000
adaptive_impedance_control,target_force_jump,5,6,0.83333,1.45512,0.97828,0.08282,1.30253,0.00000,0.58523,0.02462,5.00000,0.82580,0.83515,0.00000
adaptive_impedance_control,target_force_jump,6,6,0.83333,1.49536,1.21680,0.08369,1.33562,0.00000,0.58225,0.04160,5.00000,0.83365,0.83814,0.00000
adaptive_impedance_control,target_force_jump,7,6,0.83333,1.45956,0.96850,0.08429,1.34808,0.00000,0.58412,0.03026,5.00000,0.83139,0.83451,0.00000
admittance_switching_control,actuator_saturation,0,6,1.00000,2.05899,1.03576,0.11763,1.72452,0.00749,0.56180,0.03932,5.00000,1.13785,0.80502,0.00000
admittance_switching_control,actuator_saturation,1,6,1.00000,1.91217,0.81760,0.11313,1.62268,0.00187,0.56554,0.04307,5.00000,1.18625,0.80911,0.00000
admittance_switching_control,actuator_saturation,2,6,1.00000,1.97286,1.25084,0.11371,1.61675,0.00187,0.53745,0.03558,5.16667,1.14023,0.81265,0.00000
admittance_switching_control,actuator_saturation,3,6,1.00000,2.10376,0.95710,0.12273,1.64189,0.00375,0.52622,0.04494,5.00000,1.20686,0.80778,0.00000
admittance_switching_control,actuator_saturation,4,6,1.00000,1.93778,1.06192,0.11471,1.58281,0.00187,0.55618,0.03933,6.16667,1.18964,0.80891,0.00000
admittance_switching_control,actuator_saturation,5,6,1.00000,1.94153,1.03319,0.11247,1.64801,0.00187,0.56367,0.04494,5.00000,1.18717,0.81010,0.00000
admittance_switching_control,actuator_saturation,6,6,1.00000,2.07332,0.97233,0.11973,1.65850,0.00562,0.52809,0.02996,5.00000,1.14194,0.80764,0.00000
admittance_switching_control,actuator_saturation,7,6,1.00000,1.93346,0.84964,0.11351,1.62505,0.00187,0.55993,0.04120,5.00000,1.13810,0.81076,0.00000
admittance_switching_control,combined_extreme_stress,0,6,1.00000,2.06915,1.48370,0.11266,1.64038,0.00562,0.51872,0.14794,5.00000,1.08479,0.77927,0.00000
admittance_switching_control,combined_extreme_stress,1,6,0.83333,2.16910,1.71119,0.11581,1.66937,0.00749,0.51311,0.14982,5.16667,1.14384,0.77913,0.00000
admittance_switching_control,combined_extreme_stress,2,6,1.00000,2.11644,1.84787,0.11429,1.60570,0.00187,0.50749,0.13296,5.00000,1.09820,0.78519,0.00000
admittance_switching_control,combined_extreme_stress,3,6,1.00000,2.03094,1.92107,0.11453,1.60294,0.00187,0.48876,0.16105,5.00000,1.15060,0.78350,0.00000
admittance_switching_control,combined_extreme_stress,4,6,0.83333,2.24634,2.24482,0.11707,1.56264,0.00000,0.47565,0.14419,6.00000,1.15326,0.77862,0.00000
admittance_switching_control,combined_extreme_stress,5,6,1.00000,2.12219,1.71384,0.11659,1.52517,0.00000,0.50374,0.14045,5.33333,1.14755,0.78183,0.00000
admittance_switching_control,combined_extreme_stress,6,6,1.00000,2.08700,2.01142,0.10960,1.71474,0.00562,0.50562,0.11423,5.16667,1.09610,0.78200,0.00000
admittance_switching_control,combined_extreme_stress,7,6,1.00000,2.06747,1.74986,0.11209,1.57033,0.00000,0.50749,0.14232,5.00000,1.09285,0.78224,0.00000
admittance_switching_control,combined_stress,0,6,0.83333,2.12665,0.99150,0.12550,1.80800,0.01873,0.51498,0.08240,5.00000,1.11908,0.78410,0.00000
admittance_switching_control,combined_stress,1,6,1.00000,2.05075,0.98158,0.12468,1.71627,0.00749,0.52247,0.10675,5.00000,1.16064,0.78473,0.00000
admittance_switching_control,combined_stress,2,6,0.83333,2.11830,1.24573,0.12480,1.75690,0.01685,0.52060,0.07491,5.00000,1.12520,0.78385,0.00000
admittance_switching_control,combined_stress,3,6,1.00000,2.03039,1.15110,0.12215,1.65530,0.00375,0.50749,0.08427,5.00000,1.17959,0.78633,0.00000
admittance_switching_control,combined_stress,4,6,0.83333,2.10584,0.95895,0.12409,1.76632,0.01124,0.52247,0.08053,5.00000,1.16713,0.78137,0.00000
admittance_switching_control,combined_stress,5,6,1.00000,1.85944,0.99320,0.11186,1.64970,0.00562,0.54682,0.08427,5.00000,1.14365,0.79022,0.00000
admittance_switching_control,combined_stress,6,6,1.00000,1.95840,1.22010,0.11471,1.68367,0.00562,0.52996,0.07491,5.00000,1.10127,0.78895,0.00000
admittance_switching_control,combined_stress,7,6,1.00000,2.02788,1.37445,0.11572,1.69428,0.00749,0.53184,0.07678,5.66667,1.10929,0.78326,0.00000
admittance_switching_control,contact_transition,0,6,1.00000,1.70783,0.68453,0.11604,1.78107,0.01124,0.56367,0.03558,5.00000,1.10892,0.81242,0.00000
admittance_switching_control,contact_transition,1,6,0.83333,1.67988,0.75730,0.11085,1.92462,0.01311,0.56367,0.03371,5.00000,1.15547,0.81158,0.00000
admittance_switching_control,contact_transition,2,6,1.00000,1.63169,0.55837,0.11018,1.84561,0.01124,0.54120,0.03558,5.00000,1.11848,0.81324,0.00000
admittance_switching_control,contact_transition,3,6,1.00000,1.68141,0.75665,0.11102,1.88041,0.01124,0.55244,0.02809,5.00000,1.16876,0.81320,0.00000
admittance_switching_control,contact_transition,4,6,1.00000,1.68240,0.60897,0.11498,1.81837,0.01124,0.55805,0.04307,5.00000,1.16233,0.81229,0.00000
admittance_switching_control,contact_transition,5,6,1.00000,1.70350,0.76249,0.11616,1.81407,0.01124,0.56554,0.02996,5.00000,1.16179,0.81372,0.00000
admittance_switching_control,contact_transition,6,6,1.00000,1.62912,0.80526,0.11045,1.84806,0.01124,0.55056,0.03183,5.33333,1.10053,0.81445,0.00000
admittance_switching_control,contact_transition,7,6,1.00000,1.81485,0.78848,0.12076,1.82735,0.01124,0.54495,0.02996,5.00000,1.12120,0.80938,0.00000
admittance_switching_control,delayed_mode_switch,0,6,0.66667,2.15102,1.48225,0.12848,2.02225,0.04307,0.54120,0.05056,5.00000,1.11063,0.79507,0.00000
admittance_switching_control,delayed_mode_switch,1,6,0.50000,2.27902,2.62900,0.13283,1.93125,0.02996,0.50936,0.04682,7.16667,1.16907,0.79024,0.00000
admittance_switching_control,delayed_mode_switch,2,6,0.66667,2.07866,1.42105,0.12735,1.94397,0.03745,0.54682,0.03745,5.00000,1.13363,0.80007,0.00000
admittance_switching_control,delayed_mode_switch,3,6,0.66667,2.20139,3.11703,0.13271,1.86271,0.01498,0.50187,0.04682,8.33333,1.17257,0.79419,0.00000
admittance_switching_control,delayed_mode_switch,4,6,0.33333,2.15094,1.77161,0.12859,2.15549,0.03558,0.50374,0.05244,6.50000,1.15870,0.79791,0.00000
admittance_switching_control,delayed_mode_switch,5,6,1.00000,2.04644,2.31261,0.11637,1.80986,0.02622,0.52622,0.05431,6.66667,1.17246,0.79437,0.00000
admittance_switching_control,delayed_mode_switch,6,6,0.83333,2.12240,2.30123,0.13041,1.92629,0.03371,0.50187,0.04307,6.50000,1.10826,0.79638,0.00000
admittance_switching_control,delayed_mode_switch,7,6,0.66667,2.03543,1.56630,0.11955,1.98556,0.02996,0.54120,0.04120,6.00000,1.11405,0.79928,0.00000
admittance_switching_control,friction_slip_shift,0,6,1.00000,1.40403,0.50183,0.11749,1.46248,0.00000,0.55243,0.01873,5.00000,1.09536,0.81205,0.00000
admittance_switching_control,friction_slip_shift,1,6,1.00000,1.42358,0.42543,0.11976,1.46903,0.00000,0.55618,0.02996,5.00000,1.15841,0.81126,0.00000
admittance_switching_control,friction_slip_shift,2,6,1.00000,1.44990,0.48710,0.12603,1.50318,0.00000,0.54869,0.01873,5.00000,1.11521,0.81300,0.00000
admittance_switching_control,friction_slip_shift,3,6,1.00000,1.49577,0.50275,0.13002,1.56245,0.00000,0.55430,0.01873,5.00000,1.16670,0.81368,0.00000
admittance_switching_control,friction_slip_shift,4,6,1.00000,1.42279,0.38036,0.11560,1.54830,0.00000,0.55618,0.01686,5.00000,1.15079,0.81060,0.00000
admittance_switching_control,friction_slip_shift,5,6,1.00000,1.40393,0.46306,0.11724,1.46348,0.00000,0.56367,0.02435,5.00000,1.15637,0.81134,0.00000
admittance_switching_control,friction_slip_shift,6,6,1.00000,1.32964,0.38308,0.11338,1.56742,0.00187,0.55244,0.01498,5.00000,1.09510,0.81325,0.00000
admittance_switching_control,friction_slip_shift,7,6,1.00000,1.43378,0.40094,0.11636,1.53747,0.00187,0.55618,0.02434,5.00000,1.10561,0.81101,0.00000
admittance_switching_control,nominal_surface_tracking,0,6,1.00000,1.34947,0.23775,0.11160,1.60977,0.00000,0.57116,0.01311,5.00000,1.11016,0.82732,0.00000
admittance_switching_control,nominal_surface_tracking,1,6,1.00000,1.36394,0.30596,0.11578,1.59799,0.00000,0.57303,0.01498,5.00000,1.16714,0.82748,0.00000
admittance_switching_control,nominal_surface_tracking,2,6,1.00000,1.36341,0.25315,0.11144,1.58968,0.00187,0.55993,0.02060,5.00000,1.12412,0.82710,0.00000
admittance_switching_control,nominal_surface_tracking,3,6,1.00000,1.38596,0.26446,0.11486,1.60566,0.00187,0.56367,0.01498,5.00000,1.17616,0.82727,0.00000
admittance_switching_control,nominal_surface_tracking,4,6,1.00000,1.35064,0.27952,0.10924,1.63713,0.00375,0.56741,0.01498,5.00000,1.16226,0.82677,0.00000
admittance_switching_control,nominal_surface_tracking,5,6,1.00000,1.39009,0.29697,0.11665,1.60017,0.00187,0.57490,0.01498,5.00000,1.16858,0.82702,0.00000
admittance_switching_control,nominal_surface_tracking,6,6,1.00000,1.31651,0.26598,0.10906,1.56163,0.00000,0.56180,0.01311,5.00000,1.11422,0.82691,0.00000
admittance_switching_control,nominal_surface_tracking,7,6,1.00000,1.31261,0.30876,0.10937,1.63030,0.00375,0.56929,0.00937,5.00000,1.11206,0.82753,0.00000
admittance_switching_control,sensor_noise_burst,0,6,1.00000,1.67887,0.78889,0.10677,1.54736,0.00000,0.56742,0.06742,5.00000,1.11782,0.81937,0.00000
admittance_switching_control,sensor_noise_burst,1,6,1.00000,1.85001,0.77650,0.11209,1.54597,0.00000,0.56554,0.08801,5.00000,1.18022,0.81665,0.00000
admittance_switching_control,sensor_noise_burst,2,6,1.00000,1.80382,0.74254,0.11400,1.52034,0.00000,0.55618,0.07304,5.00000,1.14195,0.81790,0.00000
admittance_switching_control,sensor_noise_burst,3,6,1.00000,1.77965,0.82175,0.11213,1.55879,0.00187,0.55992,0.07490,5.00000,1.19129,0.81904,0.00000
admittance_switching_control,sensor_noise_burst,4,6,1.00000,1.86623,0.66392,0.11552,1.55106,0.00187,0.54682,0.07116,5.00000,1.18211,0.81789,0.00000
admittance_switching_control,sensor_noise_burst,5,6,1.00000,1.82835,0.85330,0.11236,1.50364,0.00000,0.57303,0.07678,5.00000,1.19019,0.81785,0.00000
admittance_switching_control,sensor_noise_burst,6,6,1.00000,1.80592,0.65768,0.11517,1.50181,0.00000,0.54958,0.06540,5.00000,1.12936,0.81885,0.00000
admittance_switching_control,sensor_noise_burst,7,6,1.00000,1.73975,0.75462,0.10580,1.51032,0.00000,0.56742,0.06180,5.00000,1.13665,0.81624,0.00000
admittance_switching_control,stick_slip_cycle,0,6,1.00000,1.43115,0.68193,0.10212,1.49650,0.00000,0.55243,0.03371,5.00000,1.08637,0.80757,0.00000
admittance_switching_control,stick_slip_cycle,1,6,1.00000,1.43102,0.53402,0.10395,1.46597,0.00000,0.55243,0.03933,5.00000,1.14097,0.80607,0.00000
admittance_switching_control,stick_slip_cycle,2,6,1.00000,1.47623,0.67536,0.10432,1.46851,0.00000,0.53933,0.02622,5.00000,1.10926,0.80387,0.00000
admittance_switching_control,stick_slip_cycle,3,6,1.00000,1.44021,0.59711,0.10669,1.54846,0.00187,0.54682,0.02809,5.00000,1.15265,0.80379,0.00000
admittance_switching_control,stick_slip_cycle,4,6,1.00000,1.50915,0.77278,0.10547,1.52112,0.00187,0.55056,0.02435,5.00000,1.14417,0.80822,0.00000
admittance_switching_control,stick_slip_cycle,5,6,1.00000,1.45120,0.57759,0.10868,1.44750,0.00000,0.55431,0.03933,5.00000,1.14187,0.80645,0.00000
admittance_switching_control,stick_slip_cycle,6,6,1.00000,1.49482,0.64838,0.10587,1.50688,0.00000,0.53371,0.02996,5.00000,1.09088,0.80361,0.00000
admittance_switching_control,stick_slip_cycle,7,6,1.00000,1.45579,0.57198,0.10382,1.46665,0.00000,0.54869,0.03558,5.00000,1.09102,0.80508,0.00000
admittance_switching_control,stiffness_shift,0,6,1.00000,2.06883,0.64806,0.17634,1.82662,0.02435,0.57304,0.01873,5.50000,1.14545,0.81592,0.00000
admittance_switching_control,stiffness_shift,1,6,0.66667,2.20937,0.56977,0.17796,1.95749,0.03184,0.56180,0.01873,5.00000,1.20474,0.81521,0.00000
admittance_switching_control,stiffness_shift,2,6,0.83333,2.13536,0.80625,0.18503,1.88321,0.02996,0.55618,0.02060,5.83333,1.15609,0.81507,0.00000
admittance_switching_control,stiffness_shift,3,6,1.00000,2.21664,0.60085,0.17728,1.86671,0.03183,0.54681,0.02060,5.33333,1.22021,0.81336,0.00000
admittance_switching_control,stiffness_shift,4,6,1.00000,2.06906,0.69837,0.17080,1.92939,0.03558,0.55244,0.02435,6.50000,1.18737,0.81630,0.00000
admittance_switching_control,stiffness_shift,5,6,0.66667,2.21520,0.64669,0.18483,1.86456,0.02996,0.57491,0.01873,5.00000,1.21393,0.81523,0.00000
admittance_switching_control,stiffness_shift,6,6,0.83333,2.23153,0.49276,0.19041,1.90104,0.03183,0.55805,0.02434,5.00000,1.15219,0.81595,0.00000
admittance_switching_control,stiffness_shift,7,6,1.00000,2.09661,0.90616,0.17438,1.82522,0.02247,0.55056,0.02060,6.50000,1.14813,0.81555,0.00000
admittance_switching_control,surface_discontinuity,0,6,1.00000,1.55699,0.90348,0.09433,1.56378,0.00187,0.55243,0.04682,5.00000,1.09347,0.81006,0.00000
admittance_switching_control,surface_discontinuity,1,6,1.00000,1.67290,1.12632,0.09966,1.72456,0.00562,0.55431,0.04120,5.00000,1.14770,0.80857,0.00000
admittance_switching_control,surface_discontinuity,2,6,1.00000,1.59362,0.96068,0.09834,1.65701,0.00375,0.54682,0.03745,5.00000,1.10995,0.81169,0.00000
admittance_switching_control,surface_discontinuity,3,6,1.00000,1.66361,0.93128,0.10004,1.60089,0.00187,0.55243,0.05056,5.00000,1.16279,0.81180,0.00000
admittance_switching_control,surface_discontinuity,4,6,1.00000,1.56371,0.96661,0.09962,1.71865,0.00562,0.55431,0.04120,5.00000,1.14752,0.81078,0.00000
admittance_switching_control,surface_discontinuity,5,6,1.00000,1.66497,0.97467,0.10370,1.59823,0.00187,0.56180,0.04120,5.00000,1.14506,0.81204,0.00000
admittance_switching_control,surface_discontinuity,6,6,1.00000,1.59265,0.96617,0.09408,1.58129,0.00187,0.54682,0.03932,5.00000,1.09697,0.81245,0.00000
admittance_switching_control,surface_discontinuity,7,6,1.00000,1.59252,1.07581,0.09837,1.69705,0.00749,0.54869,0.04307,5.00000,1.09666,0.80971,0.00000
admittance_switching_control,target_force_jump,0,6,1.00000,1.60149,1.40230,0.09575,1.77481,0.00749,0.55993,0.02996,5.00000,1.08474,0.81351,0.00000
admittance_switching_control,target_force_jump,1,6,0.83333,1.69149,1.84435,0.09455,1.82392,0.00937,0.55992,0.03558,5.16667,1.13883,0.81031,0.00000
admittance_switching_control,target_force_jump,2,6,1.00000,1.75353,1.60315,0.09988,1.73641,0.00375,0.55618,0.03558,5.00000,1.10303,0.81143,0.00000
admittance_switching_control,target_force_jump,3,6,1.00000,1.59904,1.23495,0.09848,1.83323,0.00937,0.55618,0.03184,5.00000,1.15068,0.81435,0.00000
admittance_switching_control,target_force_jump,4,6,0.83333,1.61478,1.43519,0.09303,1.82667,0.01124,0.55992,0.03371,5.16667,1.13965,0.81393,0.00000
admittance_switching_control,target_force_jump,5,6,1.00000,1.61923,1.38453,0.09223,1.75366,0.00937,0.56554,0.03745,5.00000,1.14616,0.81123,0.00000
admittance_switching_control,target_force_jump,6,6,1.00000,1.73109,2.04034,0.09688,1.84625,0.00937,0.54682,0.03371,5.00000,1.08699,0.81187,0.00000
admittance_switching_control,target_force_jump,7,6,0.83333,1.69976,1.51054,0.09797,1.88240,0.00937,0.56554,0.03183,5.00000,1.09617,0.81167,0.00000
conformal_safety_gain,actuator_saturation,0,6,0.83333,2.88867,1.08776,0.16507,1.60615,0.00388,0.58803,0.03484,5.00000,0.62204,0.80979,0.00000
conformal_safety_gain,actuator_saturation,1,6,0.83333,2.72446,0.85419,0.16138,1.48780,0.00000,0.58803,0.03480,5.00000,0.62679,0.80549,0.00000
conformal_safety_gain,actuator_saturation,2,6,0.33333,2.70611,1.15565,0.15614,1.40844,0.00000,0.60155,0.02900,5.16667,0.62280,0.81064,0.00000
conformal_safety_gain,actuator_saturation,3,6,0.50000,2.87918,0.99714,0.16827,1.61270,0.00194,0.59850,0.03479,5.00000,0.59951,0.80703,0.00000
conformal_safety_gain,actuator_saturation,4,6,0.50000,2.73309,0.98228,0.16174,1.47301,0.00000,0.59460,0.02510,5.66667,0.62092,0.80960,0.00000
conformal_safety_gain,actuator_saturation,5,6,0.83333,2.70638,0.94509,0.15690,1.45819,0.00000,0.59223,0.02715,5.00000,0.64081,0.80961,0.00000
conformal_safety_gain,actuator_saturation,6,6,0.83333,2.86541,0.94391,0.16579,1.53039,0.00194,0.59576,0.03479,5.00000,0.64649,0.80777,0.00000
conformal_safety_gain,actuator_saturation,7,6,0.83333,2.73473,0.87313,0.16044,1.47658,0.00000,0.59576,0.02321,5.00000,0.62158,0.80731,0.00000
conformal_safety_gain,combined_extreme_stress,0,6,1.00000,3.05650,2.29444,0.16652,1.54368,0.00194,0.54583,0.08187,5.00000,0.59566,0.77236,0.00000
conformal_safety_gain,combined_extreme_stress,1,6,1.00000,2.99463,1.84713,0.15968,1.41616,0.00194,0.54104,0.10933,5.16667,0.61925,0.77729,0.00000
conformal_safety_gain,combined_extreme_stress,2,6,1.00000,3.01554,2.70196,0.16274,1.37275,0.00000,0.56863,0.10211,5.66667,0.59253,0.78032,0.00000
conformal_safety_gain,combined_extreme_stress,3,6,0.83333,2.92858,2.13428,0.16473,1.43735,0.00000,0.55588,0.13703,5.00000,0.57745,0.78145,0.00000
conformal_safety_gain,combined_extreme_stress,4,6,0.83333,3.03398,2.74824,0.15818,1.36745,0.00000,0.55584,0.11938,5.16667,0.59969,0.78159,0.00000
conformal_safety_gain,combined_extreme_stress,5,6,1.00000,2.97818,1.99329,0.16336,1.39348,0.00000,0.54512,0.10785,5.50000,0.62477,0.78195,0.00000
conformal_safety_gain,combined_extreme_stress,6,6,1.00000,3.10786,2.77823,0.16333,1.53994,0.00390,0.55885,0.09818,5.00000,0.60847,0.77808,0.00000
conformal_safety_gain,combined_extreme_stress,7,6,1.00000,2.95355,2.46190,0.16006,1.40439,0.00000,0.55105,0.11548,5.16667,0.58755,0.77551,0.00000
conformal_safety_gain,combined_stress,0,6,1.00000,3.03099,1.46464,0.17941,1.77020,0.01938,0.55426,0.04457,5.00000,0.58280,0.77338,0.00000
conformal_safety_gain,combined_stress,1,6,1.00000,2.91216,1.31354,0.17725,1.63441,0.00586,0.54289,0.05445,5.00000,0.58532,0.76867,0.00000
conformal_safety_gain,combined_stress,2,6,1.00000,3.01200,1.71678,0.17750,1.61367,0.00581,0.56234,0.07198,5.16667,0.57902,0.77185,0.00000
conformal_safety_gain,combined_stress,3,6,1.00000,2.94584,1.66124,0.17726,1.60793,0.00198,0.56843,0.08187,5.16667,0.55105,0.77082,0.00000
conformal_safety_gain,combined_stress,4,6,1.00000,2.93754,1.38440,0.17312,1.62437,0.00775,0.54859,0.06411,5.00000,0.57730,0.76700,0.00000
conformal_safety_gain,combined_stress,5,6,1.00000,2.70967,1.36780,0.16299,1.48616,0.00194,0.55860,0.05456,5.00000,0.59110,0.76955,0.00000
conformal_safety_gain,combined_stress,6,6,1.00000,2.82473,1.50553,0.16539,1.50585,0.00196,0.55465,0.06844,5.00000,0.60584,0.77501,0.00000
conformal_safety_gain,combined_stress,7,6,0.83333,2.85427,1.71421,0.16283,1.44755,0.00000,0.55071,0.05636,5.50000,0.57875,0.76488,0.00000
conformal_safety_gain,contact_transition,0,6,0.66667,2.45415,0.67891,0.16671,1.38539,0.00000,0.58837,0.03493,5.00000,0.59594,0.80319,0.00000
conformal_safety_gain,contact_transition,1,6,0.83333,2.38567,0.74279,0.15735,1.38367,0.00000,0.59143,0.02337,5.00000,0.60061,0.80305,0.00000
conformal_safety_gain,contact_transition,2,6,0.50000,2.36807,0.55601,0.16013,1.37276,0.00000,0.59501,0.02517,5.00000,0.59588,0.80334,0.00000
conformal_safety_gain,contact_transition,3,6,0.66667,2.35728,0.73602,0.15567,1.31429,0.00000,0.59108,0.02907,5.00000,0.57420,0.80205,0.00000
conformal_safety_gain,contact_transition,4,6,0.83333,2.43786,0.60523,0.16686,1.34244,0.00000,0.58721,0.01163,5.00000,0.60096,0.80030,0.00000
conformal_safety_gain,contact_transition,5,6,0.83333,2.39136,0.69563,0.16292,1.34542,0.00000,0.58835,0.02911,5.00000,0.61192,0.80286,0.00000
conformal_safety_gain,contact_transition,6,6,0.83333,2.36191,0.73513,0.16029,1.29247,0.00000,0.58915,0.02326,5.16667,0.61632,0.80350,0.00000
conformal_safety_gain,contact_transition,7,6,0.66667,2.47506,0.78496,0.16467,1.35230,0.00000,0.58915,0.02713,5.00000,0.59713,0.79656,0.00000
conformal_safety_gain,delayed_mode_switch,0,6,0.50000,2.94748,1.55531,0.17599,2.02004,0.03887,0.57588,0.02718,5.00000,0.60643,0.80341,0.00000
conformal_safety_gain,delayed_mode_switch,1,6,0.66667,3.10923,2.67338,0.18126,1.88157,0.02713,0.56783,0.02519,7.16667,0.63135,0.80281,0.00000
conformal_safety_gain,delayed_mode_switch,2,6,0.66667,2.86068,1.47112,0.17531,1.92233,0.03105,0.58837,0.02715,5.00000,0.60578,0.80279,0.00000
conformal_safety_gain,delayed_mode_switch,3,6,0.83333,2.96537,2.79159,0.17900,1.79093,0.01557,0.57673,0.02332,7.83333,0.59725,0.80542,0.00000
conformal_safety_gain,delayed_mode_switch,4,6,0.33333,2.92340,1.52969,0.17461,2.09260,0.03299,0.57668,0.01938,6.00000,0.62024,0.80468,0.00000
conformal_safety_gain,delayed_mode_switch,5,6,1.00000,2.86457,2.29311,0.16296,1.75343,0.02330,0.55727,0.02718,6.66667,0.63484,0.79951,0.00000
conformal_safety_gain,delayed_mode_switch,6,6,0.83333,2.97644,2.20653,0.18315,1.92807,0.03117,0.57779,0.02531,6.66667,0.64112,0.80600,0.00000
conformal_safety_gain,delayed_mode_switch,7,6,0.66667,2.83510,1.67043,0.16635,1.89737,0.02731,0.58099,0.03117,5.50000,0.60714,0.80389,0.00000
conformal_safety_gain,friction_slip_shift,0,6,0.83333,2.22922,0.49425,0.18708,1.11788,0.00000,0.58108,0.01548,5.00000,0.61011,0.80015,0.00000
conformal_safety_gain,friction_slip_shift,1,6,1.00000,2.28060,0.39663,0.19150,1.14761,0.00000,0.57919,0.01352,5.00000,0.63116,0.79718,0.00000
conformal_safety_gain,friction_slip_shift,2,6,0.83333,2.26466,0.43541,0.19689,1.15386,0.00000,0.58273,0.00385,5.00000,0.61666,0.80242,0.00000
conformal_safety_gain,friction_slip_shift,3,6,0.83333,2.24267,0.47684,0.19435,1.11871,0.00000,0.58656,0.01731,5.00000,0.58698,0.80402,0.00000
conformal_safety_gain,friction_slip_shift,4,6,0.66667,2.16132,0.36541,0.17574,1.10664,0.00000,0.58692,0.00383,5.00000,0.59588,0.79470,0.00000
conformal_safety_gain,friction_slip_shift,5,6,1.00000,2.21153,0.41392,0.18482,1.10426,0.00000,0.57614,0.00958,5.00000,0.63043,0.79813,0.00000
conformal_safety_gain,friction_slip_shift,6,6,0.83333,2.07196,0.35547,0.17712,1.07300,0.00000,0.58252,0.00388,5.00000,0.62283,0.80173,0.00000
conformal_safety_gain,friction_slip_shift,7,6,0.66667,2.12181,0.39052,0.17224,1.08364,0.00000,0.57814,0.00967,5.00000,0.60603,0.79619,0.00000
conformal_safety_gain,nominal_surface_tracking,0,6,0.50000,2.18325,0.31072,0.18063,1.05899,0.00000,0.59928,0.00579,5.00000,0.63219,0.82817,0.00000
conformal_safety_gain,nominal_surface_tracking,1,6,0.50000,2.15580,0.31128,0.18295,1.06178,0.00000,0.59850,0.00194,5.00000,0.64716,0.82726,0.00000
conformal_safety_gain,nominal_surface_tracking,2,6,0.16667,2.19322,0.26887,0.17905,1.07424,0.00000,0.61200,0.00192,5.00000,0.63316,0.82743,0.00000
conformal_safety_gain,nominal_surface_tracking,3,6,0.16667,2.19922,0.25927,0.18231,1.09275,0.00000,0.61274,0.00388,5.00000,0.61324,0.82824,0.00000
conformal_safety_gain,nominal_surface_tracking,4,6,0.16667,2.17392,0.31045,0.17588,1.07100,0.00000,0.61006,0.00385,5.00000,0.62397,0.82619,0.00000
conformal_safety_gain,nominal_surface_tracking,5,6,0.33333,2.17296,0.29188,0.18201,1.06120,0.00000,0.60155,0.00194,5.00000,0.65146,0.82626,0.00000
conformal_safety_gain,nominal_surface_tracking,6,6,0.33333,2.13859,0.30423,0.17732,1.06114,0.00000,0.60543,0.00388,5.00000,0.65373,0.82537,0.00000
conformal_safety_gain,nominal_surface_tracking,7,6,0.16667,2.17186,0.33943,0.18109,1.06782,0.00000,0.61272,0.00383,5.00000,0.63045,0.82888,0.00000
conformal_safety_gain,sensor_noise_burst,0,6,0.83333,2.47665,0.68457,0.15764,1.33136,0.00000,0.58850,0.06925,5.00000,0.62658,0.81808,0.00000
conformal_safety_gain,sensor_noise_burst,1,6,0.83333,2.67266,0.74313,0.16164,1.33075,0.00000,0.58690,0.07149,5.00000,0.64526,0.81441,0.00000
conformal_safety_gain,sensor_noise_burst,2,6,0.50000,2.60992,0.64334,0.16497,1.38519,0.00000,0.60002,0.07119,5.00000,0.63563,0.81306,0.00000
conformal_safety_gain,sensor_noise_burst,3,6,0.66667,2.62616,0.83146,0.16537,1.43107,0.00000,0.59538,0.07126,5.00000,0.61345,0.81674,0.00000
conformal_safety_gain,sensor_noise_burst,4,6,0.66667,2.73637,0.76135,0.16942,1.39307,0.00192,0.59690,0.05188,5.16667,0.63408,0.81356,0.00000
conformal_safety_gain,sensor_noise_burst,5,6,1.00000,2.64761,0.73311,0.16311,1.32056,0.00000,0.59037,0.07701,5.00000,0.65831,0.81691,0.00000
conformal_safety_gain,sensor_noise_burst,6,6,0.66667,2.61941,0.60793,0.16730,1.35369,0.00000,0.59957,0.05995,5.00000,0.65808,0.81579,0.00000
conformal_safety_gain,sensor_noise_burst,7,6,0.50000,2.65382,0.71237,0.16144,1.39052,0.00192,0.60238,0.07152,5.00000,0.64111,0.81631,0.00000
conformal_safety_gain,stick_slip_cycle,0,6,1.00000,2.17621,0.66849,0.15517,1.07701,0.00000,0.58333,0.01163,5.00000,0.59613,0.79574,0.00000
conformal_safety_gain,stick_slip_cycle,1,6,1.00000,2.23819,0.52789,0.16273,1.15573,0.00000,0.57171,0.02132,5.00000,0.61586,0.79575,0.00000
conformal_safety_gain,stick_slip_cycle,2,6,1.00000,2.23717,0.64065,0.15824,1.14398,0.00000,0.57728,0.02116,5.00000,0.60079,0.79089,0.00000
conformal_safety_gain,stick_slip_cycle,3,6,1.00000,2.19272,0.59444,0.16259,1.10374,0.00000,0.57338,0.02123,5.00000,0.57242,0.78916,0.00000
conformal_safety_gain,stick_slip_cycle,4,6,0.83333,2.17684,0.72501,0.15230,1.09380,0.00000,0.58031,0.02698,5.00000,0.59513,0.79857,0.00000
conformal_safety_gain,stick_slip_cycle,5,6,1.00000,2.20732,0.54487,0.16528,1.14482,0.00000,0.57556,0.01548,5.00000,0.61075,0.79318,0.00000
conformal_safety_gain,stick_slip_cycle,6,6,0.83333,2.25216,0.60299,0.15979,1.17166,0.00000,0.57951,0.02522,5.00000,0.61595,0.78902,0.00000
conformal_safety_gain,stick_slip_cycle,7,6,0.66667,2.22170,0.58925,0.15859,1.11776,0.00000,0.57953,0.02519,5.00000,0.59667,0.79353,0.00000
conformal_safety_gain,stiffness_shift,0,6,0.16667,2.82910,0.53606,0.24112,1.75067,0.01357,0.60735,0.01354,5.00000,0.62937,0.82105,0.00000
conformal_safety_gain,stiffness_shift,1,6,0.00000,2.99404,0.56494,0.24139,1.86256,0.02508,0.59926,0.01156,5.00000,0.64487,0.81883,0.00000
conformal_safety_gain,stiffness_shift,2,6,0.00000,2.87296,0.66617,0.24864,1.83266,0.02321,0.61706,0.00967,5.00000,0.62507,0.81879,0.00000
conformal_safety_gain,stiffness_shift,3,6,0.33333,2.96293,0.54422,0.23703,1.82887,0.02495,0.59692,0.01343,5.16667,0.61955,0.81756,0.00000
conformal_safety_gain,stiffness_shift,4,6,0.00000,2.80759,0.65826,0.23176,1.84346,0.02515,0.61316,0.01357,6.16667,0.61108,0.81983,0.00000
conformal_safety_gain,stiffness_shift,5,6,0.16667,2.97423,0.49418,0.24814,1.78052,0.02116,0.59614,0.00962,5.00000,0.66112,0.81839,0.00000
conformal_safety_gain,stiffness_shift,6,6,0.00000,3.00044,0.43448,0.25603,1.81988,0.02325,0.60737,0.01161,5.00000,0.65820,0.81977,0.00000
conformal_safety_gain,stiffness_shift,7,6,0.00000,2.89693,0.83666,0.24080,1.78693,0.01733,0.60817,0.01740,5.66667,0.62945,0.82021,0.00000
conformal_safety_gain,surface_discontinuity,0,6,1.00000,2.43434,0.99276,0.14760,1.13469,0.00000,0.57365,0.03101,5.00000,0.59786,0.79856,0.00000
conformal_safety_gain,surface_discontinuity,1,6,0.83333,2.49008,1.12594,0.14838,1.15113,0.00000,0.57752,0.02907,5.00000,0.60951,0.79674,0.00000
conformal_safety_gain,surface_discontinuity,2,6,1.00000,2.36595,0.93327,0.14597,1.11973,0.00000,0.58416,0.02898,5.00000,0.59706,0.80006,0.00000
conformal_safety_gain,surface_discontinuity,3,6,0.83333,2.53328,1.06991,0.15227,1.17322,0.00000,0.58416,0.02321,5.00000,0.58178,0.79813,0.00000
conformal_safety_gain,surface_discontinuity,4,6,0.83333,2.36394,0.98703,0.15074,1.11049,0.00000,0.58760,0.01359,5.00000,0.58853,0.79665,0.00000
conformal_safety_gain,surface_discontinuity,5,6,0.83333,2.46393,0.97126,0.15342,1.19018,0.00000,0.57784,0.02722,5.00000,0.61034,0.79953,0.00000
conformal_safety_gain,surface_discontinuity,6,6,1.00000,2.48183,0.94775,0.14660,1.15931,0.00000,0.58641,0.02912,5.00000,0.62166,0.80215,0.00000
conformal_safety_gain,surface_discontinuity,7,6,0.66667,2.39467,1.09908,0.14798,1.14417,0.00000,0.58682,0.03315,5.00000,0.58618,0.79745,0.00000
conformal_safety_gain,target_force_jump,0,6,0.50000,2.23157,1.24245,0.13352,1.19437,0.00000,0.59692,0.02937,5.00000,0.57699,0.80971,0.00000
conformal_safety_gain,target_force_jump,1,6,0.66667,2.22329,1.57078,0.12421,1.13847,0.00000,0.59608,0.01764,5.00000,0.59284,0.80636,0.00000
conformal_safety_gain,target_force_jump,2,6,0.00000,2.33707,1.40086,0.13308,1.23732,0.00000,0.61254,0.02547,5.00000,0.58025,0.80765,0.00000
conformal_safety_gain,target_force_jump,3,6,0.50000,2.23219,1.14247,0.13763,1.20095,0.00000,0.60356,0.03318,5.00000,0.55919,0.80802,0.00000
conformal_safety_gain,target_force_jump,4,6,0.16667,2.20528,1.29045,0.12702,1.18715,0.00000,0.61054,0.02148,5.00000,0.57469,0.81099,0.00000
conformal_safety_gain,target_force_jump,5,6,0.50000,2.19000,1.20460,0.12477,1.19687,0.00000,0.60124,0.02554,5.00000,0.58526,0.80672,0.00000
conformal_safety_gain,target_force_jump,6,6,0.00000,2.26730,1.71024,0.12693,1.17321,0.00000,0.60469,0.01959,5.00000,0.60371,0.80985,0.00000
conformal_safety_gain,target_force_jump,7,6,0.33333,2.22914,1.31052,0.12862,1.18899,0.00000,0.60474,0.01952,5.00000,0.57261,0.80635,0.00000
ensemble_uncertainty_gain,actuator_saturation,0,6,0.33333,2.98429,0.82675,0.17062,1.63810,0.00581,0.60272,0.02907,5.00000,0.63804,0.81315,0.00000
ensemble_uncertainty_gain,actuator_saturation,1,6,0.83333,2.77455,0.74966,0.16432,1.52192,0.00388,0.59893,0.03295,5.00000,0.58644,0.81000,0.00000
ensemble_uncertainty_gain,actuator_saturation,2,6,0.16667,2.80819,1.07153,0.16212,1.43445,0.00000,0.60465,0.03101,5.83333,0.62451,0.81499,0.00000
ensemble_uncertainty_gain,actuator_saturation,3,6,0.50000,3.01002,0.79703,0.17587,1.58367,0.00194,0.59419,0.02916,5.00000,0.62722,0.81168,0.00000
ensemble_uncertainty_gain,actuator_saturation,4,6,0.83333,2.91343,1.12860,0.17225,1.47983,0.00000,0.59617,0.02725,6.66667,0.62640,0.81406,0.00000
ensemble_uncertainty_gain,actuator_saturation,5,6,0.66667,2.77605,0.87873,0.16083,1.47835,0.00000,0.59804,0.02522,5.00000,0.61136,0.81418,0.00000
ensemble_uncertainty_gain,actuator_saturation,6,6,0.16667,2.94671,0.84618,0.17043,1.56699,0.00581,0.60541,0.02515,5.00000,0.59509,0.81219,0.00000
ensemble_uncertainty_gain,actuator_saturation,7,6,0.66667,2.85971,0.80673,0.16779,1.49770,0.00194,0.59768,0.02323,5.00000,0.62331,0.81202,0.00000
ensemble_uncertainty_gain,combined_extreme_stress,0,6,1.00000,3.16104,1.86375,0.17232,1.57548,0.00390,0.56126,0.08075,5.16667,0.60808,0.77431,0.00000
ensemble_uncertainty_gain,combined_extreme_stress,1,6,1.00000,3.23043,2.11929,0.17235,1.60847,0.00581,0.55192,0.11348,5.83333,0.57625,0.77909,0.00000
ensemble_uncertainty_gain,combined_extreme_stress,2,6,1.00000,3.14184,2.34628,0.16967,1.54927,0.00000,0.56998,0.09290,5.00000,0.58501,0.78257,0.00000
ensemble_uncertainty_gain,combined_extreme_stress,3,6,0.83333,3.10108,2.51872,0.17464,1.47696,0.00196,0.55129,0.08462,5.66667,0.61679,0.78367,0.00000
ensemble_uncertainty_gain,combined_extreme_stress,4,6,1.00000,3.31570,2.66071,0.17293,1.56001,0.00402,0.55621,0.10458,6.83333,0.61647,0.78288,0.00000
ensemble_uncertainty_gain,combined_extreme_stress,5,6,1.00000,3.28398,2.22961,0.17987,1.67448,0.00780,0.55404,0.12384,8.00000,0.60188,0.78368,0.00000
ensemble_uncertainty_gain,combined_extreme_stress,6,6,0.83333,3.12191,2.24768,0.16369,1.65621,0.00588,0.56620,0.10441,5.00000,0.56291,0.78157,0.00000
ensemble_uncertainty_gain,combined_extreme_stress,7,6,1.00000,3.19811,2.41345,0.17363,1.60405,0.00394,0.55514,0.10432,5.83333,0.59536,0.77876,0.00000
ensemble_uncertainty_gain,combined_stress,0,6,0.66667,3.21183,1.01262,0.19014,1.86840,0.03913,0.57260,0.06658,5.00000,0.59559,0.77664,0.00000
ensemble_uncertainty_gain,combined_stress,1,6,0.83333,3.04413,0.96613,0.18505,1.71190,0.01564,0.56460,0.07036,5.00000,0.54282,0.77313,0.00000
ensemble_uncertainty_gain,combined_stress,2,6,1.00000,3.04345,1.20737,0.17947,1.69221,0.01767,0.57372,0.07073,5.00000,0.57654,0.77629,0.00000
ensemble_uncertainty_gain,combined_stress,3,6,1.00000,3.07857,1.43061,0.18505,1.66886,0.00593,0.57062,0.06279,5.00000,0.57966,0.77529,0.00000
ensemble_uncertainty_gain,combined_stress,4,6,1.00000,3.13690,1.01602,0.18513,1.74793,0.02547,0.55106,0.06298,5.00000,0.59019,0.77161,0.00000
ensemble_uncertainty_gain,combined_stress,5,6,0.83333,2.82282,1.32903,0.16984,1.50669,0.00196,0.57141,0.06851,6.00000,0.56528,0.77365,0.00000
ensemble_uncertainty_gain,combined_stress,6,6,1.00000,2.98168,1.41206,0.17462,1.59231,0.00000,0.56366,0.07814,5.16667,0.55218,0.78021,0.00000
ensemble_uncertainty_gain,combined_stress,7,6,1.00000,3.14155,1.81964,0.17909,1.65953,0.00581,0.55505,0.05904,7.00000,0.58780,0.76971,0.00000
ensemble_uncertainty_gain,contact_transition,0,6,0.50000,2.49927,0.51849,0.16968,1.40970,0.00000,0.59923,0.02529,5.00000,0.61380,0.80764,0.00000
ensemble_uncertainty_gain,contact_transition,1,6,0.33333,2.40448,0.70873,0.15851,1.39572,0.00000,0.60627,0.02533,5.00000,0.56066,0.80703,0.00000
ensemble_uncertainty_gain,contact_transition,2,6,0.33333,2.43613,0.64071,0.16463,1.38238,0.00000,0.59842,0.02339,5.00000,0.59901,0.80828,0.00000
ensemble_uncertainty_gain,contact_transition,3,6,0.50000,2.36279,0.63694,0.15608,1.33159,0.00000,0.59496,0.01760,5.00000,0.60015,0.80661,0.00000
ensemble_uncertainty_gain,contact_transition,4,6,0.83333,2.53008,0.73422,0.17267,1.36625,0.00000,0.58763,0.01758,5.00000,0.60673,0.80538,0.00000
ensemble_uncertainty_gain,contact_transition,5,6,0.33333,2.45551,0.65201,0.16744,1.38960,0.00000,0.60116,0.03110,5.00000,0.58309,0.80764,0.00000
ensemble_uncertainty_gain,contact_transition,6,6,0.33333,2.35610,0.81183,0.15999,1.31386,0.00000,0.59726,0.02139,5.83333,0.56800,0.80850,0.00000
ensemble_uncertainty_gain,contact_transition,7,6,0.50000,2.56493,0.68378,0.17074,1.39737,0.00000,0.59613,0.02720,5.00000,0.59998,0.80183,0.00000
ensemble_uncertainty_gain,delayed_mode_switch,0,6,0.16667,3.06931,1.50400,0.18321,2.08235,0.04891,0.59300,0.02939,5.00000,0.62207,0.80622,0.00000
ensemble_uncertainty_gain,delayed_mode_switch,1,6,0.50000,3.34263,3.32629,0.19479,1.91768,0.03901,0.58096,0.03119,8.83333,0.58943,0.80598,0.00000
ensemble_uncertainty_gain,delayed_mode_switch,2,6,0.33333,3.00058,1.34088,0.18378,1.92579,0.04304,0.59102,0.01958,5.00000,0.60517,0.80743,0.00000
ensemble_uncertainty_gain,delayed_mode_switch,3,6,0.66667,3.39710,4.23211,0.20475,1.87756,0.01954,0.57422,0.02542,12.16667,0.62688,0.80975,0.00000
ensemble_uncertainty_gain,delayed_mode_switch,4,6,0.33333,3.31317,2.73624,0.19783,2.13500,0.04107,0.57344,0.02556,8.66667,0.62505,0.80862,0.00000
ensemble_uncertainty_gain,delayed_mode_switch,5,6,0.83333,3.08250,2.96634,0.17544,1.81564,0.03308,0.57112,0.04489,7.33333,0.60957,0.80328,0.00000
ensemble_uncertainty_gain,delayed_mode_switch,6,6,0.50000,3.23023,3.17555,0.19916,1.94828,0.04095,0.58680,0.02339,7.33333,0.58967,0.80945,0.00000
ensemble_uncertainty_gain,delayed_mode_switch,7,6,0.66667,3.15618,2.21317,0.18508,1.98130,0.03709,0.58208,0.02930,7.66667,0.60994,0.80839,0.00000
ensemble_uncertainty_gain,friction_slip_shift,0,6,0.33333,2.24883,0.52906,0.18901,1.14388,0.00000,0.59608,0.01555,5.00000,0.63215,0.80547,0.00000
ensemble_uncertainty_gain,friction_slip_shift,1,6,0.66667,2.24996,0.45011,0.18875,1.15139,0.00000,0.59345,0.01352,5.00000,0.59122,0.80199,0.00000
ensemble_uncertainty_gain,friction_slip_shift,2,6,0.83333,2.27589,0.59861,0.19802,1.18206,0.00000,0.58607,0.00385,5.00000,0.62182,0.80864,0.00000
ensemble_uncertainty_gain,friction_slip_shift,3,6,0.66667,2.27549,0.52937,0.19765,1.15326,0.00000,0.58641,0.01167,5.00000,0.61573,0.80941,0.00000
ensemble_uncertainty_gain,friction_slip_shift,4,6,0.83333,2.19297,0.41130,0.17835,1.11202,0.00000,0.58450,0.01366,5.00000,0.61125,0.80097,0.00000
ensemble_uncertainty_gain,friction_slip_shift,5,6,0.83333,2.24254,0.57649,0.18741,1.13654,0.00000,0.58498,0.00577,5.00000,0.60148,0.80307,0.00000
ensemble_uncertainty_gain,friction_slip_shift,6,6,0.66667,2.02942,0.41292,0.17361,1.10342,0.00000,0.59109,0.00579,5.00000,0.57518,0.80680,0.00000
ensemble_uncertainty_gain,friction_slip_shift,7,6,0.83333,2.10281,0.43426,0.17071,1.10502,0.00000,0.58334,0.01551,5.00000,0.60891,0.80215,0.00000
ensemble_uncertainty_gain,nominal_surface_tracking,0,6,0.16667,2.14077,0.28375,0.17700,1.06737,0.00000,0.61822,0.00388,5.00000,0.64957,0.83116,0.00000
ensemble_uncertainty_gain,nominal_surface_tracking,1,6,0.33333,2.08637,0.30719,0.17691,1.07958,0.00000,0.61388,0.00581,5.00000,0.60599,0.83040,0.00000
ensemble_uncertainty_gain,nominal_surface_tracking,2,6,0.16667,2.18001,0.32513,0.17810,1.09275,0.00000,0.61822,0.00194,5.00000,0.63382,0.83172,0.00000
ensemble_uncertainty_gain,nominal_surface_tracking,3,6,0.33333,2.25823,0.35400,0.18714,1.11769,0.00000,0.61046,0.00581,5.00000,0.64440,0.83248,0.00000
ensemble_uncertainty_gain,nominal_surface_tracking,4,6,0.16667,2.16117,0.30394,0.17490,1.08149,0.00000,0.60780,0.00584,5.00000,0.63770,0.83059,0.00000
ensemble_uncertainty_gain,nominal_surface_tracking,5,6,0.33333,2.15298,0.36532,0.18031,1.08703,0.00000,0.61318,0.00581,5.00000,0.61917,0.82985,0.00000
ensemble_uncertainty_gain,nominal_surface_tracking,6,6,0.00000,2.03661,0.30125,0.16890,1.08041,0.00000,0.61434,0.00000,5.00000,0.60208,0.82870,0.00000
ensemble_uncertainty_gain,nominal_surface_tracking,7,6,0.16667,2.16634,0.39478,0.18078,1.09606,0.00000,0.61508,0.00194,5.00000,0.63059,0.83271,0.00000
ensemble_uncertainty_gain,sensor_noise_burst,0,6,0.33333,2.46025,0.60128,0.15665,1.34214,0.00000,0.60853,0.04457,5.00000,0.64503,0.82194,0.00000
ensemble_uncertainty_gain,sensor_noise_burst,1,6,0.33333,2.60792,0.62571,0.15772,1.36740,0.00000,0.60506,0.07710,5.00000,0.60406,0.81825,0.00000
ensemble_uncertainty_gain,sensor_noise_burst,2,6,0.16667,2.65552,0.63140,0.16802,1.33519,0.00000,0.60153,0.07739,5.00000,0.63771,0.81799,0.00000
ensemble_uncertainty_gain,sensor_noise_burst,3,6,0.50000,2.61468,0.64440,0.16470,1.38553,0.00000,0.60194,0.06019,5.00000,0.63687,0.82090,0.00000
ensemble_uncertainty_gain,sensor_noise_burst,4,6,0.83333,2.69498,0.64199,0.16680,1.39300,0.00000,0.59614,0.05248,5.16667,0.64485,0.81837,0.00000
ensemble_uncertainty_gain,sensor_noise_burst,5,6,0.50000,2.64960,0.75283,0.16323,1.36594,0.00000,0.59964,0.06578,5.00000,0.62361,0.82053,0.00000
ensemble_uncertainty_gain,sensor_noise_burst,6,6,0.33333,2.58541,0.68654,0.16540,1.40988,0.00000,0.60926,0.06580,5.00000,0.60705,0.82034,0.00000
ensemble_uncertainty_gain,sensor_noise_burst,7,6,0.50000,2.70945,0.74623,0.16488,1.44975,0.00000,0.60539,0.05611,5.00000,0.63965,0.82056,0.00000
ensemble_uncertainty_gain,stick_slip_cycle,0,6,0.66667,2.14403,0.63062,0.15282,1.09327,0.00000,0.59337,0.02134,5.00000,0.61321,0.79995,0.00000
ensemble_uncertainty_gain,stick_slip_cycle,1,6,0.66667,2.22189,0.51988,0.16149,1.16891,0.00000,0.59120,0.02909,5.00000,0.57649,0.80017,0.00000
ensemble_uncertainty_gain,stick_slip_cycle,2,6,1.00000,2.24696,0.60314,0.15911,1.15303,0.00000,0.57946,0.03290,5.00000,0.60402,0.79662,0.00000
ensemble_uncertainty_gain,stick_slip_cycle,3,6,1.00000,2.17948,0.57198,0.16181,1.10927,0.00000,0.57308,0.02146,5.00000,0.60012,0.79440,0.00000
ensemble_uncertainty_gain,stick_slip_cycle,4,6,0.83333,2.21167,0.69623,0.15437,1.09967,0.00000,0.58295,0.01772,5.00000,0.60438,0.80416,0.00000
ensemble_uncertainty_gain,stick_slip_cycle,5,6,0.83333,2.27911,0.64365,0.17051,1.17925,0.00000,0.58947,0.02724,5.00000,0.58472,0.79838,0.00000
ensemble_uncertainty_gain,stick_slip_cycle,6,6,0.83333,2.24421,0.61158,0.15925,1.18739,0.00000,0.58450,0.01945,5.00000,0.56770,0.79452,0.00000
ensemble_uncertainty_gain,stick_slip_cycle,7,6,1.00000,2.24848,0.58033,0.16044,1.15931,0.00000,0.57946,0.02132,5.00000,0.60074,0.79886,0.00000
ensemble_uncertainty_gain,stiffness_shift,0,6,0.16667,3.06267,0.76942,0.26100,1.77195,0.02519,0.61822,0.00969,5.66667,0.64538,0.82497,0.00000
ensemble_uncertainty_gain,stiffness_shift,1,6,0.00000,3.16616,0.68254,0.25503,1.86804,0.03685,0.61902,0.00974,5.00000,0.60320,0.82242,0.00000
ensemble_uncertainty_gain,stiffness_shift,2,6,0.00000,3.08842,1.00675,0.26731,1.87591,0.03301,0.61747,0.00971,6.66667,0.62653,0.82274,0.00000
ensemble_uncertainty_gain,stiffness_shift,3,6,0.00000,3.23850,0.74576,0.25901,1.83636,0.02713,0.60465,0.01357,6.00000,0.64635,0.82176,0.00000
ensemble_uncertainty_gain,stiffness_shift,4,6,0.00000,3.02795,0.79393,0.24988,1.85544,0.03110,0.61480,0.01555,6.83333,0.62195,0.82478,0.00000
ensemble_uncertainty_gain,stiffness_shift,5,6,0.00000,3.17277,0.74110,0.26468,1.80740,0.03283,0.61200,0.01542,5.16667,0.62884,0.82215,0.00000
ensemble_uncertainty_gain,stiffness_shift,6,6,0.00000,3.18679,0.60396,0.27193,1.86154,0.02907,0.61628,0.01163,5.00000,0.60647,0.82357,0.00000
ensemble_uncertainty_gain,stiffness_shift,7,6,0.00000,3.12498,1.13505,0.25983,1.81226,0.02713,0.61628,0.01551,7.00000,0.62841,0.82443,0.00000
ensemble_uncertainty_gain,surface_discontinuity,0,6,0.33333,2.52659,0.85794,0.15323,1.25433,0.00000,0.59225,0.03306,5.00000,0.61963,0.80262,0.00000
ensemble_uncertainty_gain,surface_discontinuity,1,6,0.66667,2.56251,1.06912,0.15260,1.29697,0.00000,0.59339,0.03114,5.66667,0.57317,0.80054,0.00000
ensemble_uncertainty_gain,surface_discontinuity,2,6,0.83333,2.45889,0.92621,0.15154,1.25412,0.00000,0.59063,0.02918,5.00000,0.60330,0.80531,0.00000
ensemble_uncertainty_gain,surface_discontinuity,3,6,0.66667,2.65054,0.92644,0.15926,1.28150,0.00000,0.58361,0.02536,5.00000,0.61157,0.80332,0.00000
ensemble_uncertainty_gain,surface_discontinuity,4,6,0.66667,2.52895,1.03162,0.16109,1.21864,0.00000,0.58605,0.02150,5.00000,0.59975,0.80199,0.00000
ensemble_uncertainty_gain,surface_discontinuity,5,6,0.50000,2.59141,0.85720,0.16142,1.31453,0.00000,0.59261,0.03308,5.00000,0.58530,0.80350,0.00000
ensemble_uncertainty_gain,surface_discontinuity,6,6,0.50000,2.56824,0.93880,0.15152,1.29958,0.00000,0.59419,0.02725,5.16667,0.57519,0.80685,0.00000
ensemble_uncertainty_gain,surface_discontinuity,7,6,0.50000,2.50241,0.93703,0.15461,1.23852,0.00000,0.59378,0.04487,5.00000,0.59037,0.80231,0.00000
ensemble_uncertainty_gain,target_force_jump,0,6,0.33333,2.22156,1.06342,0.13303,1.20787,0.00000,0.61308,0.01576,5.00000,0.59160,0.81371,0.00000
ensemble_uncertainty_gain,target_force_jump,1,6,0.16667,2.19154,1.47319,0.12244,1.17315,0.00000,0.60782,0.02544,5.00000,0.55499,0.81098,0.00000
ensemble_uncertainty_gain,target_force_jump,2,6,0.00000,2.37162,1.27907,0.13505,1.28425,0.00000,0.61372,0.02549,5.00000,0.58006,0.81256,0.00000
ensemble_uncertainty_gain,target_force_jump,3,6,0.33333,2.22963,0.99024,0.13750,1.20116,0.00000,0.60315,0.02752,5.00000,0.58840,0.81288,0.00000
ensemble_uncertainty_gain,target_force_jump,4,6,0.00000,2.22589,1.14408,0.12847,1.21121,0.00000,0.60960,0.02178,5.00000,0.58241,0.81566,0.00000
ensemble_uncertainty_gain,target_force_jump,5,6,0.33333,2.21086,1.19615,0.12576,1.21013,0.00000,0.60754,0.02563,5.00000,0.56025,0.81127,0.00000
ensemble_uncertainty_gain,target_force_jump,6,6,0.16667,2.17483,1.44191,0.12183,1.20057,0.00000,0.60784,0.01764,5.00000,0.55625,0.81438,0.00000
ensemble_uncertainty_gain,target_force_jump,7,6,0.33333,2.25766,1.19684,0.13029,1.20974,0.00000,0.60829,0.02950,5.00000,0.57426,0.81111,0.00000
fixed_impedance,actuator_saturation,0,6,1.00000,3.42728,3.78463,0.19571,1.67740,0.01136,0.56412,0.04147,22.33333,0.91111,0.81359,0.00000
fixed_impedance,actuator_saturation,1,6,1.00000,3.48807,3.44748,0.20644,1.75088,0.01894,0.56333,0.03777,26.50000,0.91898,0.81184,0.00000
fixed_impedance,actuator_saturation,2,6,1.00000,3.18639,3.14331,0.18381,1.72788,0.01702,0.56908,0.03400,6.50000,0.90403,0.81468,0.00000
fixed_impedance,actuator_saturation,3,6,1.00000,3.52503,3.49733,0.20566,1.70817,0.01136,0.57008,0.04167,12.00000,0.95282,0.81182,0.00000
fixed_impedance,actuator_saturation,4,6,0.83333,3.39675,3.39550,0.19984,1.75237,0.02643,0.56144,0.04728,5.66667,0.97114,0.81325,0.00000
fixed_impedance,actuator_saturation,5,6,1.00000,3.18819,3.17371,0.18543,1.72917,0.01704,0.55558,0.03769,6.83333,0.89215,0.81410,0.00000
fixed_impedance,actuator_saturation,6,6,1.00000,3.48761,3.22674,0.20221,1.70854,0.01511,0.57280,0.03596,6.66667,0.94015,0.81170,0.00000
fixed_impedance,actuator_saturation,7,6,1.00000,3.47189,3.32938,0.20356,1.75125,0.02643,0.56122,0.04147,10.00000,0.93718,0.81269,0.00000
fixed_impedance,combined_extreme_stress,0,6,0.00000,4.62690,7.56188,0.25212,1.73488,0.01705,0.50568,0.07954,96.00000,0.86061,0.76979,0.00000
fixed_impedance,combined_extreme_stress,1,6,0.33333,4.45791,7.24969,0.23775,1.69071,0.00758,0.49811,0.08712,96.00000,0.88919,0.77629,0.00000
fixed_impedance,combined_extreme_stress,2,6,0.33333,4.41415,8.09760,0.23853,1.70985,0.01705,0.50757,0.09091,96.00000,0.84132,0.77849,0.00000
fixed_impedance,combined_extreme_stress,3,6,0.33333,4.40088,7.22360,0.24662,1.69666,0.00947,0.50947,0.08901,80.83333,0.90731,0.77895,0.00000
fixed_impedance,combined_extreme_stress,4,6,0.66667,4.29278,7.81406,0.22387,1.71159,0.01136,0.50190,0.08901,96.00000,0.91857,0.77935,0.00000
fixed_impedance,combined_extreme_stress,5,6,0.33333,4.40316,7.60616,0.24153,1.67877,0.00568,0.49811,0.10606,96.00000,0.84588,0.77855,0.00000
fixed_impedance,combined_extreme_stress,6,6,0.66667,4.32748,7.74186,0.22767,1.73637,0.01136,0.51515,0.07576,96.00000,0.87946,0.77743,0.00000
fixed_impedance,combined_extreme_stress,7,6,0.50000,4.31080,7.54671,0.23435,1.74271,0.01705,0.50000,0.07765,96.00000,0.87878,0.77504,0.00000
fixed_impedance,combined_stress,0,6,0.16667,4.35876,6.05037,0.25850,1.63307,0.00189,0.52841,0.04356,96.00000,0.84803,0.78147,0.00000
fixed_impedance,combined_stress,1,6,0.16667,4.05272,5.35139,0.24635,1.63443,0.00189,0.52462,0.05303,96.00000,0.84608,0.78214,0.00000
fixed_impedance,combined_stress,2,6,0.33333,4.04249,5.68638,0.23823,1.64007,0.00568,0.53599,0.05871,96.00000,0.83020,0.78354,0.00000
fixed_impedance,combined_stress,3,6,0.00000,4.32114,5.80055,0.26013,1.70825,0.01136,0.53409,0.06250,96.00000,0.88347,0.78174,0.00000
fixed_impedance,combined_stress,4,6,0.33333,4.23675,5.78228,0.24962,1.68780,0.00947,0.51704,0.07008,96.00000,0.89760,0.77933,0.00000
fixed_impedance,combined_stress,5,6,0.16667,4.29921,5.81670,0.25861,1.75224,0.01515,0.52841,0.07765,96.00000,0.81700,0.77938,0.00000
fixed_impedance,combined_stress,6,6,0.50000,4.03271,5.56462,0.23603,1.74117,0.02083,0.53598,0.05492,82.66667,0.87437,0.78510,0.00000
fixed_impedance,combined_stress,7,6,0.33333,4.20117,5.71973,0.23896,1.71804,0.01136,0.52084,0.05492,96.00000,0.87655,0.77827,0.00000
fixed_impedance,contact_transition,0,6,1.00000,2.79564,2.22801,0.19054,1.81669,0.03219,0.56818,0.03598,5.00000,0.87413,0.81244,0.00000
fixed_impedance,contact_transition,1,6,1.00000,2.97939,2.60236,0.19664,1.91270,0.04735,0.56250,0.03977,7.50000,0.87201,0.81199,0.00000
fixed_impedance,contact_transition,2,6,1.00000,2.81620,2.20905,0.18996,1.84404,0.03597,0.56906,0.04535,5.00000,0.86441,0.81288,0.00000
fixed_impedance,contact_transition,3,6,1.00000,2.89157,2.26898,0.19089,1.93179,0.04924,0.56818,0.03598,5.00000,0.91567,0.81209,0.00000
fixed_impedance,contact_transition,4,6,0.83333,2.87037,2.10805,0.19651,1.86704,0.04167,0.56060,0.03220,5.00000,0.94249,0.81179,0.00000
fixed_impedance,contact_transition,5,6,1.00000,2.85308,2.32597,0.19447,1.86787,0.04167,0.56250,0.04356,7.50000,0.84864,0.81300,0.00000
fixed_impedance,contact_transition,6,6,1.00000,2.87012,2.26562,0.19444,1.91203,0.04915,0.57280,0.03784,5.50000,0.89439,0.81292,0.00000
fixed_impedance,contact_transition,7,6,0.66667,3.12585,2.56918,0.20783,1.86015,0.03788,0.56061,0.03977,6.50000,0.90164,0.80908,0.00000
fixed_impedance,delayed_mode_switch,0,6,0.66667,3.67219,5.32246,0.21947,1.89847,0.04546,0.54924,0.04735,67.83333,0.87541,0.80948,0.00000
fixed_impedance,delayed_mode_switch,1,6,0.66667,3.79609,5.74618,0.22168,1.87777,0.03409,0.54356,0.04167,67.33333,0.90480,0.80852,0.00000
fixed_impedance,delayed_mode_switch,2,6,0.83333,3.42856,4.88877,0.21041,1.81310,0.03030,0.55682,0.04735,96.00000,0.86657,0.81072,0.00000
fixed_impedance,delayed_mode_switch,3,6,1.00000,3.55905,5.44464,0.21437,1.75119,0.01515,0.54924,0.03977,96.00000,0.92269,0.81107,0.00000
fixed_impedance,delayed_mode_switch,4,6,0.66667,3.66737,5.35701,0.21885,1.88718,0.03409,0.54545,0.03031,96.00000,0.93958,0.81065,0.00000
fixed_impedance,delayed_mode_switch,5,6,1.00000,3.51665,5.42268,0.19999,1.83823,0.04924,0.53598,0.04546,42.00000,0.86380,0.80508,0.00000
fixed_impedance,delayed_mode_switch,6,6,0.83333,3.53947,4.87403,0.21784,1.79926,0.03030,0.55682,0.03977,36.83333,0.90661,0.81177,0.00000
fixed_impedance,delayed_mode_switch,7,6,0.66667,3.54233,5.21650,0.20775,1.88181,0.03788,0.54545,0.03788,80.83333,0.89521,0.80962,0.00000
fixed_impedance,friction_slip_shift,0,6,0.83333,2.27107,0.65577,0.19076,1.80867,0.03782,0.56603,0.02269,5.00000,0.91196,0.81119,0.00000
fixed_impedance,friction_slip_shift,1,6,1.00000,2.21972,0.61112,0.18668,1.77113,0.02839,0.56418,0.02451,5.00000,0.94109,0.81070,0.00000
fixed_impedance,friction_slip_shift,2,6,1.00000,2.27062,0.81922,0.19689,1.77818,0.03213,0.56797,0.01889,5.00000,0.90348,0.81254,0.00000
fixed_impedance,friction_slip_shift,3,6,0.66667,2.31980,0.57342,0.20077,1.87500,0.04356,0.57008,0.02273,5.00000,0.94277,0.81370,0.00000
fixed_impedance,friction_slip_shift,4,6,0.83333,2.31649,0.69575,0.18817,1.90187,0.04918,0.56524,0.02271,5.00000,0.95498,0.80945,0.00000
fixed_impedance,friction_slip_shift,5,6,0.83333,2.23638,0.58924,0.18703,1.78814,0.03401,0.56229,0.02077,5.00000,0.89393,0.81054,0.00000
fixed_impedance,friction_slip_shift,6,6,0.66667,2.20035,0.50135,0.18790,1.92784,0.05109,0.57280,0.02271,5.00000,0.91282,0.81227,0.00000
fixed_impedance,friction_slip_shift,7,6,0.66667,2.42586,0.72948,0.19700,1.92468,0.04918,0.56144,0.02079,5.00000,0.93056,0.80947,0.00000
fixed_impedance,nominal_surface_tracking,0,6,1.00000,2.12216,0.36392,0.17541,1.82842,0.04143,0.57814,0.01130,5.00000,0.92216,0.82727,0.00000
fixed_impedance,nominal_surface_tracking,1,6,1.00000,2.17105,0.39440,0.18427,1.84854,0.04147,0.57550,0.01321,5.00000,0.94128,0.82726,0.00000
fixed_impedance,nominal_surface_tracking,2,6,0.66667,2.10820,0.33003,0.17219,1.78271,0.02449,0.58306,0.01134,5.00000,0.90686,0.82705,0.00000
fixed_impedance,nominal_surface_tracking,3,6,1.00000,2.16966,0.39219,0.17986,1.80976,0.03220,0.58223,0.01134,5.00000,0.96107,0.82717,0.00000
fixed_impedance,nominal_surface_tracking,4,6,1.00000,2.16681,0.47425,0.17512,1.84450,0.03598,0.58144,0.01326,5.00000,0.96550,0.82657,0.00000
fixed_impedance,nominal_surface_tracking,5,6,0.83333,2.14298,0.37929,0.18005,1.83437,0.04163,0.57550,0.01132,5.00000,0.89888,0.82687,0.00000
fixed_impedance,nominal_surface_tracking,6,6,1.00000,2.22142,0.40364,0.18415,1.89483,0.04728,0.58414,0.01513,5.00000,0.94701,0.82645,0.00000
fixed_impedance,nominal_surface_tracking,7,6,1.00000,2.09101,0.36214,0.17429,1.81992,0.03779,0.57546,0.01132,5.00000,0.93140,0.82755,0.00000
fixed_impedance,sensor_noise_burst,0,6,1.00000,2.65895,1.48043,0.16918,1.81073,0.03590,0.57276,0.06624,5.00000,0.92078,0.82085,0.00000
fixed_impedance,sensor_noise_burst,1,6,0.83333,2.81412,1.68341,0.17072,1.77634,0.02083,0.56418,0.06797,5.00000,0.94575,0.81861,0.00000
fixed_impedance,sensor_noise_burst,2,6,1.00000,2.91024,1.99558,0.18413,1.75791,0.02081,0.56874,0.07335,5.33333,0.92473,0.81822,0.00000
fixed_impedance,sensor_noise_burst,3,6,1.00000,2.97711,1.98255,0.18733,1.81726,0.03409,0.57197,0.07008,5.00000,0.97552,0.81942,0.00000
fixed_impedance,sensor_noise_burst,4,6,1.00000,3.01652,1.97729,0.18613,1.76476,0.02839,0.56499,0.05467,5.00000,0.99315,0.81802,0.00000
fixed_impedance,sensor_noise_burst,5,6,1.00000,2.88153,1.95472,0.17720,1.73558,0.02256,0.56203,0.06771,5.33333,0.91446,0.81956,0.00000
fixed_impedance,sensor_noise_burst,6,6,1.00000,2.86031,1.89246,0.18209,1.75103,0.02641,0.57363,0.06980,5.00000,0.95483,0.81915,0.00000
fixed_impedance,sensor_noise_burst,7,6,1.00000,2.91389,2.03597,0.17696,1.76250,0.03213,0.56224,0.06975,5.00000,0.96110,0.81890,0.00000
fixed_impedance,stick_slip_cycle,0,6,1.00000,2.24414,0.75743,0.16004,1.87840,0.04733,0.56144,0.03209,5.00000,0.88637,0.80581,0.00000
fixed_impedance,stick_slip_cycle,1,6,1.00000,2.28944,0.90918,0.16648,1.79908,0.03409,0.55492,0.04545,5.00000,0.90404,0.80452,0.00000
fixed_impedance,stick_slip_cycle,2,6,1.00000,2.23778,0.88589,0.15791,1.79004,0.03028,0.55392,0.04350,5.00000,0.87984,0.80266,0.00000
fixed_impedance,stick_slip_cycle,3,6,1.00000,2.27643,0.75166,0.16918,1.89336,0.04167,0.56250,0.03598,5.00000,0.92527,0.80236,0.00000
fixed_impedance,stick_slip_cycle,4,6,1.00000,2.41795,1.04135,0.16914,1.95577,0.05492,0.55492,0.04545,5.00000,0.93865,0.80653,0.00000
fixed_impedance,stick_slip_cycle,5,6,1.00000,2.20948,0.91694,0.16570,1.77923,0.03024,0.55386,0.03022,5.00000,0.85655,0.80469,0.00000
fixed_impedance,stick_slip_cycle,6,6,1.00000,2.44951,1.20292,0.17371,1.85531,0.03788,0.56629,0.03788,5.00000,0.90336,0.80118,0.00000
fixed_impedance,stick_slip_cycle,7,6,1.00000,2.24724,0.77122,0.16028,1.81290,0.03779,0.55009,0.03592,5.00000,0.90119,0.80358,0.00000
fixed_impedance,stiffness_shift,0,6,0.00000,3.53984,3.13260,0.30089,1.73335,0.01889,0.57999,0.02260,54.00000,0.91405,0.82362,0.00000
fixed_impedance,stiffness_shift,1,6,0.00000,3.65316,3.41290,0.29460,1.76092,0.01892,0.57470,0.01892,66.33333,0.93029,0.82223,0.00000
fixed_impedance,stiffness_shift,2,6,0.00000,3.50966,3.00429,0.30340,1.75510,0.01317,0.57742,0.02832,35.33333,0.89260,0.82309,0.00000
fixed_impedance,stiffness_shift,3,6,0.00000,3.81473,3.51345,0.30580,1.76513,0.03964,0.57735,0.02454,69.33333,0.97596,0.82152,0.00000
fixed_impedance,stiffness_shift,4,6,0.00000,3.49539,3.15012,0.28869,1.77482,0.02841,0.57576,0.02273,67.33333,0.93694,0.82330,0.00000
fixed_impedance,stiffness_shift,5,6,0.00000,3.67284,3.35216,0.30607,1.76600,0.02647,0.57169,0.02073,81.33333,0.90935,0.82207,0.00000
fixed_impedance,stiffness_shift,6,6,0.00000,3.63451,3.13970,0.31053,1.75817,0.02083,0.58414,0.02456,65.66667,0.94078,0.82319,0.00000
fixed_impedance,stiffness_shift,7,6,0.00000,3.40871,3.15808,0.28331,1.70387,0.01324,0.57655,0.01700,40.50000,0.92942,0.82322,0.00000
fixed_impedance,surface_discontinuity,0,6,1.00000,3.44009,4.04295,0.20884,1.73716,0.01704,0.55492,0.03788,41.66667,0.88477,0.80644,0.00000
fixed_impedance,surface_discontinuity,1,6,0.83333,3.56903,4.20366,0.21298,1.75630,0.02462,0.55492,0.03219,54.33333,0.89597,0.80598,0.00000
fixed_impedance,surface_discontinuity,2,6,0.83333,3.45849,4.00456,0.21349,1.78159,0.02652,0.56440,0.02841,25.83333,0.86927,0.80811,0.00000
fixed_impedance,surface_discontinuity,3,6,1.00000,3.60033,3.96864,0.21632,1.72941,0.01326,0.56060,0.03409,42.66667,0.93352,0.80724,0.00000
fixed_impedance,surface_discontinuity,4,6,0.83333,3.55164,3.91964,0.22662,1.82881,0.03598,0.55682,0.03598,42.83333,0.92352,0.80748,0.00000
fixed_impedance,surface_discontinuity,5,6,1.00000,3.34622,3.77705,0.20832,1.68819,0.00758,0.55492,0.03788,42.16667,0.84856,0.80920,0.00000
fixed_impedance,surface_discontinuity,6,6,1.00000,3.44076,3.88819,0.20232,1.72946,0.01515,0.56439,0.03409,24.50000,0.90210,0.80951,0.00000
fixed_impedance,surface_discontinuity,7,6,1.00000,3.21546,3.52699,0.19863,1.75692,0.01894,0.55113,0.03030,15.33333,0.88330,0.80761,0.00000
fixed_impedance,target_force_jump,0,6,1.00000,2.38275,1.86526,0.14250,1.87931,0.04167,0.57197,0.03977,5.00000,0.83620,0.81732,0.00000
fixed_impedance,target_force_jump,1,6,0.83333,2.50751,2.30621,0.14007,1.96743,0.06250,0.56250,0.04545,5.00000,0.85836,0.81568,0.00000
fixed_impedance,target_force_jump,2,6,1.00000,2.58960,2.44544,0.14761,1.86344,0.03977,0.57197,0.03030,5.00000,0.82844,0.81635,0.00000
fixed_impedance,target_force_jump,3,6,1.00000,2.38086,1.71290,0.14695,1.92419,0.04924,0.57197,0.04735,5.00000,0.88122,0.81672,0.00000
fixed_impedance,target_force_jump,4,6,0.83333,2.47231,2.13134,0.14236,1.96824,0.05113,0.56818,0.04167,5.00000,0.88429,0.81805,0.00000
fixed_impedance,target_force_jump,5,6,0.83333,2.52067,2.19151,0.14316,1.92258,0.04924,0.56629,0.03977,5.00000,0.80625,0.81512,0.00000
fixed_impedance,target_force_jump,6,6,0.83333,2.47412,2.29829,0.13802,1.97015,0.05492,0.57007,0.03977,5.00000,0.86369,0.81794,0.00000
fixed_impedance,target_force_jump,7,6,0.83333,2.49755,2.12806,0.14405,1.96509,0.05114,0.56439,0.04735,5.00000,0.84959,0.81568,0.00000
gain_scheduled_impedance,actuator_saturation,0,6,0.16667,2.27613,0.88340,0.13009,1.65152,0.00764,0.60909,0.02467,5.00000,0.74525,0.85321,0.00000
gain_scheduled_impedance,actuator_saturation,1,6,0.16667,2.10044,0.74597,0.12437,1.54284,0.00381,0.60763,0.04010,5.00000,0.73914,0.85162,0.00000
gain_scheduled_impedance,actuator_saturation,2,6,0.00000,2.10412,1.09504,0.12129,1.42043,0.00000,0.61671,0.02847,5.00000,0.75420,0.85469,0.00000
gain_scheduled_impedance,actuator_saturation,3,6,0.00000,2.26025,0.82804,0.13200,1.60538,0.00189,0.61407,0.03231,5.00000,0.77046,0.85122,0.00000
gain_scheduled_impedance,actuator_saturation,4,6,0.16667,2.07588,1.00262,0.12273,1.48685,0.00000,0.61031,0.02286,6.00000,0.77126,0.85355,0.00000
gain_scheduled_impedance,actuator_saturation,5,6,0.33333,2.09138,0.92563,0.12108,1.50776,0.00000,0.60227,0.02652,5.00000,0.73912,0.85407,0.00000
gain_scheduled_impedance,actuator_saturation,6,6,0.16667,2.18489,0.81822,0.12623,1.58641,0.00570,0.60534,0.02656,5.00000,0.74028,0.85086,0.00000
gain_scheduled_impedance,actuator_saturation,7,6,0.16667,2.07341,0.77311,0.12166,1.51848,0.00379,0.61409,0.02471,5.00000,0.76243,0.85284,0.00000
gain_scheduled_impedance,combined_extreme_stress,0,6,1.00000,2.37808,1.32027,0.12963,1.53222,0.00192,0.57197,0.10550,5.16667,0.66533,0.81543,0.00000
gain_scheduled_impedance,combined_extreme_stress,1,6,0.83333,2.61831,1.83401,0.13990,1.64431,0.00768,0.56322,0.14956,6.50000,0.69010,0.82032,0.00000
gain_scheduled_impedance,combined_extreme_stress,2,6,1.00000,2.41189,1.73282,0.13033,1.51131,0.00194,0.58879,0.10625,5.00000,0.65362,0.82378,0.00000
gain_scheduled_impedance,combined_extreme_stress,3,6,1.00000,2.45079,2.00488,0.13817,1.47778,0.00192,0.57776,0.10744,5.00000,0.69616,0.82454,0.00000
gain_scheduled_impedance,combined_extreme_stress,4,6,1.00000,2.53654,2.17395,0.13244,1.53920,0.00000,0.57620,0.12327,6.66667,0.68482,0.82475,0.00000
gain_scheduled_impedance,combined_extreme_stress,5,6,1.00000,2.42793,1.74726,0.13319,1.46383,0.00192,0.56732,0.12503,6.33333,0.67050,0.82476,0.00000
gain_scheduled_impedance,combined_extreme_stress,6,6,1.00000,2.36990,1.77459,0.12449,1.49203,0.00388,0.57418,0.13296,5.00000,0.64092,0.82191,0.00000
gain_scheduled_impedance,combined_extreme_stress,7,6,0.83333,2.30754,1.63895,0.12536,1.49042,0.00192,0.57623,0.09423,5.00000,0.66327,0.81937,0.00000
gain_scheduled_impedance,combined_stress,0,6,0.50000,2.48817,0.94097,0.14714,1.82555,0.02491,0.58812,0.06322,5.00000,0.67021,0.81939,0.00000
gain_scheduled_impedance,combined_stress,1,6,1.00000,2.40354,0.96070,0.14639,1.77041,0.01530,0.58238,0.08042,5.00000,0.64762,0.81653,0.00000
gain_scheduled_impedance,combined_stress,2,6,0.83333,2.34287,1.12789,0.13796,1.64679,0.01150,0.59890,0.06144,5.00000,0.65634,0.81996,0.00000
gain_scheduled_impedance,combined_stress,3,6,0.66667,2.33609,0.98398,0.14065,1.67543,0.00385,0.59503,0.09017,5.00000,0.67274,0.81822,0.00000
gain_scheduled_impedance,combined_stress,4,6,1.00000,2.38763,0.97198,0.14062,1.65759,0.00575,0.57471,0.07663,5.00000,0.68058,0.81471,0.00000
gain_scheduled_impedance,combined_stress,5,6,1.00000,2.13863,1.04371,0.12871,1.50160,0.00192,0.58046,0.07854,5.00000,0.63928,0.81689,0.00000
gain_scheduled_impedance,combined_stress,6,6,0.83333,2.23722,1.09171,0.13096,1.57109,0.00766,0.57855,0.11111,5.00000,0.65054,0.82203,0.00000
gain_scheduled_impedance,combined_stress,7,6,1.00000,2.28200,1.37767,0.13015,1.47855,0.00192,0.58621,0.05556,6.16667,0.67375,0.81308,0.00000
gain_scheduled_impedance,contact_transition,0,6,0.16667,1.84804,0.58421,0.12553,1.40556,0.00000,0.61573,0.02294,5.00000,0.69788,0.84717,0.00000
gain_scheduled_impedance,contact_transition,1,6,0.16667,1.83958,0.70100,0.12137,1.39522,0.00000,0.60920,0.02673,5.00000,0.67506,0.84704,0.00000
gain_scheduled_impedance,contact_transition,2,6,0.00000,1.77439,0.50738,0.11975,1.40220,0.00000,0.61762,0.01722,5.00000,0.70236,0.84819,0.00000
gain_scheduled_impedance,contact_transition,3,6,0.00000,1.76605,0.65451,0.11668,1.35210,0.00000,0.61762,0.03446,5.00000,0.71569,0.84700,0.00000
gain_scheduled_impedance,contact_transition,4,6,0.16667,1.78599,0.60404,0.12224,1.36657,0.00000,0.60613,0.01909,5.00000,0.73567,0.84561,0.00000
gain_scheduled_impedance,contact_transition,5,6,0.33333,1.79968,0.67283,0.12278,1.38945,0.00000,0.60920,0.02682,5.00000,0.67765,0.84749,0.00000
gain_scheduled_impedance,contact_transition,6,6,0.16667,1.72706,0.72442,0.11724,1.28529,0.00000,0.60502,0.01717,5.16667,0.68026,0.84836,0.00000
gain_scheduled_impedance,contact_transition,7,6,0.00000,1.90737,0.71279,0.12691,1.40949,0.00000,0.61453,0.02671,5.00000,0.71478,0.84143,0.00000
gain_scheduled_impedance,delayed_mode_switch,0,6,0.16667,2.39894,1.34920,0.14326,2.08185,0.04214,0.60345,0.04214,5.00000,0.68898,0.84816,0.00000
gain_scheduled_impedance,delayed_mode_switch,1,6,0.50000,2.58455,2.73633,0.15065,1.95640,0.02682,0.59387,0.04023,7.66667,0.71846,0.84673,0.00000
gain_scheduled_impedance,delayed_mode_switch,2,6,0.00000,2.33489,1.29731,0.14312,1.95355,0.03437,0.61185,0.03640,5.00000,0.69797,0.84825,0.00000
gain_scheduled_impedance,delayed_mode_switch,3,6,0.50000,2.51958,3.24662,0.15184,1.84493,0.01724,0.60153,0.03640,9.50000,0.73576,0.84962,0.00000
gain_scheduled_impedance,delayed_mode_switch,4,6,0.16667,2.41240,1.94923,0.14408,2.11475,0.03257,0.59387,0.02874,6.50000,0.73270,0.84937,0.00000
gain_scheduled_impedance,delayed_mode_switch,5,6,0.66667,2.32394,2.45021,0.13218,1.76668,0.02290,0.58510,0.04019,6.83333,0.69548,0.84377,0.00000
gain_scheduled_impedance,delayed_mode_switch,6,6,0.50000,2.44418,2.39416,0.15044,1.93670,0.03061,0.59468,0.01720,6.66667,0.69536,0.85022,0.00000
gain_scheduled_impedance,delayed_mode_switch,7,6,0.50000,2.28724,1.60105,0.13395,1.92619,0.02673,0.60615,0.02096,5.66667,0.70542,0.84867,0.00000
gain_scheduled_impedance,friction_slip_shift,0,6,0.50000,1.57242,0.45929,0.13213,1.14474,0.00000,0.60151,0.00949,5.00000,0.74248,0.84414,0.00000
gain_scheduled_impedance,friction_slip_shift,1,6,0.50000,1.59454,0.41552,0.13377,1.15814,0.00000,0.59925,0.00947,5.00000,0.76217,0.84175,0.00000
gain_scheduled_impedance,friction_slip_shift,2,6,0.16667,1.58283,0.48041,0.13777,1.16306,0.00000,0.60800,0.00566,5.16667,0.75260,0.84689,0.00000
gain_scheduled_impedance,friction_slip_shift,3,6,0.16667,1.60444,0.46910,0.13934,1.15254,0.00000,0.60959,0.01722,5.00000,0.75042,0.84887,0.00000
gain_scheduled_impedance,friction_slip_shift,4,6,0.00000,1.51283,0.37796,0.12314,1.12363,0.00000,0.60647,0.01141,5.00000,0.73759,0.83981,0.00000
gain_scheduled_impedance,friction_slip_shift,5,6,0.50000,1.52398,0.46553,0.12741,1.13291,0.00000,0.60077,0.01328,5.00000,0.73380,0.84272,0.00000
gain_scheduled_impedance,friction_slip_shift,6,6,0.33333,1.42030,0.36030,0.12151,1.09162,0.00000,0.59890,0.00381,5.00000,0.69826,0.84584,0.00000
gain_scheduled_impedance,friction_slip_shift,7,6,0.00000,1.41739,0.36344,0.11496,1.09264,0.00000,0.61220,0.00764,5.00000,0.74465,0.84124,0.00000
gain_scheduled_impedance,nominal_surface_tracking,0,6,0.00000,1.44949,0.23359,0.11986,1.06785,0.00000,0.62049,0.00379,5.00000,0.76678,0.87025,0.00000
gain_scheduled_impedance,nominal_surface_tracking,1,6,0.00000,1.43539,0.28597,0.12170,1.08670,0.00000,0.61673,0.00000,5.00000,0.77472,0.87062,0.00000
gain_scheduled_impedance,nominal_surface_tracking,2,6,0.00000,1.50526,0.23085,0.12292,1.08441,0.00000,0.62809,0.00192,5.00000,0.76407,0.87005,0.00000
gain_scheduled_impedance,nominal_surface_tracking,3,6,0.00000,1.54233,0.25056,0.12775,1.11056,0.00000,0.62435,0.00568,5.00000,0.78521,0.87032,0.00000
gain_scheduled_impedance,nominal_surface_tracking,4,6,0.00000,1.51524,0.27571,0.12261,1.08900,0.00000,0.62121,0.00189,5.00000,0.77200,0.86945,0.00000
gain_scheduled_impedance,nominal_surface_tracking,5,6,0.00000,1.49038,0.32482,0.12472,1.09306,0.00000,0.61174,0.00189,5.00000,0.75253,0.86935,0.00000
gain_scheduled_impedance,nominal_surface_tracking,6,6,0.00000,1.39501,0.25223,0.11570,1.06778,0.00000,0.61364,0.00189,5.00000,0.74965,0.86917,0.00000
gain_scheduled_impedance,nominal_surface_tracking,7,6,0.00000,1.45909,0.30718,0.12180,1.08177,0.00000,0.63053,0.00381,5.00000,0.76718,0.87075,0.00000
gain_scheduled_impedance,sensor_noise_burst,0,6,0.00000,1.81832,0.68574,0.11565,1.35746,0.00000,0.62047,0.06067,5.00000,0.75975,0.86285,0.00000
gain_scheduled_impedance,sensor_noise_burst,1,6,0.16667,1.97787,0.67039,0.11944,1.33914,0.00000,0.60915,0.05312,5.00000,0.77596,0.85906,0.00000
gain_scheduled_impedance,sensor_noise_burst,2,6,0.00000,1.91607,0.59565,0.12117,1.32215,0.00000,0.62241,0.05499,5.00000,0.78591,0.85901,0.00000
gain_scheduled_impedance,sensor_noise_burst,3,6,0.00000,1.96902,0.74291,0.12401,1.44775,0.00000,0.61742,0.05682,5.00000,0.79804,0.86130,0.00000
gain_scheduled_impedance,sensor_noise_burst,4,6,0.00000,1.97531,0.63702,0.12236,1.41512,0.00189,0.61553,0.05492,5.00000,0.80284,0.85893,0.00000
gain_scheduled_impedance,sensor_noise_burst,5,6,0.00000,1.96178,0.78483,0.12093,1.36275,0.00000,0.60985,0.06250,5.33333,0.77133,0.86146,0.00000
gain_scheduled_impedance,sensor_noise_burst,6,6,0.16667,1.90655,0.67432,0.12196,1.33277,0.00000,0.60985,0.06818,5.00000,0.76208,0.86095,0.00000
gain_scheduled_impedance,sensor_noise_burst,7,6,0.00000,1.90472,0.62176,0.11584,1.40535,0.00000,0.61932,0.05871,5.00000,0.80043,0.86065,0.00000
gain_scheduled_impedance,stick_slip_cycle,0,6,0.16667,1.56332,0.61709,0.11140,1.12314,0.00000,0.60573,0.02290,5.00000,0.70444,0.84054,0.00000
gain_scheduled_impedance,stick_slip_cycle,1,6,0.83333,1.63427,0.50114,0.11878,1.18548,0.00000,0.59241,0.03246,5.00000,0.71682,0.83985,0.00000
gain_scheduled_impedance,stick_slip_cycle,2,6,0.33333,1.60944,0.60803,0.11392,1.15457,0.00000,0.60574,0.02286,5.00000,0.71647,0.83548,0.00000
gain_scheduled_impedance,stick_slip_cycle,3,6,0.66667,1.55563,0.52767,0.11545,1.11023,0.00000,0.60190,0.03046,5.00000,0.72355,0.83424,0.00000
gain_scheduled_impedance,stick_slip_cycle,4,6,0.66667,1.53619,0.69174,0.10736,1.11068,0.00000,0.60116,0.02290,5.00000,0.72309,0.84347,0.00000
gain_scheduled_impedance,stick_slip_cycle,5,6,0.50000,1.64479,0.59233,0.12315,1.19547,0.00000,0.60003,0.03990,5.00000,0.68726,0.83802,0.00000
gain_scheduled_impedance,stick_slip_cycle,6,6,0.66667,1.63606,0.57149,0.11596,1.18776,0.00000,0.59433,0.03429,5.00000,0.68386,0.83471,0.00000
gain_scheduled_impedance,stick_slip_cycle,7,6,0.50000,1.59004,0.54055,0.11359,1.13936,0.00000,0.60001,0.02092,5.00000,0.71581,0.83806,0.00000
gain_scheduled_impedance,stiffness_shift,0,6,0.00000,2.28975,0.60573,0.19555,1.80589,0.01894,0.61932,0.00758,5.33333,0.76341,0.86731,0.00000
gain_scheduled_impedance,stiffness_shift,1,6,0.00000,2.40823,0.56849,0.19410,1.91356,0.03239,0.61601,0.01141,5.00000,0.77093,0.86530,0.00000
gain_scheduled_impedance,stiffness_shift,2,6,0.00000,2.34024,0.80519,0.20273,1.87643,0.02858,0.63051,0.00568,5.50000,0.74863,0.86544,0.00000
gain_scheduled_impedance,stiffness_shift,3,6,0.00000,2.41274,0.60372,0.19296,1.85769,0.02652,0.62121,0.00947,5.50000,0.81052,0.86427,0.00000
gain_scheduled_impedance,stiffness_shift,4,6,0.00000,2.27342,0.68329,0.18757,1.89372,0.02671,0.62598,0.01339,6.33333,0.73677,0.86621,0.00000
gain_scheduled_impedance,stiffness_shift,5,6,0.00000,2.38534,0.62686,0.19903,1.84326,0.02841,0.60985,0.00568,5.16667,0.77656,0.86502,0.00000
gain_scheduled_impedance,stiffness_shift,6,6,0.16667,2.41615,0.50196,0.20616,1.85412,0.02462,0.61174,0.00757,5.00000,0.75221,0.86608,0.00000
gain_scheduled_impedance,stiffness_shift,7,6,0.00000,2.30681,0.88806,0.19185,1.81635,0.02279,0.62430,0.01136,6.16667,0.76737,0.86589,0.00000
gain_scheduled_impedance,surface_discontinuity,0,6,0.50000,1.82429,0.80228,0.11054,1.16470,0.00000,0.60452,0.02850,5.00000,0.70290,0.84351,0.00000
gain_scheduled_impedance,surface_discontinuity,1,6,0.66667,1.93480,1.00084,0.11527,1.20200,0.00000,0.59625,0.03420,5.00000,0.70427,0.84180,0.00000
gain_scheduled_impedance,surface_discontinuity,2,6,0.00000,1.78452,0.87277,0.11004,1.15626,0.00000,0.61568,0.02673,5.00000,0.69820,0.84525,0.00000
gain_scheduled_impedance,surface_discontinuity,3,6,0.16667,1.89714,0.82970,0.11420,1.19370,0.00000,0.60765,0.03431,5.00000,0.74057,0.84417,0.00000
gain_scheduled_impedance,surface_discontinuity,4,6,0.33333,1.78996,0.94870,0.11406,1.16482,0.00000,0.60802,0.02292,5.00000,0.70393,0.84317,0.00000
gain_scheduled_impedance,surface_discontinuity,5,6,0.66667,1.90908,0.86967,0.11890,1.23023,0.00000,0.60232,0.03061,5.00000,0.67668,0.84481,0.00000
gain_scheduled_impedance,surface_discontinuity,6,6,0.33333,1.84853,0.85521,0.10924,1.19034,0.00000,0.60306,0.02092,5.00000,0.68463,0.84694,0.00000
gain_scheduled_impedance,surface_discontinuity,7,6,0.33333,1.80742,0.92793,0.11171,1.15959,0.00000,0.60848,0.02301,5.00000,0.68415,0.84185,0.00000
gain_scheduled_impedance,target_force_jump,0,6,0.00000,1.73927,1.13687,0.10414,1.24224,0.00000,0.62938,0.02702,5.00000,0.63860,0.85499,0.00000
gain_scheduled_impedance,target_force_jump,1,6,0.16667,1.72191,1.44710,0.09614,1.17702,0.00000,0.61662,0.02116,5.00000,0.64501,0.85196,0.00000
gain_scheduled_impedance,target_force_jump,2,6,0.00000,1.82511,1.25160,0.10383,1.27824,0.00000,0.62817,0.02887,5.00000,0.64415,0.85435,0.00000
gain_scheduled_impedance,target_force_jump,3,6,0.00000,1.73878,1.02686,0.10713,1.20095,0.00000,0.62575,0.02686,5.00000,0.67117,0.85368,0.00000
gain_scheduled_impedance,target_force_jump,4,6,0.00000,1.69926,1.15342,0.09788,1.19410,0.00000,0.62236,0.02317,5.00000,0.65314,0.85664,0.00000
gain_scheduled_impedance,target_force_jump,5,6,0.16667,1.68656,1.14546,0.09614,1.22098,0.00000,0.61831,0.03486,5.00000,0.61871,0.85283,0.00000
gain_scheduled_impedance,target_force_jump,6,6,0.00000,1.71309,1.49629,0.09591,1.20960,0.00000,0.61777,0.01931,5.00000,0.62781,0.85559,0.00000
gain_scheduled_impedance,target_force_jump,7,6,0.00000,1.72747,1.20539,0.09967,1.22689,0.00000,0.62867,0.01544,5.00000,0.64124,0.85236,0.00000
hist_gradient_gain_regressor,actuator_saturation,0,6,0.50000,2.90050,0.86770,0.16579,1.63293,0.00581,0.60543,0.03096,5.00000,0.62819,0.81627,0.00000
hist_gradient_gain_regressor,actuator_saturation,1,6,0.16667,2.73031,0.72471,0.16171,1.52792,0.00194,0.61552,0.02909,5.00000,0.60608,0.81420,0.00000
hist_gradient_gain_regressor,actuator_saturation,2,6,0.50000,2.73169,1.08833,0.15774,1.40404,0.00000,0.60238,0.03090,5.66667,0.61840,0.81807,0.00000
hist_gradient_gain_regressor,actuator_saturation,3,6,0.50000,2.89960,0.80474,0.16952,1.55846,0.00000,0.60037,0.03473,5.00000,0.60312,0.81366,0.00000
hist_gradient_gain_regressor,actuator_saturation,4,6,0.66667,2.80836,1.12873,0.16667,1.47200,0.00000,0.59728,0.03281,6.66667,0.62559,0.81728,0.00000
hist_gradient_gain_regressor,actuator_saturation,5,6,0.83333,2.72569,0.89682,0.15789,1.47009,0.00000,0.59458,0.03092,5.00000,0.63798,0.81776,0.00000
hist_gradient_gain_regressor,actuator_saturation,6,6,0.00000,2.95665,0.86940,0.17096,1.57089,0.00388,0.61433,0.03283,5.00000,0.63937,0.81398,0.00000
hist_gradient_gain_regressor,actuator_saturation,7,6,0.66667,2.74650,0.76365,0.16106,1.49570,0.00000,0.59077,0.02314,5.00000,0.64615,0.81640,0.00000
hist_gradient_gain_regressor,combined_extreme_stress,0,6,1.00000,3.11140,1.55399,0.16968,1.70596,0.01167,0.54790,0.11364,5.16667,0.59971,0.77588,0.00000
hist_gradient_gain_regressor,combined_extreme_stress,1,6,0.66667,3.40954,2.62856,0.18213,1.68136,0.01380,0.56385,0.10612,8.66667,0.60396,0.78307,0.00000
hist_gradient_gain_regressor,combined_extreme_stress,2,6,0.83333,3.16449,1.93983,0.17094,1.73062,0.00394,0.55894,0.12164,6.66667,0.57524,0.78438,0.00000
hist_gradient_gain_regressor,combined_extreme_stress,3,6,0.83333,3.19844,2.81847,0.18019,1.55701,0.00588,0.56170,0.10550,7.00000,0.59526,0.78692,0.00000
hist_gradient_gain_regressor,combined_extreme_stress,4,6,1.00000,3.22236,2.32099,0.16814,1.68596,0.00196,0.55860,0.13087,7.16667,0.60652,0.78778,0.00000
hist_gradient_gain_regressor,combined_extreme_stress,5,6,0.83333,3.41702,2.84298,0.18756,1.70502,0.00584,0.54587,0.11293,9.33333,0.63003,0.78655,0.00000
hist_gradient_gain_regressor,combined_extreme_stress,6,6,0.83333,3.17204,1.82031,0.16682,1.74526,0.01195,0.57824,0.10438,5.00000,0.61006,0.78285,0.00000
hist_gradient_gain_regressor,combined_extreme_stress,7,6,1.00000,3.14192,1.98531,0.17109,1.65047,0.00595,0.55008,0.09457,6.50000,0.61796,0.78215,0.00000
hist_gradient_gain_regressor,combined_stress,0,6,1.00000,3.17584,1.05711,0.18788,1.77536,0.03719,0.56225,0.05842,5.16667,0.58742,0.77832,0.00000
hist_gradient_gain_regressor,combined_stress,1,6,0.83333,3.02435,0.90910,0.18421,1.72368,0.02948,0.57153,0.06056,5.00000,0.56592,0.77462,0.00000
hist_gradient_gain_regressor,combined_stress,2,6,0.83333,3.04977,1.08843,0.17982,1.67787,0.02157,0.55762,0.06822,5.00000,0.56840,0.77882,0.00000
hist_gradient_gain_regressor,combined_stress,3,6,1.00000,2.92285,1.00381,0.17593,1.66977,0.00775,0.56427,0.07779,5.00000,0.55455,0.77577,0.00000
hist_gradient_gain_regressor,combined_stress,4,6,0.83333,3.10827,1.11640,0.18311,1.81615,0.02718,0.54758,0.06211,5.16667,0.58693,0.77353,0.00000
hist_gradient_gain_regressor,combined_stress,5,6,1.00000,2.74874,1.14407,0.16545,1.60515,0.00390,0.55946,0.08584,6.50000,0.59373,0.77441,0.00000
hist_gradient_gain_regressor,combined_stress,6,6,0.83333,3.06145,1.39122,0.17946,1.58480,0.00969,0.57553,0.07245,6.33333,0.59979,0.78157,0.00000
hist_gradient_gain_regressor,combined_stress,7,6,1.00000,3.11382,1.76619,0.17733,1.55819,0.00194,0.54095,0.05055,7.83333,0.60961,0.77152,0.00000
hist_gradient_gain_regressor,contact_transition,0,6,0.50000,2.39058,0.55082,0.16264,1.37629,0.00000,0.59998,0.02526,5.00000,0.60569,0.81026,0.00000
hist_gradient_gain_regressor,contact_transition,1,6,0.16667,2.34024,0.65238,0.15422,1.38335,0.00000,0.61600,0.02344,5.00000,0.59082,0.80911,0.00000
hist_gradient_gain_regressor,contact_transition,2,6,0.50000,2.33407,0.60064,0.15792,1.35969,0.00000,0.59772,0.01934,5.00000,0.59394,0.81131,0.00000
hist_gradient_gain_regressor,contact_transition,3,6,0.66667,2.27787,0.66476,0.15045,1.33166,0.00000,0.59690,0.03682,5.00000,0.58108,0.80962,0.00000
hist_gradient_gain_regressor,contact_transition,4,6,0.66667,2.37782,0.69995,0.16270,1.33255,0.00000,0.59768,0.01742,5.00000,0.60086,0.80757,0.00000
hist_gradient_gain_regressor,contact_transition,5,6,0.66667,2.33145,0.56742,0.15881,1.35091,0.00000,0.59690,0.02907,5.00000,0.61119,0.81005,0.00000
hist_gradient_gain_regressor,contact_transition,6,6,0.33333,2.34754,0.82340,0.15952,1.30631,0.00000,0.60897,0.01756,6.00000,0.61161,0.81126,0.00000
hist_gradient_gain_regressor,contact_transition,7,6,0.83333,2.45283,0.60744,0.16329,1.39138,0.00000,0.58024,0.02321,5.00000,0.61757,0.80364,0.00000
hist_gradient_gain_regressor,delayed_mode_switch,0,6,0.50000,3.04544,1.75309,0.18188,2.04137,0.04866,0.58755,0.03315,5.00000,0.61102,0.81259,0.00000
hist_gradient_gain_regressor,delayed_mode_switch,1,6,0.33333,3.39643,3.32153,0.19800,1.89683,0.03911,0.59658,0.03892,8.66667,0.61160,0.81027,0.00000
hist_gradient_gain_regressor,delayed_mode_switch,2,6,0.33333,2.92752,1.26976,0.17957,1.91558,0.03892,0.58954,0.03308,5.33333,0.59616,0.81202,0.00000
hist_gradient_gain_regressor,delayed_mode_switch,3,6,0.50000,3.37695,4.59071,0.20346,1.88597,0.01555,0.58142,0.02718,13.16667,0.60868,0.81382,0.00000
hist_gradient_gain_regressor,delayed_mode_switch,4,6,0.33333,3.22842,3.19046,0.19280,2.09570,0.03687,0.58060,0.02328,9.66667,0.62254,0.81424,0.00000
hist_gradient_gain_regressor,delayed_mode_switch,5,6,0.83333,3.02097,2.97709,0.17194,1.73830,0.02519,0.57171,0.04457,7.50000,0.63301,0.80794,0.00000
hist_gradient_gain_regressor,delayed_mode_switch,6,6,0.50000,3.32736,3.37407,0.20514,1.92397,0.04277,0.59731,0.02914,7.66667,0.63557,0.81458,0.00000
hist_gradient_gain_regressor,delayed_mode_switch,7,6,0.66667,3.05709,2.20327,0.17903,1.91271,0.02716,0.57862,0.02522,8.33333,0.62838,0.81316,0.00000
hist_gradient_gain_regressor,friction_slip_shift,0,6,0.83333,2.14939,0.54890,0.18056,1.12137,0.00000,0.58848,0.00766,5.00000,0.62336,0.80900,0.00000
hist_gradient_gain_regressor,friction_slip_shift,1,6,0.66667,2.18741,0.39717,0.18349,1.12498,0.00000,0.60120,0.00768,5.00000,0.62439,0.80488,0.00000
hist_gradient_gain_regressor,friction_slip_shift,2,6,0.50000,2.19787,0.48804,0.19124,1.16499,0.00000,0.59162,0.00768,5.00000,0.61588,0.81223,0.00000
hist_gradient_gain_regressor,friction_slip_shift,3,6,0.33333,2.19000,0.57007,0.19029,1.12498,0.00000,0.59456,0.01738,5.00000,0.59899,0.81457,0.00000
hist_gradient_gain_regressor,friction_slip_shift,4,6,0.83333,2.06341,0.42182,0.16787,1.10032,0.00000,0.58884,0.01733,5.00000,0.59794,0.80349,0.00000
hist_gradient_gain_regressor,friction_slip_shift,5,6,0.83333,2.11889,0.50040,0.17706,1.10788,0.00000,0.59151,0.00577,5.00000,0.62969,0.80697,0.00000
hist_gradient_gain_regressor,friction_slip_shift,6,6,0.50000,1.98462,0.43359,0.16971,1.08344,0.00000,0.60149,0.00766,5.00000,0.62309,0.81064,0.00000
hist_gradient_gain_regressor,friction_slip_shift,7,6,1.00000,1.95014,0.37697,0.15821,1.09559,0.00000,0.57444,0.00775,5.00000,0.62785,0.80553,0.00000
hist_gradient_gain_regressor,nominal_surface_tracking,0,6,0.00000,2.06963,0.35947,0.17114,1.05457,0.00000,0.61775,0.00773,5.00000,0.64304,0.83711,0.00000
hist_gradient_gain_regressor,nominal_surface_tracking,1,6,0.00000,2.04930,0.38560,0.17380,1.06749,0.00000,0.62426,0.00766,5.00000,0.64987,0.83769,0.00000
hist_gradient_gain_regressor,nominal_surface_tracking,2,6,0.16667,2.10649,0.31739,0.17202,1.07778,0.00000,0.62053,0.01158,5.00000,0.62869,0.83706,0.00000
hist_gradient_gain_regressor,nominal_surface_tracking,3,6,0.00000,2.13267,0.31981,0.17677,1.09976,0.00000,0.61775,0.00383,5.00000,0.61704,0.83711,0.00000
hist_gradient_gain_regressor,nominal_surface_tracking,4,6,0.00000,2.06951,0.34261,0.16737,1.07847,0.00000,0.62241,0.00192,5.00000,0.62563,0.83694,0.00000
hist_gradient_gain_regressor,nominal_surface_tracking,5,6,0.16667,2.09879,0.38480,0.17561,1.07530,0.00000,0.61470,0.00194,5.00000,0.64559,0.83557,0.00000
hist_gradient_gain_regressor,nominal_surface_tracking,6,6,0.00000,2.02389,0.38688,0.16786,1.05130,0.00000,0.62668,0.00775,5.00000,0.65447,0.83462,0.00000
hist_gradient_gain_regressor,nominal_surface_tracking,7,6,0.16667,2.04437,0.36347,0.17050,1.08251,0.00000,0.61701,0.00581,5.00000,0.65351,0.83887,0.00000
hist_gradient_gain_regressor,sensor_noise_burst,0,6,0.16667,2.33878,0.63278,0.14882,1.29034,0.00000,0.60884,0.07705,5.00000,0.63757,0.82801,0.00000
hist_gradient_gain_regressor,sensor_noise_burst,1,6,0.16667,2.57481,0.66740,0.15537,1.33202,0.00000,0.61394,0.07338,5.00000,0.64184,0.82433,0.00000
hist_gradient_gain_regressor,sensor_noise_burst,2,6,0.33333,2.51063,0.58637,0.15873,1.33279,0.00000,0.60510,0.06161,5.00000,0.63237,0.82381,0.00000
hist_gradient_gain_regressor,sensor_noise_burst,3,6,0.33333,2.53340,0.71714,0.15961,1.36307,0.00000,0.60699,0.05585,5.00000,0.62291,0.82667,0.00000
hist_gradient_gain_regressor,sensor_noise_burst,4,6,0.83333,2.62544,0.60858,0.16257,1.36058,0.00000,0.60345,0.07280,5.00000,0.63588,0.82373,0.00000
hist_gradient_gain_regressor,sensor_noise_burst,5,6,0.16667,2.50341,0.66098,0.15420,1.35693,0.00000,0.61153,0.06732,5.00000,0.65680,0.82687,0.00000
hist_gradient_gain_regressor,sensor_noise_burst,6,6,0.00000,2.59714,0.69102,0.16614,1.41301,0.00000,0.61920,0.05761,5.00000,0.66224,0.82725,0.00000
hist_gradient_gain_regressor,sensor_noise_burst,7,6,0.50000,2.52086,0.60984,0.15342,1.38654,0.00000,0.59926,0.05580,5.00000,0.66545,0.82667,0.00000
hist_gradient_gain_regressor,stick_slip_cycle,0,6,0.83333,2.03630,0.67469,0.14519,1.06556,0.00000,0.59105,0.02130,5.00000,0.60508,0.80526,0.00000
hist_gradient_gain_regressor,stick_slip_cycle,1,6,0.50000,2.17865,0.47269,0.15840,1.13915,0.00000,0.59613,0.01553,5.00000,0.59796,0.80503,0.00000
hist_gradient_gain_regressor,stick_slip_cycle,2,6,0.83333,2.15422,0.66418,0.15246,1.13721,0.00000,0.57839,0.01936,5.00000,0.59837,0.79968,0.00000
hist_gradient_gain_regressor,stick_slip_cycle,3,6,1.00000,2.06699,0.62851,0.15328,1.07913,0.00000,0.57915,0.02702,5.16667,0.58203,0.79863,0.00000
hist_gradient_gain_regressor,stick_slip_cycle,4,6,0.66667,2.06488,0.78647,0.14449,1.08353,0.00000,0.58694,0.01927,5.00000,0.60060,0.80960,0.00000
hist_gradient_gain_regressor,stick_slip_cycle,5,6,1.00000,2.17424,0.56672,0.16274,1.18240,0.00000,0.58605,0.03673,5.00000,0.61206,0.80258,0.00000
hist_gradient_gain_regressor,stick_slip_cycle,6,6,0.33333,2.19902,0.57704,0.15644,1.19075,0.00000,0.59843,0.02335,5.00000,0.61081,0.79863,0.00000
hist_gradient_gain_regressor,stick_slip_cycle,7,6,1.00000,2.11570,0.53991,0.15110,1.14727,0.00000,0.57057,0.02128,5.00000,0.62159,0.80472,0.00000
hist_gradient_gain_regressor,stiffness_shift,0,6,0.00000,3.01756,0.85587,0.25739,1.76576,0.01354,0.61779,0.01740,5.50000,0.64223,0.83203,0.00000
hist_gradient_gain_regressor,stiffness_shift,1,6,0.00000,3.17352,0.66934,0.25576,1.86166,0.03092,0.62347,0.01352,5.00000,0.64238,0.82932,0.00000
hist_gradient_gain_regressor,stiffness_shift,2,6,0.00000,3.09348,1.14277,0.26783,1.84863,0.02900,0.61708,0.00967,6.83333,0.62506,0.82952,0.00000
hist_gradient_gain_regressor,stiffness_shift,3,6,0.00000,3.22700,0.87011,0.25801,1.81023,0.02501,0.61269,0.01350,5.83333,0.62738,0.82847,0.00000
hist_gradient_gain_regressor,stiffness_shift,4,6,0.00000,2.97910,0.84100,0.24575,1.82553,0.02900,0.61967,0.01740,7.00000,0.61350,0.83160,0.00000
hist_gradient_gain_regressor,stiffness_shift,5,6,0.16667,3.20171,0.86910,0.26707,1.80092,0.03070,0.61153,0.00960,5.66667,0.66081,0.82968,0.00000
hist_gradient_gain_regressor,stiffness_shift,6,6,0.00000,3.24328,0.70921,0.27680,1.83118,0.02713,0.63178,0.01551,5.00000,0.65488,0.83028,0.00000
hist_gradient_gain_regressor,stiffness_shift,7,6,0.00000,3.08913,1.17463,0.25676,1.76787,0.02511,0.60615,0.00965,7.33333,0.64698,0.83022,0.00000
hist_gradient_gain_regressor,surface_discontinuity,0,6,1.00000,2.47748,0.84485,0.15041,1.26475,0.00000,0.58993,0.03486,5.00000,0.60697,0.80574,0.00000
hist_gradient_gain_regressor,surface_discontinuity,1,6,0.50000,2.62809,1.15147,0.15646,1.29658,0.00000,0.60046,0.03114,5.83333,0.59565,0.80350,0.00000
hist_gradient_gain_regressor,surface_discontinuity,2,6,0.66667,2.43719,1.05363,0.15018,1.26312,0.00000,0.58915,0.03101,5.00000,0.59550,0.80784,0.00000
hist_gradient_gain_regressor,surface_discontinuity,3,6,0.66667,2.60181,0.86206,0.15640,1.29594,0.00000,0.59184,0.02515,5.00000,0.59326,0.80667,0.00000
hist_gradient_gain_regressor,surface_discontinuity,4,6,0.83333,2.45293,1.04875,0.15634,1.26426,0.00000,0.59303,0.02907,5.00000,0.59518,0.80515,0.00000
hist_gradient_gain_regressor,surface_discontinuity,5,6,0.50000,2.58393,0.94451,0.16095,1.34297,0.00000,0.59419,0.02914,5.00000,0.61381,0.80641,0.00000
hist_gradient_gain_regressor,surface_discontinuity,6,6,0.16667,2.63532,1.07587,0.15539,1.31776,0.00000,0.61403,0.02725,5.33333,0.61849,0.80936,0.00000
hist_gradient_gain_regressor,surface_discontinuity,7,6,0.83333,2.44568,0.86132,0.15103,1.27139,0.00000,0.57789,0.02332,5.00000,0.60615,0.80414,0.00000
hist_gradient_gain_regressor,target_force_jump,0,6,0.00000,2.13912,1.15762,0.12806,1.20179,0.00000,0.61642,0.02348,5.00000,0.58232,0.81810,0.00000
hist_gradient_gain_regressor,target_force_jump,1,6,0.00000,2.10187,1.50034,0.11741,1.12969,0.00000,0.62472,0.02355,5.00000,0.57985,0.81479,0.00000
hist_gradient_gain_regressor,target_force_jump,2,6,0.33333,2.25106,1.27263,0.12812,1.25306,0.00000,0.61532,0.02148,5.00000,0.57697,0.81738,0.00000
hist_gradient_gain_regressor,target_force_jump,3,6,0.16667,2.12959,1.03798,0.13130,1.18621,0.00000,0.61555,0.03689,5.00000,0.57074,0.81687,0.00000
hist_gradient_gain_regressor,target_force_jump,4,6,0.00000,2.10530,1.18841,0.12122,1.22291,0.00000,0.61792,0.03311,5.00000,0.57931,0.82042,0.00000
hist_gradient_gain_regressor,target_force_jump,5,6,0.00000,2.06848,1.10961,0.11793,1.23475,0.00000,0.61690,0.02948,5.00000,0.58385,0.81582,0.00000
hist_gradient_gain_regressor,target_force_jump,6,6,0.00000,2.20323,1.66017,0.12333,1.17939,0.00000,0.63068,0.02351,5.00000,0.60096,0.81825,0.00000
hist_gradient_gain_regressor,target_force_jump,7,6,0.33333,2.14558,1.23644,0.12372,1.19856,0.00000,0.60589,0.02353,5.00000,0.59159,0.81560,0.00000
impedance_token_policy_v4,actuator_saturation,0,6,0.16667,2.82689,2.19732,0.16160,1.44465,0.00000,0.49149,0.01922,5.00000,0.78701,0.73515,59.16667
impedance_token_policy_v4,actuator_saturation,1,6,0.16667,2.73832,2.03554,0.16214,1.40116,0.00000,0.49142,0.02493,5.00000,0.75991,0.73245,61.00000
impedance_token_policy_v4,actuator_saturation,2,6,0.16667,2.66546,2.27423,0.15359,1.30107,0.00000,0.46360,0.01341,5.00000,0.79025,0.73224,62.00000
impedance_token_policy_v4,actuator_saturation,3,6,0.00000,2.84563,2.29103,0.16629,1.47253,0.00000,0.45389,0.01537,5.00000,0.80250,0.72839,63.00000
impedance_token_policy_v4,actuator_saturation,4,6,0.16667,2.73410,2.07935,0.16136,1.32321,0.00000,0.48372,0.02689,5.16667,0.76750,0.73265,60.00000
impedance_token_policy_v4,actuator_saturation,5,6,0.33333,2.63301,2.10352,0.15281,1.34397,0.00000,0.46850,0.01920,5.00000,0.76505,0.73483,59.00000
impedance_token_policy_v4,actuator_saturation,6,6,0.00000,2.88152,2.25172,0.16680,1.44760,0.00000,0.45019,0.02107,5.00000,0.77747,0.72999,64.00000
impedance_token_policy_v4,actuator_saturation,7,6,0.00000,2.73850,2.15442,0.16048,1.34368,0.00000,0.47797,0.02497,5.00000,0.79557,0.73334,63.50000
impedance_token_policy_v4,combined_extreme_stress,0,6,0.00000,2.57436,1.73405,0.14038,1.44123,0.00000,0.37597,0.09884,5.00000,0.79718,0.71779,68.00000
impedance_token_policy_v4,combined_extreme_stress,1,6,0.00000,2.69534,1.91812,0.14386,1.32407,0.00194,0.41974,0.10051,5.00000,0.76043,0.71755,62.16667
impedance_token_policy_v4,combined_extreme_stress,2,6,0.00000,2.62557,2.19213,0.14184,1.35331,0.00000,0.40698,0.09690,5.00000,0.76284,0.72257,65.33333
impedance_token_policy_v4,combined_extreme_stress,3,6,0.00000,2.67157,2.08001,0.15015,1.33368,0.00000,0.40891,0.07558,5.00000,0.78212,0.72251,63.83333
impedance_token_policy_v4,combined_extreme_stress,4,6,0.00000,2.70914,2.44971,0.14135,1.31518,0.00000,0.44115,0.09472,5.00000,0.75711,0.72467,67.83333
impedance_token_policy_v4,combined_extreme_stress,5,6,0.00000,2.67367,1.94725,0.14677,1.33739,0.00000,0.42762,0.10254,5.16667,0.75631,0.71674,62.83333
impedance_token_policy_v4,combined_extreme_stress,6,6,0.00000,2.66687,2.11443,0.14024,1.39774,0.00000,0.39466,0.08322,5.00000,0.75145,0.71785,64.83333
impedance_token_policy_v4,combined_extreme_stress,7,6,0.00000,2.55190,2.09637,0.13863,1.39206,0.00000,0.39923,0.11046,5.00000,0.76123,0.70885,61.66667
impedance_token_policy_v4,combined_stress,0,6,0.00000,2.64255,1.33476,0.15630,1.57174,0.00581,0.38120,0.05418,5.00000,0.79807,0.72081,64.00000
impedance_token_policy_v4,combined_stress,1,6,0.00000,2.53822,1.53469,0.15463,1.45190,0.00388,0.37125,0.07547,5.00000,0.77062,0.71694,66.50000
impedance_token_policy_v4,combined_stress,2,6,0.00000,2.55767,1.69201,0.15076,1.50715,0.00000,0.37724,0.06964,5.00000,0.80330,0.72318,66.83333
impedance_token_policy_v4,combined_stress,3,6,0.00000,2.57586,1.68194,0.15509,1.47177,0.00000,0.36822,0.05427,5.00000,0.81826,0.72113,67.83333
impedance_token_policy_v4,combined_stress,4,6,0.00000,2.57355,1.39760,0.15165,1.52008,0.00194,0.37606,0.05395,5.00000,0.76947,0.71657,64.83333
impedance_token_policy_v4,combined_stress,5,6,0.00000,2.31141,1.47774,0.13917,1.34895,0.00000,0.34746,0.07527,5.00000,0.79211,0.72103,72.66667
impedance_token_policy_v4,combined_stress,6,6,0.00000,2.48250,1.66770,0.14548,1.38768,0.00000,0.36949,0.05028,5.16667,0.78156,0.72097,72.83333
impedance_token_policy_v4,combined_stress,7,6,0.00000,2.56601,1.83062,0.14652,1.35950,0.00000,0.35334,0.06961,5.16667,0.80668,0.71185,74.00000
impedance_token_policy_v4,contact_transition,0,6,0.00000,2.38944,1.87406,0.16225,1.25939,0.00000,0.44705,0.02506,5.00000,0.77388,0.72495,64.16667
impedance_token_policy_v4,contact_transition,1,6,0.00000,2.37211,2.00164,0.15648,1.25971,0.00000,0.47002,0.02323,5.00000,0.72995,0.72306,61.83333
impedance_token_policy_v4,contact_transition,2,6,0.00000,2.37197,1.76206,0.16019,1.25534,0.00000,0.44598,0.01735,5.16667,0.76641,0.72631,62.50000
impedance_token_policy_v4,contact_transition,3,6,0.00000,2.33233,1.95647,0.15393,1.18758,0.00000,0.44975,0.02317,5.16667,0.77687,0.72566,63.83333
impedance_token_policy_v4,contact_transition,4,6,0.00000,2.37932,1.67480,0.16292,1.24710,0.00000,0.42800,0.01726,5.16667,0.76263,0.72192,63.66667
impedance_token_policy_v4,contact_transition,5,6,0.00000,2.36952,1.95452,0.16161,1.27237,0.00000,0.43201,0.01728,5.00000,0.73927,0.72275,64.00000
impedance_token_policy_v4,contact_transition,6,6,0.00000,2.24319,1.75249,0.15227,1.13773,0.00000,0.44710,0.03270,5.00000,0.74982,0.72686,63.00000
impedance_token_policy_v4,contact_transition,7,6,0.00000,2.47159,2.01089,0.16459,1.29812,0.00000,0.41925,0.01924,5.16667,0.79192,0.72065,67.33333
impedance_token_policy_v4,delayed_mode_switch,0,6,0.50000,2.61147,1.37532,0.15587,1.75407,0.01354,0.51261,0.04065,5.00000,0.74034,0.73918,52.16667
impedance_token_policy_v4,delayed_mode_switch,1,6,0.66667,2.80417,2.32472,0.16339,1.63567,0.00962,0.50187,0.03268,6.66667,0.74193,0.74066,52.83333
impedance_token_policy_v4,delayed_mode_switch,2,6,0.66667,2.50902,1.43480,0.15373,1.64985,0.00775,0.48650,0.02702,5.00000,0.73983,0.74228,51.66667
impedance_token_policy_v4,delayed_mode_switch,3,6,0.33333,2.78221,2.31666,0.16801,1.60969,0.00581,0.50105,0.02125,7.16667,0.76119,0.73600,50.66667
impedance_token_policy_v4,delayed_mode_switch,4,6,0.16667,2.72201,1.50999,0.16253,1.90586,0.01724,0.50196,0.02118,5.66667,0.74164,0.73825,55.83333
impedance_token_policy_v4,delayed_mode_switch,5,6,0.16667,2.58741,2.14586,0.14740,1.56141,0.00575,0.47980,0.02504,6.50000,0.73340,0.73483,54.00000
impedance_token_policy_v4,delayed_mode_switch,6,6,0.50000,2.70683,1.90041,0.16677,1.75814,0.01548,0.50956,0.02896,6.00000,0.73313,0.74131,51.16667
impedance_token_policy_v4,delayed_mode_switch,7,6,0.50000,2.54223,1.49767,0.14877,1.66572,0.00775,0.51836,0.03678,5.33333,0.73877,0.73948,50.50000
impedance_token_policy_v4,friction_slip_shift,0,6,0.00000,2.25700,1.24495,0.18912,1.05209,0.00000,0.44917,0.00383,5.00000,0.79421,0.72844,61.66667
impedance_token_policy_v4,friction_slip_shift,1,6,0.16667,2.31645,1.18192,0.19498,1.05740,0.00000,0.44061,0.00575,5.00000,0.80311,0.72378,61.00000
impedance_token_policy_v4,friction_slip_shift,2,6,0.00000,2.25738,1.09336,0.19624,1.06579,0.00000,0.44253,0.00575,5.00000,0.79583,0.72809,61.50000
impedance_token_policy_v4,friction_slip_shift,3,6,0.16667,2.26472,1.21180,0.19526,1.08050,0.00000,0.47786,0.00958,5.00000,0.78683,0.73385,57.83333
impedance_token_policy_v4,friction_slip_shift,4,6,0.00000,2.21850,1.36149,0.18014,1.06696,0.00000,0.41762,0.00383,5.00000,0.79064,0.72468,66.66667
impedance_token_policy_v4,friction_slip_shift,5,6,0.16667,2.23951,1.12119,0.18713,1.06075,0.00000,0.43295,0.01149,5.00000,0.79167,0.72765,62.66667
impedance_token_policy_v4,friction_slip_shift,6,6,0.16667,2.17161,1.20236,0.18560,1.06988,0.00000,0.45685,0.01154,5.00000,0.75227,0.73122,60.66667
impedance_token_policy_v4,friction_slip_shift,7,6,0.00000,2.18019,1.29020,0.17683,1.07905,0.00000,0.44538,0.01535,5.16667,0.79691,0.72723,63.00000
impedance_token_policy_v4,nominal_surface_tracking,0,6,1.00000,2.27519,1.09071,0.18813,1.03731,0.00000,0.56627,0.00577,5.00000,0.77855,0.76331,48.50000
impedance_token_policy_v4,nominal_surface_tracking,1,6,1.00000,2.27697,1.16837,0.19329,1.04772,0.00000,0.55556,0.00575,5.00000,0.75432,0.75643,51.33333
impedance_token_policy_v4,nominal_surface_tracking,2,6,0.83333,2.32178,1.13784,0.18962,1.03604,0.00000,0.54905,0.00383,5.00000,0.76123,0.75398,49.66667
impedance_token_policy_v4,nominal_surface_tracking,3,6,0.83333,2.30771,1.25855,0.19140,1.02286,0.00000,0.54789,0.00383,5.00000,0.77614,0.75293,49.66667
impedance_token_policy_v4,nominal_surface_tracking,4,6,1.00000,2.30470,1.20451,0.18639,1.06254,0.00000,0.55939,0.00958,5.00000,0.74550,0.75615,50.66667
impedance_token_policy_v4,nominal_surface_tracking,5,6,1.00000,2.23178,0.93018,0.18706,1.02000,0.00000,0.54981,0.00383,5.00000,0.75073,0.76073,51.33333
impedance_token_policy_v4,nominal_surface_tracking,6,6,0.83333,2.22800,1.21952,0.18465,1.03750,0.00000,0.54406,0.00383,5.00000,0.75629,0.75691,50.83333
impedance_token_policy_v4,nominal_surface_tracking,7,6,1.00000,2.22759,1.06300,0.18568,1.04967,0.00000,0.56164,0.00000,5.00000,0.76236,0.75870,47.83333
impedance_token_policy_v4,sensor_noise_burst,0,6,0.16667,2.59309,2.13419,0.16502,1.20848,0.00000,0.52210,0.04805,5.00000,0.77494,0.73992,57.83333
impedance_token_policy_v4,sensor_noise_burst,1,6,0.33333,2.72918,2.24869,0.16501,1.24772,0.00000,0.51916,0.05364,5.16667,0.77231,0.73883,61.66667
impedance_token_policy_v4,sensor_noise_burst,2,6,0.33333,2.59687,1.95239,0.16446,1.22881,0.00000,0.48467,0.05939,5.33333,0.80489,0.73984,61.16667
impedance_token_policy_v4,sensor_noise_burst,3,6,0.16667,2.66718,2.24516,0.16773,1.29174,0.00000,0.50000,0.05939,5.00000,0.80161,0.73496,61.00000
impedance_token_policy_v4,sensor_noise_burst,4,6,0.33333,2.77008,2.16247,0.17132,1.27292,0.00000,0.50000,0.04406,5.00000,0.77705,0.73636,61.50000
impedance_token_policy_v4,sensor_noise_burst,5,6,0.33333,2.69854,2.16509,0.16626,1.28011,0.00000,0.49808,0.05939,5.33333,0.77154,0.73784,60.66667
impedance_token_policy_v4,sensor_noise_burst,6,6,0.16667,2.61919,1.86105,0.16710,1.26940,0.00000,0.51341,0.02682,5.00000,0.76199,0.73732,56.16667
impedance_token_policy_v4,sensor_noise_burst,7,6,0.16667,2.75605,2.19265,0.16764,1.29466,0.00000,0.50864,0.04589,5.00000,0.79825,0.73891,62.66667
impedance_token_policy_v4,stick_slip_cycle,0,6,0.00000,2.30233,1.74813,0.16434,1.08937,0.00000,0.44427,0.02303,5.16667,0.79515,0.72893,65.66667
impedance_token_policy_v4,stick_slip_cycle,1,6,0.00000,2.34706,1.70243,0.17077,1.06259,0.00000,0.41921,0.00964,5.16667,0.76848,0.72173,65.33333
impedance_token_policy_v4,stick_slip_cycle,2,6,0.16667,2.30111,1.60963,0.16275,1.07122,0.00000,0.40038,0.01149,5.16667,0.81440,0.72648,68.16667
impedance_token_policy_v4,stick_slip_cycle,3,6,0.00000,2.26773,1.60483,0.16786,1.06782,0.00000,0.38858,0.01343,5.00000,0.81660,0.72386,67.50000
impedance_token_policy_v4,stick_slip_cycle,4,6,0.16667,2.29554,1.82179,0.16041,1.05509,0.00000,0.46050,0.01341,5.16667,0.75883,0.73087,61.66667
impedance_token_policy_v4,stick_slip_cycle,5,6,0.00000,2.26492,1.59532,0.16955,1.10968,0.00000,0.40315,0.01156,5.00000,0.77280,0.72580,66.66667
impedance_token_policy_v4,stick_slip_cycle,6,6,0.00000,2.29962,1.69784,0.16344,1.10712,0.00000,0.38664,0.01539,5.00000,0.78126,0.72244,66.83333
impedance_token_policy_v4,stick_slip_cycle,7,6,0.00000,2.35355,1.72197,0.16782,1.07916,0.00000,0.43872,0.01731,5.16667,0.78420,0.72253,63.33333
impedance_token_policy_v4,stiffness_shift,0,6,0.00000,2.63112,1.17681,0.22389,1.56336,0.00000,0.50766,0.01149,5.00000,0.76833,0.74031,53.83333
impedance_token_policy_v4,stiffness_shift,1,6,0.33333,2.67653,0.93323,0.21597,1.69506,0.00967,0.51056,0.01728,5.00000,0.76267,0.75217,49.66667
impedance_token_policy_v4,stiffness_shift,2,6,0.50000,2.51800,0.74575,0.21795,1.66753,0.00766,0.51637,0.01151,5.00000,0.77947,0.76309,49.00000
impedance_token_policy_v4,stiffness_shift,3,6,0.50000,2.67191,1.01350,0.21364,1.65505,0.00766,0.50958,0.01724,5.00000,0.80881,0.75150,51.50000
impedance_token_policy_v4,stiffness_shift,4,6,0.83333,2.42194,0.81865,0.19994,1.66075,0.00766,0.52308,0.01539,6.00000,0.74221,0.76459,49.50000
impedance_token_policy_v4,stiffness_shift,5,6,0.50000,2.55830,0.76306,0.21325,1.62251,0.01150,0.52108,0.01724,5.00000,0.77221,0.76019,50.50000
impedance_token_policy_v4,stiffness_shift,6,6,0.16667,2.63742,0.77273,0.22500,1.68264,0.00958,0.49042,0.01532,5.00000,0.76466,0.75963,50.16667
impedance_token_policy_v4,stiffness_shift,7,6,0.50000,2.57980,1.13592,0.21428,1.60000,0.00000,0.52108,0.01532,5.33333,0.77129,0.75065,51.33333
impedance_token_policy_v4,surface_discontinuity,0,6,0.00000,2.47314,1.95272,0.15000,1.10900,0.00000,0.44694,0.01740,5.00000,0.78450,0.72470,63.66667
impedance_token_policy_v4,surface_discontinuity,1,6,0.00000,2.47798,1.98888,0.14765,1.10423,0.00000,0.42506,0.01927,5.00000,0.76719,0.72119,63.50000
impedance_token_policy_v4,surface_discontinuity,2,6,0.00000,2.45921,1.98693,0.15184,1.08726,0.00000,0.42435,0.01343,5.00000,0.78380,0.72489,64.16667
impedance_token_policy_v4,surface_discontinuity,3,6,0.00000,2.54409,2.11551,0.15305,1.10505,0.00000,0.43937,0.01539,5.00000,0.81149,0.72372,64.33333
impedance_token_policy_v4,surface_discontinuity,4,6,0.00000,2.33677,1.87688,0.14894,1.08115,0.00000,0.43253,0.01740,5.16667,0.76028,0.72212,65.33333
impedance_token_policy_v4,surface_discontinuity,5,6,0.00000,2.46556,1.91741,0.15356,1.10846,0.00000,0.44048,0.02116,5.00000,0.75077,0.72304,62.16667
impedance_token_policy_v4,surface_discontinuity,6,6,0.00000,2.50177,1.96866,0.14766,1.07817,0.00000,0.42611,0.01152,5.00000,0.76163,0.72640,64.16667
impedance_token_policy_v4,surface_discontinuity,7,6,0.00000,2.42602,2.11444,0.14978,1.07139,0.00000,0.45458,0.01936,5.00000,0.77112,0.72164,63.50000
impedance_token_policy_v4,target_force_jump,0,6,0.00000,2.43546,2.66634,0.14558,1.11586,0.00000,0.49806,0.02132,5.16667,0.72744,0.73278,60.50000
impedance_token_policy_v4,target_force_jump,1,6,0.00000,2.39754,3.03187,0.13407,1.08430,0.00000,0.48837,0.01550,5.33333,0.71684,0.72913,62.66667
impedance_token_policy_v4,target_force_jump,2,6,0.16667,2.45366,2.86436,0.13968,1.16741,0.00000,0.47674,0.01744,5.16667,0.74543,0.73609,64.83333
impedance_token_policy_v4,target_force_jump,3,6,0.00000,2.39642,2.54596,0.14780,1.14220,0.00000,0.48256,0.00969,5.16667,0.75512,0.73382,63.50000
impedance_token_policy_v4,target_force_jump,4,6,0.33333,2.37675,2.72711,0.13714,1.09438,0.00000,0.50194,0.01357,5.16667,0.71269,0.73630,64.00000
impedance_token_policy_v4,target_force_jump,5,6,0.00000,2.40851,2.69693,0.13713,1.08051,0.00000,0.46899,0.01744,5.16667,0.70442,0.73117,63.66667
impedance_token_policy_v4,target_force_jump,6,6,0.00000,2.39647,3.11709,0.13418,1.10483,0.00000,0.50194,0.00969,5.00000,0.71263,0.73418,61.50000
impedance_token_policy_v4,target_force_jump,7,6,0.00000,2.44824,2.87078,0.14115,1.11506,0.00000,0.48644,0.02519,5.00000,0.72891,0.72934,64.83333
impedance_token_policy_v5,actuator_saturation,0,6,0.00000,3.31405,3.33817,0.18928,1.41043,0.00000,0.26054,0.01341,7.00000,0.70950,0.68647,43.66667
impedance_token_policy_v5,actuator_saturation,1,6,0.00000,3.25152,2.99699,0.19276,1.32602,0.00000,0.22888,0.01728,5.16667,0.75057,0.67830,40.16667
impedance_token_policy_v5,actuator_saturation,2,6,0.00000,3.21789,3.23772,0.18549,1.21093,0.00000,0.29310,0.01532,7.16667,0.75253,0.69021,39.66667
impedance_token_policy_v5,actuator_saturation,3,6,0.00000,3.31573,3.16831,0.19382,1.34912,0.00000,0.24330,0.01341,7.00000,0.75243,0.67979,45.00000
impedance_token_policy_v5,actuator_saturation,4,6,0.00000,3.21789,2.80899,0.18925,1.23690,0.00000,0.28413,0.01728,6.16667,0.77887,0.68966,42.50000
impedance_token_policy_v5,actuator_saturation,5,6,0.00000,3.19340,3.17464,0.18551,1.25382,0.00000,0.25671,0.01341,6.16667,0.73776,0.68873,41.33333
impedance_token_policy_v5,actuator_saturation,6,6,0.00000,3.31066,3.11227,0.19182,1.34064,0.00000,0.28032,0.01920,6.50000,0.75524,0.68520,44.33333
impedance_token_policy_v5,actuator_saturation,7,6,0.00000,3.28054,3.12196,0.19232,1.24973,0.00000,0.22661,0.01151,6.66667,0.72608,0.67683,40.33333
impedance_token_policy_v5,combined_extreme_stress,0,6,0.00000,3.15802,2.90338,0.17220,1.39166,0.00000,0.17052,0.07939,6.00000,0.70219,0.66262,53.83333
impedance_token_policy_v5,combined_extreme_stress,1,6,0.00000,3.12420,2.56444,0.16649,1.34271,0.00194,0.25186,0.07759,6.00000,0.77251,0.67611,51.83333
impedance_token_policy_v5,combined_extreme_stress,2,6,0.00000,3.00203,3.07591,0.16193,1.29696,0.00000,0.23256,0.07558,6.16667,0.72160,0.67571,49.83333
impedance_token_policy_v5,combined_extreme_stress,3,6,0.00000,3.00780,2.73531,0.16860,1.27463,0.00000,0.24806,0.06977,5.66667,0.74846,0.67654,48.33333
impedance_token_policy_v5,combined_extreme_stress,4,6,0.00000,3.13140,3.36264,0.16345,1.26953,0.00000,0.25581,0.06589,5.83333,0.78298,0.67963,49.33333
impedance_token_policy_v5,combined_extreme_stress,5,6,0.00000,3.00604,2.46417,0.16477,1.29997,0.00000,0.24537,0.05612,5.66667,0.72406,0.67672,52.50000
impedance_token_policy_v5,combined_extreme_stress,6,6,0.00000,3.07978,3.41389,0.16216,1.31951,0.00000,0.23920,0.06434,7.33333,0.73271,0.67444,47.83333
impedance_token_policy_v5,combined_extreme_stress,7,6,0.00000,3.02044,3.02635,0.16382,1.30179,0.00000,0.25458,0.05244,5.50000,0.72834,0.67323,48.66667
impedance_token_policy_v5,combined_stress,0,6,0.00000,3.09855,2.46421,0.18313,1.41923,0.00000,0.12145,0.03664,6.00000,0.67079,0.66358,52.16667
impedance_token_policy_v5,combined_stress,1,6,0.00000,3.06318,2.57943,0.18669,1.38563,0.00000,0.10465,0.03488,5.66667,0.71378,0.65729,48.33333
impedance_token_policy_v5,combined_stress,2,6,0.00000,3.10645,2.88679,0.18332,1.39190,0.00000,0.13999,0.04282,5.33333,0.70528,0.65936,48.50000
impedance_token_policy_v5,combined_stress,3,6,0.00000,2.98809,2.74511,0.17970,1.31124,0.00000,0.11822,0.05039,6.00000,0.68915,0.65185,46.00000
impedance_token_policy_v5,combined_stress,4,6,0.00000,3.19018,2.69188,0.18779,1.41022,0.00194,0.09690,0.05233,6.16667,0.75014,0.65161,51.16667
impedance_token_policy_v5,combined_stress,5,6,0.00000,2.91415,2.46095,0.17528,1.27897,0.00000,0.05618,0.04253,5.50000,0.65468,0.64528,45.50000
impedance_token_policy_v5,combined_stress,6,6,0.00000,3.00945,2.80852,0.17642,1.28603,0.00000,0.17230,0.03874,5.50000,0.70682,0.66239,44.83333
impedance_token_policy_v5,combined_stress,7,6,0.00000,2.98868,2.79872,0.17060,1.26960,0.00000,0.10055,0.03479,6.16667,0.70737,0.65419,46.33333
impedance_token_policy_v5,contact_transition,0,6,0.00000,2.91251,2.68064,0.19776,1.18113,0.00000,0.24822,0.01154,6.50000,0.65748,0.67800,41.00000
impedance_token_policy_v5,contact_transition,1,6,0.00000,2.92823,2.68739,0.19342,1.16394,0.00000,0.29263,0.01163,5.50000,0.70797,0.67852,39.83333
impedance_token_policy_v5,contact_transition,2,6,0.00000,2.92902,2.50068,0.19813,1.15789,0.00000,0.25630,0.01348,6.00000,0.68091,0.67972,37.00000
impedance_token_policy_v5,contact_transition,3,6,0.00000,2.94352,2.83440,0.19426,1.11739,0.00000,0.25303,0.00967,5.66667,0.69632,0.67307,42.50000
impedance_token_policy_v5,contact_transition,4,6,0.00000,3.00593,2.47890,0.20543,1.17206,0.00000,0.22692,0.01154,8.33333,0.71758,0.67016,35.83333
impedance_token_policy_v5,contact_transition,5,6,0.00000,2.92906,2.71165,0.19933,1.19947,0.00000,0.28731,0.01539,5.66667,0.67565,0.67954,40.50000
impedance_token_policy_v5,contact_transition,6,6,0.00000,2.85877,2.43023,0.19371,1.10705,0.00000,0.29348,0.00965,5.00000,0.69368,0.67972,39.33333
impedance_token_policy_v5,contact_transition,7,6,0.00000,2.97011,2.95597,0.19729,1.21741,0.00000,0.22031,0.00766,7.50000,0.69029,0.66762,38.00000
impedance_token_policy_v5,delayed_mode_switch,0,6,0.00000,3.25835,2.81027,0.19467,1.70792,0.01158,0.27791,0.02125,5.50000,0.70196,0.68473,43.66667
impedance_token_policy_v5,delayed_mode_switch,1,6,0.00000,3.28735,2.93746,0.19189,1.63675,0.00969,0.23004,0.01548,5.83333,0.76845,0.68265,42.16667
impedance_token_policy_v5,delayed_mode_switch,2,6,0.00000,3.13390,3.04806,0.19192,1.61982,0.00775,0.27713,0.01744,6.66667,0.71645,0.68200,39.66667
impedance_token_policy_v5,delayed_mode_switch,3,6,0.00000,3.04778,2.32765,0.18399,1.56378,0.00775,0.27076,0.01355,6.50000,0.73122,0.68779,41.66667
impedance_token_policy_v5,delayed_mode_switch,4,6,0.00000,3.13719,1.77855,0.18715,1.75945,0.01537,0.25831,0.01733,5.50000,0.75812,0.68399,42.33333
impedance_token_policy_v5,delayed_mode_switch,5,6,0.00000,3.16513,2.83553,0.18031,1.45428,0.00192,0.27252,0.01735,7.66667,0.71322,0.68212,41.16667
impedance_token_policy_v5,delayed_mode_switch,6,6,0.00000,3.13846,2.53132,0.19299,1.58497,0.00194,0.27132,0.01744,8.50000,0.73538,0.68558,40.16667
impedance_token_policy_v5,delayed_mode_switch,7,6,0.00000,3.02169,2.22227,0.17737,1.64510,0.01160,0.29003,0.01352,5.16667,0.70901,0.68628,40.50000
impedance_token_policy_v5,friction_slip_shift,0,6,0.00000,2.88885,2.05489,0.24102,0.98023,0.00000,0.26437,0.00000,6.33333,0.67090,0.67463,37.50000
impedance_token_policy_v5,friction_slip_shift,1,6,0.00000,2.90860,1.84545,0.24478,0.97782,0.00000,0.28972,0.00000,5.16667,0.73753,0.67955,33.33333
impedance_token_policy_v5,friction_slip_shift,2,6,0.00000,2.84372,1.63252,0.24705,0.98740,0.00000,0.31035,0.00383,5.00000,0.70501,0.68899,32.16667
impedance_token_policy_v5,friction_slip_shift,3,6,0.00000,2.85210,1.89485,0.24494,0.98906,0.00000,0.34627,0.00383,5.33333,0.70517,0.68690,33.16667
impedance_token_policy_v5,friction_slip_shift,4,6,0.00000,2.91989,2.08401,0.23706,0.95810,0.00000,0.28854,0.00000,5.33333,0.73108,0.66981,36.33333
impedance_token_policy_v5,friction_slip_shift,5,6,0.00000,2.89791,1.83597,0.24194,0.98317,0.00000,0.30843,0.00000,5.00000,0.69642,0.68135,33.00000
impedance_token_policy_v5,friction_slip_shift,6,6,0.00000,2.88374,1.95577,0.24625,0.93674,0.00000,0.29571,0.00000,5.00000,0.69755,0.68013,35.50000
impedance_token_policy_v5,friction_slip_shift,7,6,0.00000,2.88935,2.11139,0.23426,0.98629,0.00000,0.28985,0.00192,5.50000,0.69841,0.67221,36.33333
impedance_token_policy_v5,nominal_surface_tracking,0,6,0.00000,3.03420,2.13251,0.25079,0.96116,0.00000,0.35057,0.00383,5.33333,0.67631,0.70293,34.83333
impedance_token_policy_v5,nominal_surface_tracking,1,6,0.00000,2.97438,2.02414,0.25228,0.94189,0.00000,0.39793,0.00000,5.00000,0.75060,0.70379,34.66667
impedance_token_policy_v5,nominal_surface_tracking,2,6,0.00000,2.99213,2.07931,0.24427,0.94657,0.00000,0.38773,0.00192,5.00000,0.71265,0.70532,36.66667
impedance_token_policy_v5,nominal_surface_tracking,3,6,0.00000,2.97917,1.97281,0.24726,0.92410,0.00000,0.39847,0.00000,5.16667,0.72697,0.70876,32.66667
impedance_token_policy_v5,nominal_surface_tracking,4,6,0.00000,3.02953,2.17556,0.24489,0.93833,0.00000,0.37243,0.00000,5.16667,0.74862,0.69928,39.50000
impedance_token_policy_v5,nominal_surface_tracking,5,6,0.00000,2.97843,2.04279,0.24968,0.95095,0.00000,0.38196,0.00000,5.33333,0.70433,0.70632,32.83333
impedance_token_policy_v5,nominal_surface_tracking,6,6,0.00000,3.01519,2.07964,0.24983,0.92304,0.00000,0.36207,0.00000,6.00000,0.72477,0.70480,33.50000
impedance_token_policy_v5,nominal_surface_tracking,7,6,0.00000,2.96436,2.00680,0.24697,0.92116,0.00000,0.37439,0.00000,6.16667,0.71386,0.70535,35.33333
impedance_token_policy_v5,sensor_noise_burst,0,6,0.00000,3.21362,3.09063,0.20461,1.14050,0.00000,0.30843,0.02874,6.33333,0.70787,0.69220,42.33333
impedance_token_policy_v5,sensor_noise_burst,1,6,0.00000,3.33332,3.21201,0.20181,1.16361,0.00000,0.29359,0.04605,8.16667,0.77811,0.68893,41.00000
impedance_token_policy_v5,sensor_noise_burst,2,6,0.00000,3.18257,2.89990,0.20153,1.18141,0.00000,0.29694,0.03831,5.66667,0.75196,0.69114,39.50000
impedance_token_policy_v5,sensor_noise_burst,3,6,0.00000,3.17722,2.94696,0.20005,1.27299,0.00000,0.32828,0.03651,7.16667,0.77114,0.69825,39.83333
impedance_token_policy_v5,sensor_noise_burst,4,6,0.00000,3.36615,3.15116,0.20801,1.24158,0.00000,0.27203,0.04023,5.50000,0.79285,0.68427,43.33333
impedance_token_policy_v5,sensor_noise_burst,5,6,0.00000,3.26530,3.13657,0.20074,1.18739,0.00000,0.31609,0.04789,8.00000,0.74553,0.69552,42.33333
impedance_token_policy_v5,sensor_noise_burst,6,6,0.00000,3.12911,2.64496,0.19948,1.15025,0.00000,0.33525,0.03257,5.00000,0.75695,0.69793,41.66667
impedance_token_policy_v5,sensor_noise_burst,7,6,0.00000,3.28832,3.01104,0.20012,1.17199,0.00000,0.29310,0.03448,6.33333,0.77129,0.68890,43.16667
impedance_token_policy_v5,stick_slip_cycle,0,6,0.00000,3.05134,2.71393,0.21753,0.95768,0.00000,0.24414,0.00000,7.16667,0.66094,0.66709,42.16667
impedance_token_policy_v5,stick_slip_cycle,1,6,0.00000,2.97319,2.31264,0.21626,0.99360,0.00000,0.27364,0.00000,5.16667,0.72277,0.67483,40.00000
impedance_token_policy_v5,stick_slip_cycle,2,6,0.00000,3.06317,2.69668,0.21649,0.97854,0.00000,0.18050,0.00192,8.50000,0.69937,0.66789,38.16667
impedance_token_policy_v5,stick_slip_cycle,3,6,0.00000,3.00202,2.44181,0.22218,0.95017,0.00000,0.17898,0.00000,7.83333,0.69373,0.66464,40.50000
impedance_token_policy_v5,stick_slip_cycle,4,6,0.00000,3.09729,2.86237,0.21655,0.95784,0.00000,0.29081,0.00000,6.00000,0.74397,0.67150,41.33333
impedance_token_policy_v5,stick_slip_cycle,5,6,0.00000,2.91671,2.40634,0.21825,1.03805,0.00000,0.24278,0.00577,5.83333,0.68017,0.67014,38.16667
impedance_token_policy_v5,stick_slip_cycle,6,6,0.00000,2.99611,2.63599,0.21297,1.00038,0.00000,0.19825,0.00388,5.66667,0.69657,0.66109,41.33333
impedance_token_policy_v5,stick_slip_cycle,7,6,0.00000,3.07400,2.62331,0.21917,0.98063,0.00000,0.19210,0.00000,5.83333,0.69690,0.66625,43.16667
impedance_token_policy_v5,stiffness_shift,0,6,0.00000,2.91938,1.46268,0.24853,1.50952,0.00000,0.34291,0.01149,5.00000,0.68188,0.71008,35.50000
impedance_token_policy_v5,stiffness_shift,1,6,0.00000,3.08912,1.67233,0.24889,1.61185,0.00581,0.28181,0.01535,5.16667,0.74209,0.69961,34.66667
impedance_token_policy_v5,stiffness_shift,2,6,0.00000,2.97482,1.37779,0.25731,1.57833,0.00192,0.34750,0.01151,5.16667,0.71262,0.70994,36.00000
impedance_token_policy_v5,stiffness_shift,3,6,0.00000,3.03932,1.55722,0.24318,1.55623,0.00000,0.35057,0.01341,5.00000,0.75299,0.70844,36.33333
impedance_token_policy_v5,stiffness_shift,4,6,0.00000,2.99214,1.72702,0.24686,1.57419,0.00194,0.34957,0.01158,6.00000,0.72707,0.70207,36.16667
impedance_token_policy_v5,stiffness_shift,5,6,0.00000,2.97612,1.47081,0.24779,1.53733,0.00383,0.26519,0.01728,5.00000,0.71062,0.69620,36.00000
impedance_token_policy_v5,stiffness_shift,6,6,0.00000,3.01827,1.44628,0.25728,1.58577,0.00383,0.32759,0.01532,5.00000,0.72811,0.70954,37.33333
impedance_token_policy_v5,stiffness_shift,7,6,0.00000,2.98787,1.58230,0.24813,1.52254,0.00000,0.34099,0.01341,5.33333,0.72201,0.70426,37.50000
impedance_token_policy_v5,surface_discontinuity,0,6,0.00000,3.18315,3.08358,0.19295,1.01388,0.00000,0.19580,0.00192,6.66667,0.67939,0.67287,44.33333
impedance_token_policy_v5,surface_discontinuity,1,6,0.00000,3.09637,2.85326,0.18440,1.03071,0.00000,0.25717,0.00388,6.66667,0.73534,0.67921,41.50000
impedance_token_policy_v5,surface_discontinuity,2,6,0.00000,3.08946,2.76961,0.19074,0.99051,0.00000,0.27408,0.00000,5.50000,0.71351,0.68372,40.50000
impedance_token_policy_v5,surface_discontinuity,3,6,0.00000,3.13938,3.01597,0.18882,1.01619,0.00000,0.22113,0.00000,6.50000,0.72540,0.67549,42.83333
impedance_token_policy_v5,surface_discontinuity,4,6,0.00000,3.06771,2.80216,0.19556,0.98714,0.00000,0.26314,0.00000,6.66667,0.73186,0.67716,41.00000
impedance_token_policy_v5,surface_discontinuity,5,6,0.00000,2.98765,2.80659,0.18595,1.03468,0.00000,0.23610,0.00579,6.33333,0.68776,0.68089,42.66667
impedance_token_policy_v5,surface_discontinuity,6,6,0.00000,3.18262,2.90097,0.18786,1.01586,0.00000,0.26985,0.00383,5.50000,0.71884,0.67879,43.00000
impedance_token_policy_v5,surface_discontinuity,7,6,0.00000,3.06905,3.10610,0.18937,1.02048,0.00000,0.24580,0.00194,7.33333,0.70941,0.67580,43.66667
impedance_token_policy_v5,target_force_jump,0,6,0.00000,3.10877,3.73050,0.18568,1.03438,0.00000,0.31926,0.00194,8.50000,0.67625,0.68158,34.50000
impedance_token_policy_v5,target_force_jump,1,6,0.00000,3.13312,4.25401,0.17522,0.99520,0.00000,0.30985,0.00392,9.00000,0.74187,0.67529,30.33333
impedance_token_policy_v5,target_force_jump,2,6,0.00000,3.13920,3.92189,0.17868,1.07227,0.00000,0.30467,0.00777,7.33333,0.71149,0.68100,33.00000
impedance_token_policy_v5,target_force_jump,3,6,0.00000,3.06939,3.58300,0.18945,1.02209,0.00000,0.32029,0.00196,8.66667,0.70633,0.67805,36.00000
impedance_token_policy_v5,target_force_jump,4,6,0.00000,3.17436,3.91415,0.18285,1.02538,0.00000,0.32695,0.00196,10.66667,0.74799,0.68083,33.33333
impedance_token_policy_v5,target_force_jump,5,6,0.00000,3.14469,3.75291,0.17892,1.03438,0.00000,0.30609,0.00390,8.66667,0.68031,0.67302,32.50000
impedance_token_policy_v5,target_force_jump,6,6,0.00000,3.14611,4.50788,0.17598,1.02137,0.00000,0.34884,0.00388,8.83333,0.72763,0.68578,31.33333
impedance_token_policy_v5,target_force_jump,7,6,0.00000,3.16131,3.99185,0.18242,1.05710,0.00000,0.31318,0.00388,9.00000,0.70431,0.67336,31.16667
learned_gain_regressor,actuator_saturation,0,6,0.16667,2.98880,1.01540,0.17124,1.70731,0.01532,0.61494,0.01915,5.00000,0.69646,0.83122,0.00000
learned_gain_regressor,actuator_saturation,1,6,0.00000,2.81365,0.92634,0.16675,1.59586,0.00766,0.62069,0.03257,5.00000,0.69055,0.82897,0.00000
learned_gain_regressor,actuator_saturation,2,6,0.00000,2.88336,1.27254,0.16675,1.46773,0.00000,0.61765,0.02673,5.83333,0.66496,0.83238,0.00000
learned_gain_regressor,actuator_saturation,3,6,0.00000,2.90292,0.95135,0.16970,1.66196,0.00766,0.61501,0.02878,5.00000,0.67465,0.82873,0.00000
learned_gain_regressor,actuator_saturation,4,6,0.33333,2.85029,1.42057,0.16990,1.55220,0.00192,0.61116,0.02301,6.66667,0.67429,0.83192,0.00000
learned_gain_regressor,actuator_saturation,5,6,0.50000,2.79926,1.00098,0.16211,1.55772,0.00958,0.60848,0.02303,5.00000,0.66636,0.83270,0.00000
learned_gain_regressor,actuator_saturation,6,6,0.16667,3.16354,1.05275,0.18268,1.59424,0.00192,0.61877,0.01915,5.00000,0.72456,0.82761,0.00000
learned_gain_regressor,actuator_saturation,7,6,0.33333,2.79009,1.04897,0.16344,1.56407,0.00766,0.60920,0.03065,5.00000,0.69842,0.83145,0.00000
learned_gain_regressor,combined_extreme_stress,0,6,1.00000,2.92052,2.62129,0.15933,1.61569,0.00194,0.56093,0.07937,5.00000,0.64987,0.79611,0.00000
learned_gain_regressor,combined_extreme_stress,1,6,0.83333,3.09437,2.51773,0.16480,1.63258,0.00766,0.56953,0.10597,5.50000,0.66335,0.80257,0.00000
learned_gain_regressor,combined_extreme_stress,2,6,0.50000,2.96688,2.70878,0.16008,1.68043,0.00388,0.58532,0.09296,5.00000,0.61216,0.80313,0.00000
learned_gain_regressor,combined_extreme_stress,3,6,0.83333,2.93805,2.72446,0.16505,1.43399,0.00575,0.57374,0.11045,5.50000,0.64622,0.80626,0.00000
learned_gain_regressor,combined_extreme_stress,4,6,0.66667,3.11900,3.41438,0.16261,1.50096,0.00000,0.57376,0.10646,6.83333,0.63227,0.80605,0.00000
learned_gain_regressor,combined_extreme_stress,5,6,0.83333,3.14718,2.87769,0.17226,1.69739,0.01167,0.56605,0.09702,7.33333,0.63671,0.80559,0.00000
learned_gain_regressor,combined_extreme_stress,6,6,0.83333,3.22008,3.08607,0.16925,1.63727,0.00775,0.58222,0.07730,5.00000,0.67264,0.80071,0.00000
learned_gain_regressor,combined_extreme_stress,7,6,1.00000,3.11105,3.23027,0.16858,1.55590,0.00586,0.57394,0.11270,6.16667,0.65803,0.80131,0.00000
learned_gain_regressor,combined_stress,0,6,0.66667,3.25610,2.12327,0.19253,1.86504,0.04235,0.57503,0.04036,5.16667,0.64817,0.79645,0.00000
learned_gain_regressor,combined_stress,1,6,0.66667,3.07897,1.88402,0.18646,1.74282,0.02713,0.57645,0.06188,5.16667,0.63472,0.79208,0.00000
learned_gain_regressor,combined_stress,2,6,0.83333,3.02853,2.22160,0.17847,1.63512,0.01343,0.58115,0.05402,5.00000,0.60933,0.79597,0.00000
learned_gain_regressor,combined_stress,3,6,0.83333,3.11224,2.37212,0.18733,1.69307,0.00775,0.57808,0.05397,5.33333,0.61618,0.79439,0.00000
learned_gain_regressor,combined_stress,4,6,0.83333,3.12883,2.07728,0.18448,1.78694,0.02898,0.56841,0.05395,5.00000,0.62334,0.79115,0.00000
learned_gain_regressor,combined_stress,5,6,1.00000,2.81009,2.24960,0.16897,1.59268,0.00385,0.57452,0.04834,5.16667,0.60309,0.79372,0.00000
learned_gain_regressor,combined_stress,6,6,1.00000,2.97687,2.11189,0.17424,1.67473,0.01163,0.57921,0.07137,5.16667,0.66584,0.79768,0.00000
learned_gain_regressor,combined_stress,7,6,0.83333,3.10018,2.51492,0.17675,1.74166,0.01744,0.56795,0.05812,6.66667,0.66290,0.78750,0.00000
learned_gain_regressor,contact_transition,0,6,0.50000,2.33443,0.87744,0.15833,1.43451,0.00000,0.60078,0.01918,5.00000,0.65284,0.82367,0.00000
learned_gain_regressor,contact_transition,1,6,0.33333,2.26202,0.96753,0.14908,1.43456,0.00000,0.61472,0.01927,5.00000,0.64183,0.82264,0.00000
learned_gain_regressor,contact_transition,2,6,0.16667,2.38772,0.95452,0.16139,1.43824,0.00000,0.60960,0.02112,5.00000,0.62670,0.82423,0.00000
learned_gain_regressor,contact_transition,3,6,0.50000,2.23458,0.91916,0.14756,1.39227,0.00000,0.60657,0.01918,5.00000,0.63614,0.82284,0.00000
learned_gain_regressor,contact_transition,4,6,0.33333,2.42805,1.06522,0.16651,1.41822,0.00000,0.60154,0.01147,5.00000,0.64513,0.82132,0.00000
learned_gain_regressor,contact_transition,5,6,0.50000,2.22945,0.74867,0.15188,1.45390,0.00000,0.60779,0.02893,5.00000,0.61779,0.82372,0.00000
learned_gain_regressor,contact_transition,6,6,0.16667,2.32146,1.21710,0.15767,1.36981,0.00000,0.61036,0.02686,6.16667,0.66851,0.82436,0.00000
learned_gain_regressor,contact_transition,7,6,0.50000,2.38281,0.78747,0.15866,1.40837,0.00000,0.60272,0.02299,5.00000,0.66300,0.81618,0.00000
learned_gain_regressor,delayed_mode_switch,0,6,0.16667,2.85516,2.00771,0.17036,2.10482,0.05012,0.59354,0.03275,5.00000,0.66268,0.82716,0.00000
learned_gain_regressor,delayed_mode_switch,1,6,0.33333,3.29139,4.03457,0.19153,2.00527,0.04992,0.59314,0.03840,9.00000,0.68041,0.82476,0.00000
learned_gain_regressor,delayed_mode_switch,2,6,0.33333,2.79941,1.48717,0.17121,2.03341,0.04818,0.60704,0.02695,5.00000,0.63275,0.82627,0.00000
learned_gain_regressor,delayed_mode_switch,3,6,0.33333,3.15756,4.48801,0.19038,1.97068,0.03074,0.59124,0.01726,11.50000,0.66368,0.82799,0.00000
learned_gain_regressor,delayed_mode_switch,4,6,0.16667,2.88637,2.18730,0.17235,2.20609,0.04413,0.59044,0.02504,7.16667,0.65479,0.82874,0.00000
learned_gain_regressor,delayed_mode_switch,5,6,0.33333,2.82536,3.10027,0.16081,1.90533,0.03840,0.58471,0.02504,7.33333,0.64636,0.82205,0.00000
learned_gain_regressor,delayed_mode_switch,6,6,0.33333,3.04503,3.17116,0.18778,2.05269,0.04789,0.59962,0.02682,7.33333,0.69610,0.82879,0.00000
learned_gain_regressor,delayed_mode_switch,7,6,0.33333,2.99753,2.57509,0.17598,2.02527,0.04052,0.59458,0.02707,7.50000,0.67690,0.82765,0.00000
learned_gain_regressor,friction_slip_shift,0,6,0.50000,2.38676,0.98021,0.20050,1.20714,0.00000,0.58896,0.00958,5.00000,0.69402,0.82084,0.00000
learned_gain_regressor,friction_slip_shift,1,6,0.33333,2.41538,1.13187,0.20217,1.20865,0.00000,0.60232,0.00383,5.00000,0.69550,0.81612,0.00000
learned_gain_regressor,friction_slip_shift,2,6,0.33333,2.56067,1.19111,0.22256,1.22523,0.00000,0.59779,0.00762,5.50000,0.66999,0.82380,0.00000
learned_gain_regressor,friction_slip_shift,3,6,0.33333,2.24646,1.03347,0.19581,1.21980,0.00000,0.59969,0.00575,5.00000,0.66600,0.82641,0.00000
learned_gain_regressor,friction_slip_shift,4,6,0.66667,2.26989,0.92253,0.18435,1.17894,0.00000,0.59962,0.00575,5.00000,0.64766,0.81396,0.00000
learned_gain_regressor,friction_slip_shift,5,6,0.66667,2.41684,1.17837,0.20256,1.20223,0.00000,0.59655,0.00575,5.16667,0.66297,0.81823,0.00000
learned_gain_regressor,friction_slip_shift,6,6,0.50000,2.09524,0.94657,0.17946,1.16189,0.00000,0.60267,0.01539,5.00000,0.68765,0.82199,0.00000
learned_gain_regressor,friction_slip_shift,7,6,0.83333,2.13113,0.88469,0.17282,1.15845,0.00000,0.59004,0.00192,5.00000,0.68968,0.81688,0.00000
learned_gain_regressor,nominal_surface_tracking,0,6,0.00000,2.28756,0.89486,0.18905,1.14694,0.00000,0.62835,0.00192,5.00000,0.71103,0.85192,0.00000
learned_gain_regressor,nominal_surface_tracking,1,6,0.00000,2.37096,0.85988,0.20130,1.13935,0.00000,0.63673,0.00575,5.00000,0.72119,0.85190,0.00000
learned_gain_regressor,nominal_surface_tracking,2,6,0.00000,2.38464,0.98956,0.19503,1.15752,0.00000,0.63676,0.00381,5.00000,0.67664,0.85091,0.00000
learned_gain_regressor,nominal_surface_tracking,3,6,0.00000,2.43051,1.03766,0.20079,1.18186,0.00000,0.63101,0.00192,5.00000,0.69542,0.85154,0.00000
learned_gain_regressor,nominal_surface_tracking,4,6,0.00000,2.34456,0.92761,0.18973,1.16272,0.00000,0.63097,0.00383,5.00000,0.68142,0.85062,0.00000
learned_gain_regressor,nominal_surface_tracking,5,6,0.00000,2.19199,0.93616,0.18394,1.15357,0.00000,0.63218,0.00575,5.00000,0.67659,0.85060,0.00000
learned_gain_regressor,nominal_surface_tracking,6,6,0.00000,2.12260,0.92417,0.17626,1.15236,0.00000,0.63793,0.00383,5.00000,0.71662,0.84981,0.00000
learned_gain_regressor,nominal_surface_tracking,7,6,0.00000,2.10935,0.92780,0.17600,1.16101,0.00000,0.62643,0.00383,5.00000,0.70747,0.85267,0.00000
learned_gain_regressor,sensor_noise_burst,0,6,0.16667,2.54477,1.19239,0.16228,1.40087,0.00000,0.61568,0.05349,5.00000,0.70163,0.84292,0.00000
learned_gain_regressor,sensor_noise_burst,1,6,0.00000,2.87540,1.40418,0.17401,1.40904,0.00000,0.62143,0.04981,5.00000,0.71369,0.83785,0.00000
learned_gain_regressor,sensor_noise_burst,2,6,0.00000,2.91542,1.04929,0.18431,1.45186,0.00000,0.62028,0.05730,5.00000,0.68902,0.83792,0.00000
learned_gain_regressor,sensor_noise_burst,3,6,0.00000,2.79789,1.10509,0.17585,1.43968,0.00000,0.62524,0.06507,5.00000,0.70234,0.84088,0.00000
learned_gain_regressor,sensor_noise_burst,4,6,0.16667,2.93904,0.99595,0.18204,1.50145,0.00383,0.62025,0.04957,5.00000,0.69796,0.83806,0.00000
learned_gain_regressor,sensor_noise_burst,5,6,0.00000,2.95422,1.19953,0.18157,1.45284,0.00000,0.61953,0.05930,5.00000,0.69496,0.84092,0.00000
learned_gain_regressor,sensor_noise_burst,6,6,0.00000,2.99392,1.32105,0.19164,1.40993,0.00000,0.62333,0.06890,5.33333,0.73650,0.84014,0.00000
learned_gain_regressor,sensor_noise_burst,7,6,0.00000,2.85820,1.21144,0.17405,1.49919,0.00000,0.61877,0.06322,5.00000,0.73141,0.84040,0.00000
learned_gain_regressor,stick_slip_cycle,0,6,0.83333,2.04476,1.10571,0.14578,1.17895,0.00000,0.58812,0.02107,5.00000,0.66106,0.81641,0.00000
learned_gain_regressor,stick_slip_cycle,1,6,0.66667,2.22176,1.10248,0.16143,1.21481,0.00000,0.59770,0.03257,5.00000,0.67164,0.81545,0.00000
learned_gain_regressor,stick_slip_cycle,2,6,0.83333,2.42013,1.05013,0.17085,1.21560,0.00000,0.59158,0.01539,5.00000,0.64670,0.80917,0.00000
learned_gain_regressor,stick_slip_cycle,3,6,0.83333,2.21816,1.11867,0.16469,1.19841,0.00000,0.58928,0.00768,5.00000,0.65136,0.80798,0.00000
learned_gain_regressor,stick_slip_cycle,4,6,0.83333,2.11733,1.05594,0.14827,1.17330,0.00000,0.58930,0.02497,5.00000,0.64760,0.82079,0.00000
learned_gain_regressor,stick_slip_cycle,5,6,0.83333,2.18430,0.92582,0.16361,1.22919,0.00000,0.58928,0.01920,5.00000,0.63263,0.81297,0.00000
learned_gain_regressor,stick_slip_cycle,6,6,0.83333,2.28918,1.03892,0.16299,1.22603,0.00000,0.59122,0.02303,5.00000,0.68257,0.80867,0.00000
learned_gain_regressor,stick_slip_cycle,7,6,1.00000,2.22634,1.08728,0.15890,1.20846,0.00000,0.58464,0.02308,5.00000,0.67810,0.81390,0.00000
learned_gain_regressor,stiffness_shift,0,6,0.00000,2.95750,0.72781,0.25175,1.86562,0.02682,0.63218,0.00192,5.50000,0.71172,0.84852,0.00000
learned_gain_regressor,stiffness_shift,1,6,0.00000,3.14336,0.78342,0.25299,1.94361,0.04210,0.63487,0.00955,5.00000,0.71695,0.84596,0.00000
learned_gain_regressor,stiffness_shift,2,6,0.00000,2.97794,0.91695,0.25773,1.91545,0.03448,0.63601,0.00575,5.66667,0.67123,0.84571,0.00000
learned_gain_regressor,stiffness_shift,3,6,0.00000,3.14192,0.83657,0.25116,1.92439,0.04380,0.62789,0.00572,6.00000,0.71191,0.84501,0.00000
learned_gain_regressor,stiffness_shift,4,6,0.00000,2.80569,0.83782,0.23164,1.91230,0.04239,0.63780,0.01158,6.66667,0.65820,0.84659,0.00000
learned_gain_regressor,stiffness_shift,5,6,0.00000,3.13761,0.73594,0.26172,1.91491,0.03640,0.62718,0.00381,5.00000,0.70137,0.84628,0.00000
learned_gain_regressor,stiffness_shift,6,6,0.00000,3.10423,0.56857,0.26515,1.93234,0.03448,0.63793,0.00766,5.00000,0.73201,0.84627,0.00000
learned_gain_regressor,stiffness_shift,7,6,0.00000,2.87300,1.15971,0.23873,1.87094,0.03448,0.62957,0.00960,6.83333,0.70786,0.84673,0.00000
learned_gain_regressor,surface_discontinuity,0,6,0.83333,2.37156,1.11475,0.14408,1.29468,0.00000,0.59387,0.02874,5.16667,0.66764,0.82083,0.00000
learned_gain_regressor,surface_discontinuity,1,6,0.66667,2.36113,1.34386,0.14073,1.30188,0.00000,0.59888,0.03070,5.83333,0.66081,0.81822,0.00000
learned_gain_regressor,surface_discontinuity,2,6,0.33333,2.18638,0.86881,0.13484,1.29355,0.00000,0.60505,0.02698,5.00000,0.62669,0.82179,0.00000
learned_gain_regressor,surface_discontinuity,3,6,0.66667,2.40691,0.90114,0.14443,1.31784,0.00000,0.60352,0.03068,5.00000,0.65462,0.82080,0.00000
learned_gain_regressor,surface_discontinuity,4,6,0.50000,2.16814,1.08407,0.13825,1.20740,0.00000,0.60196,0.02878,5.00000,0.62739,0.81951,0.00000
learned_gain_regressor,surface_discontinuity,5,6,0.33333,2.31876,0.99438,0.14443,1.35980,0.00000,0.60004,0.02308,5.00000,0.62078,0.82157,0.00000
learned_gain_regressor,surface_discontinuity,6,6,0.33333,2.43991,1.01109,0.14385,1.33518,0.00000,0.61035,0.02688,5.50000,0.68071,0.82347,0.00000
learned_gain_regressor,surface_discontinuity,7,6,0.83333,2.24906,1.06152,0.13900,1.22195,0.00000,0.59926,0.03853,5.00000,0.65330,0.81822,0.00000
learned_gain_regressor,target_force_jump,0,6,0.16667,2.19100,1.66140,0.13106,1.25444,0.00000,0.61628,0.01551,5.00000,0.62430,0.83236,0.00000
learned_gain_regressor,target_force_jump,1,6,0.16667,2.15071,1.76888,0.12024,1.19029,0.00000,0.62209,0.02326,5.00000,0.63045,0.82803,0.00000
learned_gain_regressor,target_force_jump,2,6,0.00000,2.30003,1.69230,0.13103,1.27192,0.00000,0.62411,0.02711,5.00000,0.59670,0.83097,0.00000
learned_gain_regressor,target_force_jump,3,6,0.16667,2.18916,1.49739,0.13511,1.20930,0.00000,0.62209,0.02132,5.00000,0.61442,0.82989,0.00000
learned_gain_regressor,target_force_jump,4,6,0.16667,2.19936,1.71894,0.12659,1.21536,0.00000,0.62016,0.02132,5.00000,0.60432,0.83412,0.00000
learned_gain_regressor,target_force_jump,5,6,0.00000,2.14141,1.64918,0.12196,1.25510,0.00000,0.62453,0.01557,5.00000,0.59195,0.82891,0.00000
learned_gain_regressor,target_force_jump,6,6,0.00000,2.17269,1.78880,0.12154,1.23436,0.00000,0.62403,0.02907,5.00000,0.64534,0.83226,0.00000
learned_gain_regressor,target_force_jump,7,6,0.00000,2.23527,1.63390,0.12906,1.26396,0.00000,0.62141,0.02526,5.00000,0.63186,0.82876,0.00000
oracle_impedance,actuator_saturation,0,6,0.50000,1.79499,0.94551,0.10256,1.69940,0.00941,0.60340,0.03009,5.00000,0.83840,0.83075,0.00000
oracle_impedance,actuator_saturation,1,6,0.50000,1.73903,0.77687,0.10306,1.57775,0.00375,0.60270,0.02256,5.00000,0.81940,0.82795,0.00000
oracle_impedance,actuator_saturation,2,6,0.66667,1.69940,1.03684,0.09799,1.47245,0.00187,0.59585,0.03569,5.00000,0.80714,0.83334,0.00000
oracle_impedance,actuator_saturation,3,6,0.66667,1.80056,0.86787,0.10526,1.69944,0.00564,0.60036,0.02817,5.00000,0.82134,0.82803,0.00000
oracle_impedance,actuator_saturation,4,6,0.50000,1.71299,0.93814,0.10102,1.53371,0.00187,0.59850,0.02066,5.33333,0.83113,0.83090,0.00000
oracle_impedance,actuator_saturation,5,6,0.50000,1.70990,0.89349,0.09931,1.53162,0.00375,0.60079,0.04141,5.00000,0.81713,0.83089,0.00000
oracle_impedance,actuator_saturation,6,6,0.83333,1.76109,0.81254,0.10188,1.67686,0.01124,0.59176,0.02809,5.00000,0.85351,0.82741,0.00000
oracle_impedance,actuator_saturation,7,6,0.16667,1.75338,0.81183,0.10285,1.53746,0.00375,0.61206,0.03573,5.00000,0.79542,0.82869,0.00000
oracle_impedance,combined_extreme_stress,0,6,1.00000,1.94001,1.47332,0.10583,1.52840,0.00375,0.45025,0.15996,5.00000,0.83477,0.77597,0.00000
oracle_impedance,combined_extreme_stress,1,6,1.00000,1.92953,1.35453,0.10286,1.53023,0.00375,0.45661,0.14275,5.00000,0.87435,0.78543,0.00000
oracle_impedance,combined_extreme_stress,2,6,1.00000,1.85636,1.75218,0.10029,1.42735,0.00000,0.51594,0.16395,5.00000,0.79663,0.78644,0.00000
oracle_impedance,combined_extreme_stress,3,6,0.83333,1.94146,1.72686,0.10895,1.52365,0.00187,0.49830,0.12649,5.00000,0.79548,0.78892,0.00000
oracle_impedance,combined_extreme_stress,4,6,1.00000,1.88873,1.89106,0.09861,1.42214,0.00000,0.50217,0.12262,5.16667,0.82063,0.78770,0.00000
oracle_impedance,combined_extreme_stress,5,6,0.66667,1.93344,1.50221,0.10610,1.45323,0.00000,0.48857,0.17918,5.00000,0.82609,0.78898,0.00000
oracle_impedance,combined_extreme_stress,6,6,1.00000,1.94895,1.75265,0.10255,1.63419,0.00564,0.51311,0.13209,5.00000,0.81885,0.78365,0.00000
oracle_impedance,combined_extreme_stress,7,6,1.00000,1.83761,1.66782,0.09982,1.46684,0.00000,0.47751,0.13898,5.00000,0.79442,0.77835,0.00000
oracle_impedance,combined_stress,0,6,0.66667,1.92383,1.04655,0.11384,1.84505,0.01500,0.54620,0.08846,5.00000,0.83362,0.77787,0.00000
oracle_impedance,combined_stress,1,6,0.83333,1.83745,0.97594,0.11207,1.75888,0.01321,0.50177,0.08112,5.00000,0.80756,0.77637,0.00000
oracle_impedance,combined_stress,2,6,0.83333,1.86695,1.28321,0.11000,1.72594,0.01126,0.51804,0.10176,5.00000,0.79192,0.77943,0.00000
oracle_impedance,combined_stress,3,6,1.00000,1.83337,1.09537,0.11029,1.70924,0.00758,0.55475,0.09608,5.16667,0.76885,0.77624,0.00000
oracle_impedance,combined_stress,4,6,0.83333,1.84739,1.09511,0.10893,1.69460,0.01124,0.47749,0.07706,5.00000,0.81728,0.77278,0.00000
oracle_impedance,combined_stress,5,6,1.00000,1.70968,0.94425,0.10290,1.49806,0.00000,0.52083,0.08901,5.00000,0.75644,0.77455,0.00000
oracle_impedance,combined_stress,6,6,1.00000,1.77503,1.09414,0.10394,1.54008,0.00187,0.51604,0.09253,5.00000,0.79807,0.78266,0.00000
oracle_impedance,combined_stress,7,6,0.83333,1.71446,1.13653,0.09784,1.55400,0.00564,0.48517,0.08468,5.00000,0.77686,0.77088,0.00000
oracle_impedance,contact_transition,0,6,0.33333,1.58437,0.66571,0.10766,1.43739,0.00000,0.59736,0.03024,5.00000,0.77428,0.81877,0.00000
oracle_impedance,contact_transition,1,6,0.33333,1.51653,0.67089,0.10013,1.45315,0.00187,0.59479,0.01709,5.00000,0.74609,0.81919,0.00000
oracle_impedance,contact_transition,2,6,0.50000,1.54155,0.62804,0.10416,1.43744,0.00000,0.58793,0.03973,5.00000,0.75141,0.82136,0.00000
oracle_impedance,contact_transition,3,6,0.50000,1.55855,0.67135,0.10291,1.40575,0.00000,0.59470,0.03030,5.00000,0.73499,0.81864,0.00000
oracle_impedance,contact_transition,4,6,0.50000,1.50906,0.56414,0.10305,1.40783,0.00000,0.59174,0.02079,5.00000,0.76995,0.81779,0.00000
oracle_impedance,contact_transition,5,6,0.66667,1.55133,0.68619,0.10557,1.44043,0.00000,0.59470,0.03599,5.00000,0.74215,0.81987,0.00000
oracle_impedance,contact_transition,6,6,0.66667,1.49269,0.66075,0.10118,1.35052,0.00000,0.59091,0.03220,5.00000,0.74894,0.82121,0.00000
oracle_impedance,contact_transition,7,6,0.33333,1.58825,0.71797,0.10546,1.47282,0.00000,0.60304,0.02645,5.00000,0.73301,0.81022,0.00000
oracle_impedance,delayed_mode_switch,0,6,0.50000,1.91771,1.38767,0.11451,2.12500,0.03024,0.57278,0.04156,5.00000,0.80892,0.81895,0.00000
oracle_impedance,delayed_mode_switch,1,6,0.50000,1.97945,2.06023,0.11539,1.99743,0.02073,0.56035,0.04899,5.83333,0.83570,0.81916,0.00000
oracle_impedance,delayed_mode_switch,2,6,0.66667,1.86452,1.23384,0.11414,1.99519,0.02835,0.56906,0.03401,5.00000,0.77919,0.81883,0.00000
oracle_impedance,delayed_mode_switch,3,6,0.66667,1.76907,1.95817,0.10673,1.91094,0.01500,0.56101,0.02815,5.83333,0.82980,0.82351,0.00000
oracle_impedance,delayed_mode_switch,4,6,0.33333,1.76343,1.06768,0.10529,2.15952,0.02439,0.55350,0.02811,5.33333,0.84118,0.82264,0.00000
oracle_impedance,delayed_mode_switch,5,6,0.66667,1.85059,1.84516,0.10521,1.79821,0.02077,0.55384,0.06424,6.16667,0.79736,0.81256,0.00000
oracle_impedance,delayed_mode_switch,6,6,0.66667,1.82552,1.65074,0.11218,2.00392,0.02451,0.56035,0.03590,5.83333,0.83991,0.82362,0.00000
oracle_impedance,delayed_mode_switch,7,6,0.50000,1.72745,1.07335,0.10147,1.98796,0.01694,0.57539,0.02824,5.00000,0.78020,0.81892,0.00000
oracle_impedance,friction_slip_shift,0,6,1.00000,1.42232,0.51497,0.11940,1.16757,0.00000,0.58755,0.01696,5.00000,0.80432,0.80970,0.00000
oracle_impedance,friction_slip_shift,1,6,0.50000,1.44638,0.50501,0.12169,1.20069,0.00000,0.59131,0.00749,5.00000,0.81917,0.80880,0.00000
oracle_impedance,friction_slip_shift,2,6,1.00000,1.41958,0.57197,0.12336,1.20410,0.00000,0.57629,0.01881,5.00000,0.79905,0.81397,0.00000
oracle_impedance,friction_slip_shift,3,6,0.66667,1.41873,0.49616,0.12291,1.19402,0.00000,0.58791,0.01509,5.00000,0.77919,0.81688,0.00000
oracle_impedance,friction_slip_shift,4,6,0.50000,1.36554,0.39040,0.11101,1.14850,0.00000,0.59431,0.00943,5.00000,0.77016,0.80391,0.00000
oracle_impedance,friction_slip_shift,5,6,0.66667,1.40969,0.51522,0.11787,1.16152,0.00000,0.58944,0.01504,5.00000,0.80045,0.80794,0.00000
oracle_impedance,friction_slip_shift,6,6,1.00000,1.33508,0.43347,0.11414,1.12798,0.00000,0.58519,0.01134,5.00000,0.76628,0.81165,0.00000
oracle_impedance,friction_slip_shift,7,6,0.33333,1.39119,0.41512,0.11284,1.12460,0.00000,0.59849,0.01511,5.00000,0.73814,0.80501,0.00000
oracle_impedance,nominal_surface_tracking,0,6,0.00000,1.32160,0.40254,0.10928,1.10460,0.00000,0.62951,0.00564,5.00000,0.81302,0.85467,0.00000
oracle_impedance,nominal_surface_tracking,1,6,0.16667,1.34239,0.39554,0.11390,1.12668,0.00000,0.61889,0.00568,5.00000,0.81297,0.85560,0.00000
oracle_impedance,nominal_surface_tracking,2,6,0.16667,1.30486,0.36829,0.10661,1.12199,0.00000,0.61208,0.00000,5.00000,0.80483,0.85546,0.00000
oracle_impedance,nominal_surface_tracking,3,6,0.00000,1.32779,0.38079,0.11018,1.14562,0.00000,0.61960,0.00187,5.00000,0.80954,0.85574,0.00000
oracle_impedance,nominal_surface_tracking,4,6,0.00000,1.28202,0.36240,0.10379,1.12840,0.00000,0.62149,0.00187,5.00000,0.80720,0.85369,0.00000
oracle_impedance,nominal_surface_tracking,5,6,0.16667,1.34515,0.41473,0.11289,1.12133,0.00000,0.62457,0.00379,5.00000,0.79490,0.85368,0.00000
oracle_impedance,nominal_surface_tracking,6,6,0.00000,1.33116,0.37271,0.11049,1.10180,0.00000,0.61932,0.00000,5.00000,0.79278,0.85409,0.00000
oracle_impedance,nominal_surface_tracking,7,6,0.00000,1.26664,0.36923,0.10556,1.11563,0.00000,0.63281,0.00000,5.00000,0.78445,0.85494,0.00000
oracle_impedance,sensor_noise_burst,0,6,0.00000,1.63224,0.67643,0.10400,1.32986,0.00000,0.61887,0.06037,5.00000,0.80516,0.84352,0.00000
oracle_impedance,sensor_noise_burst,1,6,0.66667,1.71126,0.67706,0.10361,1.41127,0.00000,0.60342,0.06392,5.00000,0.83869,0.83920,0.00000
oracle_impedance,sensor_noise_burst,2,6,0.50000,1.68489,0.66401,0.10661,1.35091,0.00000,0.60223,0.07886,5.00000,0.81831,0.83913,0.00000
oracle_impedance,sensor_noise_burst,3,6,0.33333,1.69957,0.71313,0.10684,1.45374,0.00000,0.60910,0.06957,5.00000,0.81049,0.84190,0.00000
oracle_impedance,sensor_noise_burst,4,6,0.33333,1.69730,0.63365,0.10482,1.39430,0.00375,0.60787,0.04882,5.00000,0.83829,0.83918,0.00000
oracle_impedance,sensor_noise_burst,5,6,0.50000,1.70722,0.74113,0.10488,1.41983,0.00000,0.60526,0.06771,5.00000,0.82950,0.84266,0.00000
oracle_impedance,sensor_noise_burst,6,6,0.50000,1.66836,0.61624,0.10636,1.38652,0.00000,0.60149,0.06199,5.00000,0.83466,0.84157,0.00000
oracle_impedance,sensor_noise_burst,7,6,0.00000,1.72261,0.66581,0.10478,1.48109,0.00187,0.61540,0.06380,5.00000,0.81060,0.84114,0.00000
oracle_impedance,stick_slip_cycle,0,6,0.50000,1.41831,0.58757,0.10125,1.13501,0.00000,0.59659,0.03030,5.00000,0.76815,0.80685,0.00000
oracle_impedance,stick_slip_cycle,1,6,0.66667,1.44281,0.50911,0.10495,1.22371,0.00000,0.57923,0.02454,5.00000,0.80824,0.80639,0.00000
oracle_impedance,stick_slip_cycle,2,6,1.00000,1.44571,0.64376,0.10205,1.18981,0.00000,0.57165,0.02832,5.00000,0.77934,0.79979,0.00000
oracle_impedance,stick_slip_cycle,3,6,0.83333,1.40682,0.54391,0.10436,1.16493,0.00000,0.58144,0.02273,5.00000,0.75854,0.79651,0.00000
oracle_impedance,stick_slip_cycle,4,6,0.83333,1.44072,0.63797,0.10065,1.12787,0.00000,0.58902,0.01705,5.00000,0.75894,0.81042,0.00000
oracle_impedance,stick_slip_cycle,5,6,0.66667,1.42784,0.53625,0.10695,1.21685,0.00000,0.58791,0.03211,5.00000,0.77942,0.80226,0.00000
oracle_impedance,stick_slip_cycle,6,6,1.00000,1.43683,0.59043,0.10199,1.22299,0.00000,0.57274,0.02460,5.00000,0.78783,0.79842,0.00000
oracle_impedance,stick_slip_cycle,7,6,1.00000,1.40688,0.54803,0.10036,1.20334,0.00000,0.58304,0.02273,5.00000,0.76341,0.80184,0.00000
oracle_impedance,stiffness_shift,0,6,0.00000,1.74424,0.52974,0.14874,1.83978,0.01877,0.62032,0.01128,5.00000,0.86485,0.85197,0.00000
oracle_impedance,stiffness_shift,1,6,0.16667,1.83550,0.45190,0.14789,2.01205,0.02253,0.60978,0.01126,5.00000,0.88005,0.85006,0.00000
oracle_impedance,stiffness_shift,2,6,0.16667,1.73888,0.55821,0.15064,1.96868,0.02064,0.60715,0.01126,5.00000,0.84013,0.85034,0.00000
oracle_impedance,stiffness_shift,3,6,0.16667,1.84771,0.49883,0.14781,1.94716,0.02247,0.61236,0.00937,5.00000,0.86978,0.84859,0.00000
oracle_impedance,stiffness_shift,4,6,0.00000,1.68723,0.58020,0.13937,1.96046,0.02443,0.61849,0.01317,5.66667,0.83244,0.84975,0.00000
oracle_impedance,stiffness_shift,5,6,0.16667,1.85615,0.51270,0.15483,1.91379,0.01873,0.61353,0.01124,5.00000,0.87908,0.84929,0.00000
oracle_impedance,stiffness_shift,6,6,0.16667,1.81553,0.45925,0.15509,1.94465,0.02060,0.60674,0.01124,5.00000,0.88269,0.85171,0.00000
oracle_impedance,stiffness_shift,7,6,0.00000,1.71384,0.68998,0.14243,1.87965,0.02247,0.61985,0.00937,5.33333,0.83146,0.85034,0.00000
oracle_impedance,surface_discontinuity,0,6,0.83333,1.47050,0.93082,0.08905,1.15674,0.00000,0.58306,0.03398,5.00000,0.78944,0.81319,0.00000
oracle_impedance,surface_discontinuity,1,6,0.83333,1.43570,0.90618,0.08566,1.14932,0.00000,0.57844,0.03960,5.00000,0.79224,0.81254,0.00000
oracle_impedance,surface_discontinuity,2,6,1.00000,1.45537,0.94564,0.08984,1.13730,0.00000,0.57731,0.04341,5.00000,0.75299,0.81697,0.00000
oracle_impedance,surface_discontinuity,3,6,0.83333,1.46361,0.89860,0.08813,1.16073,0.00000,0.58953,0.02824,5.00000,0.78280,0.81633,0.00000
oracle_impedance,surface_discontinuity,4,6,0.66667,1.38952,0.81305,0.08852,1.13749,0.00000,0.58902,0.02651,5.00000,0.74936,0.81415,0.00000
oracle_impedance,surface_discontinuity,5,6,0.83333,1.47228,0.90900,0.09166,1.20609,0.00000,0.58946,0.04333,5.00000,0.78215,0.81673,0.00000
oracle_impedance,surface_discontinuity,6,6,1.00000,1.43459,0.88506,0.08478,1.16373,0.00000,0.58606,0.03024,5.00000,0.78167,0.82197,0.00000
oracle_impedance,surface_discontinuity,7,6,0.83333,1.39466,1.00503,0.08610,1.13658,0.00000,0.58304,0.03017,5.00000,0.73765,0.81020,0.00000
oracle_impedance,target_force_jump,0,6,0.00000,1.48084,1.10221,0.08854,1.26121,0.00000,0.61335,0.01905,5.00000,0.71187,0.83037,0.00000
oracle_impedance,target_force_jump,1,6,0.33333,1.53335,1.34805,0.08569,1.19993,0.00000,0.60539,0.02482,5.00000,0.69461,0.82729,0.00000
oracle_impedance,target_force_jump,2,6,0.50000,1.57197,1.25840,0.08957,1.34254,0.00000,0.60195,0.02288,5.00000,0.69721,0.83182,0.00000
oracle_impedance,target_force_jump,3,6,0.33333,1.48112,1.01143,0.09135,1.26162,0.00000,0.60839,0.02662,5.00000,0.69939,0.82900,0.00000
oracle_impedance,target_force_jump,4,6,0.33333,1.49200,1.20137,0.08598,1.23975,0.00000,0.61453,0.01528,5.00000,0.69254,0.83445,0.00000
oracle_impedance,target_force_jump,5,6,0.33333,1.52407,1.12845,0.08668,1.24266,0.00000,0.60689,0.04202,5.00000,0.68242,0.82870,0.00000
oracle_impedance,target_force_jump,6,6,0.66667,1.50898,1.38076,0.08442,1.24346,0.00000,0.59925,0.01717,5.00000,0.69712,0.83264,0.00000
oracle_impedance,target_force_jump,7,6,0.00000,1.52044,1.17179,0.08777,1.25353,0.00000,0.61712,0.01909,5.00000,0.66675,0.82734,0.00000
random_forest_gain_regressor,actuator_saturation,0,6,1.00000,3.00229,0.80224,0.17155,1.63700,0.00581,0.56008,0.03488,5.00000,0.61392,0.79538,0.00000
random_forest_gain_regressor,actuator_saturation,1,6,1.00000,2.83577,0.74611,0.16793,1.54262,0.00194,0.55337,0.02918,5.00000,0.61286,0.78873,0.00000
random_forest_gain_regressor,actuator_saturation,2,6,0.83333,2.86671,1.07886,0.16542,1.41155,0.00000,0.57752,0.02907,5.33333,0.62225,0.79677,0.00000
random_forest_gain_regressor,actuator_saturation,3,6,1.00000,2.99873,0.76373,0.17533,1.57701,0.00000,0.57144,0.03085,5.00000,0.58908,0.79394,0.00000
random_forest_gain_regressor,actuator_saturation,4,6,0.83333,2.87244,1.15803,0.17019,1.45685,0.00000,0.57590,0.03698,6.50000,0.62160,0.79533,0.00000
random_forest_gain_regressor,actuator_saturation,5,6,0.83333,2.82609,0.83424,0.16368,1.51295,0.00194,0.57285,0.02332,5.00000,0.60319,0.79532,0.00000
random_forest_gain_regressor,actuator_saturation,6,6,0.66667,3.00884,0.88085,0.17401,1.54342,0.00194,0.58333,0.02132,5.00000,0.62039,0.79635,0.00000
random_forest_gain_regressor,actuator_saturation,7,6,1.00000,2.85001,0.77267,0.16715,1.50955,0.00194,0.56416,0.02727,5.00000,0.63579,0.79285,0.00000
random_forest_gain_regressor,combined_extreme_stress,0,6,1.00000,3.16972,1.39481,0.17278,1.73400,0.01755,0.51858,0.13705,5.00000,0.58473,0.75789,0.00000
random_forest_gain_regressor,combined_extreme_stress,1,6,0.83333,3.34242,2.48802,0.17862,1.71526,0.00974,0.51667,0.09992,9.66667,0.60392,0.75987,0.00000
random_forest_gain_regressor,combined_extreme_stress,2,6,1.00000,3.16159,1.77024,0.17084,1.62895,0.00392,0.54227,0.10205,6.16667,0.58846,0.76607,0.00000
random_forest_gain_regressor,combined_extreme_stress,3,6,0.83333,3.20980,2.78849,0.18100,1.54917,0.00388,0.52638,0.11110,7.16667,0.57807,0.76495,0.00000
random_forest_gain_regressor,combined_extreme_stress,4,6,1.00000,3.25541,2.25673,0.16976,1.57081,0.00392,0.53345,0.10252,7.50000,0.60219,0.76563,0.00000
random_forest_gain_regressor,combined_extreme_stress,5,6,1.00000,3.34654,2.42569,0.18357,1.71935,0.01193,0.52381,0.11437,9.00000,0.59585,0.76474,0.00000
random_forest_gain_regressor,combined_extreme_stress,6,6,0.83333,3.18041,1.81307,0.16700,1.78796,0.01769,0.54428,0.08835,5.00000,0.58718,0.76499,0.00000
random_forest_gain_regressor,combined_extreme_stress,7,6,1.00000,3.23520,1.99987,0.17602,1.64278,0.00397,0.53070,0.08119,6.33333,0.59238,0.76081,0.00000
random_forest_gain_regressor,combined_stress,0,6,0.83333,3.25768,1.09817,0.19264,1.85706,0.03315,0.53308,0.07392,5.50000,0.57518,0.76332,0.00000
random_forest_gain_regressor,combined_stress,1,6,0.83333,3.02608,0.91184,0.18451,1.75235,0.02549,0.53529,0.08431,5.16667,0.57236,0.75994,0.00000
random_forest_gain_regressor,combined_stress,2,6,1.00000,3.07512,0.96579,0.18125,1.73096,0.01961,0.54403,0.06660,5.00000,0.58275,0.76191,0.00000
random_forest_gain_regressor,combined_stress,3,6,1.00000,2.94754,1.05334,0.17746,1.66414,0.00784,0.54980,0.06810,5.00000,0.54332,0.76166,0.00000
random_forest_gain_regressor,combined_stress,4,6,0.83333,3.14135,1.10201,0.18521,1.75601,0.01982,0.53331,0.05883,5.33333,0.57674,0.75670,0.00000
random_forest_gain_regressor,combined_stress,5,6,1.00000,2.82118,1.13578,0.16978,1.60058,0.00784,0.55197,0.06847,6.33333,0.56144,0.76221,0.00000
random_forest_gain_regressor,combined_stress,6,6,1.00000,3.06858,1.34267,0.17988,1.60883,0.01176,0.54013,0.07439,5.66667,0.58209,0.76327,0.00000
random_forest_gain_regressor,combined_stress,7,6,1.00000,3.19032,1.73374,0.18169,1.62301,0.00392,0.53138,0.04706,8.33333,0.59535,0.75633,0.00000
random_forest_gain_regressor,contact_transition,0,6,1.00000,2.51536,0.54897,0.17109,1.42031,0.00000,0.56313,0.02330,5.00000,0.59024,0.79314,0.00000
random_forest_gain_regressor,contact_transition,1,6,0.83333,2.42599,0.70917,0.15992,1.41008,0.00000,0.57036,0.02341,5.00000,0.59231,0.79319,0.00000
random_forest_gain_regressor,contact_transition,2,6,1.00000,2.44529,0.61021,0.16522,1.40954,0.00000,0.57203,0.01753,5.00000,0.59952,0.79253,0.00000
random_forest_gain_regressor,contact_transition,3,6,1.00000,2.35465,0.66262,0.15550,1.34270,0.00000,0.56507,0.02909,5.00000,0.56608,0.79042,0.00000
random_forest_gain_regressor,contact_transition,4,6,0.83333,2.49564,0.74175,0.17085,1.33205,0.00000,0.57593,0.01366,5.00000,0.60461,0.79085,0.00000
random_forest_gain_regressor,contact_transition,5,6,0.83333,2.41812,0.58618,0.16472,1.37010,0.00000,0.56949,0.02934,5.00000,0.58806,0.79254,0.00000
random_forest_gain_regressor,contact_transition,6,6,0.83333,2.37802,0.83663,0.16149,1.32886,0.00000,0.57390,0.02722,5.83333,0.59174,0.79151,0.00000
random_forest_gain_regressor,contact_transition,7,6,0.83333,2.54541,0.65641,0.16943,1.37500,0.00000,0.56612,0.03110,5.00000,0.61689,0.78911,0.00000
random_forest_gain_regressor,delayed_mode_switch,0,6,0.50000,3.08238,1.68241,0.18400,2.06851,0.04888,0.54010,0.03329,5.00000,0.59793,0.78858,0.00000
random_forest_gain_regressor,delayed_mode_switch,1,6,0.50000,3.40913,3.42342,0.19869,1.90346,0.04104,0.54774,0.02732,9.50000,0.61571,0.78963,0.00000
random_forest_gain_regressor,delayed_mode_switch,2,6,0.66667,3.04390,1.37356,0.18673,1.96344,0.04108,0.56555,0.01958,5.33333,0.61102,0.79021,0.00000
random_forest_gain_regressor,delayed_mode_switch,3,6,0.66667,3.39804,4.50164,0.20481,1.86270,0.01942,0.55451,0.00974,13.00000,0.58881,0.79236,0.00000
random_forest_gain_regressor,delayed_mode_switch,4,6,0.33333,3.31846,3.24365,0.19824,2.10216,0.03904,0.56163,0.02150,9.00000,0.61803,0.78968,0.00000
random_forest_gain_regressor,delayed_mode_switch,5,6,0.83333,3.08004,3.03712,0.17537,1.77160,0.02925,0.54613,0.02355,7.83333,0.60412,0.78635,0.00000
random_forest_gain_regressor,delayed_mode_switch,6,6,0.83333,3.29856,3.45833,0.20317,1.94019,0.04097,0.56642,0.02152,8.33333,0.61559,0.79202,0.00000
random_forest_gain_regressor,delayed_mode_switch,7,6,0.50000,3.19741,2.34127,0.18713,2.00662,0.03725,0.55883,0.02157,8.33333,0.62173,0.79036,0.00000
random_forest_gain_regressor,friction_slip_shift,0,6,0.83333,2.23966,0.52742,0.18833,1.13913,0.00000,0.55233,0.01938,5.00000,0.60659,0.79110,0.00000
random_forest_gain_regressor,friction_slip_shift,1,6,1.00000,2.29584,0.42908,0.19269,1.16332,0.00000,0.55233,0.00581,5.00000,0.62143,0.78994,0.00000
random_forest_gain_regressor,friction_slip_shift,2,6,1.00000,2.28369,0.51736,0.19864,1.18261,0.00000,0.56395,0.00581,5.00000,0.62003,0.79214,0.00000
random_forest_gain_regressor,friction_slip_shift,3,6,0.83333,2.23329,0.54069,0.19400,1.12814,0.00000,0.55985,0.01156,5.00000,0.57664,0.79043,0.00000
random_forest_gain_regressor,friction_slip_shift,4,6,1.00000,2.17125,0.37739,0.17665,1.12035,0.00000,0.56507,0.00581,5.00000,0.61587,0.78743,0.00000
random_forest_gain_regressor,friction_slip_shift,5,6,1.00000,2.24923,0.51168,0.18799,1.13677,0.00000,0.55620,0.00969,5.00000,0.60743,0.78917,0.00000
random_forest_gain_regressor,friction_slip_shift,6,6,1.00000,2.01365,0.37196,0.17216,1.07594,0.00000,0.57171,0.01163,5.00000,0.60305,0.79123,0.00000
random_forest_gain_regressor,friction_slip_shift,7,6,0.83333,2.07431,0.37903,0.16828,1.10315,0.00000,0.55917,0.01359,5.00000,0.62702,0.78717,0.00000
random_forest_gain_regressor,nominal_surface_tracking,0,6,1.00000,2.13754,0.31900,0.17672,1.06949,0.00000,0.56783,0.00581,5.00000,0.61895,0.80867,0.00000
random_forest_gain_regressor,nominal_surface_tracking,1,6,0.83333,2.10429,0.31512,0.17844,1.06598,0.00000,0.57280,0.00194,5.00000,0.62610,0.80568,0.00000
random_forest_gain_regressor,nominal_surface_tracking,2,6,0.83333,2.20905,0.30521,0.18043,1.08549,0.00000,0.58333,0.00194,5.00000,0.63228,0.81060,0.00000
random_forest_gain_regressor,nominal_surface_tracking,3,6,0.83333,2.20576,0.35881,0.18273,1.11602,0.00000,0.58139,0.00775,5.00000,0.59746,0.81090,0.00000
random_forest_gain_regressor,nominal_surface_tracking,4,6,0.83333,2.18213,0.31742,0.17658,1.08121,0.00000,0.58452,0.00390,5.00000,0.63214,0.80687,0.00000
random_forest_gain_regressor,nominal_surface_tracking,5,6,1.00000,2.15715,0.32368,0.18042,1.08029,0.00000,0.57282,0.00390,5.00000,0.62130,0.80753,0.00000
random_forest_gain_regressor,nominal_surface_tracking,6,6,0.83333,2.07388,0.31665,0.17202,1.07065,0.00000,0.58140,0.00388,5.00000,0.62270,0.80634,0.00000
random_forest_gain_regressor,nominal_surface_tracking,7,6,0.66667,2.15677,0.39442,0.17988,1.08419,0.00000,0.58869,0.00390,5.00000,0.63780,0.81059,0.00000
random_forest_gain_regressor,sensor_noise_burst,0,6,1.00000,2.45507,0.69428,0.15626,1.32009,0.00000,0.55426,0.06589,5.00000,0.61197,0.79766,0.00000
random_forest_gain_regressor,sensor_noise_burst,1,6,1.00000,2.70104,0.67974,0.16330,1.39647,0.00000,0.56288,0.06968,5.00000,0.62349,0.79644,0.00000
random_forest_gain_regressor,sensor_noise_burst,2,6,1.00000,2.68877,0.53887,0.17003,1.41168,0.00000,0.56783,0.06008,5.00000,0.62478,0.79243,0.00000
random_forest_gain_regressor,sensor_noise_burst,3,6,1.00000,2.60572,0.72286,0.16381,1.35648,0.00000,0.56482,0.06384,5.00000,0.59224,0.79639,0.00000
random_forest_gain_regressor,sensor_noise_burst,4,6,0.83333,2.72165,0.57684,0.16858,1.37660,0.00388,0.56783,0.06395,5.00000,0.63386,0.79520,0.00000
random_forest_gain_regressor,sensor_noise_burst,5,6,1.00000,2.66590,0.69783,0.16441,1.38959,0.00000,0.56676,0.05801,5.00000,0.61936,0.79639,0.00000
random_forest_gain_regressor,sensor_noise_burst,6,6,1.00000,2.66198,0.70638,0.17014,1.35257,0.00000,0.57442,0.04838,5.00000,0.61847,0.79535,0.00000
random_forest_gain_regressor,sensor_noise_burst,7,6,1.00000,2.65062,0.63029,0.16124,1.38089,0.00000,0.56395,0.06202,5.00000,0.64160,0.79719,0.00000
random_forest_gain_regressor,stick_slip_cycle,0,6,1.00000,2.12405,0.63999,0.15138,1.10539,0.00000,0.54672,0.02925,5.00000,0.59448,0.78543,0.00000
random_forest_gain_regressor,stick_slip_cycle,1,6,1.00000,2.23455,0.45650,0.16242,1.16162,0.00000,0.54952,0.02522,5.00000,0.60343,0.78445,0.00000
random_forest_gain_regressor,stick_slip_cycle,2,6,1.00000,2.25546,0.61614,0.15965,1.15759,0.00000,0.56031,0.01555,5.00000,0.60861,0.78245,0.00000
random_forest_gain_regressor,stick_slip_cycle,3,6,1.00000,2.12871,0.60575,0.15794,1.10148,0.00000,0.55044,0.02130,5.00000,0.56812,0.78067,0.00000
random_forest_gain_regressor,stick_slip_cycle,4,6,1.00000,2.13443,0.72843,0.14935,1.09850,0.00000,0.56142,0.02543,5.00000,0.60410,0.78531,0.00000
random_forest_gain_regressor,stick_slip_cycle,5,6,1.00000,2.22250,0.50603,0.16641,1.17673,0.00000,0.56056,0.01952,5.00000,0.58469,0.78364,0.00000
random_forest_gain_regressor,stick_slip_cycle,6,6,1.00000,2.24421,0.59087,0.15939,1.18633,0.00000,0.56120,0.02911,5.00000,0.59318,0.77965,0.00000
random_forest_gain_regressor,stick_slip_cycle,7,6,1.00000,2.18511,0.52592,0.15601,1.12358,0.00000,0.55057,0.02529,5.00000,0.61196,0.78281,0.00000
random_forest_gain_regressor,stiffness_shift,0,6,0.16667,3.15462,0.93421,0.26880,1.76018,0.02519,0.56202,0.01163,6.16667,0.61262,0.79935,0.00000
random_forest_gain_regressor,stiffness_shift,1,6,0.00000,3.32494,0.73710,0.26801,1.87163,0.03696,0.56311,0.01361,5.00000,0.62340,0.79701,0.00000
random_forest_gain_regressor,stiffness_shift,2,6,0.00000,3.25546,1.18720,0.28162,1.85017,0.03682,0.58140,0.00775,7.66667,0.61965,0.79795,0.00000
random_forest_gain_regressor,stiffness_shift,3,6,0.00000,3.32396,0.89752,0.26582,1.83094,0.02891,0.56373,0.01350,6.16667,0.59312,0.79458,0.00000
random_forest_gain_regressor,stiffness_shift,4,6,0.16667,3.07976,0.90019,0.25427,1.82890,0.03304,0.57978,0.01366,7.00000,0.61616,0.79817,0.00000
random_forest_gain_regressor,stiffness_shift,5,6,0.16667,3.31636,0.88792,0.27691,1.82977,0.03108,0.56703,0.00971,5.33333,0.62134,0.79504,0.00000
random_forest_gain_regressor,stiffness_shift,6,6,0.00000,3.32660,0.70683,0.28393,1.84565,0.03294,0.58140,0.01163,5.33333,0.62094,0.79721,0.00000
random_forest_gain_regressor,stiffness_shift,7,6,0.00000,3.21645,1.23591,0.26738,1.80244,0.02725,0.57278,0.00971,7.50000,0.63698,0.80091,0.00000
random_forest_gain_regressor,surface_discontinuity,0,6,1.00000,2.52622,0.79209,0.15342,1.25965,0.00000,0.54175,0.03299,5.00000,0.59684,0.78574,0.00000
random_forest_gain_regressor,surface_discontinuity,1,6,1.00000,2.65926,1.14004,0.15840,1.31495,0.00000,0.55249,0.02335,5.66667,0.60484,0.78602,0.00000
random_forest_gain_regressor,surface_discontinuity,2,6,0.83333,2.47808,1.01714,0.15282,1.28453,0.00000,0.56329,0.02342,5.00000,0.61480,0.78979,0.00000
random_forest_gain_regressor,surface_discontinuity,3,6,1.00000,2.57592,0.78897,0.15494,1.28488,0.00000,0.55732,0.03105,5.00000,0.57633,0.78609,0.00000
random_forest_gain_regressor,surface_discontinuity,4,6,1.00000,2.52612,1.02933,0.16103,1.25544,0.00000,0.56339,0.02146,5.00000,0.60199,0.78620,0.00000
random_forest_gain_regressor,surface_discontinuity,5,6,1.00000,2.62306,0.90042,0.16336,1.32718,0.00000,0.56555,0.02542,5.00000,0.58805,0.78831,0.00000
random_forest_gain_regressor,surface_discontinuity,6,6,0.83333,2.59230,1.00596,0.15292,1.31316,0.00000,0.57508,0.02923,5.16667,0.60269,0.79094,0.00000
random_forest_gain_regressor,surface_discontinuity,7,6,0.83333,2.50415,0.84229,0.15475,1.26602,0.00000,0.56947,0.02937,5.00000,0.61271,0.79071,0.00000
random_forest_gain_regressor,target_force_jump,0,6,1.00000,2.19797,1.10408,0.13151,1.22191,0.00000,0.56469,0.02549,5.00000,0.57391,0.79686,0.00000
random_forest_gain_regressor,target_force_jump,1,6,1.00000,2.20814,1.54911,0.12333,1.17798,0.00000,0.56863,0.02353,5.00000,0.58640,0.79346,0.00000
random_forest_gain_regressor,target_force_jump,2,6,1.00000,2.35900,1.27047,0.13430,1.26934,0.00000,0.57647,0.01764,5.00000,0.58787,0.79336,0.00000
random_forest_gain_regressor,target_force_jump,3,6,0.83333,2.19014,1.01234,0.13503,1.20187,0.00000,0.57234,0.02930,5.00000,0.55527,0.79464,0.00000
random_forest_gain_regressor,target_force_jump,4,6,0.83333,2.17710,1.21677,0.12531,1.21379,0.00000,0.57878,0.01774,5.00000,0.58663,0.79702,0.00000
random_forest_gain_regressor,target_force_jump,5,6,0.83333,2.11942,1.03269,0.12084,1.23914,0.00000,0.57673,0.03149,5.00000,0.56732,0.79348,0.00000
random_forest_gain_regressor,target_force_jump,6,6,0.83333,2.20592,1.61463,0.12350,1.21143,0.00000,0.57960,0.02948,5.00000,0.58596,0.79619,0.00000
random_forest_gain_regressor,target_force_jump,7,6,0.83333,2.22781,1.19456,0.12855,1.22170,0.00000,0.57759,0.01963,5.00000,0.59623,0.79377,0.00000
risk_averse_impedance,actuator_saturation,0,6,0.00000,4.03472,3.08048,0.23060,1.37300,0.00000,0.06796,0.01793,5.33333,0.39589,0.58785,0.00000
risk_averse_impedance,actuator_saturation,1,6,0.00000,3.95582,2.77557,0.23459,1.30645,0.00000,0.03588,0.01793,5.50000,0.39864,0.58617,0.00000
risk_averse_impedance,actuator_saturation,2,6,0.00000,3.90354,3.08230,0.22515,1.19625,0.00000,0.06177,0.01193,6.66667,0.39204,0.59060,0.00000
risk_averse_impedance,actuator_saturation,3,6,0.00000,4.00350,2.96136,0.23420,1.33660,0.00000,0.04563,0.01195,5.66667,0.39326,0.58523,0.00000
risk_averse_impedance,actuator_saturation,4,6,0.00000,3.93989,2.62113,0.23216,1.23701,0.00000,0.04363,0.01982,5.33333,0.37776,0.58962,0.00000
risk_averse_impedance,actuator_saturation,5,6,0.00000,3.93969,3.02506,0.22881,1.23901,0.00000,0.06567,0.01389,6.16667,0.39682,0.58900,0.00000
risk_averse_impedance,actuator_saturation,6,6,0.00000,4.03024,2.95255,0.23358,1.31027,0.00000,0.03605,0.01597,5.66667,0.40277,0.58565,0.00000
risk_averse_impedance,actuator_saturation,7,6,0.00000,3.98250,2.84250,0.23343,1.25767,0.00000,0.03775,0.01389,5.16667,0.40507,0.58868,0.00000
risk_averse_impedance,combined_extreme_stress,0,6,0.00000,3.82210,2.98560,0.20842,1.24367,0.00000,0.00000,0.06433,5.16667,0.36666,0.55040,0.00000
risk_averse_impedance,combined_extreme_stress,1,6,0.00000,3.80961,2.60799,0.20312,1.17816,0.00000,0.00201,0.05867,5.16667,0.38354,0.55809,0.00000
risk_averse_impedance,combined_extreme_stress,2,6,0.00000,3.68535,3.23230,0.19897,1.22682,0.00000,0.00000,0.07085,6.00000,0.36186,0.56007,0.00000
risk_averse_impedance,combined_extreme_stress,3,6,0.00000,3.71117,2.66970,0.20814,1.19895,0.00000,0.01004,0.06646,5.33333,0.37507,0.56104,0.00000
risk_averse_impedance,combined_extreme_stress,4,6,0.00000,3.72445,3.41997,0.19448,1.17365,0.00000,0.00000,0.07053,5.66667,0.35956,0.56285,0.00000
risk_averse_impedance,combined_extreme_stress,5,6,0.00000,3.71499,2.58230,0.20368,1.17630,0.00000,0.01217,0.04442,5.50000,0.37944,0.56110,0.00000
risk_averse_impedance,combined_extreme_stress,6,6,0.00000,3.84307,3.55719,0.20239,1.30970,0.00000,0.00000,0.05468,6.16667,0.37344,0.55749,0.00000
risk_averse_impedance,combined_extreme_stress,7,6,0.00000,3.70495,3.19397,0.20114,1.23337,0.00000,0.00000,0.06480,5.33333,0.37717,0.55674,0.00000
risk_averse_impedance,combined_stress,0,6,0.00000,3.80983,2.50234,0.22549,1.36377,0.00000,0.00000,0.03012,5.16667,0.36290,0.55122,0.00000
risk_averse_impedance,combined_stress,1,6,0.00000,3.71522,2.55487,0.22616,1.31461,0.00000,0.00000,0.03441,5.16667,0.36032,0.54819,0.00000
risk_averse_impedance,combined_stress,2,6,0.00000,3.73597,2.91701,0.22011,1.38038,0.00000,0.00000,0.04048,5.66667,0.35262,0.55318,0.00000
risk_averse_impedance,combined_stress,3,6,0.00000,3.67779,2.66413,0.22126,1.35886,0.00000,0.00000,0.05028,5.16667,0.35550,0.54800,0.00000
risk_averse_impedance,combined_stress,4,6,0.00000,3.82995,2.63746,0.22564,1.41694,0.00000,0.00000,0.03210,5.66667,0.34051,0.54799,0.00000
risk_averse_impedance,combined_stress,5,6,0.00000,3.55299,2.50106,0.21377,1.18179,0.00000,0.00000,0.04638,5.50000,0.35503,0.54724,0.00000
risk_averse_impedance,combined_stress,6,6,0.00000,3.68984,2.77263,0.21622,1.31294,0.00000,0.00000,0.03827,5.33333,0.36842,0.55526,0.00000
risk_averse_impedance,combined_stress,7,6,0.00000,3.65289,2.74099,0.20855,1.19194,0.00000,0.00000,0.03634,5.66667,0.36968,0.54589,0.00000
risk_averse_impedance,contact_transition,0,6,0.00000,3.56686,2.47554,0.24213,1.17348,0.00000,0.02410,0.01609,5.50000,0.37871,0.58089,0.00000
risk_averse_impedance,contact_transition,1,6,0.00000,3.54281,2.52897,0.23385,1.19312,0.00000,0.00402,0.01210,5.50000,0.37749,0.58033,0.00000
risk_averse_impedance,contact_transition,2,6,0.00000,3.59254,2.33374,0.24301,1.16530,0.00000,0.00803,0.01604,5.50000,0.37288,0.58284,0.00000
risk_averse_impedance,contact_transition,3,6,0.00000,3.55846,2.59330,0.23488,1.13086,0.00000,0.01190,0.01205,5.66667,0.37496,0.58052,0.00000
risk_averse_impedance,contact_transition,4,6,0.00000,3.62277,2.19352,0.24779,1.16102,0.00000,0.00992,0.01190,5.50000,0.36349,0.57933,0.00000
risk_averse_impedance,contact_transition,5,6,0.00000,3.51914,2.55906,0.23941,1.17020,0.00000,0.00803,0.01205,5.66667,0.37527,0.58014,0.00000
risk_averse_impedance,contact_transition,6,6,0.00000,3.51081,2.30513,0.23799,1.10374,0.00000,0.03029,0.00803,6.00000,0.38272,0.58231,0.00000
risk_averse_impedance,contact_transition,7,6,0.00000,3.60777,2.66012,0.23979,1.19522,0.00000,0.00000,0.01401,5.66667,0.38674,0.57385,0.00000
risk_averse_impedance,delayed_mode_switch,0,6,0.00000,3.90353,2.55389,0.23312,1.71852,0.01205,0.01807,0.02214,6.83333,0.37931,0.58404,0.00000
risk_averse_impedance,delayed_mode_switch,1,6,0.00000,3.95930,2.71767,0.23111,1.59309,0.01004,0.05221,0.02209,6.83333,0.39571,0.58275,0.00000
risk_averse_impedance,delayed_mode_switch,2,6,0.00000,3.79482,2.81861,0.23264,1.64338,0.00399,0.01406,0.02202,5.00000,0.37291,0.58428,0.00000
risk_averse_impedance,delayed_mode_switch,3,6,0.00000,3.75037,2.11289,0.22644,1.57941,0.00602,0.06450,0.01810,6.00000,0.38719,0.58646,0.00000
risk_averse_impedance,delayed_mode_switch,4,6,0.00000,3.79106,1.60020,0.22623,1.75909,0.01597,0.05401,0.01994,5.00000,0.37082,0.58692,0.00000
risk_averse_impedance,delayed_mode_switch,5,6,0.00000,3.79374,2.68613,0.21610,1.45138,0.00000,0.06426,0.01406,7.50000,0.38695,0.57955,0.00000
risk_averse_impedance,delayed_mode_switch,6,6,0.00000,3.82137,2.22994,0.23515,1.60652,0.00404,0.07266,0.02212,7.33333,0.39304,0.58713,0.00000
risk_averse_impedance,delayed_mode_switch,7,6,0.00000,3.70814,2.16342,0.21734,1.62527,0.00806,0.04824,0.01812,5.16667,0.38959,0.58576,0.00000
risk_averse_impedance,friction_slip_shift,0,6,0.00000,3.58147,1.87523,0.29913,0.94654,0.00000,0.00000,0.00000,5.16667,0.39077,0.57867,0.00000
risk_averse_impedance,friction_slip_shift,1,6,0.00000,3.62187,1.69187,0.30455,0.97899,0.00000,0.00000,0.00000,5.00000,0.40137,0.57513,0.00000
risk_averse_impedance,friction_slip_shift,2,6,0.00000,3.54316,1.52100,0.30787,1.00021,0.00000,0.00000,0.00399,5.00000,0.38752,0.58346,0.00000
risk_averse_impedance,friction_slip_shift,3,6,0.00000,3.53157,1.77005,0.30381,0.98024,0.00000,0.01195,0.00198,5.00000,0.38536,0.58435,0.00000
risk_averse_impedance,friction_slip_shift,4,6,0.00000,3.52226,1.96874,0.28601,0.95229,0.00000,0.00000,0.00000,5.16667,0.36306,0.57390,0.00000
risk_averse_impedance,friction_slip_shift,5,6,0.00000,3.58674,1.69010,0.29953,0.96350,0.00000,0.00000,0.00201,5.00000,0.39034,0.57675,0.00000
risk_averse_impedance,friction_slip_shift,6,6,0.00000,3.49509,1.83973,0.29846,0.92984,0.00000,0.00602,0.00000,5.00000,0.38763,0.58097,0.00000
risk_averse_impedance,friction_slip_shift,7,6,0.00000,3.57238,1.95570,0.28974,0.93426,0.00000,0.00000,0.00000,5.16667,0.39593,0.57592,0.00000
risk_averse_impedance,nominal_surface_tracking,0,6,0.00000,3.73891,1.95728,0.30913,0.89135,0.00000,0.21080,0.00000,5.16667,0.40617,0.60749,0.00000
risk_averse_impedance,nominal_surface_tracking,1,6,0.00000,3.67183,1.89046,0.31155,0.91138,0.00000,0.20673,0.00000,5.16667,0.41349,0.60802,0.00000
risk_averse_impedance,nominal_surface_tracking,2,6,0.00000,3.69620,1.94346,0.30180,0.91264,0.00000,0.19048,0.00000,5.00000,0.39827,0.60815,0.00000
risk_averse_impedance,nominal_surface_tracking,3,6,0.00000,3.66487,1.82101,0.30408,0.93561,0.00000,0.20480,0.00000,5.00000,0.40242,0.60752,0.00000
risk_averse_impedance,nominal_surface_tracking,4,6,0.00000,3.63775,2.00679,0.29408,0.90958,0.00000,0.19249,0.00000,5.16667,0.38059,0.60748,0.00000
risk_averse_impedance,nominal_surface_tracking,5,6,0.00000,3.66550,1.90116,0.30721,0.91442,0.00000,0.20716,0.00000,5.00000,0.40352,0.60602,0.00000
risk_averse_impedance,nominal_surface_tracking,6,6,0.00000,3.65422,1.91789,0.30288,0.90465,0.00000,0.20484,0.00000,5.00000,0.40957,0.60596,0.00000
risk_averse_impedance,nominal_surface_tracking,7,6,0.00000,3.64398,1.89050,0.30359,0.92681,0.00000,0.20017,0.00000,5.00000,0.41015,0.60899,0.00000
risk_averse_impedance,sensor_noise_burst,0,6,0.00000,3.85191,2.83227,0.24541,1.10474,0.00000,0.15536,0.02789,6.00000,0.40273,0.59939,0.00000
risk_averse_impedance,sensor_noise_burst,1,6,0.00000,4.06521,2.98226,0.24612,1.15394,0.00000,0.11712,0.03980,6.00000,0.41141,0.59536,0.00000
risk_averse_impedance,sensor_noise_burst,2,6,0.00000,3.93946,2.74691,0.24949,1.19557,0.00000,0.10292,0.04162,5.66667,0.40222,0.59587,0.00000
risk_averse_impedance,sensor_noise_burst,3,6,0.00000,3.91001,2.77716,0.24631,1.22544,0.00000,0.13698,0.03772,5.16667,0.40416,0.59759,0.00000
risk_averse_impedance,sensor_noise_burst,4,6,0.00000,4.03750,2.87045,0.24994,1.22311,0.00000,0.10894,0.02778,5.00000,0.38826,0.59573,0.00000
risk_averse_impedance,sensor_noise_burst,5,6,0.00000,4.00350,2.84829,0.24635,1.15368,0.00000,0.14286,0.03770,5.66667,0.40824,0.59734,0.00000
risk_averse_impedance,sensor_noise_burst,6,6,0.00000,3.92802,2.57890,0.25044,1.21816,0.00000,0.12930,0.03772,5.50000,0.41252,0.59771,0.00000
risk_averse_impedance,sensor_noise_burst,7,6,0.00000,4.08085,2.79095,0.24841,1.24361,0.00000,0.12297,0.03971,5.50000,0.41891,0.59763,0.00000
risk_averse_impedance,stick_slip_cycle,0,6,0.00000,3.69724,2.56235,0.26369,0.92398,0.00000,0.00000,0.00000,5.83333,0.38000,0.57535,0.00000
risk_averse_impedance,stick_slip_cycle,1,6,0.00000,3.63670,2.27263,0.26452,0.99397,0.00000,0.00000,0.00399,6.00000,0.38761,0.57492,0.00000
risk_averse_impedance,stick_slip_cycle,2,6,0.00000,3.68483,2.56627,0.26049,0.97507,0.00000,0.00000,0.00201,5.50000,0.37488,0.57075,0.00000
risk_averse_impedance,stick_slip_cycle,3,6,0.00000,3.61723,2.28422,0.26788,0.94671,0.00000,0.00000,0.00000,5.50000,0.37333,0.56814,0.00000
risk_averse_impedance,stick_slip_cycle,4,6,0.00000,3.66140,2.73371,0.25605,0.93823,0.00000,0.00794,0.00000,7.33333,0.36155,0.58022,0.00000
risk_averse_impedance,stick_slip_cycle,5,6,0.00000,3.58353,2.30698,0.26815,0.99629,0.00000,0.00000,0.00402,5.33333,0.37598,0.57195,0.00000
risk_averse_impedance,stick_slip_cycle,6,6,0.00000,3.60393,2.47803,0.25634,1.00879,0.00000,0.00000,0.00407,5.83333,0.38114,0.56933,0.00000
risk_averse_impedance,stick_slip_cycle,7,6,0.00000,3.68622,2.37887,0.26281,0.95323,0.00000,0.00000,0.00000,6.00000,0.38616,0.57449,0.00000
risk_averse_impedance,stiffness_shift,0,6,0.00000,3.67249,1.32590,0.31260,1.47403,0.00000,0.19086,0.01192,5.00000,0.40440,0.60320,0.00000
risk_averse_impedance,stiffness_shift,1,6,0.00000,3.81559,1.52555,0.30782,1.58454,0.00602,0.17934,0.01396,5.16667,0.41096,0.60103,0.00000
risk_averse_impedance,stiffness_shift,2,6,0.00000,3.68856,1.27078,0.31904,1.56949,0.00201,0.17154,0.01197,5.00000,0.39316,0.60179,0.00000
risk_averse_impedance,stiffness_shift,3,6,0.00000,3.86433,1.49214,0.30911,1.54178,0.00000,0.17234,0.01386,5.00000,0.40820,0.59937,0.00000
risk_averse_impedance,stiffness_shift,4,6,0.00000,3.59768,1.61237,0.29699,1.56143,0.00201,0.17795,0.01602,5.83333,0.37105,0.60306,0.00000
risk_averse_impedance,stiffness_shift,5,6,0.00000,3.79160,1.31500,0.31588,1.52261,0.00198,0.17900,0.01391,5.00000,0.40994,0.60038,0.00000
risk_averse_impedance,stiffness_shift,6,6,0.00000,3.78160,1.36353,0.32250,1.54870,0.00402,0.18534,0.01195,5.00000,0.41011,0.60174,0.00000
risk_averse_impedance,stiffness_shift,7,6,0.00000,3.70391,1.51727,0.30754,1.52312,0.00000,0.17962,0.01197,5.33333,0.40967,0.60224,0.00000
risk_averse_impedance,surface_discontinuity,0,6,0.00000,3.84204,2.77509,0.23287,0.97393,0.00000,0.00000,0.00198,5.83333,0.38199,0.57791,0.00000
risk_averse_impedance,surface_discontinuity,1,6,0.00000,3.84230,2.81747,0.22898,0.99159,0.00000,0.00000,0.00201,5.33333,0.38701,0.57555,0.00000
risk_averse_impedance,surface_discontinuity,2,6,0.00000,3.79573,2.73366,0.23434,0.97982,0.00000,0.00000,0.00201,5.66667,0.37434,0.58071,0.00000
risk_averse_impedance,surface_discontinuity,3,6,0.00000,3.86176,2.81208,0.23230,1.01054,0.00000,0.01205,0.00000,5.83333,0.38286,0.57764,0.00000
risk_averse_impedance,surface_discontinuity,4,6,0.00000,3.70022,2.64875,0.23579,0.97108,0.00000,0.00803,0.00000,5.33333,0.35699,0.57709,0.00000
risk_averse_impedance,surface_discontinuity,5,6,0.00000,3.75726,2.71715,0.23385,0.97136,0.00000,0.00000,0.00402,5.16667,0.37602,0.57811,0.00000
risk_averse_impedance,surface_discontinuity,6,6,0.00000,3.88152,2.79519,0.22904,0.99712,0.00000,0.01606,0.00201,5.50000,0.38729,0.58124,0.00000
risk_averse_impedance,surface_discontinuity,7,6,0.00000,3.77177,2.96013,0.23297,0.98811,0.00000,0.00000,0.00407,6.00000,0.37988,0.57657,0.00000
risk_averse_impedance,target_force_jump,0,6,0.00000,3.59237,3.56373,0.21468,1.02811,0.00000,0.08369,0.00607,8.33333,0.36523,0.58996,0.00000
risk_averse_impedance,target_force_jump,1,6,0.00000,3.63165,4.08006,0.20306,0.98969,0.00000,0.06708,0.00203,9.50000,0.37183,0.58609,0.00000
risk_averse_impedance,target_force_jump,2,6,0.00000,3.61034,3.79071,0.20564,1.08301,0.00000,0.06301,0.00610,8.50000,0.36032,0.58966,0.00000
risk_averse_impedance,target_force_jump,3,6,0.00000,3.56527,3.31572,0.22003,1.03052,0.00000,0.06286,0.00407,8.50000,0.36505,0.58838,0.00000
risk_averse_impedance,target_force_jump,4,6,0.00000,3.56681,3.67594,0.20559,1.03392,0.00000,0.10358,0.00608,7.83333,0.34614,0.59249,0.00000
risk_averse_impedance,target_force_jump,5,6,0.00000,3.60844,3.57929,0.20556,1.04846,0.00000,0.06730,0.00613,7.66667,0.35973,0.58708,0.00000
risk_averse_impedance,target_force_jump,6,6,0.00000,3.62133,4.29618,0.20266,1.02052,0.00000,0.10595,0.00203,10.00000,0.37185,0.59065,0.00000
risk_averse_impedance,target_force_jump,7,6,0.00000,3.61936,3.69812,0.20861,1.03991,0.00000,0.06509,0.00610,10.00000,0.36919,0.58724,0.00000
robust_mpc_impedance,actuator_saturation,0,6,0.00000,3.85074,2.07784,0.22000,1.46882,0.00000,0.41264,0.02234,5.00000,0.37389,0.67329,0.00000
robust_mpc_impedance,actuator_saturation,1,6,0.00000,3.62528,1.79224,0.21490,1.39659,0.00000,0.38417,0.02439,5.16667,0.36349,0.67325,0.00000
robust_mpc_impedance,actuator_saturation,2,6,0.00000,3.61617,2.17623,0.20858,1.27566,0.00000,0.39565,0.01830,5.16667,0.36699,0.67520,0.00000
robust_mpc_impedance,actuator_saturation,3,6,0.00000,3.77244,1.99197,0.22063,1.43498,0.00000,0.37611,0.01627,5.00000,0.36389,0.67331,0.00000
robust_mpc_impedance,actuator_saturation,4,6,0.00000,3.63371,1.73530,0.21418,1.33745,0.00000,0.39134,0.02219,5.33333,0.35200,0.67400,0.00000
robust_mpc_impedance,actuator_saturation,5,6,0.00000,3.69990,2.00435,0.21481,1.35573,0.00000,0.39558,0.02434,5.00000,0.37571,0.67469,0.00000
robust_mpc_impedance,actuator_saturation,6,6,0.00000,3.78297,1.92156,0.21910,1.40656,0.00000,0.38263,0.01825,5.00000,0.37421,0.67240,0.00000
robust_mpc_impedance,actuator_saturation,7,6,0.00000,3.70609,1.88493,0.21729,1.35248,0.00000,0.37983,0.01822,5.00000,0.36443,0.67385,0.00000
robust_mpc_impedance,combined_extreme_stress,0,6,0.00000,3.59412,2.02648,0.19586,1.42344,0.00000,0.35185,0.06584,5.16667,0.35180,0.64361,0.00000
robust_mpc_impedance,combined_extreme_stress,1,6,0.00000,3.60851,1.96161,0.19249,1.42674,0.00411,0.32727,0.07197,5.33333,0.35247,0.64766,0.00000
robust_mpc_impedance,combined_extreme_stress,2,6,0.00000,3.49873,2.41557,0.18881,1.30235,0.00000,0.33987,0.09060,5.00000,0.34892,0.65124,0.00000
robust_mpc_impedance,combined_extreme_stress,3,6,0.00000,3.47262,2.12418,0.19512,1.29859,0.00000,0.33992,0.07617,5.16667,0.34807,0.65021,0.00000
robust_mpc_impedance,combined_extreme_stress,4,6,0.00000,3.52284,2.60050,0.18393,1.30436,0.00000,0.32928,0.10297,5.16667,0.34109,0.65200,0.00000
robust_mpc_impedance,combined_extreme_stress,5,6,0.00000,3.45809,1.76111,0.18966,1.25025,0.00000,0.35133,0.08054,5.00000,0.36107,0.64944,0.00000
robust_mpc_impedance,combined_extreme_stress,6,6,0.00000,3.57934,2.63664,0.18841,1.37713,0.00000,0.36254,0.11004,5.33333,0.35560,0.64985,0.00000
robust_mpc_impedance,combined_extreme_stress,7,6,0.00000,3.42542,2.37832,0.18582,1.30113,0.00000,0.34731,0.09492,5.50000,0.34630,0.64854,0.00000
robust_mpc_impedance,combined_stress,0,6,0.00000,3.67227,1.61969,0.21717,1.53588,0.00610,0.32844,0.03894,5.16667,0.35222,0.64931,0.00000
robust_mpc_impedance,combined_stress,1,6,0.00000,3.47724,1.66217,0.21176,1.39518,0.00000,0.30400,0.04933,5.00000,0.33804,0.65015,0.00000
robust_mpc_impedance,combined_stress,2,6,0.00000,3.58170,2.03889,0.21109,1.44876,0.00000,0.32083,0.03498,5.00000,0.34314,0.65156,0.00000
robust_mpc_impedance,combined_stress,3,6,0.00000,3.47894,1.80344,0.20943,1.44378,0.00000,0.31155,0.05942,5.16667,0.34007,0.65138,0.00000
robust_mpc_impedance,combined_stress,4,6,0.00000,3.55190,1.71086,0.20922,1.45643,0.00203,0.26609,0.05731,5.16667,0.32744,0.64855,0.00000
robust_mpc_impedance,combined_stress,5,6,0.00000,3.31393,1.59472,0.19941,1.32817,0.00000,0.30453,0.05556,5.16667,0.34739,0.64926,0.00000
robust_mpc_impedance,combined_stress,6,6,0.00000,3.46291,1.88217,0.20283,1.42511,0.00206,0.34169,0.06580,5.00000,0.35108,0.65247,0.00000
robust_mpc_impedance,combined_stress,7,6,0.00000,3.41585,1.98882,0.19503,1.30931,0.00000,0.25926,0.04938,5.00000,0.34241,0.64768,0.00000
robust_mpc_impedance,contact_transition,0,6,0.00000,3.35408,1.60045,0.22781,1.27442,0.00000,0.40298,0.01837,5.00000,0.36244,0.67158,0.00000
robust_mpc_impedance,contact_transition,1,6,0.00000,3.25388,1.64334,0.21478,1.29222,0.00000,0.39757,0.01641,5.00000,0.35027,0.67235,0.00000
robust_mpc_impedance,contact_transition,2,6,0.00000,3.31058,1.42480,0.22393,1.24365,0.00000,0.40336,0.02444,5.00000,0.35435,0.67261,0.00000
robust_mpc_impedance,contact_transition,3,6,0.00000,3.26286,1.70334,0.21537,1.21434,0.00000,0.39393,0.01227,5.16667,0.35202,0.67248,0.00000
robust_mpc_impedance,contact_transition,4,6,0.00000,3.27433,1.30820,0.22398,1.23010,0.00000,0.39073,0.01012,5.00000,0.34395,0.67144,0.00000
robust_mpc_impedance,contact_transition,5,6,0.00000,3.29055,1.65397,0.22388,1.27708,0.00000,0.40372,0.01433,5.00000,0.36251,0.67271,0.00000
robust_mpc_impedance,contact_transition,6,6,0.00000,3.21362,1.47537,0.21792,1.18844,0.00000,0.40994,0.01433,5.16667,0.36041,0.67254,0.00000
robust_mpc_impedance,contact_transition,7,6,0.00000,3.31999,1.80432,0.22076,1.26118,0.00000,0.37682,0.01832,5.00000,0.35499,0.66993,0.00000
robust_mpc_impedance,delayed_mode_switch,0,6,0.00000,3.74120,1.78226,0.22344,1.84013,0.02263,0.41485,0.03283,5.16667,0.36119,0.66924,0.00000
robust_mpc_impedance,delayed_mode_switch,1,6,0.00000,3.81674,2.46811,0.22263,1.69799,0.01641,0.38931,0.02050,6.66667,0.36172,0.66898,0.00000
robust_mpc_impedance,delayed_mode_switch,2,6,0.00000,3.63140,2.01938,0.22271,1.76650,0.01631,0.40703,0.03066,5.00000,0.35290,0.67134,0.00000
robust_mpc_impedance,delayed_mode_switch,3,6,0.00000,3.68826,2.40823,0.22260,1.65307,0.01026,0.38457,0.02045,7.16667,0.35792,0.67053,0.00000
robust_mpc_impedance,delayed_mode_switch,4,6,0.00000,3.62708,1.25009,0.21641,1.88105,0.03044,0.38005,0.02444,5.50000,0.34669,0.67028,0.00000
robust_mpc_impedance,delayed_mode_switch,5,6,0.00000,3.60996,2.31564,0.20550,1.57200,0.01019,0.38728,0.01844,6.83333,0.36908,0.66666,0.00000
robust_mpc_impedance,delayed_mode_switch,6,6,0.00000,3.68752,1.91413,0.22704,1.73682,0.01438,0.40174,0.02254,5.83333,0.36595,0.67088,0.00000
robust_mpc_impedance,delayed_mode_switch,7,6,0.00000,3.56468,1.63499,0.20907,1.76488,0.01425,0.39674,0.02246,5.00000,0.35228,0.67048,0.00000
robust_mpc_impedance,friction_slip_shift,0,6,0.00000,3.23773,1.14909,0.27042,1.02415,0.00000,0.39972,0.00607,5.00000,0.36978,0.66861,0.00000
robust_mpc_impedance,friction_slip_shift,1,6,0.00000,3.24153,0.92749,0.27253,1.03275,0.00000,0.36642,0.00608,5.00000,0.36732,0.66858,0.00000
robust_mpc_impedance,friction_slip_shift,2,6,0.00000,3.19716,0.81224,0.27786,1.06429,0.00000,0.38280,0.00203,5.00000,0.36274,0.67073,0.00000
robust_mpc_impedance,friction_slip_shift,3,6,0.00000,3.18522,1.07357,0.27445,1.04552,0.00000,0.39634,0.00610,5.00000,0.35707,0.67215,0.00000
robust_mpc_impedance,friction_slip_shift,4,6,0.00000,3.14612,1.16890,0.25567,1.02180,0.00000,0.35983,0.00206,5.00000,0.34517,0.66783,0.00000
robust_mpc_impedance,friction_slip_shift,5,6,0.00000,3.18529,0.91552,0.26610,1.02874,0.00000,0.37273,0.00610,5.00000,0.37230,0.66860,0.00000
robust_mpc_impedance,friction_slip_shift,6,6,0.00000,3.13325,1.11612,0.26776,1.00729,0.00000,0.40213,0.00000,5.00000,0.36321,0.67026,0.00000
robust_mpc_impedance,friction_slip_shift,7,6,0.00000,3.18704,1.17899,0.25846,1.00941,0.00000,0.36845,0.00404,5.00000,0.35903,0.66841,0.00000
robust_mpc_impedance,nominal_surface_tracking,0,6,0.00000,3.33989,1.13252,0.27618,0.96641,0.00000,0.44105,0.00000,5.00000,0.37861,0.68485,0.00000
robust_mpc_impedance,nominal_surface_tracking,1,6,0.00000,3.26356,1.11716,0.27691,0.97552,0.00000,0.42712,0.00000,5.00000,0.37253,0.68578,0.00000
robust_mpc_impedance,nominal_surface_tracking,2,6,0.00000,3.29706,1.12226,0.26915,0.98644,0.00000,0.42840,0.00000,5.00000,0.36892,0.68526,0.00000
robust_mpc_impedance,nominal_surface_tracking,3,6,0.00000,3.27203,1.02938,0.27149,1.01063,0.00000,0.42308,0.00203,5.00000,0.36751,0.68563,0.00000
robust_mpc_impedance,nominal_surface_tracking,4,6,0.00000,3.22547,1.19180,0.26068,0.98958,0.00000,0.42105,0.00000,5.00000,0.35317,0.68519,0.00000
robust_mpc_impedance,nominal_surface_tracking,5,6,0.00000,3.29666,1.10537,0.27637,0.98217,0.00000,0.43302,0.00402,5.00000,0.37940,0.68496,0.00000
robust_mpc_impedance,nominal_surface_tracking,6,6,0.00000,3.26667,1.14120,0.27076,0.97590,0.00000,0.43207,0.00000,5.00000,0.37716,0.68459,0.00000
robust_mpc_impedance,nominal_surface_tracking,7,6,0.00000,3.25528,1.11712,0.27123,0.98482,0.00000,0.43020,0.00000,5.00000,0.36604,0.68588,0.00000
robust_mpc_impedance,sensor_noise_burst,0,6,0.00000,3.56583,1.89852,0.22733,1.23492,0.00000,0.42803,0.04063,5.00000,0.37764,0.67952,0.00000
robust_mpc_impedance,sensor_noise_burst,1,6,0.00000,3.70388,1.95161,0.22428,1.23128,0.00000,0.40212,0.04650,5.16667,0.37209,0.67815,0.00000
robust_mpc_impedance,sensor_noise_burst,2,6,0.00000,3.60793,1.80566,0.22829,1.23093,0.00000,0.40010,0.05258,5.00000,0.37340,0.67804,0.00000
robust_mpc_impedance,sensor_noise_burst,3,6,0.00000,3.58563,1.86272,0.22557,1.27618,0.00000,0.40293,0.05471,5.00000,0.37005,0.67960,0.00000
robust_mpc_impedance,sensor_noise_burst,4,6,0.00000,3.71547,1.88559,0.23000,1.26243,0.00000,0.39479,0.04807,5.00000,0.36033,0.67798,0.00000
robust_mpc_impedance,sensor_noise_burst,5,6,0.00000,3.68299,1.99167,0.22664,1.24116,0.00000,0.40283,0.06073,5.00000,0.38371,0.67937,0.00000
robust_mpc_impedance,sensor_noise_burst,6,6,0.00000,3.55505,1.57983,0.22693,1.25451,0.00000,0.41502,0.04858,5.00000,0.37927,0.67872,0.00000
robust_mpc_impedance,sensor_noise_burst,7,6,0.00000,3.69454,1.81462,0.22479,1.26646,0.00000,0.39602,0.04239,5.16667,0.37219,0.67907,0.00000
robust_mpc_impedance,stick_slip_cycle,0,6,0.00000,3.30607,1.69539,0.23585,1.00201,0.00000,0.38085,0.01014,5.16667,0.36294,0.66364,0.00000
robust_mpc_impedance,stick_slip_cycle,1,6,0.00000,3.22313,1.39092,0.23435,1.04329,0.00000,0.37062,0.00411,5.00000,0.35499,0.66351,0.00000
robust_mpc_impedance,stick_slip_cycle,2,6,0.00000,3.32535,1.71004,0.23506,1.04416,0.00000,0.34905,0.00407,5.00000,0.35644,0.66126,0.00000
robust_mpc_impedance,stick_slip_cycle,3,6,0.00000,3.20817,1.46623,0.23762,1.01755,0.00000,0.34021,0.00203,5.33333,0.35007,0.66119,0.00000
robust_mpc_impedance,stick_slip_cycle,4,6,0.00000,3.25525,1.83925,0.22754,1.01108,0.00000,0.37734,0.00203,5.16667,0.34124,0.66633,0.00000
robust_mpc_impedance,stick_slip_cycle,5,6,0.00000,3.23573,1.46446,0.24221,1.06473,0.00000,0.35918,0.01026,5.16667,0.36257,0.66301,0.00000
robust_mpc_impedance,stick_slip_cycle,6,6,0.00000,3.25325,1.61646,0.23131,1.06666,0.00000,0.36331,0.01232,5.00000,0.35952,0.66020,0.00000
robust_mpc_impedance,stick_slip_cycle,7,6,0.00000,3.28927,1.54466,0.23464,1.02820,0.00000,0.35975,0.00813,5.00000,0.35020,0.66277,0.00000
robust_mpc_impedance,stiffness_shift,0,6,0.00000,3.60880,0.76655,0.30736,1.59732,0.00404,0.43206,0.01218,5.00000,0.37804,0.68212,0.00000
robust_mpc_impedance,stiffness_shift,1,6,0.00000,3.69034,0.86308,0.29752,1.68124,0.01230,0.40863,0.01626,5.00000,0.37153,0.68205,0.00000
robust_mpc_impedance,stiffness_shift,2,6,0.00000,3.61920,0.86065,0.31341,1.66722,0.00811,0.41796,0.01218,5.16667,0.36692,0.68217,0.00000
robust_mpc_impedance,stiffness_shift,3,6,0.00000,3.74196,0.83603,0.29932,1.65592,0.00808,0.41133,0.01413,5.33333,0.37254,0.68130,0.00000
robust_mpc_impedance,stiffness_shift,4,6,0.00000,3.50583,1.00058,0.28931,1.67268,0.01019,0.42813,0.01827,6.16667,0.34767,0.68264,0.00000
robust_mpc_impedance,stiffness_shift,5,6,0.00000,3.75685,0.76645,0.31301,1.62559,0.01415,0.40285,0.02226,5.00000,0.38466,0.68164,0.00000
robust_mpc_impedance,stiffness_shift,6,6,0.00000,3.71844,0.75450,0.31721,1.65467,0.00813,0.41786,0.01421,5.00000,0.37866,0.68213,0.00000
robust_mpc_impedance,stiffness_shift,7,6,0.00000,3.60157,1.02956,0.29931,1.61311,0.00813,0.41987,0.01421,5.83333,0.36649,0.68263,0.00000
robust_mpc_impedance,surface_discontinuity,0,6,0.00000,3.46388,1.82013,0.20992,1.04674,0.00000,0.40612,0.01222,5.00000,0.36442,0.66892,0.00000
robust_mpc_impedance,surface_discontinuity,1,6,0.00000,3.43499,1.90905,0.20487,1.07055,0.00000,0.38575,0.01639,5.16667,0.35689,0.66933,0.00000
robust_mpc_impedance,surface_discontinuity,2,6,0.00000,3.38888,1.82358,0.20921,1.04288,0.00000,0.39805,0.00613,5.16667,0.35559,0.67115,0.00000
robust_mpc_impedance,surface_discontinuity,3,6,0.00000,3.47751,1.88179,0.20925,1.07499,0.00000,0.38221,0.00818,5.00000,0.35709,0.67083,0.00000
robust_mpc_impedance,surface_discontinuity,4,6,0.00000,3.30732,1.75792,0.21079,1.04430,0.00000,0.39034,0.01019,5.33333,0.34075,0.67052,0.00000
robust_mpc_impedance,surface_discontinuity,5,6,0.00000,3.42977,1.80402,0.21352,1.08801,0.00000,0.40169,0.01435,5.00000,0.36311,0.67123,0.00000
robust_mpc_impedance,surface_discontinuity,6,6,0.00000,3.50473,1.80521,0.20699,1.04615,0.00000,0.40414,0.00409,5.00000,0.36400,0.67128,0.00000
robust_mpc_impedance,surface_discontinuity,7,6,0.00000,3.37621,2.07349,0.20849,1.03544,0.00000,0.39355,0.00818,5.00000,0.34969,0.67053,0.00000
robust_mpc_impedance,target_force_jump,0,6,0.00000,3.27649,2.63782,0.19583,1.11179,0.00000,0.44928,0.01245,6.00000,0.35345,0.67535,0.00000
robust_mpc_impedance,target_force_jump,1,6,0.00000,3.26828,3.15796,0.18278,1.05597,0.00000,0.42035,0.00412,6.16667,0.34882,0.67531,0.00000
robust_mpc_impedance,target_force_jump,2,6,0.00000,3.29772,2.87983,0.18767,1.14943,0.00000,0.42454,0.01451,6.66667,0.34726,0.67571,0.00000
robust_mpc_impedance,target_force_jump,3,6,0.00000,3.20911,2.42892,0.19804,1.13516,0.00000,0.41615,0.00620,5.66667,0.34480,0.67619,0.00000
robust_mpc_impedance,target_force_jump,4,6,0.00000,3.22281,2.74315,0.18579,1.10016,0.00000,0.43312,0.00623,6.16667,0.33257,0.67729,0.00000
robust_mpc_impedance,target_force_jump,5,6,0.00000,3.24952,2.61837,0.18510,1.12108,0.00000,0.43542,0.01875,6.16667,0.35150,0.67421,0.00000
robust_mpc_impedance,target_force_jump,6,6,0.00000,3.28878,3.37304,0.18410,1.10399,0.00000,0.43876,0.00836,7.00000,0.35567,0.67688,0.00000
robust_mpc_impedance,target_force_jump,7,6,0.00000,3.24607,2.80763,0.18725,1.08833,0.00000,0.42325,0.00620,6.33333,0.34241,0.67516,0.00000
token_no_memory_ablation,actuator_saturation,0,6,1.00000,3.00339,1.52054,0.17154,1.53651,0.00196,0.50686,0.02720,5.00000,0.53534,0.75841,16.00000
token_no_memory_ablation,actuator_saturation,1,6,1.00000,2.84291,1.27607,0.16851,1.44256,0.00000,0.50486,0.02339,5.00000,0.55473,0.75489,13.00000
token_no_memory_ablation,actuator_saturation,2,6,0.83333,2.85150,1.63493,0.16445,1.28049,0.00000,0.49904,0.02526,5.00000,0.55875,0.75680,11.33333
token_no_memory_ablation,actuator_saturation,3,6,1.00000,2.92119,1.43462,0.17079,1.47240,0.00000,0.51363,0.02537,5.00000,0.55464,0.75714,16.16667
token_no_memory_ablation,actuator_saturation,4,6,1.00000,2.86054,1.32127,0.16865,1.37289,0.00000,0.49136,0.02321,5.33333,0.54504,0.75879,15.16667
token_no_memory_ablation,actuator_saturation,5,6,1.00000,2.87247,1.47231,0.16672,1.41425,0.00000,0.51557,0.03124,5.00000,0.57167,0.75801,12.33333
token_no_memory_ablation,actuator_saturation,6,6,1.00000,2.88151,1.39787,0.16677,1.45938,0.00000,0.51183,0.02725,5.00000,0.56821,0.75868,15.83333
token_no_memory_ablation,actuator_saturation,7,6,1.00000,2.86514,1.34120,0.16805,1.37910,0.00000,0.50967,0.02335,5.00000,0.55763,0.75770,13.66667
token_no_memory_ablation,combined_extreme_stress,0,6,0.00000,2.88634,1.65161,0.15731,1.48160,0.00000,0.44117,0.10784,5.00000,0.50379,0.71920,16.83333
token_no_memory_ablation,combined_extreme_stress,1,6,0.16667,2.90601,1.68469,0.15504,1.41223,0.00196,0.46064,0.10432,5.00000,0.54397,0.72580,14.33333
token_no_memory_ablation,combined_extreme_stress,2,6,0.00000,2.89048,2.10358,0.15601,1.41216,0.00000,0.45845,0.09101,5.00000,0.52758,0.72635,15.16667
token_no_memory_ablation,combined_extreme_stress,3,6,0.33333,2.81977,1.85101,0.15857,1.39079,0.00000,0.48324,0.10656,5.00000,0.53166,0.73073,15.16667
token_no_memory_ablation,combined_extreme_stress,4,6,0.33333,2.96687,2.32722,0.15472,1.36252,0.00000,0.45184,0.12374,5.16667,0.52478,0.73118,15.66667
token_no_memory_ablation,combined_extreme_stress,5,6,0.33333,2.88446,1.64347,0.15813,1.42180,0.00000,0.46456,0.11818,5.00000,0.55046,0.72917,15.00000
token_no_memory_ablation,combined_extreme_stress,6,6,0.00000,2.89127,2.14974,0.15195,1.51884,0.00394,0.46951,0.10850,5.00000,0.53485,0.72818,17.83333
token_no_memory_ablation,combined_extreme_stress,7,6,0.00000,2.90553,2.05713,0.15763,1.47473,0.00392,0.46064,0.10033,5.00000,0.53027,0.72395,14.66667
token_no_memory_ablation,combined_stress,0,6,0.00000,2.82083,1.13798,0.16681,1.60149,0.00584,0.44236,0.05089,5.00000,0.50179,0.72156,17.16667
token_no_memory_ablation,combined_stress,1,6,0.16667,2.84547,1.26406,0.17334,1.53545,0.00588,0.46065,0.05719,5.00000,0.50714,0.72098,15.00000
token_no_memory_ablation,combined_stress,2,6,0.00000,2.83231,1.51745,0.16698,1.49367,0.00196,0.44778,0.05509,5.00000,0.51368,0.71905,15.50000
token_no_memory_ablation,combined_stress,3,6,0.00000,2.77678,1.33580,0.16721,1.51924,0.00196,0.46176,0.06680,5.00000,0.50747,0.72288,16.33333
token_no_memory_ablation,combined_stress,4,6,0.00000,2.84334,1.26845,0.16748,1.58754,0.00392,0.44314,0.07451,5.00000,0.50638,0.71952,16.83333
token_no_memory_ablation,combined_stress,5,6,0.00000,2.61359,1.15624,0.15725,1.44430,0.00000,0.46755,0.06898,5.00000,0.51205,0.71995,13.16667
token_no_memory_ablation,combined_stress,6,6,0.00000,2.73112,1.39560,0.15985,1.42636,0.00000,0.47838,0.08263,5.00000,0.52126,0.72875,14.50000
token_no_memory_ablation,combined_stress,7,6,0.00000,2.83546,1.63355,0.16184,1.40742,0.00000,0.45689,0.06092,5.83333,0.51115,0.71741,15.16667
token_no_memory_ablation,contact_transition,0,6,0.83333,2.61910,1.12340,0.17811,1.30213,0.00000,0.48926,0.02339,5.00000,0.50884,0.74875,11.83333
token_no_memory_ablation,contact_transition,1,6,0.83333,2.54006,1.15661,0.16772,1.28045,0.00000,0.48922,0.01573,5.00000,0.52856,0.74556,11.16667
token_no_memory_ablation,contact_transition,2,6,0.83333,2.58166,0.95485,0.17476,1.27941,0.00000,0.46979,0.02351,5.00000,0.53625,0.74506,10.50000
token_no_memory_ablation,contact_transition,3,6,1.00000,2.56440,1.19121,0.16929,1.26366,0.00000,0.49895,0.02152,5.00000,0.53211,0.74943,11.33333
token_no_memory_ablation,contact_transition,4,6,0.66667,2.59343,0.97530,0.17746,1.21827,0.00000,0.44252,0.01555,5.00000,0.52943,0.73988,12.83333
token_no_memory_ablation,contact_transition,5,6,0.83333,2.59996,1.21378,0.17685,1.29361,0.00000,0.49708,0.02159,5.00000,0.54370,0.74822,10.33333
token_no_memory_ablation,contact_transition,6,6,1.00000,2.51197,1.06955,0.17033,1.21949,0.00000,0.50206,0.02164,5.00000,0.53995,0.75081,12.00000
token_no_memory_ablation,contact_transition,7,6,0.66667,2.61352,1.29364,0.17369,1.25914,0.00000,0.46106,0.02342,5.00000,0.53420,0.73726,12.50000
token_no_memory_ablation,delayed_mode_switch,0,6,0.66667,2.96434,1.49475,0.17709,1.92399,0.02738,0.48730,0.02738,5.00000,0.52680,0.74869,15.33333
token_no_memory_ablation,delayed_mode_switch,1,6,1.00000,3.07206,2.33369,0.17912,1.77389,0.01764,0.49216,0.02941,6.66667,0.56089,0.74919,14.66667
token_no_memory_ablation,delayed_mode_switch,2,6,0.83333,2.92990,1.55214,0.17952,1.81543,0.01562,0.48336,0.02544,5.00000,0.55101,0.74517,12.50000
token_no_memory_ablation,delayed_mode_switch,3,6,0.83333,2.94313,2.46972,0.17752,1.75013,0.00978,0.50875,0.01958,7.66667,0.54745,0.75660,16.33333
token_no_memory_ablation,delayed_mode_switch,4,6,0.50000,2.91880,1.35465,0.17420,1.98459,0.02344,0.47271,0.03315,5.66667,0.54676,0.75199,16.66667
token_no_memory_ablation,delayed_mode_switch,5,6,0.50000,2.93473,2.17529,0.16711,1.64815,0.01571,0.48525,0.03146,6.33333,0.57000,0.74491,12.50000
token_no_memory_ablation,delayed_mode_switch,6,6,0.83333,2.92956,1.87375,0.18036,1.79941,0.01569,0.50000,0.02549,6.16667,0.56107,0.75453,16.66667
token_no_memory_ablation,delayed_mode_switch,7,6,0.50000,2.87410,1.49771,0.16862,1.81440,0.01179,0.48919,0.02946,5.16667,0.54542,0.74997,14.66667
token_no_memory_ablation,friction_slip_shift,0,6,0.50000,2.52772,0.83572,0.21172,1.04807,0.00000,0.45732,0.00586,5.00000,0.52613,0.74073,10.16667
token_no_memory_ablation,friction_slip_shift,1,6,0.66667,2.47934,0.65806,0.20853,1.09181,0.00000,0.50194,0.00581,5.00000,0.55260,0.74598,10.33333
token_no_memory_ablation,friction_slip_shift,2,6,1.00000,2.46908,0.56886,0.21461,1.10898,0.00000,0.49421,0.00584,5.00000,0.54827,0.74907,9.33333
token_no_memory_ablation,friction_slip_shift,3,6,0.83333,2.44281,0.76833,0.21078,1.06392,0.00000,0.50392,0.00971,5.00000,0.54197,0.75293,10.16667
token_no_memory_ablation,friction_slip_shift,4,6,0.50000,2.44846,0.79368,0.19889,1.03374,0.00000,0.46974,0.00390,5.00000,0.52632,0.73807,8.83333
token_no_memory_ablation,friction_slip_shift,5,6,0.83333,2.48806,0.66726,0.20769,1.05329,0.00000,0.48634,0.01361,5.00000,0.56307,0.74430,9.50000
token_no_memory_ablation,friction_slip_shift,6,6,0.66667,2.41268,0.72547,0.20625,1.01912,0.00000,0.47355,0.00392,5.00000,0.54675,0.74413,9.50000
token_no_memory_ablation,friction_slip_shift,7,6,0.50000,2.47190,0.82269,0.20046,1.01848,0.00000,0.48037,0.00388,5.00000,0.54399,0.73922,7.16667
token_no_memory_ablation,nominal_surface_tracking,0,6,0.83333,2.56131,0.77764,0.21193,1.00087,0.00000,0.51163,0.00000,5.00000,0.54703,0.77288,10.50000
token_no_memory_ablation,nominal_surface_tracking,1,6,0.83333,2.55577,0.78900,0.21698,1.00270,0.00000,0.50677,0.00388,5.00000,0.57769,0.77013,8.50000
token_no_memory_ablation,nominal_surface_tracking,2,6,1.00000,2.54838,0.74268,0.20798,1.01483,0.00000,0.50880,0.00000,5.00000,0.56729,0.77200,10.16667
token_no_memory_ablation,nominal_surface_tracking,3,6,1.00000,2.50398,0.66718,0.20780,1.02714,0.00000,0.51947,0.00194,5.00000,0.56915,0.77257,11.00000
token_no_memory_ablation,nominal_surface_tracking,4,6,1.00000,2.54815,0.81081,0.20602,0.99260,0.00000,0.48741,0.00000,5.00000,0.55383,0.76855,10.16667
token_no_memory_ablation,nominal_surface_tracking,5,6,0.83333,2.56288,0.77719,0.21482,1.01957,0.00000,0.52435,0.00196,5.00000,0.58316,0.77218,8.83333
token_no_memory_ablation,nominal_surface_tracking,6,6,1.00000,2.53543,0.77244,0.21018,0.99653,0.00000,0.51651,0.00000,5.00000,0.57908,0.77022,9.16667
token_no_memory_ablation,nominal_surface_tracking,7,6,1.00000,2.53979,0.77363,0.21172,1.02453,0.00000,0.51546,0.00000,5.00000,0.56392,0.77328,10.50000
token_no_memory_ablation,sensor_noise_burst,0,6,1.00000,2.75206,1.28854,0.17518,1.21265,0.00000,0.50871,0.06601,5.00000,0.54163,0.76547,9.66667
token_no_memory_ablation,sensor_noise_burst,1,6,1.00000,2.86015,1.47108,0.17320,1.27581,0.00000,0.52620,0.05828,5.00000,0.56488,0.76589,11.00000
token_no_memory_ablation,sensor_noise_burst,2,6,1.00000,2.80338,1.29496,0.17754,1.31931,0.00000,0.51457,0.06019,5.16667,0.56909,0.76296,11.33333
token_no_memory_ablation,sensor_noise_burst,3,6,1.00000,2.80499,1.33036,0.17631,1.39149,0.00000,0.53488,0.04263,5.00000,0.56474,0.76809,11.66667
token_no_memory_ablation,sensor_noise_burst,4,6,1.00000,2.85884,1.33833,0.17701,1.27671,0.00000,0.48449,0.05039,5.00000,0.55932,0.76225,14.50000
token_no_memory_ablation,sensor_noise_burst,5,6,1.00000,2.86465,1.45681,0.17608,1.32169,0.00000,0.52428,0.05440,5.00000,0.58617,0.76662,12.66667
token_no_memory_ablation,sensor_noise_burst,6,6,1.00000,2.71901,1.04781,0.17343,1.27488,0.00000,0.51566,0.06031,5.00000,0.57758,0.76608,13.00000
token_no_memory_ablation,sensor_noise_burst,7,6,1.00000,2.90040,1.27055,0.17650,1.32936,0.00000,0.51158,0.06213,5.00000,0.57253,0.76466,12.00000
token_no_memory_ablation,stick_slip_cycle,0,6,0.66667,2.49079,1.19644,0.17755,1.02097,0.00000,0.48062,0.00784,5.00000,0.50948,0.74240,8.50000
token_no_memory_ablation,stick_slip_cycle,1,6,0.50000,2.49873,0.99009,0.18175,1.10971,0.00000,0.49122,0.01762,5.00000,0.53593,0.74318,10.00000
token_no_memory_ablation,stick_slip_cycle,2,6,0.33333,2.62226,1.22662,0.18513,1.07121,0.00000,0.44553,0.01372,5.00000,0.53868,0.73052,8.66667
token_no_memory_ablation,stick_slip_cycle,3,6,0.16667,2.42668,1.04348,0.17969,1.03468,0.00000,0.49216,0.00784,5.00000,0.52594,0.73626,8.33333
token_no_memory_ablation,stick_slip_cycle,4,6,0.66667,2.52045,1.35909,0.17615,1.02305,0.00000,0.47665,0.01167,5.00000,0.52144,0.74535,8.33333
token_no_memory_ablation,stick_slip_cycle,5,6,0.33333,2.50027,1.03978,0.18702,1.08453,0.00000,0.47451,0.01569,5.00000,0.54422,0.73766,7.83333
token_no_memory_ablation,stick_slip_cycle,6,6,0.50000,2.46597,1.10874,0.17503,1.12063,0.00000,0.49615,0.00976,5.00000,0.53024,0.74034,10.83333
token_no_memory_ablation,stick_slip_cycle,7,6,0.66667,2.52415,1.06580,0.18015,1.06241,0.00000,0.48233,0.01564,5.00000,0.52645,0.74091,9.66667
token_no_memory_ablation,stiffness_shift,0,6,0.33333,2.80329,0.56069,0.23872,1.61876,0.00388,0.51259,0.01555,5.00000,0.54717,0.77129,15.16667
token_no_memory_ablation,stiffness_shift,1,6,0.33333,2.88354,0.61367,0.23248,1.74958,0.01170,0.52613,0.01553,5.00000,0.57569,0.77102,16.50000
token_no_memory_ablation,stiffness_shift,2,6,0.33333,2.83378,0.61087,0.24520,1.70206,0.01174,0.50978,0.01559,5.00000,0.56669,0.76648,14.66667
token_no_memory_ablation,stiffness_shift,3,6,0.50000,2.89268,0.58108,0.23143,1.68426,0.00584,0.52816,0.01359,5.00000,0.58466,0.76949,16.83333
token_no_memory_ablation,stiffness_shift,4,6,0.66667,2.78213,0.71917,0.22972,1.69701,0.00976,0.50686,0.01952,6.00000,0.54250,0.76924,15.00000
token_no_memory_ablation,stiffness_shift,5,6,0.33333,2.93333,0.54556,0.24442,1.69393,0.01555,0.52139,0.01749,5.00000,0.59664,0.76888,16.00000
token_no_memory_ablation,stiffness_shift,6,6,0.33333,2.88976,0.50689,0.24650,1.72115,0.01163,0.53128,0.01167,5.00000,0.58391,0.77290,16.66667
token_no_memory_ablation,stiffness_shift,7,6,0.16667,2.84358,0.76889,0.23618,1.65874,0.00969,0.51550,0.01753,5.50000,0.56807,0.76979,16.83333
token_no_memory_ablation,surface_discontinuity,0,6,1.00000,2.60834,1.24482,0.15814,1.10852,0.00000,0.48436,0.01564,5.00000,0.51045,0.74718,13.00000
token_no_memory_ablation,surface_discontinuity,1,6,1.00000,2.58631,1.34075,0.15430,1.12211,0.00000,0.49902,0.01566,5.00000,0.53318,0.74787,12.50000
token_no_memory_ablation,surface_discontinuity,2,6,0.83333,2.62568,1.26378,0.16216,1.08781,0.00000,0.47843,0.00980,5.00000,0.53599,0.74528,12.16667
token_no_memory_ablation,surface_discontinuity,3,6,1.00000,2.61898,1.30934,0.15761,1.12384,0.00000,0.51167,0.01562,5.00000,0.53732,0.75088,13.16667
token_no_memory_ablation,surface_discontinuity,4,6,0.83333,2.55466,1.26297,0.16277,1.07785,0.00000,0.47159,0.01564,5.00000,0.51871,0.74479,13.66667
token_no_memory_ablation,surface_discontinuity,5,6,0.83333,2.64580,1.27193,0.16468,1.15448,0.00000,0.50000,0.02353,5.00000,0.54189,0.74873,12.16667
token_no_memory_ablation,surface_discontinuity,6,6,1.00000,2.63484,1.27038,0.15562,1.13052,0.00000,0.49904,0.02154,5.00000,0.54482,0.75296,14.66667
token_no_memory_ablation,surface_discontinuity,7,6,0.83333,2.62037,1.48138,0.16198,1.10553,0.00000,0.48833,0.02157,5.00000,0.52082,0.74562,13.50000
token_no_memory_ablation,target_force_jump,0,6,1.00000,2.59261,1.99026,0.15513,1.13514,0.00000,0.50492,0.01176,5.00000,0.49633,0.75582,8.16667
token_no_memory_ablation,target_force_jump,1,6,0.66667,2.61415,2.46276,0.14622,1.06542,0.00000,0.47715,0.00397,5.16667,0.53041,0.74466,6.33333
token_no_memory_ablation,target_force_jump,2,6,0.66667,2.62867,2.17110,0.14965,1.12153,0.00000,0.47437,0.01781,5.00000,0.52673,0.74734,6.66667
token_no_memory_ablation,target_force_jump,3,6,1.00000,2.52812,1.76621,0.15596,1.10992,0.00000,0.51176,0.01776,5.00000,0.51976,0.75395,8.00000
token_no_memory_ablation,target_force_jump,4,6,1.00000,2.61131,2.07787,0.15036,1.09656,0.00000,0.47542,0.01379,5.00000,0.51274,0.75060,6.83333
token_no_memory_ablation,target_force_jump,5,6,1.00000,2.59411,1.94715,0.14778,1.10930,0.00000,0.49008,0.01788,5.16667,0.53137,0.74867,6.83333
token_no_memory_ablation,target_force_jump,6,6,1.00000,2.63202,2.59778,0.14731,1.08958,0.00000,0.48908,0.01382,5.16667,0.53418,0.75183,8.00000
token_no_memory_ablation,target_force_jump,7,6,0.50000,2.63301,2.12615,0.15182,1.12483,0.00000,0.48021,0.00990,5.16667,0.51872,0.74632,7.33333
