example,stiffness,friction,target_force,penetration,force,normal_kp,normal_kd,y_gain,target_scale
0,566.4623,0.6077,14.6911,0.00508,3.0060,175.6764,32.8558,5.0475,0.7414
1,806.4448,0.4017,14.3761,0.00999,8.1844,199.5885,36.0000,6.7768,0.5208
2,742.4109,0.7946,10.4586,0.01553,12.0577,179.8796,36.0000,4.4413,0.5657
3,273.5468,0.2685,20.1959,0.01675,4.4238,140.7306,21.3543,7.5999,1.5354
4,901.9652,0.0611,19.9389,0.01760,15.1754,205.0000,36.0000,7.9336,0.4656
5,509.5270,0.7294,12.2156,0.01730,9.2363,147.9835,32.1213,5.3011,0.8243
6,381.5188,0.6680,21.1596,0.05026,19.2555,121.2604,27.9262,5.2811,1.1009
7,699.5977,0.7634,11.7538,0.00479,3.6226,187.8282,35.0949,4.7348,0.6003
8,250.0192,0.6825,21.7623,0.04572,11.0148,125.4394,23.9793,6.0527,1.6799
9,527.5929,0.5898,16.3005,0.02635,14.4558,148.1972,31.5464,6.5810,0.7961
10,356.1317,0.6642,11.2635,0.00132,0.3251,142.4842,23.9978,5.8765,1.1793
11,728.3327,0.2518,19.9176,0.01553,10.9855,193.9005,34.8641,7.6097,0.5767
12,892.1721,0.5982,12.2334,0.00695,6.3211,205.0000,36.0000,6.4096,0.4708
13,623.7661,0.3391,13.7214,0.00333,2.2125,183.8846,29.4259,7.5358,0.6733
14,369.7334,0.3934,13.3924,0.01869,6.8141,134.9321,25.2394,6.5847,1.1360
15,192.1714,0.7691,21.1313,0.06358,11.8171,96.1078,23.4014,4.4931,2.0000
16,312.4979,0.6442,20.9460,0.04902,15.1562,120.6683,25.6328,5.4632,1.3440
17,204.2012,0.7320,13.9633,0.02926,6.2258,112.6525,22.9819,5.8231,2.0000
18,374.0088,0.7282,9.4372,0.00647,2.2349,136.9464,28.0459,5.6908,1.1230
19,709.6993,0.5027,16.7007,0.00235,1.8283,204.1743,33.3125,6.7084,0.5918
20,302.5273,0.4359,19.8063,0.05756,17.5620,103.0048,23.8898,5.4575,1.3883
21,481.8720,0.3626,20.1362,0.00228,1.5801,178.1043,25.3570,6.2499,0.8716
22,595.6165,0.1979,17.9854,0.00049,0.0340,193.8356,27.4515,7.9480,0.7052
23,386.5299,0.4709,8.3261,0.00704,2.9265,134.8585,26.3634,5.6221,1.0866
24,900.7267,0.2886,18.3284,0.02148,19.1907,202.0060,36.0000,6.4647,0.4663
25,632.4822,0.5928,13.1256,0.03167,20.3119,175.6822,34.7172,5.8265,0.6641
26,458.9850,0.7919,11.5303,0.00396,1.3824,156.1731,28.1044,5.8076,0.9151
27,446.6096,0.7613,10.1167,0.01324,5.7116,141.6827,30.4888,4.4025,0.9404
28,876.9680,0.3192,9.6469,0.00210,1.5030,205.0000,36.0000,7.3996,0.4789
29,437.3418,0.1671,9.5799,0.00769,3.4443,144.0996,25.4568,8.4467,0.9603
30,577.0154,0.4912,12.4727,0.01891,10.6424,155.5790,32.2397,5.5371,0.7279
31,450.5184,0.1387,6.6290,0.00768,3.4039,139.6729,25.6253,7.0174,0.9323
32,253.2380,0.2491,12.7249,0.01611,4.1527,121.8447,20.5899,7.6568,1.6585
33,491.4641,0.6363,9.7262,0.00247,1.1960,157.4861,27.8340,4.9277,0.8546
34,911.6777,0.4265,13.0296,0.01549,14.0312,203.9552,36.0000,6.6792,0.4607
35,496.9153,0.7232,6.7921,0.00276,1.4298,151.3342,28.6928,5.5199,0.8452
36,531.0119,0.6767,17.6626,0.00561,2.7006,177.5681,32.3438,5.6590,0.7909
37,860.3017,0.2589,18.2363,0.01550,13.3827,204.7231,36.0000,7.2948,0.4882
38,427.4012,0.1631,17.0180,0.02101,8.8948,146.9813,25.1268,6.9150,0.9827
39,192.8051,0.7124,6.9548,0.01560,3.3626,101.8237,22.4835,5.1709,2.0000
40,534.5694,0.2265,10.0605,0.00800,4.0846,158.3322,28.8487,7.8336,0.7857
41,693.2345,0.2358,21.3285,0.00400,2.4691,205.0000,30.6832,7.4733,0.6059
42,910.9841,0.6561,15.0073,0.00868,7.7382,205.0000,36.0000,5.6235,0.4610
43,701.1545,0.2257,15.4776,0.00993,6.5379,189.8407,33.8400,7.9555,0.5990
44,262.3932,0.8061,16.1830,0.00750,2.1253,135.2860,25.3204,5.0571,1.6007
45,226.9401,0.0937,12.9702,0.04413,9.4817,106.7157,18.5579,8.3077,1.8507
46,454.9984,0.3300,21.7688,0.02009,9.2179,160.8617,27.2897,7.2469,0.9231
47,521.4686,0.3294,21.1650,0.01236,6.5929,175.2788,29.2796,6.2163,0.8054
48,267.0942,0.1096,10.8499,0.00410,1.2027,126.2881,16.8896,7.9222,1.5725
49,367.9634,0.6083,8.4098,0.02824,10.3260,124.4102,26.9049,5.7994,1.1414
50,208.1485,0.5122,12.1147,0.01656,3.2373,115.7527,21.3417,5.7794,2.0000
51,513.3260,0.6844,8.9248,0.01080,5.1879,150.2199,31.8747,5.6497,0.8182
52,548.6949,0.3230,9.6564,0.00234,1.1041,166.1192,27.0450,6.9613,0.7655
53,608.3301,0.7370,9.6764,0.00743,4.5795,167.4628,35.1462,4.5044,0.6904
54,805.6794,0.3125,20.7114,0.00059,1.2783,205.0000,34.6704,7.5102,0.5213
55,549.6452,0.2693,16.2790,0.01066,6.2765,169.4524,29.6435,6.8555,0.7641
56,758.8620,0.5379,9.5779,0.01620,12.1657,184.5224,36.0000,5.5454,0.5535
57,499.3600,0.5184,13.5700,0.00842,3.9824,160.9965,30.1281,5.9320,0.8411
58,934.5593,0.8348,10.1484,0.00846,6.9541,205.0000,36.0000,4.0937,0.4494
59,216.4374,0.7277,19.0148,0.03952,8.3624,120.9011,23.3149,4.5436,1.9405
60,203.4794,0.3387,9.4389,0.02656,5.1241,105.0145,19.8137,7.6989,2.0000
61,271.4534,0.3660,13.5435,0.01695,4.6686,125.2427,22.0716,6.0628,1.5472
62,545.4241,0.2267,12.3772,0.00050,0.5784,172.7709,26.1765,7.2681,0.7700
63,714.0212,0.5967,10.5481,0.00065,0.4021,194.4243,34.1944,6.3300,0.5882
64,464.0720,0.5101,9.3724,0.02164,10.3458,136.7523,29.0029,6.4782,0.9050
65,462.6992,0.1939,7.1404,0.00111,0.4752,149.0684,23.4322,8.3641,0.9077
66,751.3251,0.4983,15.2255,0.00715,5.4137,199.2848,36.0000,6.7034,0.5590
67,636.3616,0.6939,10.1577,0.00626,4.1043,173.7716,35.6421,6.0422,0.6600
68,511.4607,0.8286,12.6714,0.00264,1.2384,166.8716,29.9726,4.5953,0.8212
69,662.7281,0.8450,16.1655,0.00720,4.1668,190.8062,36.0000,5.3607,0.6337
70,828.4534,0.3360,18.8085,0.02799,22.8273,198.1092,36.0000,7.4765,0.5070
71,707.5723,0.6561,14.6818,0.00234,1.8558,199.3531,34.4761,6.3650,0.5936
72,592.7593,0.1692,19.4915,0.03086,18.5462,155.9935,30.1360,6.8896,0.7086
73,244.8812,0.3998,10.0354,0.03259,8.2810,105.5919,21.5447,6.3185,1.7151
74,836.3262,0.5975,9.0502,0.00977,8.0002,192.7589,36.0000,5.7956,0.5022
75,579.8032,0.3628,17.7845,0.00700,4.1986,181.8593,31.2964,6.7184,0.7244
76,316.2604,0.3291,8.6633,0.00420,1.3468,128.5354,20.1208,7.4028,1.3280
77,722.5737,0.6760,11.8469,0.01679,11.7128,173.6810,36.0000,4.7606,0.5813
78,367.8463,0.5408,9.8258,0.02548,8.6128,122.8455,26.3621,6.8554,1.1418
79,785.4602,0.6854,18.5866,0.02519,19.7394,185.3552,36.0000,5.6619,0.5347
80,674.5129,0.0669,18.4091,0.01425,9.5199,185.7331,31.7702,8.1400,0.6227
81,523.3113,0.1446,16.5493,0.02008,10.9783,155.7530,27.8565,7.9665,0.8026
82,659.2689,0.2761,19.8885,0.00571,3.2663,200.4592,32.9865,7.6975,0.6371
83,208.2591,0.0793,21.3306,0.02619,4.9626,132.2483,17.8823,8.7323,2.0000
84,811.2147,0.6600,15.2100,0.00792,6.6853,205.0000,36.0000,6.3121,0.5177
85,253.9440,0.4064,13.2550,0.05686,13.9265,92.9448,22.1778,5.9199,1.6539
86,595.8330,0.3081,15.1215,0.00464,3.4427,180.0684,28.3395,7.2370,0.7049
87,881.7397,0.0773,15.4799,0.01622,13.9817,200.5570,36.0000,8.0989,0.4763
88,444.8254,0.2051,9.4889,0.00918,4.3247,143.0849,25.9855,7.4758,0.9442
89,602.2339,0.2544,17.5038,0.01972,12.1700,167.0696,31.1020,7.0697,0.6974
90,927.2255,0.6707,20.5119,0.02363,21.3553,205.0000,36.0000,5.2482,0.4530
91,592.3999,0.2775,13.1466,0.01700,9.9321,160.9319,30.9919,7.8537,0.7090
92,548.3704,0.6426,12.3899,0.01357,7.2771,158.5038,32.5917,6.2001,0.7659
93,323.8650,0.5754,17.0154,0.00886,3.1078,144.1764,25.3194,5.1832,1.2968
94,749.3272,0.8516,17.8845,0.00034,0.2969,205.0000,36.0000,5.4770,0.5605
95,596.4423,0.7354,21.4073,0.00504,3.3805,194.1253,34.7764,5.9061,0.7042
96,452.6324,0.3108,8.2104,0.00145,1.1203,148.4930,24.0655,6.5582,0.9279
97,433.7129,0.2704,18.5389,0.01278,5.4920,158.7602,26.1745,7.9267,0.9684
98,860.2651,0.5770,7.3532,0.00161,1.3929,205.0000,36.0000,6.0735,0.4882
99,308.8305,0.4779,12.4842,0.01750,4.8456,128.1294,24.0882,6.6985,1.3600
100,658.1301,0.2981,9.9810,0.00492,3.2565,178.5134,30.1289,6.3479,0.6382
101,580.3677,0.6069,9.4598,0.00458,2.4881,167.3929,30.2665,5.0509,0.7237
102,643.8547,0.8315,10.0310,0.00121,1.3170,180.7490,33.9679,5.4303,0.6523
103,638.8205,0.8364,19.9598,0.00578,4.0750,195.7695,36.0000,5.1215,0.6575
104,948.1869,0.3937,20.2113,0.03177,30.0174,205.0000,36.0000,7.1633,0.4430
105,899.1300,0.2691,16.5936,0.02237,19.9233,205.0000,36.0000,7.1410,0.4671
106,191.2773,0.2450,17.6194,0.04344,8.9516,112.7607,18.6987,6.5708,2.0000
107,206.8692,0.1931,6.5452,0.03078,5.9533,97.3327,18.7506,6.8043,2.0000
108,473.7315,0.0686,18.0790,0.01205,5.8265,163.0154,25.7604,8.9039,0.8866
109,950.2711,0.0803,14.5687,0.01492,14.3133,205.0000,36.0000,8.2072,0.4420
110,337.0338,0.2631,10.1504,0.02503,8.1006,120.0647,23.2160,6.9457,1.2462
111,942.3766,0.6459,8.2562,0.00220,2.0613,205.0000,36.0000,5.5291,0.4457
112,933.8548,0.6296,20.7769,0.00859,7.9077,205.0000,36.0000,6.0549,0.4497
113,192.0719,0.1020,13.9841,0.06989,13.5071,70.4661,18.2257,6.3002,2.0000
114,596.6739,0.3777,8.2866,0.01118,6.5331,158.3588,31.9221,6.5194,0.7039
115,606.9467,0.8145,11.9246,0.00776,4.5394,172.2895,35.7248,5.5015,0.6920
116,619.6446,0.5691,11.3603,0.01367,8.8745,163.4156,34.1418,6.5841,0.6778
117,512.9744,0.2850,15.5683,0.02792,14.1960,144.9652,28.6690,6.4031,0.8188
118,665.9517,0.1853,18.2602,0.01645,10.7802,181.3488,32.4612,6.8216,0.6307
119,391.1683,0.4528,19.0052,0.01740,7.3333,149.3535,26.3574,7.0671,1.0737
120,710.7448,0.7849,15.9819,0.00532,4.0473,197.8677,36.0000,5.4601,0.5909
121,484.8111,0.5638,13.3556,0.00809,4.0296,158.2388,30.0547,5.3387,0.8663
122,508.3914,0.5642,20.5894,0.04696,23.7749,146.3446,30.8165,6.1477,0.8261
123,603.2702,0.6101,8.7517,0.01218,7.3864,158.4941,33.9785,5.1999,0.6962
124,607.2313,0.2036,19.0185,0.01334,7.5347,181.3490,30.8455,6.7450,0.6917
125,796.2318,0.1244,15.2499,0.00947,7.8050,200.8135,35.8826,7.0773,0.5275
126,529.7386,0.7428,20.9728,0.00127,0.0873,190.4089,29.8348,5.5499,0.7928
127,219.6437,0.1833,20.6551,0.02568,6.1318,129.8978,19.0561,8.1714,1.9122
128,512.5961,0.1812,11.4332,0.01614,8.5984,148.1259,27.8276,8.1576,0.8194
129,369.2346,0.1546,17.5693,0.05387,19.8061,116.6099,23.5444,7.2972,1.1375
130,587.7187,0.8449,13.9690,0.01278,7.5394,167.3029,35.3907,5.5188,0.7146
131,256.9143,0.6505,17.5818,0.02867,7.2866,126.1865,23.9118,5.4112,1.6348
132,363.9540,0.6949,11.8308,0.01254,5.0293,134.5566,27.4777,4.7754,1.1540
133,903.8224,0.0699,17.0229,0.01199,10.6460,205.0000,36.0000,8.6483,0.4647
134,895.2937,0.3187,11.1672,0.00661,5.7072,205.0000,36.0000,6.2615,0.4691
135,860.8773,0.2032,13.2054,0.00201,1.3717,205.0000,35.4521,7.3925,0.4879
136,691.0308,0.3688,14.4275,0.01750,11.6618,174.7390,34.6817,6.0509,0.6078
137,747.2324,0.5770,18.0219,0.01174,8.8445,197.2753,36.0000,6.1033,0.5621
138,800.5994,0.6350,18.0686,0.01544,12.0191,198.3988,36.0000,5.3828,0.5246
139,724.3256,0.6784,8.3458,0.00226,2.3325,186.8782,35.1573,5.6031,0.5798
140,862.8348,0.4876,6.9408,0.00053,0.3944,205.0000,36.0000,5.5523,0.4868
141,427.1420,0.6148,19.8443,0.03605,15.9713,137.5920,28.7328,6.1458,0.9833
142,861.4509,0.3835,17.1949,0.02734,23.2898,205.0000,36.0000,6.6780,0.4875
143,429.6189,0.6778,8.2186,0.00502,2.5674,141.8756,29.3106,5.7248,0.9776
144,420.9863,0.2477,18.1441,0.04318,17.8814,128.7258,25.6109,7.7728,0.9977
145,569.9448,0.2452,20.7483,0.01245,7.0635,180.5982,30.0603,7.3269,0.7369
146,530.6155,0.2880,13.0402,0.01128,6.4465,159.0985,29.2223,6.4632,0.7915
147,948.6813,0.3992,16.6487,0.01306,12.5635,205.0000,36.0000,7.4540,0.4427
148,900.6716,0.5339,18.5204,0.00193,1.5859,205.0000,36.0000,5.9204,0.4663
149,343.3432,0.2975,18.2788,0.01794,6.2190,143.0331,23.6799,6.3507,1.2233
150,915.5657,0.6898,17.1227,0.01366,12.2018,205.0000,36.0000,4.7027,0.4587
151,470.8899,0.2668,21.2897,0.00789,4.1988,173.2335,27.2613,6.9931,0.8919
152,600.4664,0.1052,12.2092,0.01765,10.5912,158.6294,29.8559,8.4186,0.6995
153,318.6783,0.5622,20.1029,0.01220,4.3184,147.5277,25.0583,5.9871,1.3179
154,551.1784,0.4152,10.3866,0.01306,6.6110,155.9830,30.8570,6.7763,0.7620
155,812.6085,0.3530,13.9218,0.00251,2.2231,205.0000,35.2023,7.4149,0.5169
156,493.1680,0.4806,20.0362,0.00093,0.7718,181.3570,26.6402,6.7996,0.8516
157,356.8890,0.7311,13.8343,0.03007,10.2442,126.4314,27.5554,6.1218,1.1768
158,445.7462,0.2958,8.6634,0.02306,10.2559,135.3655,26.7388,6.3576,0.9422
159,261.0654,0.3028,19.5815,0.05122,13.4855,111.4789,21.4162,6.1106,1.6088
160,601.0381,0.0883,18.0551,0.01066,6.3527,180.9011,29.7375,8.7720,0.6988
161,312.6677,0.3579,12.9615,0.06945,21.3615,106.4194,23.8793,6.6736,1.3433
162,747.4728,0.4006,8.9087,0.00660,5.5202,184.5755,36.0000,6.4304,0.5619
163,285.2776,0.2041,13.1245,0.00715,1.9666,132.3389,21.1910,8.0535,1.4723
164,890.0217,0.0909,10.8382,0.00508,4.3486,205.0000,36.0000,7.8865,0.4719
165,405.0734,0.7707,7.3675,0.00006,-0.1015,142.1929,26.3178,4.3631,1.0368
166,533.7736,0.0872,17.5297,0.00513,2.9638,177.1110,27.7104,8.7893,0.7869
167,901.0235,0.8130,12.4011,0.01151,10.3709,204.6201,36.0000,4.1856,0.4661
168,859.8381,0.6514,18.1400,0.00387,2.9631,205.0000,36.0000,5.9799,0.4885
169,690.4660,0.6614,12.9873,0.01328,9.0171,177.3044,36.0000,4.8219,0.6083
170,958.2013,0.4173,18.5721,0.00420,4.5274,205.0000,36.0000,5.8471,0.4383
171,384.2382,0.3862,14.3905,0.02960,11.4904,129.0159,25.6168,5.9780,1.0931
172,531.4611,0.5211,10.7841,0.00662,3.7253,160.2483,31.1129,6.5676,0.7903
173,581.1724,0.4774,18.9739,0.00884,4.8228,183.3082,32.2542,5.5950,0.7227
174,615.1072,0.6317,7.1546,0.01048,6.5253,158.6506,34.5072,4.9467,0.6828
175,375.9435,0.3126,18.1142,0.00590,2.1975,156.4081,24.7793,7.3236,1.1172
176,446.5469,0.6416,21.5228,0.01938,8.8885,159.7776,29.5294,5.4454,0.9406
177,195.4776,0.4314,14.8476,0.00118,-0.0241,127.0392,17.3156,6.9944,2.0000
178,409.4386,0.3376,13.8513,0.02244,9.5090,135.9687,25.9843,7.5603,1.0258
179,478.6162,0.5018,17.4672,0.02418,11.8506,149.1489,29.3731,5.9663,0.8775
180,778.3208,0.5184,13.4896,0.00055,0.9022,205.0000,35.4965,6.3637,0.5396
181,490.0265,0.1144,19.9966,0.05186,25.8824,144.7304,26.7941,8.2718,0.8571
182,238.5759,0.3590,21.2388,0.03885,8.8435,128.0559,21.0293,6.4474,1.7604
183,806.3830,0.7958,9.0269,0.00643,5.6770,193.3272,36.0000,5.8560,0.5208
184,832.0204,0.3115,18.9980,0.00025,0.3452,205.0000,35.4525,6.9636,0.5048
185,527.8459,0.5881,12.0092,0.01990,10.0011,148.5948,31.5402,6.2957,0.7957
186,686.9304,0.2883,19.2139,0.03027,20.6802,171.2654,33.9141,6.4531,0.6114
187,627.9644,0.7707,20.5944,0.02965,19.0960,162.4912,36.0000,5.5748,0.6688
188,527.4628,0.7372,14.0856,0.01350,6.9681,159.7779,32.7214,4.7579,0.7963
189,763.9995,0.6992,17.6549,0.02474,18.4649,181.3821,36.0000,6.1225,0.5497
190,320.6915,0.3408,10.6012,0.01364,3.8859,127.8774,23.3472,6.3745,1.3097
191,758.4672,0.1678,10.0503,0.00940,7.4682,184.4509,35.0968,6.8950,0.5537
192,432.0889,0.1608,20.0090,0.05845,25.9338,129.6697,25.5987,7.6190,0.9720
193,275.9107,0.2444,17.1222,0.00623,1.4633,140.8362,21.2325,8.1480,1.5222
194,257.9296,0.3489,10.2454,0.01466,3.3305,118.9021,21.5293,7.5433,1.6284
195,350.3688,0.7207,21.5867,0.05505,19.3403,112.6527,27.5375,4.4154,1.1987
196,236.6918,0.5459,21.0431,0.02149,4.2643,137.4171,22.4680,5.7571,1.7745
197,369.5248,0.8387,11.0799,0.02202,8.3894,126.3479,28.7955,4.2179,1.1366
198,709.0853,0.6992,13.2093,0.00558,3.8455,191.9632,36.0000,5.6160,0.5923
199,662.8770,0.5247,8.9268,0.00011,-0.5956,185.3809,32.0841,6.0098,0.6336
200,938.8754,0.1468,16.7357,0.00724,7.0099,205.0000,36.0000,8.3856,0.4473
201,264.9746,0.6961,18.4009,0.00825,1.8145,141.2364,24.5184,4.8594,1.5851
202,403.0259,0.7071,6.9393,0.02259,8.9912,129.9681,28.7473,5.4545,1.0421
203,867.2608,0.2872,14.0278,0.00804,6.4963,205.0000,36.0000,6.4260,0.4843
204,372.6579,0.6745,19.8443,0.01359,5.0371,153.4745,27.5758,6.1162,1.1270
205,572.8495,0.7507,18.8748,0.02132,12.6710,164.5759,34.1911,5.3000,0.7332
206,453.2677,0.3372,8.1178,0.00033,0.7738,149.1471,24.2959,7.5807,0.9266
207,858.4844,0.6532,11.8886,0.00324,2.7233,205.0000,36.0000,5.6457,0.4892
208,209.2126,0.3149,6.8699,0.02126,4.0409,102.6056,19.7958,6.6775,2.0000
209,539.5228,0.2063,8.6906,0.00893,4.9554,154.1457,28.8365,7.5106,0.7785
210,654.1537,0.5499,11.3480,0.01740,11.0066,163.8742,35.0242,6.8072,0.6421
211,554.4922,0.7929,12.6361,0.00022,-0.1668,176.3403,30.9783,5.5011,0.7574
212,799.1905,0.0906,6.8378,0.00429,3.5322,192.1509,32.7005,7.5786,0.5255
213,851.7024,0.8402,18.2634,0.01011,8.2331,205.0000,36.0000,5.0105,0.4931
214,474.6650,0.7495,7.6545,0.01460,6.5564,138.6156,31.2357,5.5630,0.8848
215,542.1269,0.4278,9.8841,0.00208,0.4569,167.0588,27.6862,6.1246,0.7747
216,277.0683,0.8222,10.3502,0.00219,1.3143,126.4390,22.8897,4.9696,1.5159
217,790.6265,0.1842,20.3786,0.03086,24.4577,192.5679,36.0000,8.1422,0.5312
218,889.8221,0.4728,16.1074,0.00073,0.2745,205.0000,36.0000,6.6923,0.4720
219,699.3821,0.3071,13.6443,0.00785,5.1111,188.6803,34.4386,7.8619,0.6005
220,286.0851,0.4204,16.8786,0.00266,0.3504,144.2748,19.9461,5.8342,1.4681
221,341.7400,0.6568,20.8530,0.00265,0.9074,160.1414,23.5067,4.8414,1.2290
222,692.4426,0.2017,19.1487,0.00694,4.8943,200.2260,33.3871,7.6017,0.6065
223,415.0079,0.3086,14.2760,0.00972,3.4859,150.9894,25.9187,7.4654,1.0120
224,245.8020,0.5883,21.9902,0.05434,12.9116,112.6907,23.3229,5.6080,1.7087
225,341.3334,0.3038,19.3226,0.03999,13.0188,130.0682,23.6707,6.5882,1.2305
226,533.8348,0.3239,21.3113,0.02190,11.8527,165.8841,29.6060,7.0749,0.7868
227,725.3614,0.0990,9.1644,0.00593,4.7398,183.5383,33.5527,7.1843,0.5790
228,240.3409,0.3617,17.8622,0.01960,4.7983,129.7917,21.1036,6.9283,1.7475
229,445.4566,0.6140,16.9972,0.01610,7.1454,153.4924,29.2761,6.2817,0.9429
230,411.9647,0.1581,16.0196,0.00959,3.1340,155.1430,24.6238,7.7727,1.0195
231,835.0058,0.8498,18.5674,0.04012,33.9876,205.0000,36.0000,5.5929,0.5030
232,695.2593,0.8415,6.7126,0.00051,0.4223,183.1276,35.5901,4.8309,0.6041
233,288.6212,0.1720,14.9426,0.02141,5.9940,127.9799,21.0348,8.4078,1.4552
234,245.8000,0.6188,18.8348,0.00944,2.3578,138.1193,23.3243,6.0856,1.7087
235,911.2450,0.7960,11.3116,0.00518,4.6436,205.0000,36.0000,5.6884,0.4609
236,370.5717,0.4314,15.6947,0.02503,9.2721,134.7156,25.5687,6.8204,1.1334
237,394.2099,0.7209,12.4355,0.05134,19.5804,133.6410,28.7585,4.3503,1.0654
238,312.7342,0.6355,7.2406,0.00627,1.5150,124.5066,25.4662,5.8851,1.3430
239,742.8624,0.8123,18.1538,0.02614,19.4798,179.3465,36.0000,4.9099,0.5654
240,203.4580,0.7578,15.5066,0.06103,12.1209,87.2562,23.5828,4.6022,2.0000
241,269.4568,0.8563,20.5659,0.05345,14.9076,109.5864,26.1537,4.8159,1.5587
242,311.5821,0.5682,19.3064,0.04169,13.4183,124.6911,24.8930,6.2720,1.3480
243,344.8629,0.4111,12.2773,0.02868,9.8211,122.1329,24.6345,7.3808,1.2179
244,905.4055,0.5379,21.9110,0.00945,7.9653,205.0000,36.0000,5.4807,0.4639
245,240.6444,0.7391,19.8774,0.04502,10.5621,121.5728,24.1326,5.4901,1.7453
246,326.1661,0.2782,7.4096,0.02813,9.4052,118.3154,23.0108,7.7346,1.2877
247,366.5821,0.2903,10.9652,0.03561,13.1445,124.7818,24.3196,7.7365,1.1457
248,206.6204,0.6290,19.2437,0.02457,5.4445,126.3513,22.2303,5.9554,2.0000
249,224.1585,0.5285,10.9031,0.00138,0.2535,122.0529,18.9525,6.2730,1.8737
250,530.0873,0.1177,9.8340,0.01641,8.7137,146.9778,27.8441,8.5376,0.7923
251,272.4380,0.1136,18.7850,0.02742,8.1342,129.2974,20.0821,7.8186,1.5416
252,743.9490,0.5311,19.3511,0.01025,7.5233,202.6134,36.0000,6.3802,0.5646
253,673.9406,0.6454,14.2813,0.00636,3.5999,189.5902,36.0000,4.8893,0.6232
254,479.1353,0.7061,19.3621,0.02513,11.9011,153.2844,31.0228,6.1106,0.8766
255,263.2925,0.3123,6.6603,0.03166,8.8346,109.2771,21.3974,7.3369,1.5952
256,489.3322,0.7503,9.1458,0.00326,1.8382,154.4767,28.6828,5.1490,0.8583
257,756.3386,0.5790,19.1880,0.03586,27.1157,195.8917,36.0000,6.2054,0.5553
258,305.7818,0.7402,6.8556,0.00725,2.3930,120.6850,26.0950,5.9660,1.3735
259,507.6520,0.1492,18.3226,0.01226,6.1873,167.8455,27.4231,7.5348,0.8273
260,373.3356,0.7285,16.5515,0.00422,1.2699,154.6197,25.0281,5.5459,1.1250
261,775.9858,0.8048,13.5028,0.00957,7.3881,194.8503,36.0000,4.5694,0.5412
262,369.8988,0.2751,11.4108,0.05075,18.7012,130.8935,24.4474,7.0393,1.1354
263,483.3520,0.5287,10.1016,0.01273,6.6529,145.0899,29.7298,5.3796,0.8689
264,690.1268,0.2631,20.0512,0.02062,14.2375,181.3091,33.8085,7.8321,0.6086
265,456.0169,0.0798,21.3452,0.01403,5.9402,167.2935,25.3193,8.1632,0.9210
266,259.7996,0.1464,17.4583,0.02093,4.9965,131.3858,19.9651,8.4340,1.6166
267,669.6670,0.4061,10.7065,0.01626,10.5731,165.7435,34.3390,6.5771,0.6272
268,237.7754,0.4597,12.3503,0.01911,4.9405,116.9679,21.8107,6.1774,1.7664
269,822.0867,0.8418,8.8197,0.00421,2.8437,201.4601,36.0000,5.1398,0.5109
270,830.8392,0.6498,18.4509,0.01596,13.1292,201.3336,36.0000,6.0149,0.5055
271,308.6925,0.1515,15.0657,0.00719,2.5648,138.8059,21.4727,7.8936,1.3606
272,192.6562,0.5724,6.5505,0.00315,0.7285,106.7067,18.3592,6.0259,2.0000
273,299.6752,0.1940,6.8165,0.01840,5.6525,112.5119,21.5426,6.8691,1.4015
274,893.9140,0.1123,15.9808,0.01140,9.8082,205.0000,36.0000,8.2039,0.4698
275,586.6977,0.4372,14.0475,0.01852,10.8038,160.1407,32.0989,7.0584,0.7159
276,268.9397,0.2500,18.2813,0.02662,7.4343,129.2044,21.0685,7.4824,1.5617
277,913.8009,0.6290,10.6305,0.00559,4.8935,205.0000,36.0000,5.5778,0.4596
278,891.7809,0.3910,12.6749,0.00454,3.5774,205.0000,36.0000,7.3072,0.4710
279,681.6448,0.0818,12.4360,0.00753,5.3067,182.9311,32.1037,7.5715,0.6162
280,556.0546,0.1644,21.3550,0.01553,8.1401,177.4809,28.9971,8.2477,0.7553
281,565.5332,0.5957,11.8262,0.01745,10.4375,152.8852,32.7317,6.0672,0.7427
282,220.5303,0.8568,21.7741,0.01262,2.0487,141.4754,24.4702,5.1738,1.9045
283,435.8217,0.1925,16.2950,0.00085,-0.0949,166.4311,22.6148,6.7914,0.9637
284,416.3612,0.5901,7.0316,0.01497,6.6575,128.2772,28.2114,5.1217,1.0087
285,321.5406,0.5314,13.9165,0.00620,2.0365,139.3671,24.8971,6.2423,1.3062
286,413.6535,0.8374,21.3822,0.03706,15.0644,140.9473,30.1091,4.2442,1.0153
287,222.9675,0.4947,13.2913,0.06417,13.8115,80.7986,22.1454,6.4030,1.8837
288,215.1400,0.1255,21.6938,0.05502,12.1851,108.3730,18.7190,6.7221,1.9522
289,680.9609,0.1561,14.8119,0.02100,13.7517,169.4765,32.6778,7.2048,0.6168
290,593.5528,0.8559,18.5385,0.05071,29.7370,173.0696,35.8025,3.8051,0.7076
291,776.7726,0.3433,12.0377,0.02121,16.2946,190.8812,36.0000,6.4417,0.5407
292,745.4184,0.8015,14.5593,0.00785,5.9942,195.6560,36.0000,4.4015,0.5634
293,441.1613,0.1414,16.4590,0.01103,5.0882,156.1900,25.3661,8.1222,0.9520
294,245.4279,0.4538,12.6421,0.04732,11.8504,101.2820,22.0537,7.0251,1.7113
295,795.3500,0.1131,7.4701,0.00413,3.2469,193.5936,32.7651,8.4314,0.5281
296,658.4675,0.0876,12.7717,0.00705,4.2791,182.4538,31.4548,7.4147,0.6378
297,742.2446,0.8493,16.4633,0.03577,26.6656,198.7819,36.0000,5.5979,0.5659
298,622.0193,0.2538,14.4212,0.00014,0.3470,189.2660,28.6906,7.3746,0.6752
299,476.3719,0.2590,15.2672,0.00025,0.4687,169.0125,24.3633,7.6054,0.8817
300,420.6310,0.5261,7.3122,0.00972,4.2409,134.8516,27.8273,5.3906,0.9985
301,815.9210,0.3298,20.3293,0.00359,2.8487,205.0000,35.1159,7.7002,0.5148
302,623.9695,0.0694,19.3751,0.00634,4.0646,192.2786,30.2739,8.2320,0.6731
303,377.8806,0.7486,20.5846,0.00846,3.2226,159.8784,28.3252,4.4559,1.1115
304,760.6577,0.8302,9.7802,0.00803,6.5926,186.1113,36.0000,4.1130,0.5522
305,516.6085,0.3142,9.5964,0.01347,7.0918,148.0013,29.0120,7.3147,0.8130
306,310.1215,0.3044,10.2614,0.02716,8.2349,115.9765,22.7391,6.9560,1.3543
307,579.1953,0.1969,20.1278,0.03227,18.6796,155.0653,29.9510,6.7751,0.7251
308,713.1815,0.4500,17.5589,0.03443,24.4081,187.0455,35.9954,5.7100,0.5889
309,936.0065,0.7320,12.6052,0.00562,4.7840,205.0000,36.0000,5.4034,0.4487
310,524.3571,0.7831,19.9854,0.03968,20.2604,144.2585,32.9952,4.3111,0.8010
311,621.4810,0.0649,14.1413,0.00071,0.3199,188.6293,27.1637,7.3274,0.6758
312,228.1288,0.6805,13.0623,0.03086,6.7448,113.1178,23.2879,4.7695,1.8411
313,911.2793,0.3421,21.0990,0.01636,14.9030,205.0000,36.0000,6.6789,0.4609
314,480.9060,0.1454,14.2591,0.00804,4.3046,159.0358,26.5906,8.3323,0.8734
315,313.7875,0.8128,13.2343,0.00452,1.3505,138.2125,23.9162,5.5424,1.3385
316,905.2413,0.8436,11.8348,0.01172,10.8614,202.9278,36.0000,4.0567,0.4640
317,630.4421,0.7545,17.3323,0.00906,5.9438,184.6210,35.9491,5.1890,0.6662
318,829.9063,0.7866,9.0331,0.01080,8.8094,189.9781,36.0000,4.5230,0.5061
319,246.6836,0.2989,15.5059,0.00421,0.6159,134.7605,17.7917,7.3448,1.7026
320,334.1180,0.4611,15.0976,0.03197,11.3206,123.4270,24.7126,7.0727,1.2570
321,892.6058,0.7987,16.9760,0.00540,4.9271,205.0000,36.0000,4.9913,0.4705
322,608.9407,0.2515,7.4220,0.00167,1.2276,169.9689,28.2806,7.5120,0.6897
323,889.7924,0.2383,13.5499,0.00684,6.3943,205.0000,36.0000,7.8918,0.4720
324,671.5669,0.6568,12.3970,0.01248,8.7148,173.8357,36.0000,6.3704,0.6254
325,854.5576,0.2234,11.0092,0.00066,0.8658,205.0000,35.4239,6.6617,0.4915
326,454.6323,0.5758,17.9082,0.01732,7.8792,155.2586,29.2455,6.3214,0.9238
327,397.3444,0.2573,19.4860,0.02873,11.2997,142.6114,24.9787,7.3868,1.0570
328,547.1600,0.7184,8.6629,0.00341,2.0748,161.5679,30.1619,4.5842,0.7676
329,804.6817,0.1542,10.9327,0.00303,2.2480,204.8086,33.3744,7.5460,0.5219
330,244.7746,0.5192,15.5246,0.02142,5.2307,124.3627,22.4969,6.4068,1.7159
331,609.0349,0.5498,10.3220,0.00416,2.7932,172.9187,30.6694,6.2742,0.6896
332,829.3566,0.6058,20.4360,0.01888,15.4204,200.4380,36.0000,6.4795,0.5064
333,558.0243,0.8369,7.6450,0.00090,0.8358,163.6839,31.4358,5.1751,0.7527
334,726.6729,0.4584,20.0175,0.02507,18.3820,177.5992,36.0000,6.1847,0.5780
335,857.2319,0.5946,14.7325,0.00276,2.1379,205.0000,36.0000,5.7123,0.4899
336,265.7305,0.8175,18.6150,0.05282,14.3996,106.4687,25.7155,5.3720,1.5805
337,913.6981,0.0898,12.0904,0.01099,10.5857,205.0000,36.0000,7.2916,0.4597
338,476.0805,0.6748,9.0666,0.00267,1.3724,153.3393,27.6805,5.0193,0.8822
339,682.9542,0.7849,14.7319,0.00872,5.8471,186.9896,36.0000,4.8021,0.6150
340,797.0953,0.8303,20.7175,0.03789,29.6517,204.2194,36.0000,5.4642,0.5269
341,346.3885,0.5380,14.3265,0.02590,8.9007,128.8951,25.6960,6.3731,1.2125
342,900.3836,0.1874,14.3032,0.00094,0.6345,205.0000,36.0000,7.3184,0.4665
343,590.7395,0.6311,18.5696,0.01065,6.6035,179.9363,33.7712,5.5059,0.7110
344,396.6944,0.4719,16.6113,0.04254,17.0572,125.4852,26.6760,6.7855,1.0587
345,482.7366,0.7723,12.6169,0.00611,2.9087,158.7686,31.6606,5.0012,0.8700
346,797.7362,0.6238,21.5549,0.00841,6.6703,205.0000,36.0000,5.4719,0.5265
347,876.3604,0.1768,14.9293,0.00827,7.0563,205.0000,36.0000,7.7527,0.4793
348,513.3816,0.5443,8.7594,0.00579,3.3877,153.8250,30.7556,6.3575,0.8181
349,533.0291,0.8084,8.7678,0.00756,4.3184,154.7431,33.4577,5.6477,0.7879
350,449.2717,0.3832,9.9110,0.02115,9.7031,132.8480,27.5441,7.5510,0.9348
351,846.2172,0.2741,13.4774,0.01593,13.4123,192.0758,36.0000,6.4487,0.4963
352,400.9128,0.1418,12.4326,0.02099,8.4905,133.8095,24.1618,7.0044,1.0476
353,520.9626,0.7237,14.5859,0.01224,6.7866,160.3030,32.4186,5.8501,0.8062
354,485.8262,0.4486,8.3105,0.00480,2.5668,150.5100,26.1638,6.3198,0.8645
355,878.0027,0.4614,12.0008,0.00922,8.1498,205.0000,36.0000,6.7885,0.4784
356,699.7091,0.3206,21.3399,0.03937,27.7094,183.9693,34.5559,6.2535,0.6002
357,842.6973,0.4642,19.4915,0.01549,12.7669,205.0000,36.0000,6.7929,0.4984
358,432.3535,0.3358,16.8951,0.04057,17.0329,130.1562,26.6570,7.2496,0.9714
359,662.2472,0.4244,6.5839,0.00408,1.9456,174.5412,31.2627,7.1980,0.6342
360,324.8822,0.2508,6.6118,0.01294,4.2733,118.8771,22.7526,7.0464,1.2928
361,751.9811,0.5113,13.1531,0.00049,0.0636,205.0000,34.6495,6.8161,0.5585
362,798.3206,0.2998,6.6161,0.00062,0.3052,198.6321,34.3477,6.3410,0.5261
363,635.8337,0.6240,8.8409,0.01140,7.2261,163.9275,35.0666,6.5639,0.6606
364,679.9550,0.3356,19.0874,0.00577,4.0956,199.9753,34.0835,6.2456,0.6177
365,453.8439,0.3674,14.0275,0.02968,13.3789,134.5037,27.5542,6.7461,0.9254
366,812.7348,0.6302,21.6269,0.00731,5.7060,205.0000,36.0000,4.9760,0.5168
367,208.9658,0.4000,13.2723,0.06669,13.6142,75.8384,21.0330,5.7724,2.0000
368,892.3811,0.1936,14.3221,0.01273,10.8018,205.0000,36.0000,6.7868,0.4707
369,468.6576,0.1288,12.3545,0.02615,12.2625,135.5010,26.0905,8.1158,0.8962
370,239.2181,0.6222,10.9635,0.00565,1.1593,122.4519,23.1542,6.0112,1.7557
371,396.9010,0.8035,16.5615,0.04207,17.0914,125.7009,29.3350,4.3145,1.0582
372,233.8275,0.7071,8.9122,0.00353,0.3464,118.9188,20.6714,5.9141,1.7962
373,836.7393,0.1843,6.5052,0.00330,3.1195,197.9595,34.5767,7.9222,0.5019
374,685.9396,0.5601,7.5776,0.00013,0.2294,184.0569,33.0588,6.3259,0.6123
375,389.3180,0.8051,13.6314,0.02452,9.6006,132.2655,29.1200,5.6865,1.0788
376,933.6887,0.2228,9.2578,0.00548,5.5955,205.0000,36.0000,6.6641,0.4498
377,210.4883,0.1368,18.5478,0.02389,4.7757,126.8720,18.4090,7.1486,1.9954
378,693.7289,0.8178,8.5082,0.00566,4.1612,178.6228,36.0000,5.5071,0.6054
379,719.0215,0.8373,9.4409,0.01711,12.4222,179.4121,36.0000,5.4773,0.5841
380,283.7533,0.5869,14.9116,0.02237,6.1147,126.9161,24.2077,5.7818,1.4802
381,334.3389,0.1285,11.0315,0.00188,0.3024,138.7547,19.0579,7.9024,1.2562
382,256.4725,0.3688,9.9828,0.04337,11.7708,107.4046,21.6448,6.3054,1.6376
383,665.6756,0.7879,16.6906,0.00288,2.1960,196.7393,34.2736,4.9588,0.6309
384,849.8737,0.5010,12.4908,0.00801,6.8773,204.8308,36.0000,5.6008,0.4942
385,226.6484,0.2984,17.3941,0.01480,3.1083,130.4260,20.1865,6.9979,1.8531
386,410.4605,0.7559,16.6573,0.02892,11.4600,138.0031,29.3612,5.9856,1.0232
387,701.0450,0.2646,9.4670,0.01190,8.2946,172.7359,34.1481,7.8802,0.5991
388,191.0624,0.6084,13.3647,0.04230,7.6834,106.1583,21.5991,5.0447,2.0000
389,353.6941,0.7382,11.6772,0.01199,4.6146,133.5919,27.5166,4.4995,1.1875
390,900.0955,0.1998,20.7672,0.02357,20.7586,200.0331,36.0000,6.7607,0.4666
391,744.8476,0.4804,7.8831,0.00270,1.3999,190.9901,34.1883,5.9757,0.5639
392,778.4713,0.3146,10.8849,0.00672,5.0532,194.6003,36.0000,7.6644,0.5395
393,705.5513,0.8506,16.8597,0.01515,10.4530,184.9274,36.0000,5.0851,0.5953
394,767.7362,0.1305,14.2348,0.00135,1.3339,205.0000,32.0763,7.5858,0.5471
395,942.5666,0.1589,7.2188,0.00191,1.4342,205.0000,36.0000,8.3515,0.4456
396,739.8097,0.5921,8.3394,0.00967,6.9132,179.1090,36.0000,5.1433,0.5677
397,456.3889,0.1933,20.5428,0.03129,14.4400,146.8847,26.2383,6.9218,0.9203
398,499.8504,0.6794,20.4259,0.02865,14.9805,151.9575,31.4304,4.7467,0.8403
399,687.5862,0.2064,12.5767,0.00717,5.2044,184.3569,33.2791,7.2846,0.6108
400,874.4286,0.7654,14.0491,0.00957,8.5322,205.0000,36.0000,4.3855,0.4803
401,503.9803,0.1868,15.3210,0.01266,6.7319,159.4929,27.6142,7.8565,0.8334
402,524.9507,0.3113,17.8199,0.02684,14.4168,151.2295,29.2389,7.4438,0.8001
403,590.8100,0.0772,16.2612,0.00853,5.0410,178.3060,29.3420,8.4845,0.7109
404,467.0950,0.2953,14.6194,0.00821,3.4478,159.6418,27.3755,7.5304,0.8992
405,811.3797,0.0914,9.2883,0.00178,1.1862,204.5316,33.0728,8.2573,0.5176
406,885.8556,0.3387,8.8545,0.00598,5.4516,205.0000,36.0000,6.1775,0.4741
407,769.6473,0.1044,16.6438,0.01927,14.8584,184.3751,34.9247,7.1615,0.5457
408,358.0777,0.4937,7.3540,0.00190,0.5187,133.7494,22.6921,6.2300,1.1729
409,428.8370,0.7028,8.0398,0.03358,14.7961,144.1894,29.4876,5.0794,0.9794
410,783.1939,0.8536,8.6136,0.01196,9.1848,183.7356,36.0000,4.8132,0.5363
411,866.1941,0.5450,14.0515,0.00216,1.8156,205.0000,36.0000,6.3472,0.4849
412,856.7358,0.1111,15.7778,0.01584,13.0548,199.5010,36.0000,7.4692,0.4902
413,472.4438,0.3348,15.3953,0.00470,2.3044,164.6665,24.8518,7.7019,0.8890
414,837.1581,0.2059,11.1927,0.01398,11.5304,191.3165,36.0000,7.5318,0.5017
415,387.5484,0.2129,13.8093,0.00634,2.3906,148.2534,24.3297,7.9945,1.0837
416,857.9024,0.1022,14.8095,0.00045,-0.0199,205.0000,34.5544,8.4058,0.4896
417,804.2219,0.2226,16.2454,0.00033,-0.2763,205.0000,33.9072,7.8903,0.5222
418,232.5413,0.2529,19.9322,0.00118,0.0423,143.6390,16.9998,7.8350,1.8061
419,771.3834,0.1104,16.2983,0.00289,1.9066,205.0000,32.0244,8.4797,0.5445
420,659.6182,0.8060,14.9865,0.01102,7.6847,180.0067,36.0000,5.2519,0.6367
421,758.5228,0.5410,20.6901,0.02484,18.6477,183.2715,36.0000,6.3472,0.5537
422,250.5779,0.7783,21.3849,0.01624,3.5714,141.7762,24.7439,5.9080,1.6761
423,423.5493,0.5633,9.4866,0.00894,3.9598,140.6913,28.2126,5.9688,0.9916
424,590.5768,0.0853,15.4494,0.00530,3.2231,180.4843,29.4000,8.8259,0.7112
425,769.2151,0.4998,12.8689,0.01702,12.4906,181.2144,36.0000,7.0536,0.5460
426,318.0502,0.4303,19.3137,0.00736,2.0947,150.5893,23.9840,6.7617,1.3205
427,873.1521,0.5344,18.6920,0.01858,16.5951,200.5861,36.0000,5.8706,0.4810
428,463.5707,0.7199,13.6567,0.01736,7.5259,148.0233,30.6666,6.1758,0.9060
429,689.8820,0.5135,10.2911,0.00927,6.3013,177.2598,35.8041,7.0015,0.6088
430,843.0452,0.4602,11.5756,0.02336,19.5126,205.0000,36.0000,6.5704,0.4982
431,512.9976,0.0840,13.2176,0.00406,2.1821,166.2276,24.0620,8.2994,0.8187
432,435.2527,0.5999,18.7398,0.03052,13.0298,142.8501,28.8564,5.5272,0.9650
433,878.2208,0.0677,10.5267,0.00184,1.1462,205.0000,34.8880,7.3158,0.4782
434,810.0736,0.4697,16.0782,0.00089,0.0901,205.0000,36.0000,5.6273,0.5185
435,496.2238,0.0722,16.4370,0.04187,20.7060,148.8252,26.4647,7.2966,0.8464
436,420.1943,0.7563,21.8883,0.04089,16.5868,139.6924,29.6564,5.4768,0.9995
437,340.5550,0.7648,10.1548,0.00647,2.2048,133.5734,27.3352,4.9033,1.2333
438,300.3477,0.6413,19.2546,0.05919,17.1538,100.7657,25.5097,4.7913,1.3984
439,431.0306,0.1016,10.0022,0.01876,7.6757,134.7731,24.7433,8.2281,0.9744
440,377.0299,0.5664,10.7282,0.01262,4.6850,134.8496,26.8420,6.4719,1.1140
441,742.5289,0.7931,12.1495,0.01082,7.9670,185.5807,36.0000,5.1839,0.5656
442,776.0306,0.6196,18.3995,0.01725,13.3849,192.4368,36.0000,5.0024,0.5412
443,904.8743,0.1574,12.3643,0.00172,1.2906,205.0000,36.0000,7.4208,0.4642
444,604.4075,0.7332,10.2643,0.00679,4.5876,168.1499,34.9976,5.4111,0.6949
445,208.4255,0.2261,20.8947,0.05937,12.3155,101.0576,19.4352,6.7621,2.0000
446,940.4914,0.5251,13.5071,0.00476,4.6341,205.0000,36.0000,6.3040,0.4466
447,438.8179,0.1676,11.3216,0.02872,12.0551,132.4364,25.5054,7.3987,0.9571
448,947.5674,0.1927,14.7066,0.00825,7.8851,205.0000,36.0000,7.5833,0.4432
449,253.1521,0.2024,19.6820,0.01110,3.2181,139.1935,20.2136,8.0698,1.6591
450,742.4710,0.5309,10.4110,0.00721,5.3299,187.5492,36.0000,5.3704,0.5657
451,497.3330,0.7078,8.7344,0.01900,9.8989,142.1619,31.5825,4.6272,0.8445
452,245.2475,0.3363,11.7833,0.03805,9.0622,107.7734,21.0480,7.2992,1.7126
453,310.7880,0.7739,20.9917,0.05118,15.8078,116.9624,26.6753,4.3266,1.3514
454,539.1014,0.4597,15.6428,0.00919,5.2011,168.8370,30.8507,5.6692,0.7791
455,225.8118,0.5664,9.1813,0.01314,2.8270,112.8511,22.3059,6.1498,1.8600
456,681.6519,0.6845,12.7144,0.01159,6.9970,179.8262,36.0000,4.7250,0.6162
457,624.8017,0.1006,6.7687,0.01268,8.2271,161.9288,30.5488,7.2933,0.6722
458,511.9341,0.2936,14.6912,0.01705,8.5775,155.2403,28.7068,7.5950,0.8204
459,695.7994,0.7790,12.4859,0.01590,10.9134,172.8295,36.0000,5.8531,0.6036
460,858.7133,0.3776,19.0532,0.00358,3.4042,205.0000,36.0000,6.9549,0.4891
461,718.1181,0.2478,6.8876,0.00961,7.2490,173.5128,34.5258,6.5593,0.5849
462,505.2041,0.2127,9.2716,0.01718,8.5588,142.3488,27.8577,8.0768,0.8313
463,821.1864,0.1180,16.3586,0.00306,2.8131,205.0000,33.5794,7.1045,0.5115
464,898.0123,0.7073,18.3188,0.01905,17.1295,202.3183,36.0000,4.6294,0.4677
465,673.1281,0.2735,6.8052,0.00270,1.7163,177.1648,30.3817,7.9759,0.6240
466,549.7779,0.2007,21.7456,0.02548,14.1154,164.2531,29.0991,6.7569,0.7639
467,396.4711,0.4457,10.8713,0.00212,0.6504,146.9565,23.4595,6.3886,1.0593
468,326.5915,0.1561,15.4959,0.00306,1.2678,145.2904,19.0463,6.9445,1.2860
469,490.9287,0.6780,9.3203,0.01286,6.2139,145.4735,31.1516,6.3087,0.8555
470,265.5394,0.0689,21.7993,0.00306,1.1289,150.3057,16.5171,8.4739,1.5817
471,349.2579,0.6460,9.7334,0.03856,13.7174,126.1536,26.6459,5.9196,1.2025
472,909.7617,0.2262,10.4979,0.00640,5.7677,205.0000,36.0000,7.6697,0.4617
473,331.2528,0.4882,9.4136,0.01496,4.6666,125.1312,24.8432,6.6994,1.2679
474,291.8956,0.1871,18.7300,0.02515,7.1622,134.2336,21.2539,8.2648,1.4389
475,831.8079,0.2496,9.7799,0.00150,1.5727,205.0000,34.9510,6.6539,0.5049
476,614.9432,0.3773,17.9121,0.01915,10.9637,172.5279,32.4664,7.3590,0.6830
477,421.1625,0.3421,12.6077,0.00815,3.4352,148.3537,26.3720,6.9426,0.9972
478,405.9644,0.4565,16.7046,0.01028,4.3404,153.0958,26.8307,5.6828,1.0346
479,440.8251,0.1656,19.8224,0.01007,4.4275,164.9925,25.5496,8.1662,0.9528
480,734.9798,0.5437,21.8869,0.01533,11.3369,198.4569,36.0000,6.5474,0.5714
481,546.1494,0.1795,20.0932,0.01954,11.2507,166.3759,28.8205,7.6273,0.7690
482,639.3064,0.7879,7.8935,0.00344,2.4091,172.9616,33.4820,4.2910,0.6570
483,756.9021,0.5958,17.8669,0.01049,7.5236,201.2905,36.0000,5.0975,0.5549
484,693.4417,0.5180,11.2578,0.00968,5.8782,180.8513,35.9472,6.4304,0.6057
485,317.2628,0.3861,9.9049,0.00443,1.4788,131.1269,20.6064,6.5822,1.3238
486,324.4876,0.2847,8.9643,0.00666,2.6627,127.5366,23.0119,7.0965,1.2943
487,429.7238,0.1345,6.7249,0.01593,7.3689,130.8754,24.9678,8.0064,0.9774
488,420.9737,0.5582,14.5627,0.01361,6.1546,146.6439,28.0946,6.7731,0.9977
489,641.4418,0.5452,16.7577,0.00801,5.9908,184.9034,34.6052,6.1451,0.6548
490,795.7528,0.1238,11.6515,0.00697,5.9612,196.8815,35.8632,7.7785,0.5278
491,218.3908,0.7949,16.8661,0.01332,3.0732,128.1030,23.9111,5.4437,1.9232
492,568.7028,0.3949,7.8224,0.00363,2.2517,162.5609,28.2199,5.9416,0.7385
493,232.8455,0.5914,6.7481,0.03615,8.7873,104.4131,22.7169,5.6603,1.8038
494,606.1144,0.1332,8.4374,0.00738,5.3055,162.8073,30.2488,8.2963,0.6929
495,734.7870,0.3363,10.6927,0.01851,13.5499,181.5040,35.7337,7.7611,0.5716
496,865.7683,0.6795,9.8289,0.00752,6.1511,202.9565,36.0000,4.9228,0.4851
497,743.6629,0.0766,14.6873,0.02152,15.8364,179.0774,33.9229,8.5758,0.5648
498,313.0433,0.6826,6.9177,0.00836,2.3277,122.0547,25.8524,6.2310,1.3417
499,246.0414,0.1118,14.4642,0.03523,8.7872,114.3957,19.2756,8.2231,1.7070
500,400.2885,0.4821,10.1196,0.02679,10.7330,126.3928,26.8655,6.1366,1.0492
501,271.1967,0.0616,9.7643,0.05963,15.8306,104.6838,20.0091,6.8965,1.5487
502,552.4966,0.4232,12.2751,0.01152,6.6801,160.1836,30.9605,5.8226,0.7602
503,231.2613,0.1513,20.9139,0.01711,4.2433,136.3645,19.1481,6.9646,1.8161
504,921.3544,0.1176,15.6948,0.01661,15.6393,203.3253,36.0000,7.3477,0.4559
505,587.1475,0.5421,13.0414,0.01263,7.7897,164.6258,32.9514,5.3231,0.7153
506,337.2396,0.5138,16.5573,0.01042,3.3928,144.5479,25.2276,6.4444,1.2454
507,221.2420,0.5950,8.6439,0.00083,-0.1020,117.4274,19.3974,6.6727,1.8984
508,435.3965,0.4523,9.5807,0.00361,1.7940,147.4403,24.6806,6.1601,0.9646
509,836.5606,0.7641,7.3850,0.00087,0.6808,205.0000,36.0000,5.9190,0.5021
510,423.3482,0.3858,14.3429,0.02468,10.3622,137.2598,26.7872,7.2620,0.9921
511,319.4377,0.0980,7.0330,0.00929,3.1558,121.4455,21.3668,7.9448,1.3148
512,404.0155,0.2392,18.7165,0.02387,10.1487,144.4516,25.0341,7.9700,1.0396
513,329.7121,0.0795,18.9663,0.05776,19.3558,102.8101,21.8589,7.7261,1.2738
514,542.4239,0.1913,15.9443,0.01039,5.2429,169.9066,28.8030,7.9608,0.7743
515,550.3856,0.1350,21.7386,0.00886,4.5395,185.3958,28.5914,7.0331,0.7631
516,465.6796,0.1925,15.0079,0.03611,16.7616,138.7100,26.5107,8.1759,0.9019
517,866.7910,0.7180,8.9025,0.00485,3.7624,205.0000,36.0000,5.6169,0.4845
518,530.6481,0.4915,16.4819,0.02749,14.6929,148.5331,30.8514,5.6333,0.7915
519,417.3218,0.1432,10.7608,0.00727,2.8179,145.0727,24.6649,7.6431,1.0064
520,261.1759,0.8392,20.2474,0.02814,6.9286,133.4777,25.5492,4.7720,1.6081
521,200.3749,0.5224,7.3055,0.01779,2.9234,104.6968,21.1901,5.7058,2.0000
522,902.4688,0.5104,8.2961,0.00256,2.4437,205.0000,36.0000,5.4797,0.4654
523,481.7286,0.5296,13.9258,0.03320,15.8129,141.4108,29.6887,6.4036,0.8719
524,759.7353,0.1787,7.8264,0.01429,11.3188,186.6435,35.2220,7.3932,0.5528
525,438.2179,0.6487,20.8747,0.01659,6.7035,161.9092,29.3362,5.6839,0.9584
526,819.2344,0.7738,10.4465,0.00526,4.0051,202.0562,36.0000,4.8635,0.5127
527,633.2885,0.2503,14.3309,0.00006,-0.2200,192.0051,29.0014,7.0301,0.6632
528,344.4759,0.1603,17.6057,0.05598,19.3680,109.7921,22.9018,7.6114,1.2192
529,288.1101,0.0768,19.0171,0.02944,9.5991,128.9362,20.2575,8.6310,1.4578
530,281.5724,0.7381,9.8683,0.04574,13.0909,113.6000,25.3715,5.0384,1.4916
531,955.1083,0.5736,21.6756,0.02192,21.2023,205.0000,36.0000,5.1960,0.4397
532,492.9975,0.2087,17.7685,0.01296,6.6030,163.5137,27.4594,7.2451,0.8519
533,803.5736,0.0644,20.9639,0.00522,3.8323,205.0000,35.6221,7.4242,0.5227
534,277.6649,0.2610,14.7499,0.00309,1.1016,136.6762,18.4179,6.6446,1.5126
535,794.6537,0.6312,19.2131,0.00615,4.9874,205.0000,36.0000,6.2787,0.5285
536,870.8932,0.2795,12.5003,0.00478,4.3820,205.0000,36.0000,7.3663,0.4823
537,233.3493,0.7437,8.5435,0.04672,10.7679,103.2116,23.9944,4.4165,1.7999
538,600.6925,0.4993,11.7520,0.01883,11.6336,155.3642,33.0154,5.5028,0.6992
539,418.8908,0.0776,12.4667,0.00885,3.8714,146.7433,24.1874,7.4613,1.0026
540,651.4975,0.1289,21.0383,0.01823,11.6496,183.3797,31.5765,7.4790,0.6447
541,461.7361,0.5807,9.5176,0.01754,7.9855,137.6310,29.4980,5.1609,0.9096
542,848.4117,0.2283,12.0777,0.02070,17.0140,203.1216,36.0000,7.0850,0.4950
543,714.3468,0.4342,21.7049,0.01145,8.3930,201.4382,35.9037,6.7814,0.5879
544,260.6735,0.5196,7.8326,0.04699,11.9565,111.2212,23.0285,5.7228,1.6112
545,608.8343,0.5715,17.7424,0.02297,14.1782,164.1665,33.8368,6.7934,0.6898
546,816.0826,0.6270,16.6528,0.01151,9.4448,203.2700,36.0000,5.6453,0.5147
547,663.3131,0.1116,18.7033,0.01669,11.1380,181.1407,31.7924,8.0506,0.6332
548,713.7004,0.1623,14.4468,0.01133,7.8970,186.4645,33.7093,6.9184,0.5885
549,575.0378,0.7129,9.6060,0.00708,4.1362,163.2892,33.9542,6.0785,0.7304
550,891.1558,0.7242,20.5300,0.01797,16.3591,205.0000,36.0000,5.8374,0.4713
551,840.5706,0.4247,17.7012,0.00743,6.3930,205.0000,36.0000,6.9998,0.4997
552,557.5779,0.7012,11.9490,0.01317,7.1162,159.2686,33.3373,6.2452,0.7533
553,543.9085,0.3229,14.6907,0.00123,0.8809,176.9679,26.9005,6.2438,0.7722
554,291.7253,0.6795,19.2131,0.00766,2.0340,146.5529,25.1877,6.1852,1.4397
555,770.3799,0.7147,13.2162,0.00953,7.4469,193.2495,36.0000,6.0949,0.5452
556,459.5117,0.1804,19.2482,0.05180,23.3109,136.2011,26.4056,7.1869,0.9140
557,601.6723,0.3166,13.6114,0.00307,1.4958,181.9050,28.5833,7.6386,0.6981
558,567.9575,0.2525,7.1392,0.00019,0.1733,165.5186,27.0584,7.8382,0.7395
559,345.2392,0.5125,20.6078,0.01517,5.4302,150.1767,25.4569,6.4820,1.2165
560,286.8998,0.8357,7.2137,0.00399,0.6803,122.4084,23.2923,5.3313,1.4639
561,595.3198,0.5068,21.0706,0.00693,3.6657,192.5889,32.9143,5.6823,0.7055
562,383.2572,0.4054,20.4834,0.04072,15.8520,132.6776,25.7408,6.3019,1.0959
563,338.3855,0.2947,9.1024,0.01889,6.2565,122.0189,23.5090,7.3193,1.2412
564,846.9062,0.6435,10.6349,0.00650,5.7189,202.8511,36.0000,4.8974,0.4959
565,892.9319,0.3161,10.3760,0.01185,10.3040,199.0983,36.0000,7.6808,0.4704
566,744.6636,0.1073,17.2246,0.02229,17.0841,177.0085,34.1980,8.2058,0.5640
567,904.0754,0.2258,16.4124,0.00506,5.4950,205.0000,36.0000,6.7646,0.4646
568,821.4644,0.4613,9.8250,0.00469,3.9578,201.1275,36.0000,6.0639,0.5113
569,803.0279,0.8352,20.7881,0.03785,30.4186,205.0000,36.0000,5.3705,0.5230
570,229.5898,0.1146,20.8676,0.00565,1.4927,142.0631,18.8047,8.2995,1.8293
571,297.9644,0.5551,7.3046,0.02919,9.0478,113.5297,24.3799,6.5948,1.4096
572,463.7529,0.2360,9.3339,0.01909,9.2075,134.8409,26.8005,6.6089,0.9057
573,912.5631,0.7048,15.0234,0.01675,15.3084,202.5114,36.0000,4.6397,0.4602
574,197.6742,0.3757,17.9107,0.02749,5.2566,122.4902,19.9356,6.9388,2.0000
575,682.1838,0.5291,11.7269,0.00924,5.6095,180.7858,35.6979,6.3663,0.6157
576,409.9934,0.3400,20.8775,0.04972,19.8023,124.2396,26.1429,6.7812,1.0244
577,756.0529,0.6230,8.0573,0.00123,0.0581,196.0063,35.6652,6.1982,0.5555
578,492.1364,0.1369,10.2013,0.01504,7.4158,144.9485,26.8592,7.0250,0.8534
579,612.8272,0.3888,16.2669,0.04046,24.5313,175.1058,32.4954,6.9227,0.6853
580,889.5038,0.4387,13.0136,0.01369,11.8447,200.9971,36.0000,5.7573,0.4722
581,588.0207,0.6894,21.6538,0.02027,11.9314,174.5923,34.1556,5.8274,0.7143
582,951.1700,0.7091,16.4613,0.00141,1.9676,205.0000,36.0000,6.0637,0.4416
583,946.0457,0.7473,12.8235,0.01122,10.6450,205.0000,36.0000,5.7703,0.4440
584,595.6749,0.6119,10.9258,0.02071,12.1144,156.9663,33.7651,5.0302,0.7051
585,569.8005,0.5736,20.1752,0.00962,5.4670,182.8281,32.6829,5.1908,0.7371
586,191.5322,0.4517,17.8787,0.02182,4.2681,123.6731,20.3595,7.2600,2.0000
587,365.7754,0.8308,13.8112,0.00194,0.6580,148.8033,25.6200,5.5342,1.1482
588,716.6263,0.7373,15.0408,0.01493,10.8772,181.6539,36.0000,4.5033,0.5861
589,282.1949,0.6712,17.8246,0.06280,18.0519,90.3814,25.2981,4.7220,1.4883
590,308.0210,0.8135,18.9565,0.00461,2.0436,148.4115,23.7484,4.6712,1.3635
591,469.6879,0.5853,19.4951,0.03540,16.6114,141.7974,29.7734,5.9004,0.8942
592,823.5795,0.1426,16.6205,0.00462,3.3919,205.0000,33.8478,7.9851,0.5100
593,225.9865,0.6551,18.4131,0.02888,6.8158,124.4120,23.0203,5.8759,1.8585
594,679.7467,0.2648,9.6910,0.00266,2.0157,183.8476,30.5106,6.7458,0.6179
595,257.1280,0.4607,8.6730,0.00363,0.6647,121.1873,19.3992,7.1563,1.6334
596,565.4896,0.3952,16.1698,0.02467,13.7657,155.1126,31.1266,5.9400,0.7427
597,675.8045,0.8005,11.5187,0.00422,2.3488,186.5445,34.6780,4.7387,0.6215
598,432.5668,0.3389,10.5984,0.01168,4.9066,142.4070,26.6884,6.1765,0.9709
599,534.7046,0.4172,11.0595,0.01825,9.6474,148.3123,30.3787,6.8739,0.7855
600,726.1362,0.0767,15.0687,0.01447,10.6337,183.6775,33.3980,7.9404,0.5784
601,688.2559,0.7145,7.3759,0.00696,5.2058,173.0126,36.0000,4.5993,0.6102
602,878.9144,0.6673,8.1181,0.00433,3.4887,205.0000,36.0000,5.0956,0.4779
603,429.0594,0.3171,10.9085,0.00740,3.2545,146.1978,26.4088,6.5227,0.9789
604,411.6564,0.8079,13.6417,0.00147,0.5137,155.6299,26.8130,5.4499,1.0203
605,208.6383,0.1592,20.9936,0.02960,6.4958,128.1908,18.5324,8.0519,2.0000
606,367.8406,0.4970,20.4074,0.02891,10.5370,141.8911,26.0109,7.0994,1.1418
607,752.5329,0.5474,20.4819,0.01494,11.0812,198.5613,36.0000,5.3007,0.5581
608,795.8623,0.6376,15.9506,0.00569,4.5468,205.0000,36.0000,6.1132,0.5277
609,533.9936,0.8492,19.8318,0.00969,4.9924,177.7458,33.8133,4.0334,0.7865
610,373.7106,0.4810,20.8529,0.02827,11.0395,142.6462,26.0591,6.9486,1.1239
611,345.2188,0.4248,15.5142,0.02626,9.0759,130.9471,24.7549,7.1534,1.2166
612,716.6396,0.8225,7.6756,0.01102,7.0720,173.8239,36.0000,5.3580,0.5861
613,379.1691,0.3652,11.1737,0.02403,8.5853,127.5699,25.2966,7.5694,1.1077
614,342.6293,0.7449,21.6205,0.05313,18.7384,114.7641,27.4493,5.4999,1.2258
615,712.4537,0.7598,9.4370,0.02144,15.7290,185.7105,36.0000,4.4090,0.5895
616,396.6017,0.1294,14.9236,0.05131,20.1369,129.7728,24.0975,7.1854,1.0590
617,753.2721,0.2138,8.8276,0.01124,8.5309,178.6436,35.3084,7.6198,0.5576
618,486.3699,0.3401,14.8006,0.02028,9.9767,148.5680,28.3120,6.1715,0.8635
619,670.3972,0.3042,7.0029,0.00191,1.5666,177.5193,30.5455,7.1358,0.6265
620,920.5847,0.3795,15.6305,0.01104,10.6735,205.0000,36.0000,7.1218,0.4562
621,478.6074,0.4928,16.3557,0.03987,18.5438,141.6049,29.3007,6.0542,0.8775
622,705.1224,0.7519,9.1348,0.00981,7.2681,174.8752,36.0000,4.4420,0.5956
623,246.3936,0.3996,20.3843,0.02663,6.4646,132.5824,21.5886,7.0644,1.7046
624,252.8057,0.5860,17.6601,0.02151,5.1516,130.4396,23.2723,6.3106,1.6614
625,720.0586,0.6455,20.6216,0.02510,18.5567,177.5515,36.0000,5.5346,0.5833
626,243.3171,0.5040,10.0335,0.03027,7.6512,106.7385,22.3316,6.5129,1.7261
627,468.5784,0.8118,14.6462,0.02247,11.5219,142.1603,31.5520,5.7531,0.8963
628,500.4704,0.3781,6.7588,0.00771,3.8480,146.4744,29.0392,7.5233,0.8392
629,443.8456,0.1770,17.0394,0.00846,3.6497,161.0342,25.7313,6.8566,0.9463
630,762.3429,0.2748,16.0188,0.01125,8.2560,196.4296,36.0000,7.4298,0.5509
631,484.8416,0.7819,19.4952,0.00738,3.6767,172.5269,31.8004,5.5742,0.8663
632,744.8611,0.6845,16.3066,0.01826,13.5316,182.8342,36.0000,5.1633,0.5639
633,243.3088,0.3193,19.8727,0.04425,11.2641,120.4352,20.8533,6.9215,1.7262
634,660.0562,0.4967,12.3691,0.00644,4.0320,182.3501,34.7752,6.8086,0.6363
635,906.4741,0.2962,11.5825,0.00393,3.8930,205.0000,36.0000,6.5007,0.4633
636,746.0730,0.1546,20.3534,0.00630,4.9193,205.0000,34.6188,7.6908,0.5629
637,451.9916,0.3301,16.8532,0.03549,16.2815,134.0565,27.2003,6.4734,0.9292
638,780.1627,0.5772,14.1426,0.01601,11.8578,187.0508,36.0000,6.1679,0.5383
639,861.9465,0.4828,11.9781,0.00057,0.4430,205.0000,36.0000,6.8325,0.4873
640,280.8101,0.4869,18.7948,0.00993,2.5421,142.8776,23.3198,5.5549,1.4957
641,268.5790,0.7832,12.5070,0.06252,17.6069,99.3410,25.7781,4.5970,1.5638
642,281.4768,0.6303,12.6227,0.00161,0.5197,133.8482,21.4866,6.1339,1.4921
643,381.1204,0.4583,14.0738,0.02536,9.1200,133.0664,26.0999,6.4892,1.1020
644,572.7947,0.6971,9.1152,0.01689,9.3399,151.4134,33.7608,5.7603,0.7332
645,384.6358,0.1253,21.0295,0.02506,9.2611,148.5858,23.5414,8.0131,1.0919
646,317.0740,0.4133,6.9174,0.01459,4.7009,117.4374,23.8183,6.9031,1.3246
647,680.9155,0.4793,12.8533,0.00339,2.4661,189.9892,32.2620,6.7953,0.6168
648,818.9014,0.4869,13.5023,0.00642,5.4404,205.0000,36.0000,5.6415,0.5129
649,388.8567,0.0782,17.6933,0.01845,7.6269,145.4746,23.2916,7.7510,1.0801
650,241.8630,0.2993,15.6444,0.03381,8.1944,117.6693,20.6500,7.8486,1.7365
651,518.4491,0.3137,6.6002,0.00686,3.2745,150.0839,29.0633,7.5105,0.8101
652,721.3683,0.0974,11.7601,0.00149,1.3475,196.1131,30.4205,8.7177,0.5822
653,534.6836,0.3974,14.0716,0.00175,1.2489,173.4123,27.2194,7.1678,0.7855
654,676.9346,0.1392,19.0898,0.02196,15.0445,175.4399,32.4213,7.5080,0.6204
655,822.2366,0.3232,14.6149,0.00164,0.8411,205.0000,35.2529,7.6070,0.5108
656,735.4398,0.6988,13.4616,0.02367,17.1433,183.4155,36.0000,4.6651,0.5711
657,462.0112,0.4160,9.0965,0.00396,2.2919,149.2719,25.1880,7.1697,0.9091
658,939.6592,0.5057,19.8880,0.00768,7.6700,205.0000,36.0000,6.3837,0.4470
659,598.7312,0.7422,21.6555,0.01614,9.3961,181.7805,34.8993,5.5731,0.7015
660,190.1791,0.3319,6.9129,0.01286,2.1682,103.9652,19.3607,7.1293,2.0000
661,671.4308,0.5389,16.6847,0.01177,7.7173,185.4428,35.4545,6.0272,0.6255
662,806.0072,0.5554,19.3876,0.00829,6.2047,205.0000,36.0000,6.3648,0.5211
663,685.5095,0.6555,9.7707,0.00100,0.5460,188.1208,33.8093,5.0052,0.6127
664,872.8013,0.2641,14.4703,0.00398,3.7746,205.0000,36.0000,6.4909,0.4812
665,259.1484,0.4121,12.7888,0.00341,0.9050,130.0166,19.0713,6.9975,1.6207
666,579.7329,0.2287,19.9816,0.01710,9.8603,174.2268,30.2219,7.0737,0.7245
667,341.3212,0.1094,15.9534,0.03333,11.0844,126.9099,22.1150,8.6926,1.2305
668,298.8720,0.3414,11.3498,0.03120,9.2405,114.4715,22.6971,6.1662,1.4053
669,344.1573,0.5989,21.3188,0.01680,5.3479,151.7594,26.1160,6.2240,1.2204
670,424.8377,0.7164,13.1244,0.01907,7.9145,140.1875,29.4763,5.7778,0.9886
671,739.4375,0.4179,10.1286,0.00617,4.3918,188.5365,36.0000,6.6829,0.5680
672,770.8114,0.7603,16.5372,0.01354,10.4360,194.0443,36.0000,4.9858,0.5449
673,266.2107,0.4467,17.4920,0.01788,5.0425,132.3205,22.5596,7.2345,1.5777
674,634.4886,0.1407,17.1986,0.00020,0.3724,197.1909,28.1606,7.9747,0.6620
675,917.7676,0.4241,11.5757,0.00708,6.2377,205.0000,36.0000,5.8186,0.4576
676,716.1185,0.5808,15.1517,0.00792,5.1662,194.3859,36.0000,5.1607,0.5865
677,551.3914,0.1279,21.1209,0.04052,22.2253,150.1384,28.5648,8.4443,0.7617
678,761.4478,0.0670,15.4380,0.00715,5.5231,201.0300,34.3797,8.3686,0.5516
679,604.7648,0.7178,19.3410,0.01544,8.7231,179.0741,34.8851,4.9184,0.6945
680,475.6737,0.8188,16.6935,0.01171,5.3802,161.2402,31.8203,5.0403,0.8830
681,297.9634,0.3683,17.3874,0.01810,5.8599,135.0549,22.8856,7.0806,1.4096
682,705.2009,0.6647,10.7868,0.01450,10.4375,171.5486,36.0000,5.2340,0.5956
683,645.3133,0.1761,18.7574,0.00906,5.9893,189.8869,31.7685,6.9509,0.6508
684,454.1029,0.1528,9.8389,0.01575,6.9610,139.4467,25.8451,7.8045,0.9249
685,722.7353,0.4551,18.4723,0.00248,2.3771,205.0000,33.3230,7.2725,0.5811
686,729.1660,0.2300,12.1963,0.00227,1.0602,198.8742,31.7148,8.1369,0.5760
687,741.7554,0.5393,7.8282,0.00776,5.4681,181.4554,36.0000,6.2361,0.5662
688,883.7580,0.3101,9.3458,0.00345,3.4910,205.0000,36.0000,7.6804,0.4752
689,869.6594,0.3168,9.5342,0.00802,6.9393,201.1578,36.0000,6.7671,0.4829
690,583.6746,0.8346,13.7969,0.01188,8.1120,165.0581,35.1870,4.0947,0.7196
691,328.3943,0.7065,7.0849,0.00366,1.5935,126.3403,23.5039,5.8950,1.2790
692,509.1013,0.7585,20.1410,0.01254,6.1844,172.0698,32.3410,4.4143,0.8250
693,545.0799,0.6916,19.9210,0.05412,30.1555,160.3388,33.1222,4.3761,0.7705
694,768.8350,0.7742,7.0303,0.00934,7.0192,180.3497,36.0000,5.3203,0.5463
695,491.3021,0.5228,10.4253,0.01385,7.1935,145.8053,29.9217,5.9681,0.8549
696,948.6992,0.4465,6.9163,0.01006,9.1205,205.0000,36.0000,5.9964,0.4427
697,320.6771,0.6927,11.8075,0.02412,8.3088,120.7987,26.1619,4.6907,1.3097
698,279.8951,0.7070,20.6490,0.04517,12.3840,124.9981,25.0573,5.6837,1.5006
699,647.3432,0.3394,20.0431,0.01815,11.3139,181.3056,33.1358,7.2840,0.6488
700,337.0624,0.1698,8.9031,0.00643,2.5493,129.5377,22.4705,6.8867,1.2461
701,598.2307,0.8362,18.8205,0.01585,9.2891,175.7037,35.6362,4.1731,0.7021
702,710.2587,0.6122,20.1336,0.02099,14.6191,183.6706,36.0000,5.3996,0.5913
703,895.6820,0.2894,12.3862,0.02357,20.7791,205.0000,36.0000,7.7419,0.4689
704,585.0227,0.4836,7.3742,0.00519,2.6606,163.1234,32.4197,6.2747,0.7179
705,641.2962,0.2693,21.9803,0.01940,12.4892,182.0749,32.3931,6.8731,0.6549
706,764.8367,0.2380,21.3868,0.00650,4.8621,205.0000,35.8493,6.8808,0.5491
707,221.7556,0.7485,20.4993,0.06342,13.8817,94.7659,24.1201,5.2214,1.8940
708,769.2261,0.5964,7.9036,0.00931,7.2974,181.7176,36.0000,6.0699,0.5460
709,891.3987,0.2030,7.6726,0.00138,1.7574,205.0000,36.0000,6.9768,0.4712
710,720.0348,0.8563,17.4296,0.01574,11.0252,187.0950,36.0000,4.6227,0.5833
711,681.6064,0.4944,17.7808,0.00177,0.8413,204.5080,32.4035,6.2858,0.6162
712,882.0019,0.5715,16.9621,0.00225,1.7910,205.0000,36.0000,6.3253,0.4762
713,632.3503,0.3910,10.5022,0.02492,16.1946,172.3758,33.0983,6.7371,0.6642
714,649.7322,0.2657,20.8045,0.03255,21.1754,163.2760,32.6173,7.6914,0.6464
715,548.0881,0.2836,15.8165,0.01306,7.4034,165.7220,29.7111,6.8571,0.7663
716,212.7716,0.6668,16.0747,0.05488,12.1348,95.9030,22.9743,4.4538,1.9739
717,673.5179,0.2993,10.0763,0.00155,0.8814,186.2564,30.6003,6.9866,0.6236
718,223.4754,0.7649,8.0791,0.02294,5.5545,104.0755,23.8236,5.7113,1.8794
719,809.9651,0.6142,15.2781,0.00827,7.1430,204.3920,36.0000,6.5382,0.5185
720,891.4485,0.2761,16.4617,0.00070,0.1595,205.0000,36.0000,6.6288,0.4711
721,831.0846,0.3041,12.5531,0.01439,11.9919,190.8973,36.0000,7.1829,0.5054
722,874.4719,0.6838,7.4259,0.00008,-0.2012,205.0000,36.0000,5.5615,0.4803
723,664.2676,0.6687,18.3022,0.01198,8.5592,186.0747,36.0000,5.4102,0.6323
724,644.5559,0.8242,14.2975,0.00813,5.3769,181.3087,36.0000,5.2937,0.6516
725,619.1576,0.2478,8.6184,0.01301,7.9640,159.3134,31.5570,7.2576,0.6783
726,583.1159,0.4968,14.7894,0.00999,6.0428,171.7099,32.4681,7.0518,0.7203
727,309.0954,0.8460,6.8708,0.00381,1.5035,123.1724,24.0405,4.7304,1.3588
728,597.3634,0.4940,10.5012,0.00731,4.9051,166.9161,32.8733,5.5250,0.7031
729,794.0112,0.3118,16.4595,0.01456,11.4939,195.0262,36.0000,6.2905,0.5290
730,277.8500,0.1168,9.2221,0.02885,7.9395,109.4991,20.2696,7.7366,1.5116
731,871.2107,0.1374,15.0969,0.00020,0.0574,205.0000,35.2354,8.0232,0.4821
732,253.8516,0.7976,8.1810,0.00439,1.4532,117.8789,21.9962,5.5950,1.6545
733,201.7413,0.7380,15.3040,0.05126,10.8924,98.8270,23.1192,5.0218,2.0000
734,627.8119,0.1179,7.1843,0.00679,3.4827,167.3154,30.7778,8.5187,0.6690
735,510.0298,0.1303,15.5430,0.05120,25.8187,158.0359,27.5041,6.9227,0.8235
736,777.1967,0.1532,7.6153,0.00203,1.8883,194.1790,32.5414,7.3443,0.5404
737,893.1424,0.0782,12.5649,0.00340,3.3711,205.0000,35.4195,8.0089,0.4702
738,700.7355,0.6512,11.2230,0.00393,2.4062,189.5072,34.2318,5.5543,0.5994
739,660.5636,0.3193,14.2192,0.01390,9.4910,174.4868,33.3710,6.5864,0.6358
740,325.4572,0.5893,19.3299,0.03302,9.8842,134.5991,25.4782,6.2500,1.2905
741,882.3053,0.6122,6.5739,0.00355,3.6829,203.7060,36.0000,6.4791,0.4760
742,352.6760,0.7830,8.6271,0.02240,8.3071,118.6054,27.8442,5.4381,1.1909
743,211.1707,0.4165,16.2299,0.05088,10.9328,102.5714,20.8197,7.1077,1.9889
744,459.7786,0.3089,20.7556,0.02400,10.6120,156.2826,27.2644,6.7049,0.9135
745,231.5310,0.6003,7.9792,0.02122,5.7333,104.6705,22.7480,5.6498,1.8140
746,711.7080,0.2822,10.9775,0.01093,7.9460,178.4254,34.6089,7.2571,0.5901
747,612.2112,0.8469,21.0266,0.03336,20.5303,157.9237,36.0000,4.0429,0.6860
748,923.9308,0.7711,11.7257,0.00150,0.8736,205.0000,36.0000,4.3614,0.4546
749,791.9676,0.4412,11.3013,0.01504,11.4959,184.2234,36.0000,6.7447,0.5303
750,714.1293,0.1186,21.6102,0.00587,4.6937,205.0000,33.3731,7.1017,0.5881
751,218.3086,0.2369,15.8804,0.03033,6.5670,118.2358,19.4448,7.0813,1.9239
752,674.3054,0.1988,15.8181,0.01747,11.5546,175.5254,32.8195,6.7651,0.6229
753,575.2245,0.2751,18.1577,0.03225,18.7647,152.6190,30.4572,6.4447,0.7301
754,646.3339,0.4323,19.3600,0.02507,16.3121,168.6554,33.8485,6.6705,0.6498
755,405.2593,0.7007,20.2448,0.03443,14.5887,138.2321,28.7636,4.9788,1.0364
756,532.2948,0.6371,12.2053,0.00920,4.3976,162.0213,32.0655,5.6081,0.7890
757,579.5267,0.8123,8.0927,0.00080,-0.2313,170.2420,31.8846,4.1882,0.7247
758,855.4011,0.2724,14.8385,0.02423,20.3089,205.0000,36.0000,6.4558,0.4910
759,372.4539,0.5084,15.4676,0.02168,8.5369,136.1157,26.2410,5.4646,1.1277
760,207.9794,0.8129,12.8607,0.01193,2.7430,118.4559,23.7422,5.5090,2.0000
761,228.2706,0.5955,8.7063,0.00663,1.8418,114.3427,22.6120,6.5753,1.8399
762,771.4010,0.1307,9.7787,0.01167,9.8310,180.8252,35.1879,7.4540,0.5445
763,352.8172,0.1769,11.3480,0.00990,3.4298,135.3427,22.9997,8.3699,1.1904
764,613.7999,0.2152,18.1021,0.04482,27.8572,178.5313,31.1358,7.5821,0.6843
765,806.1249,0.2059,18.3884,0.00587,4.5880,205.0000,36.0000,8.1436,0.5210
766,693.7515,0.2880,12.0871,0.00455,2.7403,189.6256,31.1167,6.6985,0.6054
767,918.0692,0.2084,18.0866,0.00989,9.1048,205.0000,36.0000,7.9411,0.4575
768,805.6156,0.8280,16.1444,0.00138,1.4176,205.0000,36.0000,5.3451,0.5213
769,723.0122,0.5137,9.5151,0.00355,2.6936,188.4592,33.7997,5.5618,0.5809
770,624.2878,0.1915,8.4569,0.00785,4.4678,167.4191,31.2603,7.3895,0.6728
771,656.0808,0.1474,15.0050,0.01589,10.3899,173.5653,31.8616,7.7269,0.6402
772,924.1777,0.4791,15.2442,0.00760,6.9716,205.0000,36.0000,6.4590,0.4545
773,192.9464,0.4648,16.6139,0.01268,3.2994,123.2337,20.5065,6.5206,2.0000
774,833.9177,0.4115,12.4992,0.00798,6.3068,203.7109,36.0000,6.7874,0.5036
775,680.5479,0.3830,12.3964,0.01450,9.2789,173.9407,34.4803,6.3964,0.6171
776,353.6599,0.0678,13.4633,0.03225,11.4465,122.4860,22.1526,8.5939,1.1876
777,358.6159,0.6791,10.3727,0.00446,1.4700,138.3782,24.1914,5.9854,1.1712
778,204.4287,0.1474,8.1356,0.00549,1.2085,110.9041,18.3118,6.9810,2.0000
779,207.8249,0.7079,19.9387,0.04704,10.3444,115.2809,22.9510,5.8446,2.0000
780,564.2427,0.1126,18.8244,0.01308,7.7281,174.0483,28.8281,7.1271,0.7444
781,195.7667,0.3335,12.4511,0.01444,2.7827,115.6355,19.5413,7.7488,2.0000
782,586.0068,0.5263,10.4005,0.00208,1.0892,173.3859,29.7909,6.6106,0.7167
783,920.1216,0.5109,14.6161,0.01652,15.5929,205.0000,36.0000,5.9687,0.4565
784,493.8860,0.7052,11.8113,0.01856,9.1387,144.9626,31.4582,4.6381,0.8504
785,399.6214,0.6214,21.5975,0.06671,26.8152,115.1435,28.5243,5.3949,1.0510
786,279.8070,0.2515,20.0689,0.01223,3.8446,142.6645,21.4063,6.9050,1.5010
787,920.8347,0.1693,13.8969,0.00562,5.2910,205.0000,36.0000,8.2308,0.4561
788,348.8060,0.3297,7.0176,0.00761,2.5931,127.0548,24.1019,7.2350,1.2041
789,610.2128,0.2137,16.2939,0.02927,17.5066,159.2000,31.0157,8.2484,0.6883
790,619.4863,0.5530,16.8866,0.00226,1.3821,192.0328,31.0087,6.4736,0.6780
791,598.5199,0.1204,19.4931,0.01171,6.8963,182.4910,29.9190,8.2925,0.7017
792,401.6277,0.4076,13.0220,0.04537,18.5582,137.0634,26.3194,6.0909,1.0457
793,772.7337,0.4759,6.5079,0.00463,3.9979,186.4320,34.9894,6.5387,0.5435
794,251.0212,0.6336,10.9536,0.05373,13.7032,100.1421,23.8268,4.6958,1.6732
795,888.4400,0.3828,18.9808,0.01096,9.9628,205.0000,36.0000,6.1921,0.4727
796,821.3444,0.7497,19.8626,0.00699,5.7414,205.0000,36.0000,4.5291,0.5114
797,282.1479,0.4643,8.9730,0.04757,12.5089,112.5831,23.2460,7.1162,1.4886
798,476.7229,0.6838,14.5649,0.03281,15.8237,139.2777,30.7717,6.0521,0.8810
799,252.7108,0.4694,19.0730,0.01028,2.4591,139.4572,22.3361,7.0564,1.6620
800,624.3098,0.7378,14.9763,0.02792,17.4921,164.1812,35.6320,6.0522,0.6727
801,495.5184,0.7669,21.9900,0.01075,5.3475,175.9412,32.0009,4.3789,0.8476
802,687.1195,0.1120,20.1883,0.02668,18.0159,172.8473,32.5092,7.3888,0.6112
803,445.9847,0.5789,11.7538,0.00905,3.4618,150.1401,29.0109,6.7119,0.9417
804,618.5144,0.7026,8.7277,0.00217,1.0217,174.7305,32.1764,5.4368,0.6790
805,309.5840,0.6886,7.6440,0.03569,10.8302,118.4472,25.7965,6.1361,1.3567
806,592.9730,0.1094,12.9768,0.00245,1.2181,179.8150,26.6645,7.1405,0.7083
807,519.1465,0.5696,16.4074,0.01113,5.2725,167.3688,31.1309,6.7206,0.8090
808,924.0907,0.1413,10.1263,0.00515,5.1093,205.0000,36.0000,8.3327,0.4545
809,674.9468,0.3279,8.2497,0.00366,2.6569,178.5462,30.8715,6.5803,0.6223
810,333.0495,0.2605,11.3359,0.02639,9.6313,118.7075,23.0758,6.5057,1.2611
811,512.6992,0.1831,11.9131,0.00794,4.1457,158.9932,27.8462,6.8308,0.8192
812,587.2024,0.2756,17.9200,0.01514,9.6424,171.2909,30.8206,7.5472,0.7153
813,908.0935,0.3005,15.8009,0.01858,17.1247,204.1265,36.0000,6.9005,0.4625
814,799.9359,0.5426,10.3958,0.00799,6.4914,193.5801,36.0000,5.8393,0.5250
815,471.9111,0.3827,10.6445,0.00036,0.0955,158.9945,25.2193,6.5470,0.8900
816,294.2033,0.1614,16.0083,0.02009,5.8919,131.3865,21.1171,7.0408,1.4276
817,193.2649,0.3103,20.7187,0.04235,8.2101,121.5086,19.2806,6.8108,2.0000
818,466.7714,0.7978,21.8826,0.00178,0.4234,182.2260,28.3854,5.1904,0.8998
819,345.6703,0.7348,12.6421,0.02471,8.6728,125.5829,27.2484,4.7469,1.2150
820,749.8487,0.5997,9.4207,0.01521,11.5064,182.0658,36.0000,6.1641,0.5601
821,921.5789,0.6614,8.8597,0.00488,4.6627,205.0000,36.0000,5.5946,0.4557
822,487.9580,0.7327,20.1104,0.04551,21.8562,141.5395,31.5131,5.8501,0.8607
823,316.6350,0.3889,7.9539,0.03790,12.5351,122.5739,23.6105,6.3169,1.3264
824,767.2988,0.5292,19.3847,0.00794,6.2714,205.0000,36.0000,5.5737,0.5474
825,202.9189,0.5963,21.7545,0.03646,7.3783,127.0655,21.8581,6.5231,2.0000
826,900.9164,0.6830,21.9267,0.01577,14.2978,205.0000,36.0000,4.7312,0.4662
827,428.7195,0.0726,20.3007,0.01928,7.9869,156.3983,24.4420,8.7317,0.9797
828,797.3593,0.6442,12.2944,0.01038,8.6082,192.7135,36.0000,5.1684,0.5267
829,428.6765,0.7096,17.9712,0.00139,0.0636,168.6983,26.5372,6.1319,0.9798
830,408.6509,0.3413,8.0116,0.00390,1.3589,140.9335,22.9898,7.6207,1.0278
831,546.5477,0.7541,21.1370,0.03711,20.7630,147.8048,33.4291,5.1680,0.7685
832,942.5384,0.8167,9.2897,0.00072,1.4824,205.0000,36.0000,5.2386,0.4456
833,806.1807,0.2548,16.6042,0.02146,17.5013,187.9008,36.0000,7.8362,0.5210
834,646.5335,0.2160,17.8379,0.02511,16.2612,165.4488,32.1239,6.6928,0.6496
835,918.6109,0.8057,18.9648,0.00123,0.9269,205.0000,36.0000,4.5429,0.4572
836,347.5323,0.5939,7.0669,0.00158,0.5881,131.3832,23.1771,6.6054,1.2085
837,623.3476,0.5844,17.8085,0.01370,8.3099,179.3992,34.3754,5.8082,0.6738
838,339.7734,0.2221,10.3430,0.01196,3.8659,130.2158,22.9702,6.8448,1.2361
839,918.3366,0.4044,9.6831,0.01206,11.0111,205.0000,36.0000,6.1813,0.4573
840,574.8575,0.1462,12.5286,0.02020,11.6868,153.0807,29.4157,7.4908,0.7306
841,264.4651,0.4666,14.5566,0.00691,2.0935,132.0886,22.6670,6.5629,1.5881
842,422.2959,0.1312,8.3575,0.00198,0.8011,144.9685,21.7182,7.4057,0.9946
843,518.7946,0.2451,9.7598,0.00765,3.5904,156.3920,28.5245,7.2471,0.8096
844,607.6287,0.3640,18.3057,0.02461,15.7525,161.7615,32.1412,6.3755,0.6912
845,678.2339,0.7245,15.2594,0.01020,6.9432,185.0306,36.0000,5.0361,0.6193
846,586.4074,0.5002,7.9321,0.00329,1.8099,166.4299,29.5937,6.0104,0.7162
847,203.0262,0.7772,8.0099,0.04778,10.1212,97.3726,23.3806,4.2930,2.0000
848,513.4966,0.7152,15.4209,0.00709,3.5582,168.1224,32.1268,4.5960,0.8179
849,665.2458,0.0604,14.6234,0.01092,7.3474,180.7939,31.4402,8.3802,0.6313
850,612.9721,0.8052,17.8545,0.02415,14.6577,163.9789,35.8310,4.4941,0.6852
851,295.9710,0.5862,14.8736,0.07170,21.2190,97.1869,25.2629,4.7641,1.4191
852,834.8114,0.8456,8.5642,0.01132,9.6095,192.5214,36.0000,4.0484,0.5031
853,570.3845,0.8130,12.6372,0.00676,3.4754,170.7137,34.6157,4.4921,0.7363
854,608.6298,0.8328,17.0926,0.01561,9.7545,172.4382,35.9213,4.1022,0.6901
855,387.0722,0.6489,8.4943,0.00232,0.7435,140.1126,24.8032,5.2284,1.0851
856,677.7724,0.0762,11.9517,0.00685,4.3544,183.3800,31.9429,7.2799,0.6197
857,377.6177,0.3929,17.5268,0.06251,24.0822,118.9088,25.9268,5.9353,1.1122
858,595.1219,0.3439,16.3669,0.01172,6.6778,175.5843,31.6050,7.6745,0.7057
859,926.6980,0.6022,12.5493,0.00382,3.5113,205.0000,36.0000,5.2881,0.4532
860,400.6006,0.2332,18.5669,0.00324,1.2370,163.2158,21.8838,7.2986,1.0484
861,719.2676,0.2976,21.0939,0.01154,8.3680,200.8870,34.9591,6.3499,0.5839
862,694.3463,0.7491,8.5567,0.00784,5.7233,175.3855,36.0000,5.9688,0.6049
863,336.1084,0.8147,12.7902,0.03693,12.6503,115.7239,27.6011,4.1781,1.2496
864,901.5951,0.1610,17.6828,0.00090,1.0123,205.0000,36.0000,6.9240,0.4658
865,772.1738,0.1418,12.6519,0.00437,3.3026,201.3944,32.2994,7.6842,0.5439
866,559.2728,0.3770,18.0791,0.02469,13.8674,158.1567,30.7940,7.2522,0.7510
867,424.6086,0.3485,7.8866,0.00962,4.1204,136.9770,26.5261,6.4731,0.9891
868,859.8910,0.8041,14.7930,0.00035,-0.1731,205.0000,36.0000,5.6203,0.4884
869,929.2892,0.3725,19.7755,0.01063,9.8117,205.0000,36.0000,7.0759,0.4520
870,323.9501,0.7386,13.4177,0.00492,2.0004,138.7107,23.6270,5.0575,1.2965
871,852.4665,0.1278,17.3313,0.00507,3.9356,205.0000,36.0000,7.5998,0.4927
872,310.7043,0.0777,9.4316,0.00863,3.0543,125.6357,20.9425,7.2738,1.3518
873,349.4651,0.2183,8.6100,0.00151,0.8215,134.5547,20.2300,7.2576,1.2018
874,557.1089,0.3068,8.9845,0.00718,3.5256,160.5760,30.1680,7.2046,0.7539
875,452.1591,0.2772,21.7189,0.00802,2.9785,174.0528,26.7828,7.0906,0.9289
876,856.4989,0.1964,7.4679,0.00568,4.6060,199.7709,36.0000,7.8898,0.4904
877,421.2622,0.7195,6.5391,0.00364,1.3517,139.6014,26.3940,5.4451,0.9970
878,364.2892,0.1451,19.9943,0.00042,0.5331,162.4581,20.0899,8.1023,1.1529
879,410.9486,0.1447,19.5425,0.03134,13.0970,140.8224,24.4858,8.0985,1.0220
880,644.9145,0.6170,20.6125,0.03445,22.7788,166.5030,35.2837,5.6254,0.6512
881,306.4688,0.0709,20.4128,0.01222,3.1530,148.9420,20.7611,8.6266,1.3704
882,351.2129,0.6796,15.6525,0.02546,9.2785,131.7048,26.9731,5.6558,1.1959
883,927.5260,0.5387,9.3414,0.00007,-0.2387,205.0000,36.0000,5.3375,0.4528
884,914.2401,0.4466,20.3714,0.00948,9.1081,205.0000,36.0000,6.7195,0.4594
885,811.1697,0.7322,15.9371,0.01086,8.4645,203.1151,36.0000,4.7975,0.5178
886,204.8997,0.7002,18.2768,0.00061,-0.3769,136.7730,19.7490,5.7461,2.0000
887,196.5317,0.8007,14.1509,0.01630,3.2135,118.5421,23.3012,5.7580,2.0000
888,688.3064,0.2856,17.0566,0.00965,6.2727,191.9704,33.9337,6.9820,0.6102
889,274.8096,0.2923,7.8453,0.01036,2.3683,118.2709,21.5825,7.3826,1.5283
890,501.6682,0.7789,17.8170,0.03739,18.3704,141.4677,32.2813,5.2424,0.8372
891,821.8290,0.1184,13.8235,0.00153,2.0748,205.0000,33.6020,7.4840,0.5111
892,911.3291,0.6977,7.4077,0.00192,1.9353,205.0000,36.0000,4.9266,0.4609
893,450.2016,0.1762,21.6208,0.03377,15.5215,145.9486,25.9156,6.8600,0.9329
894,389.9692,0.6417,9.9327,0.03777,14.3992,133.3215,27.8323,4.9051,1.0770
895,756.6285,0.7529,7.4643,0.00459,3.9396,186.2488,36.0000,4.5711,0.5551
896,863.2603,0.1628,13.8603,0.02146,18.0853,203.7841,36.0000,7.4482,0.4865
897,655.7553,0.3936,13.7600,0.01708,10.7241,170.0424,33.8213,6.5031,0.6405
898,613.1509,0.1699,16.9678,0.00607,3.4392,186.7357,30.7536,7.2354,0.6850
899,500.7394,0.8460,11.1132,0.00920,4.6468,154.3370,32.7898,4.7542,0.8388
900,738.8933,0.1480,9.5679,0.00239,1.2432,194.1482,31.3505,6.9786,0.5684
901,443.0119,0.3890,10.5165,0.02468,11.1361,132.8150,27.4026,7.0070,0.9481
902,584.6784,0.7265,14.8951,0.00356,2.1979,180.6357,31.3527,4.9593,0.7183
903,240.5710,0.5696,13.9031,0.05322,13.5109,93.8934,22.9877,6.0040,1.7458
904,727.2708,0.7911,9.3615,0.00409,3.5707,186.8304,36.0000,4.2773,0.5775
905,599.0305,0.2910,13.4546,0.00217,1.5352,181.0773,28.2992,6.3776,0.7011
906,428.8452,0.4886,11.0226,0.01864,7.1967,137.7439,27.7741,5.8765,0.9794
907,517.1326,0.6135,8.0914,0.00572,2.6589,154.5216,31.4219,5.0233,0.8122
908,449.1445,0.6910,17.1034,0.00646,3.1060,163.1660,30.0027,4.6976,0.9351
909,439.5799,0.1037,18.0767,0.02375,10.0912,148.5052,25.0173,7.1643,0.9555
910,475.7693,0.5113,12.9392,0.01084,4.8076,154.2549,29.3638,5.4524,0.8828
911,556.9216,0.8183,15.4535,0.01582,8.8985,162.9592,34.2538,5.6704,0.7541
912,467.0677,0.7296,16.1800,0.00391,2.0395,166.1694,27.8490,5.7197,0.8992
913,202.2856,0.1827,18.5221,0.00614,0.7404,134.4625,18.5302,7.9014,2.0000
914,264.7916,0.6869,16.6231,0.00922,2.6517,135.4557,24.4390,4.7439,1.5862
915,659.2380,0.3356,7.4253,0.00373,2.6556,174.3790,30.4618,7.3874,0.6371
916,745.2708,0.3772,18.0620,0.02451,18.3285,177.3768,36.0000,6.1313,0.5636
917,544.6456,0.8480,13.4396,0.00363,1.8827,172.1221,31.1234,5.0585,0.7711
918,531.1996,0.7453,15.5657,0.01062,5.6803,166.4277,32.8984,5.7260,0.7907
919,350.5860,0.8122,15.3947,0.02255,8.0972,133.6424,28.0153,5.3244,1.1980
920,433.3621,0.2891,15.8551,0.00642,2.6372,159.0838,26.3136,7.8677,0.9692
921,297.1706,0.8286,8.4589,0.00032,0.1095,127.9444,23.5443,4.1197,1.4133
922,604.1654,0.1308,14.9889,0.02726,16.2874,158.4815,30.1716,7.3285,0.6952
923,587.2361,0.7866,11.3356,0.00635,3.3815,170.5844,34.9103,5.8269,0.7152
924,529.0619,0.7778,20.1609,0.00902,4.7724,178.2141,33.0945,4.3331,0.7939
925,386.4822,0.1973,17.2299,0.06312,24.4770,121.1594,24.6440,7.6118,1.0867
926,910.5394,0.8134,6.8011,0.00526,4.6123,205.0000,36.0000,4.1838,0.4613
927,543.1778,0.7466,21.0158,0.01513,8.2220,174.6231,33.2683,6.0089,0.7732
928,614.3488,0.6243,20.6949,0.01030,6.2724,188.8818,34.4249,5.2648,0.6837
929,357.4064,0.6690,13.4189,0.02238,7.7466,131.0900,27.0744,5.8792,1.1751
930,387.4210,0.8147,19.2243,0.02101,8.0889,147.6109,29.1403,5.6425,1.0841
931,887.9941,0.3262,16.0848,0.00169,1.1765,205.0000,36.0000,6.3090,0.4730
932,882.7034,0.3050,7.9025,0.00102,0.1519,205.0000,36.0000,6.9670,0.4758
933,739.1102,0.1811,14.8271,0.00222,1.2248,205.0000,31.6221,6.8394,0.5683
934,373.4591,0.2826,18.3902,0.02793,10.5617,138.2415,24.4649,7.2904,1.1246
935,472.9141,0.4758,7.3393,0.01144,4.7014,141.7404,28.9934,6.8980,0.8881
936,751.5081,0.7573,19.5199,0.03144,24.3922,188.4454,36.0000,5.2608,0.5589
937,210.2780,0.7286,9.3556,0.01517,2.9847,110.5577,23.1375,5.9883,1.9974
938,777.2326,0.7982,16.5159,0.00215,1.1975,205.0000,36.0000,5.6890,0.5404
939,652.7514,0.7742,16.2359,0.02385,15.7418,163.9997,36.0000,5.6592,0.6434
940,910.1773,0.7659,13.7347,0.00491,4.6110,205.0000,36.0000,4.7727,0.4614
941,394.3437,0.4937,14.1524,0.03246,13.4903,125.6081,26.7802,6.9631,1.0651
942,733.3583,0.3909,18.0793,0.00858,6.2522,201.0234,36.0000,5.9582,0.5727
943,198.2484,0.6383,13.1077,0.05422,10.9422,90.4672,22.2935,5.8222,2.0000
944,919.3830,0.8400,7.2909,0.00007,-0.1587,205.0000,36.0000,4.2268,0.4568
945,532.8047,0.5532,10.4360,0.01350,7.1990,152.0421,31.4094,6.5503,0.7883
946,353.4378,0.6723,11.2563,0.05079,17.3522,125.7484,27.1323,6.0076,1.1883
947,471.5216,0.6648,19.7423,0.06540,30.3003,138.9680,30.9940,5.2606,0.8907
948,479.4611,0.5573,21.3543,0.00654,2.7811,177.7800,29.8426,5.2592,0.8760
949,503.2522,0.2270,10.7089,0.01900,9.5074,143.1310,27.9134,7.4612,0.8346
950,943.8867,0.4244,19.4305,0.02516,23.5019,205.0000,36.0000,6.6212,0.4450
951,765.1941,0.8224,10.9996,0.00545,4.6642,193.7170,36.0000,4.6206,0.5489
952,601.4107,0.7616,6.9922,0.00427,2.6484,164.7680,32.1348,5.1127,0.6984
953,602.0338,0.1367,12.6821,0.00996,5.3723,171.3867,30.1543,8.5355,0.6976
954,435.2205,0.7966,11.1803,0.00783,3.2819,147.6595,30.4293,5.6140,0.9650
955,346.3560,0.8460,12.2619,0.01915,6.9072,128.7339,28.1591,4.3181,1.2126
956,503.4053,0.3684,7.8920,0.01454,6.5162,143.5376,29.0492,7.2459,0.8343
957,466.8840,0.4983,15.0039,0.01473,7.0082,152.6231,28.9927,5.5490,0.8996
958,465.5040,0.6367,7.3828,0.00868,3.5506,143.2566,30.0591,5.9176,0.9022
959,472.5801,0.2447,16.8905,0.01384,6.5655,158.6020,27.1353,7.1009,0.8887
960,417.1500,0.7516,19.2285,0.06944,28.9884,125.0911,30.1627,4.5439,1.0068
961,363.5164,0.3848,11.1308,0.00335,0.8632,142.1163,21.9836,7.1687,1.1554
962,832.1435,0.7530,19.5520,0.04068,33.3572,205.0000,36.0000,5.5268,0.5047
963,445.2916,0.5795,15.8716,0.03968,17.4100,135.1782,28.9951,6.4138,0.9432
964,451.5876,0.8034,21.4275,0.02083,10.3855,157.0304,30.9746,4.2258,0.9301
965,507.1003,0.4831,10.9242,0.02046,10.0455,142.9982,30.0777,5.8492,0.8282
966,319.6490,0.3635,21.6378,0.00941,3.1238,153.6781,23.4978,6.0731,1.3139
967,271.4374,0.2911,12.1412,0.04627,11.7571,105.3121,21.5054,7.0159,1.5473
968,242.1631,0.5665,8.4384,0.00113,0.1965,119.4567,19.7967,5.9397,1.7344
969,806.3797,0.3722,12.1202,0.00015,-0.3147,205.0000,35.1688,7.0235,0.5208
970,704.5475,0.1107,18.8461,0.00680,4.8210,201.5374,33.0216,8.6595,0.5961
971,210.9475,0.5349,13.7037,0.01333,2.7642,120.7090,21.6080,6.6647,1.9910
972,951.4045,0.5696,8.2891,0.00363,3.3312,205.0000,36.0000,6.1936,0.4415
973,531.0648,0.5351,20.1791,0.00545,2.5536,183.4359,31.2130,6.3085,0.7909
974,438.2320,0.0680,12.9165,0.01516,6.7781,144.2391,24.6908,8.0656,0.9584
975,705.7128,0.8295,18.9242,0.02978,21.1093,175.6641,36.0000,4.8715,0.5951
976,320.2202,0.4684,14.7435,0.03634,11.4364,120.3085,24.3535,6.7951,1.3116
977,858.6013,0.5348,17.2077,0.01392,12.5783,203.9749,36.0000,6.9013,0.4892
978,712.5306,0.0602,16.0529,0.01815,13.3175,177.8975,32.8576,8.7822,0.5894
979,309.9506,0.8000,17.0630,0.01100,3.7363,140.8114,26.6988,5.3495,1.3551
980,323.6058,0.8308,13.2202,0.05377,17.4895,114.3407,27.5826,4.3922,1.2979
981,341.2869,0.7588,8.8935,0.00028,0.4515,134.7656,24.3087,5.4643,1.2306
982,225.5991,0.3720,21.1850,0.00244,0.6837,143.9429,17.7440,7.3298,1.8617
983,624.2267,0.4896,9.2704,0.00405,2.4200,173.7047,30.6436,5.5437,0.6728
984,505.2027,0.2299,13.5785,0.00790,4.3908,160.9933,27.9954,6.6344,0.8313
985,684.0118,0.6672,8.0335,0.01323,8.8569,169.4132,36.0000,5.8050,0.6140
986,424.5568,0.5529,16.3501,0.03852,16.5106,129.0368,28.1597,6.3237,0.9893
987,335.9424,0.6466,17.5653,0.02244,7.5270,137.4757,26.2514,6.2606,1.2502
988,897.7576,0.7200,9.6339,0.00085,0.6420,205.0000,36.0000,5.4217,0.4678
989,349.1666,0.5871,10.3377,0.02843,10.0855,117.9299,26.1721,5.1340,1.2029
990,636.4526,0.2378,16.1313,0.03433,22.1888,173.7945,31.9960,7.7090,0.6599
991,298.0251,0.7062,18.9723,0.02591,7.9075,134.0464,25.5905,5.3759,1.4093
992,805.8091,0.6201,6.6955,0.00595,5.1040,189.3727,36.0000,6.0012,0.5212
993,518.0259,0.1857,16.0895,0.03294,16.8716,144.4245,28.0263,8.0151,0.8108
994,473.3999,0.2477,21.5306,0.03425,16.0829,147.9949,27.1839,7.5790,0.8872
995,675.2575,0.5264,8.4617,0.00777,5.2266,173.4059,35.4688,5.3892,0.6220
996,917.5623,0.7153,13.0474,0.00235,2.1553,205.0000,36.0000,6.1489,0.4577
997,300.7737,0.7385,19.0003,0.00989,3.1573,144.9708,25.9309,4.6860,1.3964
998,473.8075,0.6042,14.4174,0.03706,17.5712,143.0095,30.0481,5.6899,0.8864
999,910.5891,0.5311,14.1728,0.00244,2.0157,205.0000,36.0000,6.9361,0.4612
1000,906.6433,0.6324,10.3310,0.00163,1.5531,205.0000,36.0000,5.8551,0.4632
1001,217.1784,0.2620,16.8870,0.03858,7.8603,117.4355,19.6112,7.1181,1.9339
1002,849.3799,0.8430,19.1468,0.00706,6.1001,205.0000,36.0000,4.8403,0.4945
1003,641.2565,0.1907,16.3374,0.02173,14.3688,165.5194,31.7636,7.7626,0.6550
1004,264.3285,0.2183,13.2740,0.01873,4.6346,123.6560,20.6763,6.6888,1.5889
1005,423.6923,0.6391,10.3170,0.01868,7.8634,133.9517,28.8234,6.3464,0.9913
1006,601.6310,0.5531,21.1954,0.01236,7.7099,184.9129,33.4734,6.6679,0.6981
1007,329.3434,0.8193,19.4815,0.00350,1.1563,154.7170,24.4350,4.8011,1.2753
1008,235.4308,0.6372,21.5256,0.01905,4.2877,138.2381,23.1602,4.9239,1.7840
1009,841.5638,0.5499,6.5486,0.00511,4.4084,195.9432,36.0000,5.2902,0.4991
1010,381.7128,0.1439,10.7691,0.03045,11.9060,124.7581,23.6024,7.1512,1.1003
1011,850.9423,0.2589,13.9712,0.00675,5.1032,205.0000,36.0000,6.8853,0.4936
1012,612.4187,0.7011,6.5708,0.00086,0.5813,170.0397,31.9811,4.6690,0.6858
1013,857.0650,0.1397,18.5370,0.02484,21.8697,200.8918,36.0000,7.0131,0.4900
1014,883.8851,0.2000,8.0728,0.00440,3.7315,205.0000,36.0000,6.7601,0.4752
1015,365.9800,0.0848,9.8783,0.03871,14.3745,129.7886,22.6578,7.8424,1.1476
1016,785.4198,0.8474,17.0173,0.00999,8.4086,201.7521,36.0000,4.0409,0.5347
1017,585.9536,0.3558,16.6949,0.01375,8.0043,172.0124,31.4249,6.8362,0.7168
1018,760.2104,0.5557,19.5467,0.00732,6.2061,205.0000,36.0000,6.8042,0.5525
1019,360.6062,0.7886,21.7303,0.00548,2.2201,162.0133,28.1273,4.9184,1.1647
1020,325.8362,0.5746,18.9400,0.00118,0.0170,155.5060,22.3721,5.1902,1.2890
1021,907.8224,0.5801,18.7202,0.00564,5.3135,205.0000,36.0000,5.1634,0.4626
1022,905.3619,0.4642,14.3034,0.00433,3.8283,205.0000,36.0000,6.3384,0.4639
1023,954.5728,0.5304,10.8332,0.00014,0.4585,205.0000,36.0000,6.4910,0.4400
1024,873.9569,0.3707,15.0297,0.00570,5.3220,205.0000,36.0000,7.1070,0.4806
1025,690.0247,0.3711,13.6104,0.00710,4.5450,188.4477,34.6695,7.1294,0.6087
1026,781.9093,0.1226,8.2415,0.00428,3.1358,193.5189,32.4380,8.4262,0.5371
1027,454.0270,0.2349,8.3007,0.01256,5.6812,138.8669,26.5001,6.7036,0.9251
1028,338.7481,0.7357,20.0196,0.03825,13.0970,131.0419,27.0483,4.5099,1.2399
1029,434.6030,0.3297,19.3150,0.01845,8.0979,154.8681,26.6759,6.2151,0.9664
1030,306.4195,0.6539,17.6274,0.04559,13.7849,118.8357,25.4394,6.1203,1.3707
1031,416.0984,0.1553,21.6266,0.02909,11.9373,148.7313,24.7253,7.9742,1.0094
1032,935.8801,0.6471,19.9257,0.00182,1.9882,205.0000,36.0000,4.9945,0.4488
1033,296.3156,0.7133,12.4367,0.00769,1.6040,133.2793,25.5962,5.1083,1.4174
1034,427.8734,0.7414,18.1882,0.00271,1.4784,165.9427,26.7673,5.5169,0.9816
1035,716.1657,0.6617,16.2600,0.01493,10.9128,184.1887,36.0000,4.9419,0.5865
1036,371.6076,0.7406,16.4095,0.01124,5.1008,145.6202,28.0732,5.2242,1.1302
1037,354.9729,0.1127,11.5003,0.01951,6.5026,129.2410,22.5509,7.1266,1.1832
1038,705.4815,0.7983,20.8842,0.04152,29.1619,189.0332,36.0000,4.5459,0.5953
1039,641.8353,0.0619,8.8166,0.02304,15.0012,174.8813,30.7505,7.7701,0.6544
1040,393.5614,0.6439,15.6381,0.01196,4.4134,148.7284,27.9577,5.2650,1.0672
1041,521.9284,0.4489,8.0508,0.00683,4.1735,151.8193,30.2494,5.7144,0.8047
1042,688.5754,0.0614,14.5210,0.01121,7.2079,184.3750,32.1486,8.8815,0.6100
1043,555.0983,0.5534,20.3090,0.03709,20.7556,149.2471,32.0801,6.4901,0.7566
1044,485.2470,0.5546,8.5516,0.02050,10.2918,141.6155,29.9945,5.8585,0.8655
1045,558.6171,0.6274,14.1667,0.00229,1.3098,177.0776,29.7781,5.1586,0.7519
1046,608.0276,0.8302,10.3891,0.01669,9.6867,157.7493,35.8822,4.8867,0.6908
1047,478.0209,0.2830,7.6045,0.02706,12.4679,147.4026,27.6047,6.4114,0.8786
1048,781.9850,0.8494,15.8793,0.01305,9.8066,195.6577,36.0000,5.6150,0.5371
1049,845.2978,0.2212,9.0048,0.01126,8.9529,191.9089,36.0000,7.3236,0.4969
1050,419.3482,0.8322,11.7436,0.00090,0.1608,153.3844,27.2377,5.4182,1.0016
1051,560.2520,0.5832,21.3486,0.00416,2.5251,190.4495,29.4736,5.1504,0.7497
1052,836.7753,0.1348,12.6557,0.00495,4.1653,205.0000,34.1820,8.0763,0.5019
1053,842.8617,0.4542,19.3924,0.00433,2.8665,205.0000,36.0000,6.2281,0.4983
1054,841.2868,0.2491,8.5651,0.00704,5.6863,197.5265,36.0000,8.0740,0.4992
1055,781.4983,0.2927,9.0461,0.00441,3.3314,194.7969,33.7868,6.6900,0.5374
1056,957.6173,0.8021,20.9709,0.03818,36.9053,205.0000,36.0000,4.4639,0.4386
1057,249.4667,0.0638,18.9527,0.06274,15.3768,92.9039,19.4553,6.7113,1.6836
1058,616.1897,0.6255,6.8355,0.00362,1.8505,168.3953,31.4893,6.1762,0.6816
1059,892.6291,0.7423,9.3077,0.01320,11.8707,204.5331,36.0000,5.0099,0.4705
1060,534.8683,0.7412,14.8301,0.00318,1.4760,174.6093,29.9753,5.3696,0.7852
1061,659.0504,0.8169,6.7468,0.00354,2.5961,172.9890,34.3067,4.2358,0.6373
1062,808.2833,0.2613,15.2426,0.01457,11.5371,194.3944,36.0000,6.7986,0.5196
1063,364.9526,0.2178,7.2663,0.00624,2.4822,130.2679,23.6909,6.6853,1.1508
1064,397.0428,0.3643,11.0482,0.02126,8.7658,129.5777,25.8256,6.8879,1.0578
1065,389.6325,0.0975,20.1314,0.03265,13.4035,138.2462,23.4687,8.0296,1.0779
1066,584.3601,0.7507,12.6359,0.02543,14.7546,157.3152,34.5365,5.1844,0.7187
1067,461.8125,0.4241,7.0464,0.00967,4.2458,140.4333,28.2471,6.6093,0.9095
1068,474.8132,0.4467,7.3612,0.01968,9.5563,141.0511,28.8183,5.9333,0.8846
1069,573.4019,0.3547,11.2802,0.01305,6.9375,160.5643,31.0395,7.3881,0.7325
1070,527.7353,0.5108,12.3501,0.01072,5.9217,158.3027,30.9185,6.5240,0.7959
1071,817.7080,0.3257,13.7216,0.00072,0.3306,205.0000,35.1371,7.4670,0.5136
1072,563.3084,0.3514,16.2922,0.00370,1.4997,182.0399,27.7105,7.3119,0.7456
1073,373.7313,0.8116,6.8107,0.00111,0.5762,134.7755,25.7051,4.1911,1.1238
1074,436.6580,0.1893,7.1192,0.01144,4.7828,135.6389,25.6142,7.6994,0.9619
1075,448.6895,0.3559,19.6331,0.03789,17.2213,137.6095,27.3077,6.4077,0.9361
1076,534.6001,0.7878,8.7383,0.00135,0.7103,162.8517,30.3403,4.2913,0.7856
1077,566.1699,0.7339,7.3456,0.00691,4.0696,157.1327,33.8563,4.5176,0.7418
1078,636.7727,0.7252,9.6509,0.00802,4.9820,170.7874,35.9047,5.3332,0.6596
1079,812.9704,0.3813,12.2333,0.00186,1.2795,205.0000,35.4395,6.9288,0.5166
1080,875.3848,0.4136,12.4800,0.01977,17.0595,205.0000,36.0000,6.9551,0.4798
1081,346.1081,0.7350,14.8914,0.03359,11.5391,124.2912,27.2635,5.3446,1.2135
1082,959.4753,0.8270,16.4100,0.00641,5.9869,205.0000,36.0000,4.7934,0.4377
1083,729.5245,0.0718,17.4289,0.03099,23.1853,187.0928,33.4602,8.2499,0.5757
1084,205.1322,0.4286,10.3464,0.01630,3.6374,110.5296,20.5827,6.9650,2.0000
1085,803.5299,0.1170,20.1583,0.04245,34.2427,205.0000,36.0000,8.2866,0.5227
1086,809.5239,0.3079,21.8709,0.01161,9.8419,205.0000,36.0000,7.8589,0.5188
1087,504.0110,0.7390,13.7705,0.00183,0.5934,169.5913,29.0325,5.8574,0.8333
1088,707.8854,0.8075,7.9856,0.00938,6.5942,174.2438,36.0000,4.5807,0.5933
1089,678.3336,0.6512,9.6072,0.00332,1.7857,183.9574,33.5596,5.8708,0.6192
1090,938.6554,0.1198,16.1903,0.00977,9.3924,205.0000,36.0000,8.3382,0.4474
1091,219.8967,0.7541,21.3396,0.03058,6.2701,131.1374,23.6300,5.6843,1.9100
1092,587.7384,0.0869,20.0959,0.02202,12.9655,168.8476,29.3275,8.1511,0.7146
1093,579.7669,0.3117,6.5904,0.00403,2.2227,161.5741,27.8867,6.7835,0.7244
1094,924.8171,0.1956,12.8775,0.00880,8.1605,205.0000,36.0000,6.7785,0.4541
1095,691.6668,0.4935,20.6478,0.03096,21.3314,170.2540,35.6980,6.8842,0.6072
1096,651.8410,0.4992,14.8979,0.01261,7.6734,178.6702,34.5492,5.9218,0.6443
1097,578.0767,0.5842,9.9696,0.00362,2.5140,168.1138,30.0158,6.1319,0.7265
1098,774.4561,0.1498,11.3835,0.01434,11.6121,181.6712,35.4324,8.4779,0.5423
1099,489.4299,0.7977,12.8436,0.02994,14.8190,142.7603,32.0645,5.6773,0.8581
1100,771.9943,0.8182,20.5023,0.02059,15.8048,191.1336,36.0000,5.5560,0.5440
1101,510.3760,0.2902,15.1435,0.01870,9.1147,154.8197,28.6328,6.6533,0.8229
1102,936.1189,0.1330,6.7941,0.00592,5.2224,205.0000,36.0000,7.8876,0.4487
1103,600.7059,0.5923,7.8226,0.00993,5.8396,159.4686,33.7594,5.7446,0.6992
1104,840.0659,0.5610,7.8473,0.00395,3.9228,199.6438,36.0000,5.2436,0.5000
1105,704.3721,0.3653,8.9472,0.00744,5.8307,177.5123,35.0534,7.3003,0.5963
1106,532.7367,0.3135,20.1790,0.00139,0.4041,188.4152,26.4904,7.3188,0.7884
1107,941.9600,0.7075,7.6595,0.01118,11.1634,205.0000,36.0000,5.3043,0.4459
1108,863.0601,0.7791,16.9807,0.00879,7.0920,205.0000,36.0000,4.8870,0.4866
1109,658.4861,0.4363,14.0014,0.00285,1.8867,190.4252,31.2451,7.1247,0.6378
1110,263.0698,0.5822,18.0059,0.02528,7.2414,128.1424,23.5494,5.1549,1.5965
1111,520.0740,0.7750,13.6766,0.00300,1.3656,170.0952,29.8024,4.8864,0.8076
1112,208.0466,0.3993,8.6327,0.00422,0.7801,113.4829,17.4354,6.2463,2.0000
1113,533.2923,0.6597,9.5331,0.00191,0.5814,164.6875,29.2767,5.9329,0.7876
1114,747.6423,0.4689,9.0217,0.00631,4.4646,187.1720,36.0000,7.0533,0.5618
1115,462.9113,0.1192,8.7131,0.00878,4.3397,144.0580,25.8413,8.5945,0.9073
1116,737.9183,0.7654,9.4905,0.01286,9.5536,175.8264,36.0000,5.3598,0.5692
1117,565.5055,0.2581,18.9902,0.04326,24.1832,161.2504,30.0302,8.0204,0.7427
1118,479.6594,0.8301,11.0542,0.01352,6.7080,146.5106,32.0309,4.3934,0.8756
1119,870.6199,0.7713,11.4261,0.00131,0.9263,205.0000,36.0000,4.3603,0.4824
1120,446.2158,0.3651,13.1757,0.00118,0.8851,158.9716,24.3074,7.3269,0.9412
1121,905.4353,0.2666,19.8255,0.00919,8.6295,205.0000,36.0000,7.6873,0.4639
1122,691.3716,0.6047,7.1241,0.00347,2.1269,179.6994,33.5785,6.6497,0.6075
1123,726.0710,0.4468,14.8985,0.02449,18.0222,180.7828,36.0000,6.9130,0.5785
1124,245.8853,0.4653,11.4931,0.01752,4.9928,116.1835,22.0987,6.5761,1.7081
1125,777.4797,0.4143,9.9101,0.00502,3.8856,194.8758,36.0000,7.2037,0.5402
1126,742.3534,0.4320,15.4682,0.00910,7.0063,194.9692,36.0000,5.7858,0.5658
1127,581.7433,0.1637,15.0796,0.00847,4.7083,175.0784,29.7618,6.9125,0.7220
1128,232.8685,0.2191,18.9453,0.04073,9.3926,120.9462,19.7387,6.6799,1.8036
1129,499.9342,0.5255,10.0481,0.01153,5.8977,149.1209,30.2024,6.9206,0.8401
1130,296.0074,0.5374,16.5432,0.00601,2.0029,141.3898,24.1790,6.3016,1.4189
1131,615.4889,0.3286,10.8540,0.01772,10.9871,157.6162,32.0936,6.2198,0.6824
1132,475.3942,0.0768,6.9786,0.00597,2.3028,146.5959,25.8764,8.7597,0.8835
1133,676.1343,0.4617,10.6454,0.00559,3.7413,181.6090,34.9774,5.6610,0.6212
1134,777.5550,0.1683,14.6483,0.02842,21.8571,197.4926,35.6733,8.4315,0.5402
1135,818.1758,0.1115,14.8447,0.01407,11.6466,194.7622,36.0000,7.1317,0.5133
1136,351.1325,0.6694,18.2334,0.05486,19.8318,111.5254,27.1455,4.5221,1.1961
1137,433.9973,0.7398,10.9135,0.03263,14.4300,137.8358,29.9383,5.0990,0.9677
1138,336.4225,0.8147,16.4794,0.02184,7.0132,136.2890,27.6105,4.9308,1.2484
1139,449.2866,0.7474,19.7867,0.02033,9.3066,155.4491,30.4575,5.4205,0.9348
1140,629.1012,0.1961,8.8518,0.00966,6.0086,165.6203,31.4415,7.2926,0.6676
1141,584.2339,0.2520,10.7267,0.00791,4.9631,165.3151,30.5427,6.6955,0.7189
1142,450.5246,0.1306,11.2289,0.01871,9.0166,137.4459,25.5608,7.8702,0.9322
1143,392.5641,0.8225,15.4848,0.04730,18.8341,129.0036,29.4162,5.4888,1.0699
1144,951.6487,0.1311,9.1449,0.00301,2.7066,205.0000,36.0000,7.8467,0.4413
1145,271.8510,0.2308,8.7476,0.00756,2.1880,120.2087,21.0017,8.0171,1.5450
1146,846.3621,0.0904,9.6666,0.01144,9.9008,192.4695,36.0000,8.6800,0.4962
1147,791.4462,0.2690,7.7184,0.01409,11.2664,191.5226,36.0000,7.9481,0.5307
1148,747.0095,0.6060,14.4239,0.02605,19.7543,188.7783,36.0000,5.6423,0.5622
1149,417.9230,0.5692,8.6212,0.02050,8.8040,128.0908,28.0910,5.2095,1.0050
1150,379.8261,0.6541,13.2390,0.01891,7.0953,135.4901,27.6274,4.8529,1.1058
1151,584.0671,0.3502,6.9969,0.00139,0.4958,166.9126,28.3235,7.5493,0.7191
1152,673.8624,0.4417,8.4926,0.00809,5.7697,172.0699,34.7494,6.9204,0.6233
1153,230.5843,0.2514,13.8180,0.01361,3.4033,122.5002,19.9289,7.5167,1.8215
1154,196.4567,0.5006,7.3078,0.02950,6.4093,96.4451,20.8982,6.7970,2.0000
1155,331.8412,0.4850,21.0723,0.05637,18.7334,108.7781,25.1308,6.6914,1.2657
1156,895.2034,0.0879,7.2735,0.01106,10.4496,205.0000,36.0000,7.4623,0.4692
1157,453.6261,0.2219,14.3623,0.00156,0.2398,164.1133,23.3843,6.6679,0.9259
1158,449.5212,0.1883,13.9802,0.00591,3.0587,156.4555,25.9923,7.6459,0.9343
1159,355.0050,0.2372,16.2536,0.05042,18.2160,117.2605,23.6890,7.0717,1.1831
1160,661.5594,0.5823,9.7543,0.00556,3.7983,177.3371,35.5055,5.1542,0.6349
1161,382.3494,0.5110,19.8296,0.00854,3.3803,158.5409,26.5585,6.9481,1.0985
1162,848.8088,0.2691,18.0197,0.00828,7.4036,205.0000,36.0000,7.6153,0.4948
1163,444.8541,0.6833,16.7543,0.04639,20.7472,139.1508,29.8480,5.7166,0.9441
1164,726.8389,0.5050,11.7708,0.01005,7.9989,182.3240,36.0000,6.9347,0.5778
1165,292.2356,0.6707,15.7765,0.00634,1.9212,139.3170,25.1330,4.7829,1.4372
1166,831.4699,0.2664,8.3696,0.00576,4.7079,197.7763,36.0000,7.0483,0.5051
1167,559.5394,0.2919,15.3418,0.02175,12.2643,155.7014,30.1212,6.3741,0.7506
1168,242.6604,0.1345,11.8936,0.02268,5.5386,115.3802,19.3556,8.3030,1.7308
1169,453.9392,0.7956,13.2995,0.00422,2.0143,157.9183,27.9827,4.2586,0.9252
1170,926.3013,0.4585,14.0114,0.02357,22.3198,205.0000,36.0000,6.0927,0.4534
1171,286.4175,0.4211,19.1324,0.00388,1.1147,147.6016,19.9610,6.8271,1.4664
1172,272.9777,0.4914,8.6422,0.04921,14.2646,114.1898,23.2300,6.2205,1.5386
1173,438.2385,0.3328,11.5861,0.00847,3.5777,148.3543,26.8095,6.6421,0.9584
1174,602.8191,0.2690,18.3357,0.00098,0.5767,194.4926,28.2362,6.4704,0.6967
1175,396.6878,0.2248,17.7108,0.00142,0.5407,162.2773,21.6988,8.0403,1.0588
1176,302.2702,0.7869,9.5102,0.00676,1.8496,127.1938,26.3634,4.8357,1.3895
1177,949.3166,0.3032,20.8958,0.02036,19.4773,205.0000,36.0000,7.9159,0.4424
1178,303.2338,0.5992,9.2703,0.01125,3.5146,123.1476,24.8905,6.1534,1.3851
1179,826.1847,0.4922,20.1942,0.02423,19.8018,189.7909,36.0000,6.0467,0.5084
1180,852.8671,0.7050,20.6429,0.00068,0.5563,205.0000,36.0000,5.4917,0.4925
1181,199.7061,0.7156,21.6307,0.02487,5.0908,131.3438,22.7164,5.4039,2.0000
1182,905.7225,0.7113,7.2109,0.00764,7.1079,201.0851,36.0000,4.6124,0.4637
1183,261.4598,0.3236,9.4731,0.01740,5.0496,113.9506,21.4326,7.4919,1.6064
1184,873.2419,0.3496,21.9436,0.01977,17.4191,205.0000,36.0000,7.1799,0.4810
1185,619.7797,0.7632,21.3397,0.01531,9.9332,183.0611,35.6988,5.0437,0.6777
1186,791.6387,0.1315,9.8843,0.00369,3.1347,198.5949,32.8008,8.5744,0.5305
1187,563.0544,0.2609,18.0078,0.03230,18.3648,150.2434,29.9785,8.0714,0.7459
1188,335.9629,0.2309,9.3832,0.00995,3.4720,128.3991,22.9262,6.6301,1.2501
1189,301.9313,0.0860,12.0850,0.00325,1.1045,134.4468,17.7456,8.1848,1.3910
1190,489.6354,0.4418,12.2538,0.01040,5.2680,153.8142,29.2232,6.7982,0.8578
1191,676.3850,0.7774,18.8651,0.02364,15.6347,173.5645,36.0000,4.3349,0.6209
1192,727.5569,0.7626,8.8225,0.00798,5.7682,180.8529,36.0000,4.3972,0.5773
1193,521.7292,0.2315,17.6311,0.01519,7.8942,164.6806,28.5035,7.1952,0.8050
1194,523.1942,0.6202,17.3803,0.00330,1.6951,177.9866,28.6572,6.5387,0.8028
1195,793.2076,0.4167,17.9140,0.01687,13.6356,193.3935,36.0000,6.2662,0.5295
1196,351.3140,0.8396,16.1802,0.04989,17.4461,115.6897,28.3833,4.9690,1.1955
1197,661.0747,0.6370,17.1637,0.00680,4.3806,192.2839,35.9281,5.1855,0.6353
1198,715.0696,0.8368,18.3044,0.00449,2.8824,205.0000,36.0000,4.3061,0.5874
1199,735.1010,0.1243,9.6931,0.01785,13.5366,183.7208,34.0477,7.5731,0.5714
1200,724.5520,0.6243,20.7383,0.02644,19.1454,177.1871,36.0000,6.2514,0.5797
1201,283.6738,0.6764,7.7484,0.00880,2.7817,118.4776,24.9216,6.2494,1.4806
1202,464.3865,0.4605,10.0238,0.00494,2.1103,152.0677,25.6159,7.0072,0.9044
1203,354.1809,0.4910,18.3749,0.07035,25.2878,108.4896,26.2130,6.0209,1.1858
1204,284.4216,0.4551,21.3548,0.00373,1.0460,152.3426,20.1732,5.8095,1.4767
1205,284.1769,0.8530,12.5294,0.03672,10.3571,112.4057,26.3489,5.3243,1.4780
1206,518.6983,0.3287,16.0470,0.02318,11.9337,151.8541,29.1907,6.8241,0.8097
1207,787.7387,0.3001,19.0991,0.02258,17.4971,186.6851,36.0000,6.3396,0.5332
1208,680.1585,0.5967,12.0940,0.01421,9.4339,172.8760,36.0000,5.4201,0.6175
1209,472.6145,0.1491,15.9637,0.00547,2.6370,165.2110,26.3710,8.5506,0.8887
1210,433.9045,0.4390,21.1811,0.01911,7.6873,159.7721,27.5290,6.5719,0.9680
1211,315.6769,0.7254,12.2723,0.03540,11.1226,114.8809,26.2733,4.9861,1.3305
1212,618.0349,0.3971,7.8251,0.00167,1.5863,171.4306,29.7181,6.6594,0.6796
1213,369.5200,0.2176,11.1350,0.00915,3.2429,137.7908,23.8266,7.8805,1.1366
1214,519.7243,0.8193,6.9184,0.00292,2.0701,153.6248,30.1460,4.1590,0.8081
1215,806.0044,0.6021,18.4365,0.00876,7.1431,205.0000,36.0000,5.5639,0.5211
1216,353.7417,0.5192,10.3471,0.02557,9.5419,119.8326,25.7655,6.2646,1.1873
1217,222.8621,0.0766,8.0342,0.01437,2.4348,110.7480,18.2988,8.1235,1.8846
1218,643.1057,0.3081,14.6760,0.00812,5.0742,182.5897,32.7581,7.3759,0.6531
1219,618.8492,0.7121,19.2157,0.02958,17.9495,160.6132,35.2621,4.9073,0.6787
1220,374.3278,0.7062,17.6690,0.02370,9.0291,140.1569,27.8796,5.6601,1.1220
1221,713.0276,0.6934,18.9211,0.02716,19.7081,173.6854,36.0000,5.4975,0.5890
1222,333.3727,0.7113,10.2196,0.00649,2.3679,132.2797,26.6915,5.9160,1.2599
1223,357.9278,0.1477,9.3247,0.01382,5.0638,128.0633,22.9198,7.6352,1.1734
1224,299.2068,0.4523,10.3539,0.00895,2.5557,127.0370,23.5944,6.8450,1.4037
1225,266.5999,0.2107,18.2413,0.03938,10.4605,122.1076,20.6833,7.8711,1.5754
1226,397.9899,0.1636,14.2243,0.03799,14.8215,126.0123,24.2482,6.9130,1.0553
1227,849.9513,0.5182,11.6062,0.02346,19.8610,205.0000,36.0000,5.4236,0.4941
1228,490.5497,0.6049,10.5835,0.01345,6.3687,147.8551,30.5555,6.4171,0.8562
1229,680.8497,0.2307,16.9106,0.01009,7.0679,188.7813,33.2712,7.3922,0.6169
1230,233.9278,0.0626,6.5131,0.01547,3.7378,106.1949,18.5190,8.7775,1.7954
1231,274.1971,0.2117,12.6697,0.05688,15.7651,101.2975,21.2285,7.3219,1.5317
1232,267.4077,0.3242,7.1939,0.00757,2.0005,116.5367,21.6155,6.2386,1.5706
1233,252.8323,0.5760,20.7113,0.01642,4.2460,139.1487,23.1928,5.2324,1.6612
1234,786.7582,0.0713,20.9889,0.03663,28.1324,198.7293,35.1735,7.3004,0.5338
1235,221.3594,0.0950,18.7780,0.00504,0.5404,138.3266,18.4006,7.9019,1.8974
1236,808.5822,0.5664,14.8997,0.00206,1.4852,205.0000,36.0000,6.3450,0.5194
1237,941.2280,0.4319,20.9701,0.00333,3.2215,205.0000,36.0000,6.0703,0.4462
1238,324.2810,0.5613,13.3338,0.02718,9.2517,122.6229,25.2189,5.8664,1.2952
1239,766.5376,0.2720,10.0306,0.00933,6.7520,187.1936,36.0000,7.5720,0.5479
1240,900.9719,0.4643,12.4118,0.01140,9.9553,205.0000,36.0000,5.6500,0.4662
1241,446.7515,0.6854,19.5124,0.00236,0.4619,173.9239,26.8854,5.5374,0.9401
1242,431.6538,0.4480,18.5492,0.01902,8.6494,151.5277,27.5335,7.2294,0.9730
1243,502.4648,0.6075,20.8122,0.01693,8.8989,166.5789,30.9336,5.8793,0.8359
1244,903.0069,0.8486,10.3211,0.00594,5.3500,205.0000,36.0000,4.0358,0.4651
1245,218.3226,0.3729,9.9859,0.01073,1.6960,115.9861,20.5330,6.6155,1.9238
1246,397.2584,0.6642,20.4235,0.01141,3.7209,161.3344,28.2313,5.6864,1.0572
1247,507.9758,0.6455,21.1502,0.04330,21.8177,142.6647,31.4036,5.9183,0.8268
1248,677.0259,0.6298,7.3233,0.00602,4.3571,173.0795,36.0000,5.7833,0.6204
1249,732.4005,0.7466,7.9959,0.00006,-0.3215,193.1582,35.9445,5.5331,0.5735
1250,255.3261,0.5978,10.3327,0.03806,9.4880,105.1573,23.4420,5.0893,1.6450
1251,762.3766,0.7364,12.6231,0.02219,17.7099,190.5475,36.0000,5.3896,0.5509
1252,432.5343,0.0914,17.7665,0.01212,5.5569,156.7411,24.7075,8.0366,0.9710
1253,812.8411,0.7926,12.5068,0.01114,8.7926,195.0975,36.0000,4.3761,0.5167
1254,384.8275,0.8111,20.0676,0.03122,11.8533,140.7956,29.0336,4.1934,1.0914
1255,708.0304,0.6334,18.7661,0.01173,7.9825,194.9285,36.0000,6.4797,0.5932
1256,646.0697,0.4557,17.4907,0.02842,18.3968,163.9039,34.0275,6.6830,0.6501
1257,222.1528,0.1066,7.7781,0.02242,4.6560,105.1915,18.5175,8.4107,1.8906
1258,568.1389,0.2975,6.8950,0.00674,3.9146,156.7777,30.4244,7.5219,0.7393
1259,953.7322,0.1625,10.5716,0.00208,1.6618,205.0000,36.0000,8.4888,0.4404
1260,690.3029,0.2983,14.9568,0.00463,3.4756,193.8041,31.0954,6.5655,0.6084
1261,608.9255,0.2794,21.5677,0.00009,0.3918,202.9257,28.5034,7.9444,0.6897
1262,782.5538,0.3491,15.0186,0.00218,1.5191,205.0000,34.2691,6.1340,0.5367
1263,919.6621,0.3516,15.6705,0.00776,7.7890,205.0000,36.0000,6.1233,0.4567
1264,741.4153,0.3653,17.5059,0.02302,16.9258,177.4885,36.0000,6.8377,0.5665
1265,945.5131,0.1265,15.0550,0.01284,11.5683,205.0000,36.0000,8.6134,0.4442
1266,767.2857,0.4923,17.8327,0.01173,9.2051,199.0734,36.0000,6.5541,0.5474
1267,928.2224,0.5838,21.9078,0.01732,15.9717,205.0000,36.0000,5.1482,0.4525
1268,595.3986,0.3108,20.3443,0.02756,16.5272,162.7072,31.3487,7.1599,0.7054
1269,650.2933,0.1077,16.9392,0.00064,0.5023,198.7050,28.3703,8.6944,0.6459
1270,570.7265,0.3406,17.3300,0.03199,18.0628,152.2212,30.8462,6.8089,0.7359
1271,252.2914,0.6146,17.7254,0.02155,5.1409,130.5297,23.4857,6.5536,1.6647
1272,367.3779,0.3214,9.4940,0.03191,11.9650,125.5427,24.5926,6.2501,1.1432
1273,615.8869,0.6373,7.1255,0.00887,5.6280,160.6775,34.5747,5.5866,0.6819
1274,659.7862,0.8271,10.2189,0.00001,0.3645,185.6477,34.4102,4.8781,0.6366
1275,760.2100,0.4666,16.4274,0.02208,17.3228,181.0014,36.0000,7.0244,0.5525
1276,207.3270,0.3257,18.2016,0.01856,3.9948,127.3541,19.8251,6.2627,2.0000
1277,531.6797,0.0849,12.6214,0.00333,1.9854,168.1511,24.6292,8.2575,0.7899
1278,630.6028,0.5883,15.9265,0.04478,28.3855,187.0003,34.6241,6.4360,0.6660
1279,602.5909,0.3981,7.5791,0.00173,0.3745,171.2388,29.2628,5.9907,0.6970
1280,758.6818,0.6666,7.6369,0.00393,3.6780,187.5117,36.0000,4.9429,0.5536
1281,222.1865,0.0839,8.0461,0.01268,2.6467,110.2067,18.3368,8.4441,1.8903
1282,265.9009,0.3053,6.8966,0.01474,3.5146,112.3256,21.4195,7.1071,1.5795
1283,264.1210,0.1378,16.6486,0.02230,6.0627,127.9071,20.0262,8.4966,1.5902
1284,777.5977,0.4373,12.7562,0.00009,-0.1838,205.0000,34.8261,7.1871,0.5401
1285,882.4273,0.2028,18.6731,0.01467,12.7871,205.0000,36.0000,7.0591,0.4760
1286,296.7569,0.1659,6.7240,0.00539,1.7574,120.4399,21.2297,7.6698,1.4153
1287,694.9893,0.1065,13.0603,0.00029,0.0624,197.8437,29.7019,8.3834,0.6043
1288,799.5748,0.4337,18.8645,0.01119,8.8718,205.0000,36.0000,5.8813,0.5253
1289,778.0129,0.5329,7.4524,0.00448,3.7151,189.9239,35.6035,5.5737,0.5398
1290,790.1458,0.4853,18.9475,0.00410,2.4479,205.0000,35.5867,6.2483,0.5315
1291,500.9627,0.3541,9.1168,0.00423,1.8717,156.0836,25.8615,6.1129,0.8384
1292,703.8415,0.7525,17.0672,0.01289,9.0001,188.3239,36.0000,5.2858,0.5967
1293,403.2463,0.6557,14.1068,0.01373,5.7273,143.9218,28.3428,5.6694,1.0415
1294,676.5053,0.8585,6.6702,0.01405,9.3551,172.3827,36.0000,3.9943,0.6208
1295,898.3262,0.5752,14.3011,0.00039,0.2450,205.0000,36.0000,6.3276,0.4675
1296,191.9613,0.3940,20.2772,0.06807,13.0243,87.1391,20.5108,5.3212,2.0000
1297,210.0944,0.5155,12.4436,0.03035,5.6774,111.3999,21.4267,5.4349,1.9991
1298,787.3539,0.2200,13.9706,0.00757,5.4117,201.9327,36.0000,7.6667,0.5334
1299,944.3693,0.6171,19.9382,0.01118,10.4173,205.0000,36.0000,5.9827,0.4447
1300,729.4555,0.5420,20.9453,0.01388,10.6576,197.0514,36.0000,6.1611,0.5758
1301,846.0991,0.0993,18.6205,0.01470,12.9200,204.4559,36.0000,7.9150,0.4964
1302,884.6189,0.2334,18.6576,0.00133,1.2797,205.0000,36.0000,8.0428,0.4748
1303,799.7828,0.2738,13.2137,0.01532,12.1518,187.3037,36.0000,7.6205,0.5251
1304,635.2319,0.6939,15.5933,0.01945,13.4916,164.9084,35.6085,4.7402,0.6612
1305,955.7870,0.4387,13.3069,0.00058,0.3797,205.0000,36.0000,6.9286,0.4394
1306,617.6718,0.2906,11.6148,0.00183,1.0589,180.8737,28.8551,6.9351,0.6800
1307,591.1418,0.8526,18.5577,0.02899,16.9800,157.1423,35.5548,4.8162,0.7105
1308,263.4244,0.4259,8.5926,0.01058,3.3174,116.1191,22.3100,7.2012,1.5944
1309,619.3089,0.2858,15.1906,0.00380,2.3832,186.0727,28.8656,7.3658,0.6782
1310,876.2097,0.3782,17.4868,0.00385,3.5874,205.0000,36.0000,7.0549,0.4793
1311,856.9163,0.8273,17.3731,0.00316,2.2650,205.0000,36.0000,4.9218,0.4901
1312,306.9607,0.8462,21.2731,0.03314,9.4406,137.0757,26.9788,4.8992,1.3683
1313,716.7199,0.7015,7.9726,0.00762,5.0082,179.0296,36.0000,6.2045,0.5860
1314,938.9687,0.4459,7.5051,0.00146,1.9158,205.0000,36.0000,6.1014,0.4473
1315,339.8838,0.8345,17.1768,0.00694,2.4451,148.3925,27.8728,5.2919,1.2357
1316,284.2760,0.7928,16.8959,0.04454,13.2631,115.6336,25.8704,5.4320,1.4774
1317,240.2408,0.4555,13.7789,0.00527,1.0844,128.9639,21.8509,6.8572,1.7482
1318,432.6734,0.6635,19.2138,0.00909,3.9898,163.3937,29.2882,6.2952,0.9707
1319,524.3534,0.2061,7.9523,0.02761,14.4564,157.9622,28.3795,6.7343,0.8010
1320,349.4745,0.4323,19.8782,0.05577,20.0279,107.1951,25.2228,5.4073,1.2018
1321,766.3659,0.5135,18.0505,0.00073,0.6819,205.0000,35.0989,5.9205,0.5480
1322,218.9019,0.5409,16.5295,0.00224,0.4915,133.1189,18.8941,6.2551,1.9187
1323,203.5500,0.2493,15.0801,0.00424,0.4306,127.7613,16.1007,7.6229,2.0000
1324,239.3817,0.1320,15.0622,0.06463,15.2122,82.0045,19.7478,7.5967,1.7545
1325,599.8641,0.4359,13.6153,0.01178,6.9481,169.6474,32.4831,6.8789,0.7002
1326,406.6199,0.6736,14.8005,0.03248,13.3750,129.1292,28.5870,5.4327,1.0329
1327,511.7938,0.7627,14.3746,0.02096,10.9410,149.3230,32.4558,5.5072,0.8206
1328,786.7665,0.2519,19.5080,0.01618,13.1066,197.0980,36.0000,7.1769,0.5338
1329,222.3762,0.7382,7.0589,0.00439,0.4314,112.9370,20.5770,4.4995,1.8887
1330,242.5930,0.1287,13.6151,0.00620,1.5097,128.0208,19.3075,7.9898,1.7313
1331,551.4429,0.2143,12.8923,0.01204,6.4931,161.7948,29.2573,7.4554,0.7616
1332,372.1126,0.8071,15.5163,0.02192,7.7938,137.8062,28.6200,4.9717,1.1287
1333,468.6393,0.7867,20.1256,0.02266,11.0500,155.2623,31.3528,5.4482,0.8962
1334,363.3085,0.1959,11.6096,0.03566,13.4805,123.6123,23.4664,7.1081,1.1560
1335,522.0282,0.4032,15.8874,0.04215,21.7199,156.1356,29.8861,6.2656,0.8046
1336,357.6197,0.5547,17.1591,0.00190,0.1641,156.0320,23.1663,5.2702,1.1744
1337,899.5000,0.7758,21.7140,0.02449,21.8711,200.2706,36.0000,4.3416,0.4669
1338,885.1588,0.2662,9.9044,0.01051,8.9394,199.8968,36.0000,7.0711,0.4745
1339,355.7577,0.8002,14.1190,0.02906,9.8600,127.7335,28.0746,4.3027,1.1806
1340,662.9685,0.3193,13.8086,0.01237,8.5981,175.9084,33.4433,6.8514,0.6335
1341,436.2564,0.8285,18.9979,0.00697,2.9400,165.7659,30.7156,4.9714,0.9627
1342,476.9830,0.5973,15.8401,0.04981,23.7603,149.2626,30.2127,4.9232,0.8805
1343,225.2116,0.2296,15.6547,0.05422,12.1455,97.4628,19.8326,6.9514,1.8649
1344,430.3506,0.2787,12.7479,0.03118,14.0322,132.3781,26.1398,7.8937,0.9759
1345,397.4182,0.1941,14.1850,0.00848,3.2730,148.6192,24.4751,6.7849,1.0568
1346,352.4969,0.3234,9.3939,0.01526,5.9129,125.5327,24.1623,7.4644,1.1915
1347,941.7210,0.7782,15.8435,0.00366,3.2123,205.0000,36.0000,5.7453,0.4460
1348,918.8275,0.4832,14.0815,0.00145,1.4502,205.0000,36.0000,7.0247,0.4571
1349,504.0094,0.6007,8.5880,0.01188,5.5938,147.1885,30.9263,5.7376,0.8333
1350,643.2574,0.6555,20.0423,0.01134,7.1420,189.8692,35.5417,5.7360,0.6529
1351,537.8753,0.8250,13.5218,0.01313,7.0985,159.8126,33.7361,4.3193,0.7809
1352,410.4300,0.1667,20.3273,0.01122,4.1359,162.1856,24.6461,6.9001,1.0233
1353,556.4731,0.4887,9.1847,0.00995,5.2602,157.1048,31.6041,5.5473,0.7548
1354,236.5651,0.6315,19.9643,0.03178,7.3831,128.1634,23.1490,4.9477,1.7754
1355,883.7879,0.2341,19.9518,0.00210,1.8884,205.0000,36.0000,6.7967,0.4752
1356,830.3024,0.7376,17.6521,0.01383,11.4631,203.1611,36.0000,4.5021,0.5058
1357,545.2623,0.7058,20.3848,0.01610,8.6429,172.6216,33.0043,4.6356,0.7703
1358,881.8039,0.4727,18.4390,0.00951,7.8515,205.0000,36.0000,5.6174,0.4763
1359,266.3358,0.3404,18.6550,0.05889,15.6337,97.9878,22.0740,5.6845,1.5770
1360,453.8680,0.6590,21.3817,0.02232,10.5619,156.8837,29.8883,6.3032,0.9254
1361,895.9393,0.1648,9.8272,0.00152,1.3562,205.0000,36.0000,8.0515,0.4688
1362,497.9112,0.1765,12.4591,0.01846,9.0734,147.1352,27.3491,6.9287,0.8435
1363,382.5057,0.5754,15.4777,0.02896,11.1287,131.9437,27.0785,5.7372,1.0980
1364,298.5681,0.3990,10.8798,0.00554,2.3694,128.5080,23.1487,6.2280,1.4067
1365,379.6532,0.3628,7.8202,0.01909,6.3598,125.1609,25.2919,6.2985,1.1063
1366,568.6740,0.0967,16.3396,0.00567,3.4136,178.7384,28.8341,8.0831,0.7386
1367,760.4820,0.8039,7.7534,0.00025,0.0387,196.0448,36.0000,4.9588,0.5523
1368,660.5729,0.4760,9.2793,0.01344,9.7720,165.1700,34.6248,7.1965,0.6358
1369,900.2425,0.7422,11.0723,0.00129,1.4037,205.0000,36.0000,5.8761,0.4665
1370,807.0324,0.7078,14.2757,0.01791,14.6923,186.9715,36.0000,5.2757,0.5204
1371,361.9661,0.2531,21.1040,0.06577,23.7883,104.8491,24.4241,6.5730,1.1603
1372,488.3245,0.2655,13.9559,0.01087,4.9846,157.9856,27.7735,6.7500,0.8601
1373,264.1898,0.8531,8.4393,0.03613,9.9504,107.9528,25.7501,5.0436,1.5898
1374,565.9119,0.1803,15.2217,0.01115,6.4494,169.1859,29.4194,7.5340,0.7422
1375,734.8070,0.3369,17.0736,0.01233,8.7182,193.6028,35.7390,6.9539,0.5716
1376,801.4719,0.4904,21.0402,0.01067,8.9513,205.0000,36.0000,6.3961,0.5240
1377,363.0142,0.2205,10.0934,0.00878,3.2103,134.5949,23.6545,7.3477,1.1570
1378,614.6816,0.4280,6.8803,0.01426,8.8737,161.5876,32.8645,7.0307,0.6833
1379,524.1287,0.2981,6.8554,0.00215,1.0749,156.3364,26.1083,7.5128,0.8013
1380,205.9754,0.6291,18.8929,0.05480,11.1909,103.2399,22.4664,5.9714,2.0000
1381,454.6425,0.4125,6.9634,0.01431,7.2209,133.7628,27.9394,5.8674,0.9238
1382,714.8685,0.1012,14.8644,0.00642,4.8312,194.3033,33.2555,8.1721,0.5875
1383,520.0391,0.4250,9.5852,0.01468,7.5459,147.4924,30.0009,6.8495,0.8076
1384,710.8041,0.3758,11.7764,0.00675,4.0466,188.6262,35.3307,6.0216,0.5909
1385,452.3036,0.8272,17.0839,0.01145,4.9120,159.6238,31.1870,4.1256,0.9286
1386,384.4849,0.4975,20.1339,0.00430,1.6802,163.2708,23.5142,6.0885,1.0924
1387,705.0173,0.2741,19.7884,0.00295,1.7471,205.0000,31.3436,7.1077,0.5957
1388,650.7762,0.7361,7.3261,0.00855,5.5030,166.6271,36.0000,6.0008,0.6454
1389,870.8824,0.0838,14.5636,0.01360,12.0607,201.1387,36.0000,7.9309,0.4823
1390,445.7629,0.0959,9.3921,0.01347,6.3135,138.6373,25.1404,7.2622,0.9422
1391,206.7189,0.2351,10.3965,0.02771,5.7799,106.1643,19.0820,7.7625,2.0000
1392,673.7480,0.1575,19.6350,0.01643,11.1414,184.7482,32.4727,6.9383,0.6234
1393,524.3130,0.7274,6.9168,0.00121,0.7080,157.3063,29.5487,5.0547,0.8010
1394,751.7433,0.5168,18.3893,0.02280,17.6998,179.2784,36.0000,6.8589,0.5587
1395,773.6109,0.4086,9.3669,0.00180,1.7126,197.8811,34.4772,7.3736,0.5429
1396,210.7913,0.8539,14.8629,0.03502,6.8956,114.1468,24.1553,4.4602,1.9925
1397,380.4949,0.7311,16.0041,0.03051,11.7161,131.5078,28.2634,4.6687,1.1038
1398,387.6243,0.6904,8.9506,0.01784,7.1595,127.0842,28.1520,4.7003,1.0835
1399,685.5462,0.5819,8.2680,0.00128,0.7794,184.3068,33.2218,6.4355,0.6127
1400,664.6140,0.4775,17.6252,0.01389,9.1347,183.3712,34.7582,5.8420,0.6319
1401,889.5808,0.2721,13.3615,0.01097,9.3760,205.0000,36.0000,7.6183,0.4721
1402,316.3247,0.0785,8.7637,0.02690,8.5483,112.9226,21.1180,8.7028,1.3277
1403,634.1382,0.5538,9.5467,0.00338,1.8253,177.1078,31.4546,5.5826,0.6623
1404,899.1325,0.6604,19.0189,0.00793,7.1199,205.0000,36.0000,5.9634,0.4671
1405,959.3458,0.7313,11.2548,0.00002,0.7662,205.0000,36.0000,5.0787,0.4378
1406,706.5081,0.1256,21.4738,0.01169,8.5804,199.3417,33.2003,8.4923,0.5945
1407,309.5231,0.3434,16.0854,0.01960,6.0652,133.4730,23.0327,7.1856,1.3569
1408,216.5651,0.5015,16.2133,0.02068,5.0636,122.0140,21.5087,5.5955,1.9394
1409,233.7119,0.1951,12.0823,0.02779,6.8379,111.5946,19.5722,7.2317,1.7971
1410,506.7433,0.2761,17.3163,0.01415,7.4415,162.7361,28.4113,7.3660,0.8288
1411,190.6066,0.3568,11.8155,0.00275,0.8035,117.8174,16.5723,6.1016,2.0000
1412,267.2171,0.3926,8.4829,0.00018,-0.4515,124.7384,19.1569,6.4550,1.5718
1413,583.7296,0.4774,8.7927,0.01053,5.8258,159.0866,32.3308,6.9351,0.7195
1414,324.3925,0.1675,10.0008,0.04828,15.5620,122.6792,22.1574,6.7815,1.2947
1415,728.6237,0.3677,13.7775,0.00922,6.8970,189.4308,35.8006,7.2592,0.5764
1416,313.0240,0.6142,9.8615,0.00535,2.1844,128.8432,25.3043,5.0204,1.3418
1417,527.7567,0.1291,10.8129,0.01294,6.9855,152.5836,27.8657,7.4268,0.7958
1418,811.5802,0.5825,12.8201,0.00885,7.7849,197.8146,36.0000,5.1535,0.5175
1419,214.2620,0.4888,21.0854,0.04958,10.7525,115.3870,21.4572,5.3869,1.9602
1420,548.4410,0.2805,19.7373,0.02080,11.7827,164.7662,29.6976,7.6702,0.7658
1421,957.2373,0.3750,14.7492,0.00368,3.7143,205.0000,36.0000,6.7847,0.4388
1422,500.2092,0.5328,7.2162,0.01104,5.3841,144.0620,30.2687,5.4965,0.8396
1423,526.6428,0.1832,12.2497,0.00172,0.5089,169.8262,25.2648,7.4150,0.7975
1424,675.7953,0.5794,8.5045,0.00147,0.9954,182.8894,32.9090,5.1665,0.6215
1425,331.1209,0.4376,15.2907,0.02934,9.7047,126.9575,24.4345,7.1921,1.2684
1426,698.4928,0.3503,9.5855,0.01814,12.7382,176.7098,34.7569,6.4878,0.6013
1427,903.4794,0.3096,9.8690,0.01630,13.8601,205.0000,36.0000,6.6211,0.4649
1428,288.0774,0.3457,16.7273,0.00638,2.4663,139.5858,22.4082,6.8730,1.4579
1429,192.4585,0.3099,8.1346,0.01968,4.1957,102.5342,19.2532,7.3213,2.0000
1430,837.5117,0.6573,12.5516,0.00569,5.3163,205.0000,36.0000,4.8394,0.5015
1431,510.0469,0.2014,13.4243,0.00724,4.3043,161.5712,27.9126,7.3330,0.8235
1432,195.0176,0.7661,7.6198,0.00214,0.6283,109.6340,19.9791,4.3825,2.0000
1433,323.7620,0.3711,17.5614,0.02020,6.3433,138.2440,23.6819,6.8512,1.2972
1434,927.8827,0.6580,10.4287,0.00321,3.0687,205.0000,36.0000,6.2472,0.4526
1435,840.6112,0.4366,13.0244,0.00445,4.1307,205.0000,36.0000,6.9981,0.4996
1436,902.0098,0.2117,9.8094,0.00901,7.9338,204.4277,36.0000,7.2243,0.4656
1437,754.9357,0.1263,7.0452,0.00489,3.4511,186.1474,31.6588,7.0693,0.5563
1438,560.6984,0.8115,12.0619,0.00922,5.2845,164.0149,34.3129,5.0023,0.7491
1439,523.8303,0.0609,15.4675,0.01111,6.1023,164.1779,27.2019,8.3516,0.8018
1440,276.2821,0.5792,16.8553,0.00863,2.5791,137.8500,23.9217,5.1675,1.5202
1441,270.9600,0.7096,10.8796,0.02772,7.6632,112.7200,24.8056,5.7234,1.5500
1442,420.4573,0.4045,12.3275,0.02807,11.9701,128.8549,26.8497,7.3248,0.9989
1443,242.6529,0.4935,6.6584,0.00549,1.1865,113.4361,22.2273,5.9206,1.7309
1444,223.5422,0.1442,10.1083,0.01226,2.3077,115.6926,18.8600,7.0707,1.8788
1445,537.5091,0.0918,9.5422,0.00942,5.1043,155.3898,27.8600,8.7225,0.7814
1446,739.3827,0.3529,9.3147,0.00020,-0.0954,196.6096,33.0046,6.1179,0.5680
1447,334.3380,0.2465,17.0818,0.01559,5.3624,140.9334,23.0025,8.0241,1.2562
1448,639.8782,0.7409,16.4994,0.01592,10.0328,175.2083,36.0000,4.8347,0.6564
1449,769.6500,0.5835,7.8469,0.00251,2.4797,192.2553,35.7572,6.1988,0.5457
1450,542.8213,0.5245,18.3462,0.02547,13.5158,157.0499,31.4809,6.4861,0.7737
1451,929.3718,0.7310,11.0735,0.00090,1.4955,205.0000,36.0000,4.7166,0.4519
1452,515.5708,0.3549,21.7747,0.04904,25.6535,146.9081,29.4113,6.6855,0.8146
1453,326.8986,0.8509,19.6024,0.00042,0.1184,156.8994,24.6141,4.3364,1.2848
1454,754.1296,0.2223,20.1723,0.03465,25.9736,190.8822,35.4021,6.6665,0.5569
1455,691.2343,0.7458,7.0989,0.00982,7.0367,168.8220,36.0000,5.4739,0.6076
1456,604.7979,0.3069,12.7668,0.01335,7.7817,166.6868,31.5994,6.5976,0.6944
1457,744.4300,0.1093,11.0116,0.00693,4.9993,189.8916,34.2074,8.1623,0.5642
1458,928.8095,0.7578,7.4783,0.00380,3.4420,205.0000,36.0000,5.5164,0.4522
1459,478.7017,0.7318,13.8699,0.00085,0.6121,165.9724,28.2157,5.1434,0.8774
1460,247.3479,0.4694,18.0319,0.04830,12.2137,111.6696,22.2617,6.6497,1.6980
1461,675.1147,0.5925,21.6806,0.04907,33.2837,187.8036,36.0000,6.5682,0.6221
1462,404.4581,0.6455,19.1684,0.01831,7.5420,151.2468,28.2978,6.0503,1.0384
1463,759.5533,0.1812,17.0685,0.00337,2.5286,205.0000,32.2360,7.3582,0.5530
1464,865.1607,0.8063,13.3803,0.01920,17.2137,203.2075,36.0000,4.5997,0.4855
1465,944.5442,0.6506,18.4632,0.01723,16.6624,205.0000,36.0000,6.4558,0.4447
1466,896.8823,0.3391,20.2546,0.01989,17.4199,205.0000,36.0000,6.9457,0.4683
1467,475.6009,0.6419,19.3100,0.04887,23.5820,141.9458,30.5036,4.7687,0.8831
1468,954.5037,0.8155,11.8505,0.00455,4.3751,205.0000,36.0000,4.1748,0.4400
1469,913.5941,0.0971,17.8235,0.00478,4.6416,205.0000,36.0000,8.2735,0.4597
1470,425.5558,0.2636,14.2394,0.02888,12.8972,131.7863,25.8758,6.6641,0.9869
1471,431.1767,0.2979,19.6500,0.03324,14.5471,140.9030,26.3186,7.1131,0.9741
1472,451.9167,0.7982,15.6397,0.00043,0.5954,165.8851,27.9434,4.7618,0.9294
1473,239.4381,0.4759,19.4106,0.00449,1.1884,141.0044,18.9903,7.0563,1.7541
1474,816.5857,0.5521,9.9084,0.00343,2.6461,203.4649,36.0000,6.5932,0.5143
1475,690.0400,0.1992,15.0696,0.00904,6.1140,188.2083,33.2951,8.2584,0.6087
1476,446.7611,0.6883,8.4785,0.01094,5.0869,139.4758,29.9091,4.7092,0.9401
1477,242.0058,0.7006,10.6358,0.00473,0.9427,122.6256,20.8650,5.9910,1.7355
1478,263.8768,0.6240,10.5261,0.03192,8.8676,108.2301,23.9079,5.5633,1.5917
1479,920.6608,0.4727,17.3092,0.01358,11.9888,205.0000,36.0000,6.8129,0.4562
1480,662.9931,0.7106,20.6214,0.00843,5.7989,197.0585,36.0000,5.1460,0.6335
1481,848.7182,0.1212,9.0200,0.00172,1.3513,205.0000,34.4310,7.5586,0.4949
1482,236.6191,0.8021,16.3501,0.07107,17.1657,76.7392,25.1928,4.8753,1.7750
1483,259.6695,0.3745,9.5261,0.02553,6.5296,110.5428,21.7862,6.4196,1.6174
1484,655.1031,0.0798,20.9531,0.01665,10.9992,185.1640,31.2918,7.8101,0.6411
1485,295.8352,0.4090,15.7873,0.04923,14.4790,108.1049,23.2575,7.1124,1.4197
1486,734.8874,0.8407,8.2014,0.00550,4.2891,183.8401,36.0000,4.6521,0.5715
1487,765.0307,0.4051,14.1386,0.00167,0.8682,205.0000,34.1916,6.4958,0.5490
1488,562.6139,0.7056,20.8387,0.02990,16.9214,158.0102,33.5234,5.8995,0.7465
1489,290.2295,0.3149,15.2261,0.03193,9.3465,121.4696,22.2257,7.3671,1.4471
1490,420.1036,0.5052,19.0122,0.00809,4.0479,160.9370,27.6450,6.1049,0.9998
1491,905.3035,0.0670,14.6132,0.00416,3.8801,205.0000,35.6954,7.7174,0.4639
1492,348.7814,0.1999,8.1510,0.00549,1.9247,131.0152,23.0625,7.9565,1.2042
1493,406.6016,0.1497,7.4815,0.00222,0.6441,141.0326,21.3959,8.3285,1.0330
1494,883.3026,0.5150,15.8914,0.00104,0.6007,205.0000,36.0000,6.9559,0.4755
1495,346.0074,0.6037,6.9150,0.01920,6.3060,118.2409,26.2098,5.0645,1.2138
1496,479.7743,0.1114,14.6746,0.00191,0.7024,167.7049,23.2840,8.5670,0.8754
1497,788.9994,0.5328,19.5154,0.00953,6.8936,205.0000,36.0000,5.3624,0.5323
1498,479.3741,0.6885,6.8038,0.01433,6.8300,136.9638,30.8889,6.2687,0.8761
1499,644.9895,0.1010,15.4252,0.00275,1.1705,193.1089,28.1578,7.7278,0.6512
1500,455.8094,0.3259,15.4753,0.02890,12.6104,139.6742,27.2817,7.5126,0.9214
1501,404.7788,0.2536,21.2020,0.04594,18.1005,131.6227,25.1969,6.5019,1.0376
1502,954.5016,0.5588,21.1381,0.00606,4.9943,205.0000,36.0000,5.7012,0.4400
1503,645.6532,0.6995,21.4429,0.00210,1.1675,205.0000,32.9654,5.5256,0.6505
1504,714.7520,0.7831,7.6675,0.01623,11.7917,181.2860,36.0000,4.3110,0.5876
1505,277.5826,0.2844,14.0983,0.01563,4.9308,126.8061,21.6026,7.0826,1.5131
1506,803.6301,0.5173,9.1161,0.00478,4.0620,196.6636,36.0000,6.9734,0.5226
1507,642.2838,0.2152,8.3976,0.00780,5.0534,168.6999,31.9897,8.2871,0.6539
1508,811.0117,0.2023,18.5930,0.01551,13.0101,198.9340,36.0000,7.9238,0.5179
1509,847.1048,0.7266,7.0628,0.00487,3.7469,199.3608,36.0000,4.9846,0.4958
1510,279.8940,0.3215,15.6400,0.02209,5.9710,128.2559,21.9691,6.9196,1.5006
1511,597.0400,0.1943,14.5844,0.04178,24.4048,176.1609,30.4652,6.9380,0.7035
1512,442.5930,0.2683,20.9416,0.01219,5.5052,165.3491,26.4243,8.0551,0.9490
1513,900.5408,0.1610,17.7645,0.01613,14.4822,205.0000,36.0000,6.9238,0.4664
1514,575.7991,0.0894,13.7962,0.00058,0.0110,181.6973,25.9892,8.8047,0.7294
1515,210.6360,0.7753,18.8649,0.05801,11.9410,99.0772,23.8599,3.8883,1.9940
1516,645.9780,0.8249,14.8882,0.02862,17.9647,168.6650,36.0000,4.1354,0.6502
1517,739.8258,0.0982,13.1339,0.00401,2.4901,199.3903,30.9804,8.5511,0.5677
1518,422.5553,0.4646,6.8617,0.00683,2.8141,137.2880,27.3932,7.0846,0.9940
1519,913.2084,0.1696,13.3456,0.02313,21.2239,205.0000,36.0000,7.4496,0.4599
1520,277.7131,0.3104,20.3704,0.01652,4.1062,142.4382,21.8143,6.4919,1.5124
1521,417.2544,0.6814,18.0698,0.04470,18.5055,128.5467,28.9686,5.1196,1.0066
1522,323.4915,0.1051,13.6558,0.04969,15.9765,114.0380,21.6672,7.7379,1.2983
1523,579.6675,0.3685,12.4786,0.02408,14.4536,156.2952,31.3377,7.1034,0.7246
1524,817.8426,0.4579,10.9147,0.00065,0.3378,205.0000,36.0000,5.9575,0.5135
1525,421.1258,0.5266,17.7719,0.00768,3.6710,159.1908,27.8467,5.3882,0.9973
1526,221.4924,0.1553,19.0941,0.04526,10.5025,116.8738,18.8935,8.3299,1.8962
1527,321.4601,0.7662,13.8859,0.00501,2.1594,139.0174,26.7734,5.5776,1.3065
1528,744.2286,0.3501,15.0697,0.01927,14.2318,178.4776,36.0000,6.1294,0.5643
1529,638.9154,0.0731,13.1950,0.01326,8.3318,171.5362,30.7522,8.0303,0.6574
1530,574.0698,0.4425,7.8414,0.00623,3.6188,160.4001,31.7623,5.7414,0.7316
1531,243.2439,0.7601,6.8136,0.02667,6.0942,103.0693,24.3785,4.4074,1.7267
1532,450.1265,0.7804,7.6507,0.01183,5.6350,136.9536,30.7470,5.8847,0.9331
1533,563.6962,0.6562,12.0654,0.01148,6.6748,161.4137,33.1604,6.2875,0.7451
1534,467.5858,0.7626,20.1637,0.02071,10.1595,157.1472,31.1288,5.7889,0.8982
1535,377.9066,0.4960,12.9384,0.01203,4.5102,140.2281,26.3053,6.4115,1.1114
1536,848.0473,0.6840,7.2019,0.00215,2.2035,203.2037,36.0000,6.3107,0.4953
1537,600.5324,0.7448,17.0489,0.04104,24.3911,171.2326,34.9745,4.7021,0.6994
1538,783.2021,0.2298,17.6401,0.01903,15.4815,187.2292,36.0000,8.1648,0.5363
1539,265.7462,0.2227,11.3512,0.02703,7.1431,114.1198,20.7539,6.8852,1.5805
1540,600.0542,0.0651,6.8508,0.00389,2.3557,164.8973,26.5223,8.8272,0.6999
1541,763.9566,0.7694,8.4090,0.00173,2.0461,193.5920,36.0000,4.5320,0.5498
1542,656.8755,0.7254,21.6629,0.00173,1.2792,205.0000,33.5097,5.3102,0.6394
1543,589.7365,0.8187,7.0267,0.01418,8.0789,155.7753,35.2420,4.1613,0.7122
1544,696.2606,0.3751,11.7446,0.00717,4.5052,185.3657,34.8885,7.4699,0.6032
1545,810.5448,0.0706,7.8841,0.00780,6.4647,189.7044,35.8810,8.8113,0.5182
1546,908.3390,0.1605,11.4213,0.01412,13.1680,205.0000,36.0000,7.9534,0.4624
1547,732.2424,0.7646,19.5114,0.02219,15.6044,183.4318,36.0000,4.3885,0.5736
1548,870.7955,0.1903,20.9597,0.01419,12.0429,205.0000,36.0000,6.9234,0.4823
1549,933.3291,0.2250,12.8580,0.01300,12.0222,205.0000,36.0000,6.8850,0.4500
1550,640.3372,0.5284,21.1287,0.00146,0.6887,205.0000,31.4372,5.3808,0.6559
1551,457.3498,0.5580,11.0017,0.00053,-0.3417,158.5579,26.1845,6.6821,0.9183
1552,935.8453,0.3576,12.6686,0.00038,0.3298,205.0000,36.0000,6.7855,0.4488
1553,784.7550,0.3485,21.3022,0.00704,4.8388,205.0000,36.0000,7.2787,0.5352
1554,664.7168,0.3794,19.0454,0.02866,19.0638,164.7480,33.9768,7.4064,0.6318
1555,504.6957,0.0881,16.1543,0.02722,13.9519,145.5497,26.8456,8.1112,0.8322
1556,776.4648,0.3284,12.4698,0.00032,0.4766,205.0000,33.9209,6.9650,0.5409
1557,200.6685,0.0788,21.1681,0.03874,8.3045,123.4001,17.6505,8.5680,2.0000
1558,859.4998,0.3158,12.5779,0.01448,12.1215,194.9290,36.0000,7.3913,0.4887
1559,640.0529,0.7075,8.8892,0.00825,5.4975,168.4698,35.8615,4.6285,0.6562
1560,905.1520,0.7875,13.6977,0.00834,7.5295,205.0000,36.0000,4.3359,0.4640
1561,457.2830,0.1807,11.0147,0.00078,0.4539,156.8261,23.1639,7.1324,0.9185
1562,927.3491,0.3052,8.0912,0.00686,6.2380,205.0000,36.0000,6.3181,0.4529
1563,658.3282,0.7555,13.1747,0.03123,20.2213,179.2517,36.0000,5.5343,0.6380
1564,844.6271,0.2387,10.3143,0.01227,10.4158,191.9172,36.0000,7.8296,0.4973
1565,694.4129,0.3237,11.7485,0.01014,6.6743,180.3252,34.4217,7.2913,0.6048
1566,695.1700,0.3260,8.6423,0.00000,-0.2562,188.8522,31.4630,6.9007,0.6042
1567,533.3740,0.0798,15.3007,0.04213,22.1668,160.1115,27.6394,8.4812,0.7874
1568,956.7972,0.4283,19.6360,0.00674,6.3561,205.0000,36.0000,7.1078,0.4390
1569,917.5529,0.2203,15.0529,0.01313,11.8132,205.0000,36.0000,8.1461,0.4577
1570,765.3442,0.2567,19.0504,0.01094,8.4456,203.1322,36.0000,7.7876,0.5488
1571,342.5289,0.5623,12.2029,0.01143,3.7387,135.0007,25.7741,6.2906,1.2262
1572,234.7214,0.8438,8.4657,0.04095,9.7034,102.9313,24.7918,4.0562,1.7894
1573,619.0453,0.1604,17.3204,0.02536,15.2446,162.4235,30.8544,6.9264,0.6785
1574,918.5415,0.4118,8.2623,0.00292,2.1072,205.0000,36.0000,6.1693,0.4572
1575,707.8706,0.2502,12.1894,0.00235,1.7279,194.1958,31.2374,6.5493,0.5933
1576,213.3605,0.3609,20.9685,0.01303,3.4211,135.6085,20.2879,6.8059,1.9685
1577,531.6899,0.6961,14.6164,0.00910,5.1266,165.6311,32.5196,4.6763,0.7899
1578,409.7430,0.3519,18.5361,0.00801,3.0923,160.4376,26.1074,7.5034,1.0250
1579,714.6792,0.7691,18.6455,0.01574,11.1433,188.7067,36.0000,4.5606,0.5877
1580,725.8095,0.4919,10.6971,0.01915,14.4687,182.1690,36.0000,5.5987,0.5787
1581,218.4934,0.2457,17.6530,0.06733,14.7216,82.3370,20.1007,7.3237,1.9223
1582,212.1524,0.5334,18.3221,0.00622,1.7560,133.2682,21.6319,6.8518,1.9797
1583,751.3096,0.7378,17.5795,0.02086,15.9145,181.3594,36.0000,4.5011,0.5590
1584,377.4501,0.5903,16.0248,0.06380,23.6079,119.8738,27.5347,4.4627,1.1127
1585,851.3229,0.8422,20.4389,0.02473,20.6838,193.2373,36.0000,4.3926,0.4933
1586,542.2787,0.4246,19.5982,0.03859,20.9748,149.3702,30.6648,7.2923,0.7745
1587,633.4147,0.2519,11.9181,0.00940,6.2248,172.5374,32.0173,7.8102,0.6631
1588,453.4731,0.7334,9.5955,0.02912,12.5957,139.6213,30.4717,5.7788,0.9262
1589,899.1606,0.1649,9.4979,0.00401,3.8498,205.0000,36.0000,8.2673,0.4671
1590,251.3115,0.7869,12.3746,0.01105,2.9558,123.4181,24.8347,4.2949,1.6712
1591,483.0239,0.5191,21.0655,0.00121,0.3093,183.1172,26.6431,6.6433,0.8695
1592,769.7538,0.8044,9.7196,0.00684,4.7338,191.4319,36.0000,4.2607,0.5456
1593,679.8684,0.4685,8.6436,0.01492,10.8804,171.9012,35.1437,5.6325,0.6178
1594,707.0528,0.1611,10.5104,0.00156,0.9854,192.0129,30.5006,7.4442,0.5940
1595,911.3679,0.8196,19.0549,0.00248,2.5278,205.0000,36.0000,4.5726,0.4608
1596,214.7669,0.0996,16.1151,0.02884,6.3906,118.6090,18.2400,8.2448,1.9556
1597,858.4600,0.3115,14.2647,0.00857,7.2884,205.0000,36.0000,6.7262,0.4892
1598,286.1173,0.2441,19.7106,0.00986,3.0431,144.5861,21.5359,7.4429,1.4679
1599,916.4036,0.4164,21.0283,0.00676,6.4262,205.0000,36.0000,6.7975,0.4583
1600,257.9952,0.7103,10.8062,0.02527,6.4487,113.2857,24.4220,5.3279,1.6279
1601,581.5141,0.5231,14.9611,0.01662,9.5867,164.0509,32.6299,6.2321,0.7223
1602,919.1000,0.2883,14.7560,0.01360,12.2363,205.0000,36.0000,7.4580,0.4570
1603,284.9209,0.6865,19.2938,0.00561,0.9651,148.0612,25.0394,5.3115,1.4741
1604,431.7337,0.0746,8.2079,0.00125,0.3769,146.9883,21.5490,7.2866,0.9728
1605,788.6665,0.0736,19.0095,0.02155,17.6884,186.2063,35.2486,8.7663,0.5325
1606,816.5937,0.3787,16.1356,0.00725,6.4564,205.0000,36.0000,7.6073,0.5143
1607,237.6538,0.8013,12.9242,0.00587,1.1021,126.6566,24.5403,5.3410,1.7673
1608,669.1540,0.0986,21.2373,0.01850,12.2439,185.1587,31.8632,8.3854,0.6277
1609,369.4877,0.6547,6.8564,0.00985,3.7159,127.3322,27.3220,6.1513,1.1367
1610,645.6803,0.1827,11.2506,0.00545,3.4322,179.0524,31.8321,8.2873,0.6505
1611,678.2847,0.6969,14.9433,0.01143,7.6912,182.6974,36.0000,5.3509,0.6192
1612,320.0697,0.2628,10.9662,0.01421,4.5398,127.1486,22.7042,7.7492,1.3122
1613,920.2144,0.1124,17.1036,0.00470,4.9170,205.0000,36.0000,8.1587,0.4564
1614,333.2686,0.7536,21.1894,0.01949,6.7972,146.6533,27.0265,5.4546,1.2602
1615,343.0295,0.2688,13.0563,0.05435,18.4350,119.1212,23.6848,7.0686,1.2244
1616,664.4807,0.1284,8.6301,0.00157,1.1858,181.0496,28.9614,7.0608,0.6321
1617,510.6335,0.6211,21.1393,0.00872,4.4791,178.2474,31.2880,6.3609,0.8225
1618,394.0068,0.4421,6.8799,0.00151,0.9338,137.1824,23.3572,6.7434,1.0660
1619,264.0830,0.2671,10.5037,0.02615,6.7674,112.8324,21.0592,7.1287,1.5904
1620,749.8047,0.7245,12.9746,0.00334,2.8532,199.7380,36.0000,5.8390,0.5601
1621,628.8030,0.1363,10.4409,0.00365,2.5948,176.5818,27.9541,8.6082,0.6679
1622,854.5092,0.6916,20.1852,0.00577,5.0497,205.0000,36.0000,4.9357,0.4915
1623,679.7845,0.4431,13.5266,0.00090,0.7577,195.0593,31.9380,7.2209,0.6178
1624,570.1099,0.1295,18.8755,0.03218,17.9546,152.5424,29.1390,8.6437,0.7367
1625,931.6587,0.3349,10.4328,0.00435,3.9244,205.0000,36.0000,6.1936,0.4508
1626,240.9953,0.5618,10.3770,0.00267,0.6781,122.4867,19.7241,5.2405,1.7428
1627,404.3869,0.1480,13.9307,0.00351,1.7225,152.5160,21.3159,6.9782,1.0386
1628,778.5229,0.6782,12.7582,0.00153,1.4709,205.0000,36.0000,5.3208,0.5395
1629,498.7764,0.5380,11.2831,0.00763,3.8484,156.1727,30.2671,5.3405,0.8421
1630,357.9835,0.2580,11.6867,0.03266,11.1009,119.9863,23.8031,8.0270,1.1732
1631,230.6714,0.3310,20.4616,0.04366,9.7838,123.0919,20.5685,6.7951,1.8208
1632,462.0724,0.5118,7.2827,0.00076,0.0736,150.1710,25.9568,6.8466,0.9089
1633,895.1490,0.8454,6.7359,0.00167,0.8313,205.0000,36.0000,5.4706,0.4692
1634,495.5849,0.6180,9.6253,0.01616,8.6446,141.4953,30.8119,6.2002,0.8475
1635,504.1224,0.2420,19.8813,0.02718,13.3509,154.9852,28.0599,7.9066,0.8331
1636,786.1892,0.1132,8.4266,0.00112,0.6161,200.1115,32.4912,8.4226,0.5342
1637,804.6608,0.0671,18.6789,0.02577,20.6313,189.9943,35.6762,7.7296,0.5220
1638,258.9586,0.2788,19.7827,0.03080,7.4794,130.9111,20.9992,6.4290,1.6219
1639,260.9185,0.2362,13.9286,0.07041,18.6108,89.5355,21.3779,6.7224,1.6097
1640,630.4823,0.5448,9.7978,0.00866,5.2052,169.6760,34.2729,6.1043,0.6662
1641,254.9088,0.1600,10.9858,0.00591,1.5125,124.0777,19.9276,8.2133,1.6476
1642,820.5337,0.7211,7.2346,0.00295,2.5556,198.3738,36.0000,4.5714,0.5119
1643,824.9587,0.6277,16.8518,0.00681,5.5443,205.0000,36.0000,4.9639,0.5091
1644,390.1096,0.8241,19.1435,0.00523,2.4689,160.2007,29.2962,5.1149,1.0766
1645,563.5297,0.3429,16.4433,0.01472,8.2674,167.5164,30.6495,7.2526,0.7453
1646,284.4610,0.2408,9.1344,0.02205,6.3389,113.8191,21.4602,7.9750,1.4765
1647,550.6885,0.4733,20.4014,0.00820,4.1291,183.4022,31.3072,5.6121,0.7627
1648,589.4783,0.7247,17.6620,0.00092,0.1473,191.9541,31.4819,4.5563,0.7125
1649,615.0168,0.3572,8.8312,0.01103,6.5641,162.2403,32.3085,7.3242,0.6829
1650,294.6075,0.8343,6.6668,0.00102,0.7800,122.1421,23.5124,4.0960,1.4256
1651,793.1121,0.4240,16.8271,0.01898,14.8911,188.2260,36.0000,5.9370,0.5296
1652,463.0494,0.5369,10.2496,0.01527,7.5227,140.4566,29.1865,5.3451,0.9070
1653,297.6909,0.2819,16.1084,0.05429,16.0459,100.6903,22.4274,6.7831,1.4109
1654,739.0965,0.1203,9.8247,0.00581,4.3034,188.0114,34.1352,8.3752,0.5683
1655,352.7389,0.6139,12.9809,0.00266,0.2902,145.8302,23.4934,5.0216,1.1907
1656,863.7825,0.2309,13.5270,0.01103,9.0195,204.4840,36.0000,7.7101,0.4862
1657,259.5450,0.2703,6.9574,0.01436,3.2258,112.1411,20.9491,7.9027,1.6182
1658,457.3101,0.6955,7.5926,0.01375,6.4576,136.0935,30.2835,4.6788,0.9184
1659,796.8442,0.0670,11.9472,0.01235,9.4295,190.0657,35.4412,7.3187,0.5271
1660,341.5950,0.7562,17.3880,0.00942,3.2362,147.3733,27.2974,5.2645,1.2295
1661,352.7251,0.8227,16.2477,0.02491,8.7253,134.4580,28.1632,4.8071,1.1907
1662,434.9391,0.5447,13.3758,0.02047,8.7562,140.4039,28.4055,6.6568,0.9657
1663,486.2555,0.5638,18.5024,0.00041,0.1864,178.2337,27.0980,5.5639,0.8637
1664,333.1429,0.6110,15.6214,0.00422,1.3626,146.3408,22.8823,5.0338,1.2607
1665,440.1167,0.6622,7.9420,0.00646,2.6148,142.7375,29.5009,5.0141,0.9543
1666,864.4421,0.8071,17.9571,0.01425,12.4358,205.0000,36.0000,5.5340,0.4859
1667,802.6415,0.3397,20.6354,0.00313,2.8524,205.0000,34.7971,7.6933,0.5233
1668,779.2797,0.4822,9.1747,0.00112,1.0408,199.7866,35.2361,6.4455,0.5390
1669,699.7541,0.8376,15.4984,0.01733,12.2727,177.0597,36.0000,5.6099,0.6002
1670,247.7944,0.2647,12.7457,0.00010,0.6338,128.8153,17.5518,8.0021,1.6950
1671,576.0699,0.0646,13.1421,0.00615,3.5528,172.5069,28.7989,8.9079,0.7291
1672,826.7364,0.3560,10.6257,0.00237,1.9012,205.0000,35.6498,6.9747,0.5080
1673,200.4113,0.1949,16.4439,0.01526,2.5730,125.5776,18.5718,6.7813,2.0000
1674,761.7157,0.8590,14.3495,0.01705,13.0993,182.0078,36.0000,4.8686,0.5514
1675,877.8447,0.6830,7.7651,0.00829,7.3240,197.6469,36.0000,5.2522,0.4784
1676,633.0025,0.2610,6.6207,0.00170,1.1899,171.8981,29.0785,6.5036,0.6635
1677,837.5851,0.5327,12.5727,0.00630,4.9529,205.0000,36.0000,5.6356,0.5014
1678,696.4264,0.5038,21.6136,0.02547,17.7417,177.9823,35.9232,5.4840,0.6031
1679,812.9468,0.2400,7.0400,0.00311,3.1214,195.5629,34.3086,7.6321,0.5166
1680,259.1206,0.4768,6.9256,0.02970,8.2286,106.7346,22.5879,5.5975,1.6209
1681,549.0532,0.4201,13.5640,0.00859,4.8667,166.4921,30.8324,6.9710,0.7650
1682,411.1151,0.5420,7.4658,0.01240,5.1754,131.7062,27.6692,6.8642,1.0216
1683,704.3519,0.0759,6.8067,0.00509,3.4841,177.9626,32.7380,7.4841,0.5963
1684,665.3205,0.2781,17.2795,0.01391,9.3149,182.3203,33.1847,6.4318,0.6313
1685,385.7600,0.7613,16.6604,0.03151,11.9757,133.1705,28.6635,4.9869,1.0888
1686,889.8401,0.6633,13.3234,0.01559,14.0756,200.1308,36.0000,6.2116,0.4720
1687,243.6532,0.5517,7.6910,0.02605,6.6940,103.7414,22.7228,5.8794,1.7238
1688,647.4283,0.3800,13.7883,0.01003,6.9712,177.1120,33.4632,6.5890,0.6487
1689,193.4103,0.7392,12.9464,0.01541,2.6343,116.6982,22.7161,4.4953,2.0000
1690,620.8631,0.1105,12.5684,0.00132,0.8594,183.8892,27.5097,7.8004,0.6765
1691,434.9237,0.3277,8.3050,0.01001,4.8820,137.7692,26.6692,6.2571,0.9657
1692,261.0613,0.4921,10.2698,0.00428,1.1075,124.3163,19.7685,6.1947,1.6088
1693,233.7402,0.8000,21.8387,0.00143,0.6951,146.5770,21.4119,4.5088,1.7969
1694,430.6489,0.4518,15.9134,0.00295,1.1719,162.0288,24.5340,6.8146,0.9753
1695,914.8730,0.7448,14.0247,0.01393,12.8226,204.8756,36.0000,5.2699,0.4591
1696,596.4516,0.5015,18.8136,0.02230,13.5437,166.0615,32.9058,6.1654,0.7042
1697,317.4416,0.3677,9.3567,0.04544,14.8860,124.3539,23.4763,6.5823,1.3231
1698,787.0385,0.5135,13.3584,0.01112,8.7862,193.1147,36.0000,5.4790,0.5336
1699,553.6892,0.7273,10.9737,0.00377,2.0246,167.7415,30.4291,5.9869,0.7585
1700,540.4700,0.7421,20.9299,0.00712,3.6493,184.0876,33.1511,5.8062,0.7771
1701,379.4551,0.4560,14.8434,0.00852,2.8478,148.3085,26.0318,5.6847,1.1069
1702,902.1485,0.0691,12.4634,0.01200,10.4684,204.7113,36.0000,8.2072,0.4656
1703,477.9790,0.4016,20.6673,0.01480,6.7888,167.2294,28.5518,6.4322,0.8787
1704,661.9360,0.2806,13.0080,0.00096,0.6543,191.4685,30.1026,7.9340,0.6345
1705,908.7970,0.4393,11.8175,0.00449,4.0935,205.0000,36.0000,6.6446,0.4621
1706,435.3966,0.4897,20.1596,0.05327,22.8382,128.1018,28.1941,6.7447,0.9646
1707,438.2629,0.3552,20.2367,0.01690,6.9661,159.9349,26.9892,7.3207,0.9583
1708,759.3425,0.4748,13.9538,0.00831,6.4468,195.4167,36.0000,6.4937,0.5531
1709,720.5617,0.6663,12.5596,0.01662,11.6299,175.1296,36.0000,5.5612,0.5829
1710,524.7380,0.5326,12.4739,0.00483,2.5420,165.5609,28.0033,6.7287,0.8004
1711,271.1575,0.6716,13.0012,0.06358,17.6948,97.7884,24.9906,4.9021,1.5489
1712,765.6226,0.6021,15.2147,0.00052,0.7918,205.0000,35.7853,5.3529,0.5486
1713,646.9614,0.1929,11.8533,0.00037,0.1149,187.8687,28.9519,7.4659,0.6492
1714,653.3034,0.6699,11.2962,0.01826,12.0305,164.6110,35.9583,4.7864,0.6429
1715,661.1761,0.3991,18.5097,0.01118,7.1746,189.1137,34.0280,7.2593,0.6352
1716,859.8065,0.2084,15.2695,0.00604,5.1650,205.0000,36.0000,6.7247,0.4885
1717,526.9812,0.6211,9.8301,0.01693,8.2225,147.5840,31.7782,6.1243,0.7970
1718,613.2180,0.6142,18.4014,0.00533,2.9425,190.9923,34.3105,5.7662,0.6849
1719,223.8878,0.6317,12.4529,0.01083,2.8947,119.6111,22.7705,5.5147,1.8759
1720,865.4935,0.1167,15.8401,0.02300,20.5452,205.0000,36.0000,8.3065,0.4853
1721,803.7073,0.7753,7.3394,0.00963,7.4915,185.8907,36.0000,4.3935,0.5226
1722,447.8574,0.5687,19.3927,0.02654,12.0418,148.3505,28.9857,5.4897,0.9378
1723,707.4865,0.2085,12.9340,0.02650,19.1902,184.8868,33.8924,8.1463,0.5937
1724,216.7275,0.1683,13.1990,0.06307,13.9186,81.3882,19.3183,7.2936,1.9379
1725,618.2144,0.5389,9.2873,0.01664,9.8737,159.0221,33.8578,6.5529,0.6794
1726,774.9575,0.2997,12.3494,0.00609,4.8217,197.8046,36.0000,6.8284,0.5420
1727,319.6040,0.5530,9.6905,0.00644,1.9098,130.0581,25.0123,5.6234,1.3141
1728,636.9465,0.4811,17.9381,0.00222,1.1621,197.4492,30.9575,5.5792,0.6594
1729,200.3967,0.2245,21.5934,0.02491,5.1993,131.1266,18.8081,6.6570,2.0000
1730,536.5779,0.6806,17.4650,0.05446,28.6427,160.8029,32.7883,4.4102,0.7827
1731,568.9332,0.6323,12.2520,0.00726,4.4092,167.5940,33.1261,5.8814,0.7382
1732,329.4094,0.8209,11.0117,0.03362,10.8872,114.6854,27.4494,5.6400,1.2750
1733,413.4520,0.5267,14.8134,0.03810,16.2483,130.1747,27.6174,6.2794,1.0158
1734,452.0986,0.2322,13.4450,0.02409,11.2762,137.5862,26.4206,8.1797,0.9290
1735,547.7124,0.4242,8.0943,0.00112,0.7676,163.2756,27.8251,7.4139,0.7668
1736,670.2030,0.5801,6.7473,0.00542,3.8397,171.9273,35.7468,6.1446,0.6267
1737,566.5254,0.6283,21.1256,0.00507,2.8866,190.1046,33.0218,6.0860,0.7414
1738,735.0303,0.5216,12.8328,0.00418,2.9101,197.0846,34.2239,5.8095,0.5714
1739,267.3376,0.1647,13.3212,0.01790,4.7562,123.9436,20.3380,7.1531,1.5710
1740,555.2534,0.7952,21.7767,0.00952,5.5253,184.0410,34.0194,4.2600,0.7564
1741,294.6437,0.3894,15.9603,0.02213,6.8723,129.1902,22.9549,6.8514,1.4255
1742,350.5542,0.5001,6.8759,0.01617,5.8606,119.8167,25.5177,5.4994,1.1981
1743,949.1437,0.7824,15.1541,0.00714,6.8439,205.0000,36.0000,4.3141,0.4425
1744,322.5950,0.4564,16.4750,0.05423,17.1081,105.7387,24.5694,6.0741,1.3019
1745,269.6150,0.3353,9.4670,0.00717,2.2203,121.3850,21.7709,6.5155,1.5578
1746,589.8365,0.3145,9.9241,0.01866,10.5342,154.8177,31.2107,7.2433,0.7121
1747,212.0694,0.2058,21.6209,0.01857,3.9658,135.6517,19.0082,6.7358,1.9805
1748,190.2231,0.6790,11.8377,0.03457,6.5969,105.0630,22.1386,6.0502,2.0000
1749,746.9839,0.1625,12.7292,0.01342,10.0504,182.9410,34.7092,8.3350,0.5623
1750,311.2255,0.0977,21.9410,0.02561,8.0094,142.3333,21.1185,8.0511,1.3495
1751,480.6564,0.7783,9.2281,0.02399,11.9512,143.0894,31.6461,4.3311,0.8738
1752,874.9793,0.5691,9.2185,0.01326,12.0353,202.4439,36.0000,6.0804,0.4800
1753,958.9136,0.1673,18.7953,0.01338,12.4162,205.0000,36.0000,7.7504,0.4380
1754,470.5484,0.3102,10.8802,0.03904,18.7953,152.9954,27.5983,6.7024,0.8926
1755,466.3546,0.4852,20.5317,0.06555,29.7600,135.1210,29.4065,5.3934,0.9006
1756,642.9071,0.4030,6.9259,0.00478,3.1891,169.6572,30.5115,5.9073,0.6533
1757,829.9892,0.6074,17.7477,0.00184,1.1342,205.0000,36.0000,5.0491,0.5060
1758,341.9189,0.6001,15.4320,0.00101,0.1580,149.8907,23.0584,6.0667,1.2284
1759,299.6985,0.8154,7.5800,0.02854,8.6623,112.3358,26.5143,4.1753,1.4014
1760,439.8060,0.2641,15.9249,0.02370,9.9606,144.0925,26.3071,7.7961,0.9550
1761,762.2082,0.4261,14.7364,0.00915,6.5048,197.4407,36.0000,7.1686,0.5510
1762,426.1327,0.0741,21.6224,0.01307,5.9905,163.3101,24.3770,8.3048,0.9856
1763,434.8328,0.0638,17.6816,0.05335,23.2228,134.2288,24.7722,7.0399,0.9659
1764,777.6121,0.6168,8.9564,0.00211,1.9548,197.0453,36.0000,6.4642,0.5401
1765,887.0283,0.2731,8.0943,0.00869,7.6409,199.0517,36.0000,7.2327,0.4735
1766,279.8706,0.2901,14.4336,0.03541,9.5341,117.7595,21.7169,7.7691,1.5007
1767,727.6384,0.8227,13.9722,0.02464,17.5366,181.9873,36.0000,4.6445,0.5772
1768,720.7558,0.1858,8.1339,0.00303,2.0332,186.5350,31.1093,6.9929,0.5827
1769,955.7608,0.1136,9.9422,0.00039,0.2307,205.0000,36.0000,7.1229,0.4394
1770,238.8883,0.2449,20.3083,0.01140,3.0758,138.7447,20.1255,7.6907,1.7581
1771,454.0006,0.3286,10.0542,0.01015,4.2749,145.8145,27.2490,7.1279,0.9251
1772,302.0080,0.7983,6.7586,0.03428,11.2455,120.1724,26.4470,5.1639,1.3907
1773,307.7509,0.0900,10.9482,0.01309,3.9839,126.4842,20.9529,7.9792,1.3647
1774,508.2027,0.7766,18.3445,0.04566,23.3370,151.5659,32.4761,5.7243,0.8264
1775,408.2442,0.4539,6.8712,0.00591,1.9836,136.9894,26.8782,5.8665,1.0288
1776,349.8444,0.7749,11.7402,0.05368,19.3619,125.7342,27.9205,5.2416,1.2005
1777,479.0305,0.2055,9.7514,0.01364,6.5780,143.8362,27.0152,8.2921,0.8768
1778,819.6043,0.2701,16.4231,0.00740,5.8585,205.0000,36.0000,7.5022,0.5124
1779,348.2025,0.1196,16.8131,0.02764,9.2489,133.8714,22.4033,7.0975,1.2062
1780,380.8755,0.2692,16.4483,0.01715,6.7416,143.4861,24.5798,7.6695,1.1027
1781,351.9267,0.2127,9.3511,0.01015,3.3117,131.0755,23.2591,7.3329,1.1934
1782,554.9998,0.1888,11.6489,0.00704,3.8660,165.3722,29.1604,7.3971,0.7568
1783,764.3231,0.1006,16.8247,0.00947,7.4264,200.3249,34.7342,8.1962,0.5495
1784,770.8691,0.4470,18.6544,0.00138,0.7741,205.0000,34.7018,6.6576,0.5448
1785,697.9801,0.4531,7.8401,0.00669,4.8746,176.2212,35.5644,7.2592,0.6017
1786,762.8524,0.3888,7.0596,0.00339,3.0903,188.1604,33.9959,7.2762,0.5506
1787,828.7029,0.7875,9.1199,0.00120,0.9990,205.0000,36.0000,5.5908,0.5068
1788,298.5794,0.7702,8.4312,0.03252,9.8099,112.8201,26.1193,5.6959,1.4067
1789,442.7860,0.5369,11.8027,0.02824,12.3728,132.6722,28.5788,6.1247,0.9485
1790,628.4524,0.5163,13.0379,0.01555,9.5553,166.9296,33.9843,6.0645,0.6683
1791,866.2303,0.7104,19.9386,0.00335,3.3458,205.0000,36.0000,4.9941,0.4849
1792,693.5289,0.1968,10.7581,0.00383,2.6549,186.8563,30.3804,7.9482,0.6056
1793,832.0471,0.2017,11.3736,0.00427,3.0588,205.0000,34.5749,7.4172,0.5048
1794,478.2694,0.4340,17.7746,0.03319,15.5430,141.6501,28.8201,7.0229,0.8782
1795,330.6116,0.6839,15.3038,0.06038,20.6350,111.2452,26.7894,5.5590,1.2704
1796,576.9286,0.7404,8.5436,0.00248,1.1198,167.8715,31.2309,5.5097,0.7280
1797,946.6618,0.7394,20.0380,0.00837,7.9345,205.0000,36.0000,5.6089,0.4437
1798,954.2436,0.4437,19.9171,0.01676,16.8662,205.0000,36.0000,6.8481,0.4401
1799,823.2406,0.6704,9.3130,0.00832,7.0506,193.4634,36.0000,5.4021,0.5102
1800,503.8630,0.5895,7.6767,0.00564,3.3175,150.1697,30.8315,6.5215,0.8336
1801,849.6106,0.3905,14.2494,0.00303,2.9268,205.0000,36.0000,7.0614,0.4943
1802,534.8953,0.5234,7.0020,0.01497,8.2961,148.0814,31.2342,6.4032,0.7852
1803,202.4957,0.4883,18.5051,0.01490,3.5524,128.2704,20.9817,5.5489,2.0000
1804,360.4468,0.6301,19.4975,0.03271,11.5363,136.5815,26.8540,4.9537,1.1652
1805,913.8646,0.0937,9.0528,0.00408,3.1578,205.0000,36.0000,7.2630,0.4596
1806,748.8964,0.2747,14.8710,0.00691,5.0530,198.9339,35.6643,6.4464,0.5608
1807,667.4747,0.1472,15.7561,0.01489,9.5656,178.7404,32.2020,8.2469,0.6292
1808,479.3011,0.3311,14.4189,0.03704,17.3983,143.4498,28.0279,7.7086,0.8763
1809,762.4421,0.2525,19.3926,0.00559,4.3032,205.0000,35.8933,7.2795,0.5509
1810,893.5418,0.2723,10.6125,0.00111,0.7649,205.0000,36.0000,6.7513,0.4700
1811,958.8853,0.3417,17.0646,0.01734,15.8276,205.0000,36.0000,6.1973,0.4380
1812,908.3327,0.6481,18.5584,0.01169,10.2246,205.0000,36.0000,4.8778,0.4624
1813,726.2705,0.5959,19.8832,0.02917,20.9798,176.3531,36.0000,5.6540,0.5783
1814,836.1287,0.0687,7.3551,0.00164,0.9302,204.5542,33.6331,8.8253,0.5023
1815,669.6034,0.2602,21.7175,0.00072,0.6571,205.0000,30.1701,7.4406,0.6272
1816,373.5435,0.8453,9.4923,0.00213,0.9615,139.7994,25.9690,5.1833,1.1244
1817,650.7819,0.8378,10.5707,0.00187,2.0068,181.4579,34.2255,5.3989,0.6454
1818,377.3561,0.1170,12.9078,0.02240,9.0565,130.0762,23.2569,8.7064,1.1130
1819,618.5804,0.8205,13.9994,0.01366,8.2915,170.3445,36.0000,5.3123,0.6790
1820,223.6308,0.2451,16.7317,0.04060,9.1266,115.2759,19.6697,6.6589,1.8781
1821,226.2479,0.7636,7.1000,0.02928,6.7295,99.7523,23.8964,5.7982,1.8564
1822,460.6013,0.6577,6.8473,0.01096,5.0903,137.9558,30.0800,5.9819,0.9119
1823,410.9976,0.7186,9.9358,0.03593,14.7303,137.1975,29.0788,5.7317,1.0219
1824,640.5625,0.8339,8.6785,0.00083,0.0864,179.9870,33.8878,5.4334,0.6557
1825,849.3234,0.7965,12.6358,0.02138,18.1960,204.6310,36.0000,5.7691,0.4945
1826,208.1357,0.3173,13.2018,0.03048,6.0038,112.0559,19.7828,6.9126,2.0000
1827,450.0072,0.6888,17.9980,0.00193,1.1754,169.5108,27.0105,4.9805,0.9333
1828,753.3612,0.4718,7.1344,0.00105,1.1599,191.1481,34.3750,6.8995,0.5575
1829,727.3632,0.5117,16.5384,0.02397,17.5763,176.3880,36.0000,6.0375,0.5774
1830,825.5270,0.6192,8.7513,0.01045,8.1993,190.0435,36.0000,6.2770,0.5088
1831,823.5207,0.1527,12.6590,0.01247,10.1554,194.0361,36.0000,7.2312,0.5100
1832,229.5676,0.6287,18.3802,0.02838,6.4534,125.6742,22.9170,4.9593,1.8295
1833,753.9988,0.8115,11.6107,0.00727,5.7254,191.0473,36.0000,5.7440,0.5570
1834,266.3625,0.2316,18.8696,0.01427,3.2437,139.3314,20.8437,7.1759,1.5768
1835,528.2629,0.5839,19.4014,0.01555,8.2561,168.7592,31.5188,5.7938,0.7951
1836,398.8192,0.3049,9.0260,0.01228,4.8705,133.9650,25.4036,7.3846,1.0531
1837,361.1679,0.2556,12.8425,0.01905,6.8899,132.2710,23.8795,6.5502,1.1629
1838,922.9757,0.5849,15.8734,0.01099,9.6833,205.0000,36.0000,6.3668,0.4550
1839,240.5334,0.3951,18.6995,0.01853,4.2696,132.8257,21.3764,6.2440,1.7461
1840,796.2167,0.8440,21.8784,0.00134,1.3378,205.0000,36.0000,4.0553,0.5275
1841,398.6193,0.5680,9.8582,0.00146,0.2647,145.8986,24.5028,6.3234,1.0536
1842,842.9029,0.8266,21.9631,0.00565,4.4798,205.0000,36.0000,4.9028,0.4983
1843,958.8296,0.3752,15.6045,0.01529,14.9451,205.0000,36.0000,6.0240,0.4380
1844,369.6634,0.4974,20.0090,0.01906,7.0274,149.0090,26.0695,5.7690,1.1362
1845,905.5779,0.3915,19.2705,0.02089,19.1558,201.0890,36.0000,5.9557,0.4638
1846,326.3250,0.1020,8.6039,0.02534,7.8739,115.5548,21.6058,8.1660,1.2871
1847,626.8963,0.6955,15.1173,0.00466,2.7292,186.2884,32.3709,6.2196,0.6700
1848,430.7760,0.7772,19.8785,0.01020,4.2292,164.0449,30.1406,5.3548,0.9750
1849,607.5785,0.6138,8.4491,0.01120,7.1398,159.0173,34.1374,6.2786,0.6913
1850,596.3290,0.6716,13.3170,0.01059,6.7216,168.9593,34.2631,4.7791,0.7043
1851,890.8124,0.5188,10.6916,0.01041,9.4374,201.3811,36.0000,5.4209,0.4715
1852,853.0347,0.3779,8.4707,0.00083,0.4524,205.0000,36.0000,6.2175,0.4924
1853,306.5499,0.0627,7.9700,0.00280,0.5377,127.3335,17.6982,7.3366,1.3701
1854,554.5388,0.6245,10.9044,0.00938,5.2666,160.5840,32.6325,6.2303,0.7574
1855,901.3512,0.8569,16.0146,0.00266,1.8673,205.0000,36.0000,4.8481,0.4660
1856,410.0947,0.5392,20.6421,0.01731,7.0722,156.3679,27.6166,5.3353,1.0242
1857,847.9647,0.7956,17.0335,0.01683,14.2623,198.2913,36.0000,5.0894,0.4953
1858,505.2640,0.2147,13.1419,0.00892,5.0438,158.6055,27.8751,7.4649,0.8312
1859,351.4894,0.2080,15.2111,0.01298,4.5126,141.2602,23.2091,7.7390,1.1949
1860,586.6312,0.0912,18.4373,0.01824,10.4872,170.4849,29.3289,8.8015,0.7160
1861,512.2748,0.8053,12.1142,0.01640,8.0962,150.6809,32.8107,5.5268,0.8199
1862,545.9790,0.3104,20.3612,0.00208,0.5453,190.4919,26.8622,6.2965,0.7693
1863,442.6096,0.1430,17.1998,0.01111,5.1686,157.8602,25.4224,8.1021,0.9489
1864,591.3003,0.7465,18.0519,0.01556,9.0831,173.4266,34.7113,5.5739,0.7103
1865,824.4910,0.2496,11.4363,0.00654,5.3825,201.9921,36.0000,6.5516,0.5094
1866,383.7617,0.6451,14.6298,0.04162,15.9794,125.5334,27.6737,5.6296,1.0944
1867,851.5639,0.3679,10.2428,0.01227,10.2812,192.8190,36.0000,6.0550,0.4932
1868,567.8293,0.1978,7.9233,0.00021,-0.0318,167.6758,26.6171,7.5590,0.7397
1869,705.4701,0.1806,7.8997,0.00718,4.6359,178.0009,33.6086,7.5711,0.5953
1870,384.3688,0.1487,6.6091,0.00319,1.4609,133.9814,20.7204,8.0924,1.0927
1871,433.8837,0.4237,13.3424,0.02077,8.3992,140.9577,27.4064,6.2127,0.9680
1872,864.4415,0.5483,8.6849,0.00389,3.6419,205.0000,36.0000,6.3705,0.4859
1873,416.5398,0.2589,12.9225,0.02182,9.1645,135.7485,25.5672,7.4768,1.0083
1874,835.9462,0.8103,10.6796,0.01309,11.2772,191.7067,36.0000,5.4831,0.5024
1875,806.5654,0.5825,8.8656,0.00527,3.9651,196.7658,36.0000,6.3428,0.5207
1876,646.4842,0.3165,16.7346,0.00885,6.1829,185.1865,32.9262,7.1416,0.6497
1877,639.6220,0.7132,21.9830,0.01069,6.7167,194.5293,35.8940,5.3458,0.6566
1878,380.0590,0.2621,7.2278,0.02157,7.8910,123.4678,24.4987,7.7060,1.1051
1879,451.4102,0.5524,12.1496,0.00718,3.3861,151.9914,28.9617,5.2798,0.9304
1880,299.2842,0.4149,21.2458,0.04695,13.8089,124.3427,23.3483,7.1329,1.4033
1881,919.4207,0.5469,20.5492,0.03352,31.0714,205.0000,36.0000,5.9415,0.4568
1882,839.6489,0.7825,12.3997,0.00828,7.2909,202.1867,36.0000,4.3136,0.5002
1883,898.9091,0.6067,16.4839,0.00298,2.5498,205.0000,36.0000,6.3802,0.4672
1884,465.6876,0.6649,13.1534,0.00413,1.6536,160.1526,27.2895,4.8076,0.9019
1885,208.9521,0.2350,10.2200,0.00824,1.0878,116.4338,19.1487,6.6129,2.0000
1886,583.3474,0.7783,14.0884,0.01602,9.2124,163.2293,34.7265,5.1775,0.7200
1887,292.1665,0.4082,8.4863,0.00718,2.7253,121.4991,23.0304,6.3513,1.4375
1888,943.6349,0.3162,18.5836,0.00909,8.7963,205.0000,36.0000,7.2220,0.4451
1889,206.4609,0.2281,16.8163,0.00411,1.0480,130.6594,16.0186,7.3056,2.0000
1890,944.1746,0.3804,17.6632,0.00214,1.9704,205.0000,36.0000,6.7248,0.4448
1891,789.7556,0.6431,15.9194,0.00407,3.6331,205.0000,36.0000,5.6554,0.5318
1892,761.0103,0.2704,15.0459,0.00240,2.4559,205.0000,32.9931,6.8205,0.5519
1893,779.6294,0.2899,9.3533,0.00103,0.2106,202.0583,33.7078,7.6547,0.5387
1894,801.4213,0.8087,15.7064,0.00256,1.7130,205.0000,36.0000,4.8593,0.5241
1895,733.3219,0.6561,17.2105,0.00702,5.2751,201.2563,36.0000,6.4272,0.5727
1896,194.1079,0.6159,18.7765,0.06187,12.1640,92.1334,22.1892,5.0227,2.0000
1897,700.5137,0.2108,10.4309,0.01167,8.3075,174.7485,33.7015,7.4990,0.5996
1898,561.0166,0.7053,14.5386,0.01459,8.3354,162.7997,33.4732,5.9491,0.7486
1899,464.6367,0.6345,6.7898,0.01491,7.2544,135.7178,30.0150,6.0943,0.9039
1900,281.9743,0.3252,12.3159,0.01761,5.0209,123.3450,22.0609,7.5021,1.4895
1901,706.9352,0.5474,6.6549,0.00412,3.6388,177.6757,33.5875,6.5625,0.5941
1902,604.0772,0.0972,11.6683,0.00132,0.7592,179.6116,26.9003,8.4866,0.6953
1903,409.9131,0.3920,17.4733,0.04602,18.6866,128.1532,26.4598,7.0514,1.0246
1904,628.5587,0.2270,21.1451,0.01300,8.1947,187.7746,31.6726,7.2370,0.6682
1905,288.1717,0.4880,9.1804,0.00776,2.4087,123.1234,23.5493,6.2642,1.4575
1906,283.6208,0.2432,8.5081,0.00567,1.9895,121.8840,21.4546,7.7535,1.4809
1907,904.2862,0.1447,12.5889,0.00559,5.0222,205.0000,36.0000,8.3829,0.4645
1908,571.4369,0.1900,21.5250,0.01078,6.1192,184.6082,29.6629,6.8021,0.7350
1909,674.1406,0.0932,18.4054,0.00851,5.5476,194.4083,31.9701,7.2084,0.6230
1910,197.9335,0.6332,21.6556,0.04478,8.9539,122.6338,22.0036,6.1362,2.0000
1911,712.8371,0.8186,9.7944,0.01128,7.5834,176.7896,36.0000,4.8329,0.5892
1912,523.1108,0.1452,13.2390,0.01218,6.6179,158.0330,27.8553,7.3599,0.8029
1913,905.9726,0.8553,16.6323,0.00247,2.1339,205.0000,36.0000,4.8668,0.4636
1914,836.3138,0.4833,7.8784,0.00664,5.4672,195.7519,36.0000,5.5702,0.5022
1915,789.9491,0.1131,16.8911,0.01495,11.9503,194.3620,35.6030,8.6976,0.5317
1916,485.2642,0.3660,21.7551,0.01491,7.5639,169.0103,28.4860,7.3153,0.8655
1917,920.8818,0.6874,14.7035,0.00169,1.4343,205.0000,36.0000,5.5651,0.4561
1918,910.6331,0.3128,20.8347,0.00633,5.6556,205.0000,36.0000,6.2863,0.4612
1919,479.6404,0.5662,14.4264,0.00977,5.1841,157.2792,29.9188,6.6310,0.8757
1920,701.9305,0.2336,15.8477,0.00050,0.1667,204.7877,30.9270,7.2206,0.5983
1921,583.2727,0.7711,17.4102,0.01657,9.9799,168.8377,34.6667,5.9427,0.7201
1922,236.5205,0.6128,10.1613,0.05388,12.7716,97.5151,23.2290,5.6259,1.7757
1923,616.2248,0.6980,13.6084,0.02434,15.3031,161.1622,35.0706,5.1297,0.6816
1924,536.9731,0.3090,14.4004,0.00007,-0.2167,177.7036,26.5811,6.5545,0.7822
1925,487.7252,0.7523,17.2041,0.01492,7.0310,160.5395,31.6502,5.1898,0.8611
1926,676.2028,0.3567,20.9793,0.04321,28.6706,183.3513,34.1396,6.8815,0.6211
1927,924.4070,0.2306,15.7015,0.01373,11.6571,205.0000,36.0000,7.0966,0.4543
1928,543.1356,0.6617,17.1012,0.01509,7.7243,167.0994,32.5874,5.6218,0.7733
1929,312.5340,0.2288,12.2227,0.05610,17.2172,111.9873,22.4952,7.1849,1.3439
1930,803.5610,0.0906,13.8418,0.00580,4.3788,205.0000,35.8315,8.5495,0.5227
1931,412.1072,0.6674,15.0841,0.00663,2.4659,154.5762,28.7025,6.2725,1.0192
1932,447.3237,0.8329,15.7652,0.01857,8.7497,147.5326,31.0833,5.6488,0.9389
1933,270.8450,0.6316,11.0510,0.01753,4.8621,119.2424,24.1779,4.9474,1.5507
1934,651.4519,0.3864,21.8084,0.00455,3.3044,203.4266,30.6350,5.9770,0.6447
1935,551.0056,0.2204,19.2545,0.02731,15.1771,156.6212,29.2936,6.8431,0.7622
1936,368.1020,0.1641,7.8963,0.01585,5.7125,125.0195,23.3558,8.1114,1.1410
1937,673.5383,0.4590,20.9260,0.00969,6.0991,198.6498,34.8783,6.2102,0.6236
1938,241.9826,0.7991,14.5340,0.05669,14.3871,90.1629,24.9563,4.3714,1.7357
1939,203.7726,0.2480,13.8212,0.00159,0.2716,125.3751,16.0975,6.7677,2.0000
1940,886.0693,0.1660,19.7766,0.00278,2.1743,205.0000,35.9100,7.9808,0.4740
1941,747.8552,0.0783,11.9132,0.00506,3.5981,195.4715,34.0618,8.0932,0.5616
1942,247.8940,0.3360,21.1674,0.03811,9.5032,127.8454,21.1250,6.9817,1.6943
1943,280.6485,0.1213,7.1279,0.00620,1.6888,119.0633,20.3902,7.0904,1.4965
1944,363.5389,0.6889,19.3360,0.01236,3.7492,153.8220,27.4175,5.3663,1.1553
1945,258.7931,0.0956,7.2256,0.02473,6.4378,105.5521,19.5283,7.1986,1.6229
1946,843.8502,0.1199,11.5641,0.02129,17.9606,205.0000,36.0000,7.1595,0.4977
1947,932.6844,0.6742,9.7758,0.00651,5.6078,205.0000,36.0000,5.2261,0.4503
1948,400.5863,0.0795,12.6341,0.01811,7.3459,136.7221,23.6538,7.3240,1.0485
1949,326.8368,0.3838,13.0242,0.00618,2.2776,137.6680,23.8758,6.2711,1.2850
1950,541.7704,0.3189,8.3804,0.00988,5.7366,152.0818,29.8047,7.7177,0.7752
1951,278.0753,0.7994,12.9248,0.00516,1.6206,131.5806,25.7378,4.2443,1.5104
1952,314.1368,0.4830,10.1784,0.02215,7.4265,118.1747,24.2879,5.5715,1.3370
1953,614.9452,0.1884,20.9758,0.01371,8.0527,185.6726,30.9558,6.8086,0.6830
1954,283.9805,0.3985,17.9161,0.00561,0.9757,144.8659,22.7077,6.4544,1.4790
1955,954.2974,0.7277,21.1298,0.00192,1.4893,205.0000,36.0000,4.8173,0.4401
1956,632.0007,0.5200,8.6981,0.00441,2.4109,173.6319,31.1197,5.4162,0.6646
1957,399.8734,0.7451,13.7829,0.00229,1.1388,152.7979,25.9571,5.5597,1.0503
1958,728.5663,0.7826,14.3299,0.00192,1.0266,203.5521,36.0000,5.4660,0.5765
1959,485.0163,0.5638,21.1236,0.02032,9.8269,162.6050,30.0607,6.7710,0.8660
1960,633.8452,0.2690,13.1036,0.00188,1.1746,186.3205,29.1675,7.2777,0.6626
1961,658.4022,0.4309,14.1805,0.01305,8.4207,176.4318,34.1990,7.0316,0.6379
1962,300.7598,0.1701,9.8596,0.01633,4.2891,122.3689,21.3838,7.9635,1.3965
1963,359.3474,0.3612,11.2733,0.01449,5.5921,131.4007,24.6697,6.0832,1.1688
1964,895.8030,0.8031,14.0034,0.00190,1.7097,205.0000,36.0000,4.2270,0.4689
1965,669.2434,0.3632,18.1579,0.01842,11.7571,179.4682,33.9830,6.0745,0.6276
1966,944.2746,0.8170,8.9712,0.00183,1.2505,205.0000,36.0000,5.3938,0.4448
1967,842.4196,0.2187,17.2453,0.01785,14.7244,196.9088,36.0000,8.1469,0.4986
1968,626.0435,0.2107,11.8223,0.01088,6.7702,170.0211,31.4670,8.1247,0.6709
1969,651.8980,0.6336,18.4017,0.00154,0.5881,201.9745,32.6258,5.4907,0.6443
1970,322.6597,0.2643,19.9922,0.00513,1.6827,153.6800,22.7943,6.4899,1.3017
1971,205.3308,0.6462,18.3794,0.01280,2.5952,130.5249,22.3292,5.1596,2.0000
1972,792.1268,0.2186,16.9466,0.02813,22.6288,196.3197,36.0000,7.6768,0.5302
1973,777.8078,0.6138,7.5755,0.00290,2.3259,193.2202,36.0000,6.5558,0.5400
1974,220.7255,0.7336,15.1799,0.03213,6.7558,116.6417,23.4906,5.0307,1.9028
1975,947.6195,0.3223,10.6303,0.00057,0.6937,205.0000,36.0000,6.2463,0.4432
1976,950.1926,0.5916,11.9806,0.00073,0.1133,205.0000,36.0000,6.5085,0.4420
1977,295.2727,0.2249,6.8986,0.00544,1.7513,120.6149,21.6575,7.9955,1.4224
1978,646.9079,0.1518,12.6849,0.00897,5.5038,177.8344,31.6219,7.2158,0.6492
1979,308.3754,0.0988,8.0416,0.01553,5.1034,117.7205,21.0413,8.4024,1.3620
1980,555.2349,0.7302,16.4915,0.02569,13.7943,154.2191,33.4986,5.8199,0.7564
1981,218.0498,0.6334,10.9693,0.04591,9.9776,98.9946,22.6322,5.4384,1.9262
1982,532.9108,0.1358,17.5239,0.01997,10.7680,159.7996,28.0740,7.5606,0.7881
1983,620.6043,0.8513,6.8486,0.00312,0.8695,171.2447,33.4282,4.0247,0.6768
1984,222.1021,0.1786,11.2157,0.01635,3.7236,114.7978,19.0919,8.1573,1.8910
1985,590.7030,0.8393,17.3861,0.03054,18.1952,155.3856,35.4355,5.1096,0.7110
1986,276.8896,0.1385,18.9443,0.04444,12.2151,121.3376,20.4143,8.1998,1.5168
1987,400.3540,0.0638,14.6541,0.01333,5.3723,145.4729,23.5213,8.5787,1.0491
1988,300.0675,0.6535,12.5298,0.06610,20.2267,106.2687,25.7783,5.3914,1.3997
1989,437.9457,0.6515,21.4272,0.03220,13.5293,148.0673,29.3501,5.9577,0.9590
1990,875.3532,0.3627,11.2822,0.00337,2.4869,205.0000,36.0000,7.4613,0.4798
1991,605.4562,0.7641,16.7332,0.03186,19.5106,161.9286,35.2767,5.5423,0.6937
1992,607.9053,0.2887,18.1942,0.02715,16.8012,159.2502,31.5467,6.3875,0.6909
1993,271.7208,0.3388,14.0274,0.00523,1.1823,134.0172,21.8621,6.9875,1.5457
1994,242.6438,0.6463,14.7973,0.00447,1.3128,131.0626,20.4499,6.3324,1.7309
1995,958.1749,0.4368,20.6594,0.00060,1.2487,205.0000,36.0000,6.5014,0.4383
1996,359.8511,0.6360,20.9535,0.00305,1.2675,162.2870,23.8839,5.0086,1.1671
1997,289.5303,0.3722,19.6203,0.03171,8.9871,131.8227,22.6632,7.3682,1.4506
1998,221.7802,0.2809,11.7044,0.00277,0.8080,122.2391,16.9009,6.9576,1.8938
1999,258.7996,0.2794,17.9043,0.02940,7.8304,125.9826,20.9990,6.8506,1.6229
2000,812.6198,0.6992,17.3220,0.02264,18.1623,188.7417,36.0000,5.2949,0.5168
2001,420.3271,0.1696,19.6157,0.03268,14.0635,140.2640,24.9663,7.9605,0.9992
2002,440.1738,0.1640,6.9397,0.00876,4.0952,137.2840,25.5173,8.1855,0.9542
2003,393.8760,0.7293,9.4275,0.00093,0.1649,144.4593,25.6505,5.3343,1.0663
2004,959.1835,0.4182,9.9939,0.00930,9.0353,205.0000,36.0000,5.8436,0.4379
2005,378.2295,0.1807,16.0942,0.02518,9.8292,135.5175,23.7922,7.3832,1.1104
2006,572.6098,0.2892,8.7151,0.01250,7.1930,154.2401,30.4916,6.9082,0.7335
2007,911.3793,0.8168,18.6421,0.01556,14.4828,205.0000,36.0000,5.2532,0.4608
2008,867.3441,0.2176,14.7673,0.01119,9.8400,205.0000,36.0000,7.9639,0.4842
2009,528.3354,0.8583,19.0018,0.01077,5.7557,173.3917,33.7164,4.7206,0.7949
2010,852.2443,0.4713,21.9737,0.03088,26.2704,202.2895,36.0000,6.8536,0.4928
2011,587.2214,0.6364,8.5091,0.01648,9.6715,155.6405,33.7081,6.1796,0.7152
2012,568.8500,0.2630,14.1747,0.00037,0.0459,181.4108,27.1698,7.6085,0.7383
2013,316.9062,0.3892,21.4292,0.02735,9.0797,139.7048,23.6207,6.9945,1.3253
2014,645.2625,0.2261,12.6335,0.00243,1.0770,187.2138,29.1666,8.0173,0.6509
2015,260.1057,0.6267,11.4194,0.00890,1.6275,125.5582,23.8170,6.2936,1.6147
2016,730.8174,0.2732,19.0826,0.03565,25.9665,189.7671,35.1098,7.4526,0.5747
2017,335.8527,0.8212,9.7626,0.00992,3.0684,130.1052,27.6454,4.2598,1.2505
2018,509.5465,0.5634,15.2998,0.04459,22.6446,157.5904,30.7933,6.4622,0.8243
2019,469.7527,0.4576,17.4831,0.03828,17.6930,135.9248,28.7537,5.6882,0.8941
2020,202.6918,0.2809,9.9226,0.01910,4.5487,107.2262,19.3276,6.5933,2.0000
2021,296.0870,0.2829,11.1876,0.02000,5.5557,121.8033,22.1458,7.7842,1.4185
2022,620.1521,0.1097,18.2479,0.00215,1.7854,194.2403,27.4825,8.5350,0.6773
2023,665.9698,0.3720,13.0045,0.00625,4.3481,183.9398,33.9549,7.5442,0.6307
2024,653.2716,0.2744,13.9308,0.01484,10.0017,171.6349,32.7933,7.4022,0.6429
2025,932.2242,0.7890,14.5546,0.00138,1.2373,205.0000,36.0000,5.5257,0.4505
2026,706.5268,0.2026,9.8223,0.00913,6.4241,178.4550,33.8164,8.1293,0.5945
2027,428.5837,0.3713,14.1711,0.01261,5.6851,147.9568,26.8279,6.7842,0.9800
2028,228.0281,0.6029,14.3915,0.00156,-0.1236,131.1373,19.6639,5.6799,1.8419
2029,809.1101,0.1453,8.3093,0.00136,0.1545,204.3072,33.4355,7.6969,0.5191
2030,837.8605,0.5974,11.0006,0.00398,2.4779,205.0000,36.0000,5.2795,0.5013
2031,478.3158,0.4021,11.1882,0.00549,1.6188,157.8001,28.5663,6.9498,0.8781
2032,838.0610,0.3020,7.7251,0.01216,9.9792,195.6682,36.0000,7.0271,0.5012
2033,473.3606,0.7591,21.8057,0.00781,4.1014,174.9534,31.2740,6.0101,0.8873
2034,548.5043,0.8561,17.4981,0.02270,12.6755,157.8855,34.3040,4.0043,0.7657
2035,327.9451,0.6643,19.7604,0.01671,5.7445,145.0267,26.1524,5.6397,1.2807
2036,694.1748,0.8097,17.4280,0.00984,6.4111,193.3633,36.0000,5.4377,0.6050
2037,204.7655,0.1512,9.6652,0.02232,4.5418,106.9863,18.3522,7.0923,2.0000
2038,930.3479,0.5683,14.2014,0.02396,22.5576,205.0000,36.0000,6.7411,0.4514
2039,529.7444,0.3388,9.2921,0.01107,6.4738,150.6620,29.6024,7.3581,0.7928
2040,388.2366,0.7044,18.8677,0.04599,17.8188,124.5751,28.3079,4.6070,1.0818
2041,304.9615,0.5739,10.7687,0.00482,1.1804,131.8384,21.7396,6.3414,1.3772
2042,564.1249,0.0827,18.4111,0.01115,6.8493,175.0547,28.5856,8.8192,0.7445
2043,269.3685,0.5810,14.3306,0.01634,4.1195,127.8696,23.7291,6.4802,1.5592
2044,408.6963,0.8227,9.8081,0.00754,3.0078,141.2650,29.8428,5.7082,1.0277
2045,739.7615,0.5923,16.9149,0.02524,18.6445,179.7693,36.0000,6.2779,0.5678
2046,743.8316,0.6102,10.6942,0.00767,6.3254,186.1861,36.0000,5.0372,0.5646
2047,618.5313,0.6167,16.1199,0.01654,10.5275,170.0828,34.4897,5.4275,0.6790
2048,543.9907,0.5969,18.6294,0.04617,24.8491,159.1311,32.1253,6.2111,0.7721
2049,686.8162,0.7698,11.7253,0.01751,12.6212,169.9935,36.0000,5.1218,0.6115
2050,831.9536,0.8013,20.1093,0.01645,13.9625,203.3159,36.0000,5.5991,0.5048
2051,745.7765,0.6698,12.2913,0.00622,4.3248,194.3926,36.0000,6.0938,0.5632
2052,589.7753,0.5033,15.3121,0.00069,0.7481,185.5071,29.7194,5.4863,0.7121
2053,376.8907,0.8415,15.3182,0.01398,5.1270,143.9543,29.0388,5.6502,1.1144
2054,652.8613,0.1023,7.2819,0.00753,4.5806,168.8721,31.4039,7.1705,0.6433
2055,612.5701,0.7460,12.2167,0.01732,10.8435,159.9065,35.3447,5.6086,0.6856
2056,416.7203,0.8249,17.4777,0.03228,13.1836,136.9551,30.1009,5.4820,1.0079
2057,358.8256,0.8524,11.4864,0.00433,1.4798,140.8385,25.5837,4.1103,1.1705
2058,349.1713,0.6132,16.0704,0.00361,1.7654,148.8468,23.3806,6.2776,1.2028
2059,655.2224,0.4285,12.2562,0.03364,22.3992,185.5979,34.0850,5.8577,0.6410
2060,587.7709,0.4702,21.6836,0.03634,21.1407,154.3599,32.3946,5.8732,0.7146
2061,950.9331,0.3345,14.7034,0.02393,22.2037,205.0000,36.0000,6.2180,0.4417
2062,609.4903,0.2618,20.6003,0.00585,4.0561,192.8207,31.3793,8.0177,0.6891
2063,202.0786,0.0764,10.5365,0.00919,1.4770,115.2428,17.6736,7.8852,2.0000
2064,554.5753,0.1717,15.3431,0.00184,0.7201,180.3569,26.0105,6.8790,0.7573
2065,393.7109,0.4534,12.5937,0.00883,3.9031,143.1761,26.4387,6.4449,1.0668
2066,317.2491,0.8095,20.5156,0.05011,16.1792,117.1213,27.1263,4.0213,1.3239
2067,460.3455,0.7891,14.6361,0.00826,3.4826,158.5896,31.1231,5.2363,0.9124
2068,313.7888,0.1495,9.7761,0.00238,0.5038,132.4673,18.6093,8.1450,1.3385
2069,937.0309,0.7520,16.7550,0.01449,14.0052,205.0000,36.0000,5.4454,0.4482
2070,883.3592,0.5056,17.8851,0.00986,9.0332,205.0000,36.0000,6.0468,0.4755
2071,251.3517,0.4883,13.6822,0.06776,16.2558,86.0606,23.0387,6.0288,1.6710
2072,490.8337,0.4052,13.1673,0.01887,9.3719,146.9749,28.9670,6.6274,0.8557
2073,315.7238,0.6468,9.8743,0.02034,6.4053,119.9903,25.6457,4.8836,1.3303
2074,312.0311,0.8035,14.2260,0.03005,8.8223,123.6926,26.7889,5.6494,1.3460
2075,913.3456,0.5936,11.0074,0.00477,4.1169,205.0000,36.0000,6.6931,0.4598
2076,527.9357,0.1466,10.6716,0.02792,14.9362,153.5724,28.0111,7.8649,0.7956
2077,360.5254,0.2175,10.7959,0.04439,15.7018,129.8717,23.5560,7.4550,1.1650
2078,906.4298,0.5522,17.3969,0.00921,7.7367,205.0000,36.0000,6.4093,0.4634
2079,258.4299,0.7361,7.3023,0.01127,3.4041,112.3406,24.6420,4.5082,1.6252
2080,486.9919,0.5762,13.4939,0.01461,7.6646,150.8733,30.2194,6.6512,0.8624
2081,547.3860,0.5279,6.8209,0.00238,1.6831,158.4109,28.6450,5.6549,0.7673
2082,677.7274,0.0685,16.2119,0.01607,10.9382,178.2612,31.8800,8.4481,0.6197
2083,851.9855,0.4511,14.4004,0.00383,3.6077,205.0000,36.0000,7.0311,0.4930
2084,403.8864,0.7116,10.2899,0.01114,4.3478,138.6556,28.8095,4.6112,1.0399
2085,465.1151,0.3646,16.8719,0.05132,23.7231,143.6444,28.0348,7.4082,0.9030
2086,418.2781,0.2567,12.8000,0.03325,13.8812,130.1202,25.6021,6.7596,1.0041
2087,409.4969,0.8204,7.8031,0.00424,2.4881,138.1177,26.8482,5.0579,1.0256
2088,405.3134,0.7587,18.0651,0.02699,11.0440,141.2435,29.2293,5.0651,1.0362
2089,249.9698,0.8135,16.6991,0.01960,4.2856,129.8052,25.0071,4.1833,1.6802
2090,837.6343,0.3623,15.3706,0.00534,4.3311,205.0000,36.0000,6.8802,0.5014
2091,209.2696,0.7085,13.1149,0.03146,7.0050,109.8322,22.9458,6.0845,2.0000
2092,274.9607,0.2179,7.8622,0.00260,1.4511,120.3485,17.9920,7.2863,1.5275
2093,509.0575,0.6683,8.6394,0.00247,1.2325,157.6540,28.6184,6.2788,0.8251
2094,515.5219,0.5919,15.4832,0.03146,16.2239,143.9580,31.2013,5.8546,0.8147
2095,430.2262,0.7238,15.1875,0.01940,9.0823,142.9655,29.6972,5.4653,0.9762
2096,233.7994,0.0650,9.5195,0.01592,4.0130,112.1842,18.5342,8.1260,1.7964
2097,706.6043,0.4277,21.9393,0.03064,21.3744,172.2335,35.6198,7.1167,0.5944
2098,490.4851,0.0994,14.4336,0.03448,17.2004,144.6598,26.5100,7.3380,0.8563
2099,663.8859,0.0881,16.1779,0.02152,14.4325,168.4227,31.6217,7.8965,0.6326
2100,769.5975,0.8399,14.5558,0.01414,10.7374,188.8400,36.0000,4.4492,0.5457
2101,693.8088,0.8169,18.3829,0.00113,0.3812,205.0000,35.3496,5.6788,0.6054
2102,943.2658,0.2355,17.0671,0.00811,7.7553,205.0000,36.0000,7.9275,0.4453
2103,777.8688,0.8551,20.8937,0.00373,2.6501,205.0000,36.0000,5.2812,0.5399
2104,433.3758,0.7446,21.0214,0.02899,12.8496,147.9842,29.9581,5.2215,0.9691
2105,951.6115,0.6174,9.2334,0.00455,4.4527,205.0000,36.0000,5.2305,0.4414
2106,760.3715,0.8540,12.9830,0.00564,4.2082,198.3604,36.0000,5.3991,0.5524
2107,811.0672,0.7318,11.5467,0.00743,6.3808,198.0251,36.0000,5.7777,0.5178
2108,800.2331,0.4309,21.1218,0.03808,30.1160,204.8223,36.0000,6.4030,0.5248
2109,746.8285,0.0769,16.5738,0.01354,10.2723,190.8874,34.0198,8.1639,0.5624
2110,940.7201,0.8067,9.5972,0.00309,2.4792,205.0000,36.0000,5.3983,0.4465
2111,957.1171,0.5059,14.9203,0.01324,12.2436,205.0000,36.0000,6.3717,0.4388
2112,592.7571,0.1725,20.2568,0.03310,20.0034,154.4712,30.1623,7.7723,0.7086
2113,267.4516,0.4696,16.8018,0.00181,0.3201,141.3774,19.7801,6.6219,1.5704
2114,218.1386,0.7528,12.6177,0.00121,-0.5689,126.7313,20.5664,5.7762,1.9254
2115,244.3368,0.7346,13.6279,0.01871,4.4764,121.7838,24.2067,5.6350,1.7189
2116,746.8232,0.4244,10.9841,0.00807,5.9423,188.1155,36.0000,7.0215,0.5624
2117,413.4765,0.7310,17.2261,0.04513,18.6603,130.0517,29.2557,5.5919,1.0158
2118,285.4008,0.3500,20.3337,0.05386,15.5473,109.6532,22.5925,5.8472,1.4716
2119,532.3680,0.2812,20.6269,0.00929,5.2217,178.7467,29.2206,7.9223,0.7889
2120,344.7968,0.4209,13.5014,0.01009,3.1365,139.5223,24.7108,6.5363,1.2181
2121,268.8626,0.2805,11.4793,0.06777,18.1353,97.6582,21.9022,6.6195,1.5621
2122,498.1566,0.1120,10.8663,0.00468,1.7534,159.7718,23.8411,7.8391,0.8431
2123,529.7661,0.7197,20.4455,0.03315,17.4295,151.1001,32.6509,5.5970,0.7928
2124,638.9886,0.8066,20.8301,0.00232,1.3551,203.6933,33.6226,5.2778,0.6573
2125,654.2912,0.7140,15.0615,0.00236,1.6019,192.7548,33.3407,5.4186,0.6419
2126,668.4777,0.3790,19.8619,0.00086,0.8432,205.0000,31.0866,6.4039,0.6283
2127,505.5324,0.5332,11.6170,0.01357,6.5704,151.9324,30.4315,6.4157,0.8308
2128,306.6186,0.5099,16.2157,0.00514,1.6703,142.9928,24.2778,5.9682,1.3698
2129,429.8218,0.2958,19.2672,0.01328,5.9213,158.8342,26.2614,6.3575,0.9771
2130,212.7303,0.8368,11.4914,0.01419,2.9734,115.6490,24.0764,5.3559,1.9743
2131,809.1721,0.3433,17.7761,0.01955,16.2798,189.6677,36.0000,7.5472,0.5190
2132,519.6091,0.3589,21.5635,0.01887,9.4401,169.6128,29.4593,6.6504,0.8083
2133,353.5127,0.4658,13.9287,0.00418,1.0576,146.3433,22.3320,6.5081,1.1881
2134,720.2326,0.3477,10.9677,0.00381,3.0781,190.3920,32.3888,6.1395,0.5831
2135,349.4019,0.2110,19.0996,0.03070,10.4699,136.3957,23.1699,6.8411,1.2021
2136,733.5467,0.3260,15.4162,0.00694,5.0821,197.7670,35.6140,7.1587,0.5726
2137,208.7001,0.4768,8.5806,0.02644,5.4471,103.1986,21.0752,5.7780,2.0000
2138,315.6607,0.2904,6.6367,0.01963,5.8432,114.0949,22.7928,6.5731,1.3305
2139,390.5540,0.4491,21.0968,0.01920,7.0783,154.4238,26.3093,5.8213,1.0754
2140,775.6135,0.5831,9.2523,0.00129,0.7869,199.9660,35.9335,6.5609,0.5415
2141,403.7263,0.1498,17.5797,0.01301,5.2873,152.6022,24.3104,8.2981,1.0403
2142,225.4348,0.3772,12.1754,0.01046,2.2152,120.7277,20.7810,6.0303,1.8631
2143,948.1197,0.7997,11.9174,0.01072,10.1536,205.0000,36.0000,5.3249,0.4430
2144,786.5923,0.3016,19.7290,0.03072,23.8695,192.0980,36.0000,7.8567,0.5339
2145,226.6825,0.1298,17.3316,0.01018,2.8209,130.9260,18.8392,7.0666,1.8528
2146,235.5623,0.3738,13.3781,0.00473,1.2702,126.9717,18.0577,7.1506,1.7830
2147,778.4380,0.4932,7.1339,0.00183,0.6650,195.9973,35.2985,6.6001,0.5395
2148,731.8580,0.1797,16.0316,0.01011,7.5258,193.4915,34.3933,8.3756,0.5739
2149,254.0828,0.7844,12.3437,0.02313,6.3608,116.2747,24.8979,5.7864,1.6530
2150,723.1586,0.3296,21.3176,0.00210,1.8945,205.0000,32.3319,7.4249,0.5808
2151,630.6356,0.5248,17.8241,0.00993,6.2493,185.0600,34.1171,6.9741,0.6660
2152,524.5330,0.0869,15.9188,0.02635,13.5228,148.9512,27.4309,8.5562,0.8007
2153,201.8456,0.4401,15.9373,0.00424,0.9299,128.2933,17.5763,5.9357,2.0000
2154,926.5856,0.6533,19.6289,0.01765,17.1200,205.0000,36.0000,5.7587,0.4533
2155,914.2473,0.1537,21.4009,0.00173,1.4495,205.0000,36.0000,8.4480,0.4594
2156,507.7140,0.7776,6.5802,0.01622,8.6755,145.7667,32.4520,4.3342,0.8272
2157,352.2996,0.1589,8.8889,0.00831,2.8864,131.0504,22.8401,7.3302,1.1922
2158,665.0823,0.1422,7.2023,0.00099,0.4507,179.6158,29.0901,7.5635,0.6315
2159,247.7264,0.6240,12.0586,0.03097,7.4735,112.2463,23.4237,5.6531,1.6954
2160,620.7508,0.7461,16.9447,0.01809,11.1305,170.9038,35.5915,4.4663,0.6766
2161,922.8047,0.4248,11.2557,0.00578,5.4933,205.0000,36.0000,6.7645,0.4551
2162,896.1778,0.1933,13.3898,0.00567,4.9005,205.0000,36.0000,8.1430,0.4687
2163,562.9208,0.3923,20.5888,0.03819,21.5549,151.5636,31.0257,5.9525,0.7461
2164,573.8282,0.1200,19.8687,0.02496,13.8245,164.3716,29.1751,7.6872,0.7319
2165,270.2583,0.5511,17.7563,0.04767,12.7281,113.9828,23.5863,6.6680,1.5541
2166,565.1613,0.7205,14.4555,0.03184,17.6172,156.7299,33.7185,4.8430,0.7432
2167,729.7885,0.3246,13.8263,0.01258,8.3754,186.4602,35.4903,6.7432,0.5755
2168,805.4851,0.3169,10.2162,0.00662,5.9021,195.3139,36.0000,6.9461,0.5214
2169,489.4854,0.4495,6.5464,0.00333,2.0242,148.3718,26.2803,6.3013,0.8580
2170,768.0280,0.2529,9.9208,0.00826,6.0495,188.7211,36.0000,7.4219,0.5469
2171,636.9712,0.3072,6.6873,0.00605,3.8827,166.7156,32.5666,6.5717,0.6594
2172,511.1232,0.1526,10.0428,0.01748,8.5094,145.0419,27.5547,8.4167,0.8217
2173,275.1544,0.3400,6.9702,0.00405,0.9848,119.4412,18.9745,7.2022,1.5264
2174,530.0257,0.4646,6.7367,0.00880,4.7546,148.8645,30.6177,7.1262,0.7924
2175,357.0118,0.4967,6.8808,0.02208,7.9994,121.0127,25.6841,6.8325,1.1764
2176,493.5413,0.8168,9.5735,0.00254,0.4074,159.1966,29.3407,5.0456,0.8510
2177,556.0800,0.1374,15.6653,0.01089,5.7945,170.1277,28.7813,7.6263,0.7553
2178,743.9345,0.2091,7.7625,0.00782,5.7138,181.0972,34.9906,7.4351,0.5646
2179,365.2951,0.4435,12.4631,0.00799,2.4450,141.8342,25.5071,6.5904,1.1498
2180,274.1794,0.7203,11.3032,0.01008,2.3492,125.8258,24.9880,5.2393,1.5318
2181,280.0382,0.6015,13.6127,0.07126,19.4861,94.1874,24.8960,5.3634,1.4998
2182,811.9242,0.4090,16.0121,0.00525,4.0309,205.0000,36.0000,6.6654,0.5173
2183,572.9175,0.5561,20.3242,0.03265,18.8266,154.2322,32.6364,6.2267,0.7331
2184,388.4873,0.7466,15.1247,0.01380,5.4524,144.5522,28.6271,5.1757,1.0811
2185,434.4726,0.4139,10.7284,0.02134,9.2738,133.3711,27.3453,7.3490,0.9667
2186,469.3731,0.5965,7.3881,0.00123,1.1205,149.1945,26.8529,5.0949,0.8948
2187,729.3585,0.2793,19.2689,0.01533,11.2200,192.1112,35.1149,6.4645,0.5758
2188,681.1987,0.6428,13.2885,0.02076,14.7915,170.4863,36.0000,6.0245,0.6166
2189,314.4371,0.4016,19.9002,0.00195,0.6936,154.4201,20.6463,5.9131,1.3357
2190,786.3137,0.5160,21.0054,0.00816,6.2781,205.0000,36.0000,6.3395,0.5341
2191,515.1030,0.4735,19.5088,0.01303,7.6504,168.3539,30.2410,6.3095,0.8154
2192,924.6824,0.2924,11.6231,0.00089,1.3031,205.0000,36.0000,7.3527,0.4542
2193,347.8553,0.7022,10.8086,0.01465,4.8263,130.3395,27.0534,5.7117,1.2074
2194,764.1087,0.4866,12.0575,0.00514,4.3848,196.4962,36.0000,6.3856,0.5497
2195,264.4445,0.7520,14.2204,0.05972,15.7939,93.7005,25.3323,3.9262,1.5882
2196,233.8915,0.3871,18.3159,0.04864,10.8013,113.0527,21.2083,6.5006,1.7957
2197,623.9091,0.6030,12.2771,0.00272,1.8574,181.5097,31.5412,5.0675,0.6732
2198,801.3294,0.5680,20.9856,0.01133,8.8831,205.0000,36.0000,5.5098,0.5241
2199,617.0120,0.7064,15.4154,0.00382,2.1149,186.8129,32.1614,5.2185,0.6807
2200,199.3229,0.5704,12.2106,0.03981,8.1525,103.8264,21.5425,6.4425,2.0000
2201,767.2744,0.3406,14.6551,0.00302,2.6150,205.0000,33.7432,7.1676,0.5474
2202,399.4618,0.1328,9.5923,0.02346,9.6136,124.9661,24.0463,8.2771,1.0514
2203,683.3333,0.2006,21.2753,0.00022,0.2050,205.0000,30.1044,6.7577,0.6146
2204,396.7797,0.5405,17.5268,0.03029,11.6520,137.4416,27.2273,5.3300,1.0585
2205,708.2554,0.5518,14.0060,0.00872,6.1344,188.5559,36.0000,6.0903,0.5930
2206,478.9731,0.1150,13.6414,0.02407,11.2982,142.0010,26.2889,7.8911,0.8769
2207,907.9257,0.6138,14.2578,0.00446,3.5123,205.0000,36.0000,5.6511,0.4626
2208,760.2493,0.8361,16.4750,0.00900,6.4295,201.1376,36.0000,4.4391,0.5525
2209,531.2185,0.2138,7.8317,0.02404,13.1212,156.3196,28.6471,6.7204,0.7906
2210,883.5460,0.7325,7.5575,0.00205,1.8697,205.0000,36.0000,4.5236,0.4754
2211,939.1853,0.5552,11.8957,0.00000,-0.2844,205.0000,36.0000,5.6939,0.4472
2212,411.4030,0.4213,20.1470,0.01139,5.0682,159.8839,26.7127,6.6627,1.0209
2213,300.5564,0.3400,21.0917,0.04861,14.5909,120.8500,22.8302,7.5405,1.3974
2214,737.2577,0.2845,20.1182,0.01153,8.6970,200.7153,35.3940,7.2783,0.5697
2215,365.2556,0.5054,6.8673,0.00184,0.7338,133.2820,23.0011,5.4772,1.1499
2216,233.8367,0.4210,21.3612,0.06276,15.0467,96.5625,21.8448,5.2102,1.7961
2217,532.4581,0.1940,19.9693,0.05943,31.2569,155.5573,28.9013,7.8720,0.7888
2218,560.2455,0.6675,6.7602,0.00261,1.4367,160.7484,30.1475,4.7965,0.7497
2219,262.9973,0.2917,9.3197,0.01893,4.8639,114.2523,21.2238,7.5536,1.5970
2220,218.4597,0.7228,21.6461,0.01983,4.9195,134.5676,23.3359,5.9261,1.9226
2221,959.0589,0.5355,14.4362,0.00121,0.8417,205.0000,36.0000,6.7682,0.4379
2222,356.2323,0.1691,15.4410,0.03481,11.9582,126.0972,23.0394,8.1293,1.1790
2223,218.1442,0.5308,17.8547,0.00694,1.4517,133.8083,21.7905,6.6693,1.9253
2224,822.2400,0.8356,11.7575,0.00665,5.6115,201.8572,36.0000,4.0904,0.5108
2225,386.3713,0.4702,7.7747,0.01355,4.9096,129.2590,26.3527,5.6252,1.0870
2226,331.5742,0.7039,20.7159,0.02683,8.7056,141.1588,26.5786,5.3712,1.2667
2227,651.2600,0.3866,11.1102,0.01250,8.1033,169.3040,33.6306,6.4680,0.6449
2228,856.6111,0.0785,18.0257,0.01267,10.5150,205.0000,36.0000,7.9283,0.4903
2229,527.7065,0.4972,19.8248,0.00730,3.9967,178.9779,30.8086,6.2626,0.7959
2230,220.4165,0.5326,11.1792,0.01551,3.4054,115.1648,21.8734,6.2956,1.9055
2231,226.9356,0.3931,7.5251,0.00479,0.9752,113.4503,17.9530,7.4780,1.8507
2232,560.6066,0.8520,11.6035,0.02389,13.5544,153.3829,34.6342,4.0216,0.7492
2233,627.5778,0.2559,6.5868,0.00647,3.9734,164.8861,31.8742,6.9977,0.6692
2234,761.5725,0.1976,18.0902,0.02799,21.7676,187.3260,35.4277,7.1266,0.5515
2235,588.4835,0.3180,12.9316,0.03639,21.7034,172.5706,31.1981,7.2373,0.7137
2236,244.3488,0.1796,17.9196,0.02661,6.9975,125.6811,19.7670,6.8458,1.7189
2237,239.5415,0.4980,18.3930,0.01660,4.4120,131.6895,22.1701,6.0446,1.7533
2238,568.0562,0.2642,10.7916,0.01428,8.1459,156.0291,30.1554,7.0441,0.7394
2239,705.5031,0.1430,19.2568,0.01225,8.8280,193.7689,33.3089,8.2712,0.5953
2240,453.5562,0.8045,13.4327,0.00825,4.2684,153.1947,31.0425,4.6021,0.9260
2241,895.2355,0.2821,19.9126,0.01245,11.3711,205.0000,36.0000,7.7902,0.4692
2242,423.8711,0.2799,7.8347,0.01240,5.8473,132.9529,25.9553,6.4244,0.9909
2243,887.4633,0.5227,15.0085,0.01992,18.1122,204.9476,36.0000,6.0194,0.4733
2244,904.1318,0.5505,8.0869,0.00016,-0.0727,205.0000,36.0000,5.2881,0.4645
2245,704.2132,0.6506,14.2342,0.00591,3.5943,194.0397,36.0000,4.9453,0.5964
2246,255.7427,0.8168,19.0563,0.05582,13.9716,103.9434,25.4881,4.0909,1.6423
2247,329.6771,0.4946,7.8851,0.01045,3.5709,123.9429,24.8469,6.1646,1.2740
2248,224.7971,0.2370,15.3086,0.03207,6.7130,117.6300,19.6399,7.9721,1.8684
2249,930.8328,0.6757,7.3792,0.00043,0.7094,205.0000,36.0000,4.7621,0.4512
2250,386.1982,0.0975,8.7402,0.01280,5.3132,130.4692,23.3660,7.6340,1.0875
2251,572.7692,0.5945,6.6612,0.01357,8.1486,154.1876,32.9391,5.3985,0.7333
2252,540.5613,0.6421,11.0071,0.01213,6.4250,156.1649,32.3536,5.6689,0.7770
2253,468.7684,0.6478,15.9340,0.04565,21.3504,146.5945,30.2621,5.9844,0.8960
2254,731.9176,0.2715,21.8070,0.00078,0.3987,205.0000,32.1299,7.5330,0.5738
2255,854.2037,0.8081,15.2125,0.01581,13.2886,197.3632,36.0000,5.1426,0.4917
2256,625.4582,0.2332,10.6555,0.02315,14.5693,167.4292,31.6292,7.4710,0.6715
2257,616.9720,0.8080,20.5823,0.02453,15.2669,169.2396,35.9734,4.2937,0.6807
2258,295.4047,0.5647,20.8543,0.01335,4.3930,145.5256,24.3799,6.1735,1.4218
2259,946.1793,0.2436,8.6445,0.00872,8.6011,205.0000,36.0000,6.5767,0.4439
2260,915.3467,0.0658,14.0791,0.01193,10.6844,205.0000,36.0000,8.0056,0.4588
2261,526.8710,0.8005,17.7459,0.01788,8.5962,164.1598,33.2102,4.2379,0.7972
2262,901.7542,0.2637,10.0535,0.00993,9.2921,201.9383,36.0000,6.4924,0.4658
2263,225.0831,0.8087,9.4277,0.02098,4.5448,109.5047,24.2218,5.6295,1.8660
2264,205.6865,0.5582,14.9376,0.00022,-0.3698,129.5292,18.6363,6.2084,2.0000
2265,357.1711,0.6891,7.0614,0.02363,9.4512,123.8333,27.2281,5.8270,1.1759
2266,873.9644,0.5262,16.7405,0.00408,3.0001,205.0000,36.0000,6.8256,0.4806
2267,384.6743,0.6267,13.9103,0.05615,21.8691,129.2810,27.8440,5.7236,1.0918
2268,946.0663,0.5652,6.8502,0.00501,4.6934,205.0000,36.0000,5.9034,0.4439
2269,517.0641,0.7704,13.1519,0.01531,7.9451,154.0146,32.6751,4.3644,0.8123
2270,741.5439,0.7078,10.2054,0.00494,3.3317,191.3537,35.9091,5.8339,0.5664
2271,412.0463,0.6865,9.0968,0.00406,1.7801,142.9037,25.8534,5.5688,1.0193
2272,317.5403,0.1820,20.4986,0.03328,10.3466,134.9655,21.9825,8.3640,1.3227
2273,448.4974,0.7290,18.8797,0.02579,11.9194,147.5873,30.2873,4.8963,0.9365
2274,818.8622,0.4794,9.0623,0.00718,5.8667,194.8598,36.0000,6.0324,0.5129
2275,482.0516,0.2283,17.2541,0.03062,14.5723,143.2076,27.2877,8.1158,0.8713
2276,429.5225,0.5736,7.8721,0.01291,5.2891,135.1109,28.4747,6.6825,0.9778
2277,410.1950,0.1356,16.4824,0.01805,7.3485,146.6239,24.3904,7.6710,1.0239
2278,483.5485,0.1665,13.7771,0.01883,9.0965,147.8297,26.8382,7.8251,0.8686
2279,628.4657,0.7920,6.6983,0.00177,1.6145,170.4540,33.1899,4.2736,0.6683
2280,511.5473,0.4674,17.6744,0.00346,1.4494,177.4271,27.0854,6.7057,0.8210
2281,607.6917,0.6383,7.5004,0.01480,8.7705,158.9480,34.3375,4.9190,0.6911
2282,507.6297,0.4658,11.2277,0.02596,12.9786,144.9965,29.9555,5.9335,0.8274
2283,203.4216,0.7014,18.3063,0.02211,4.6532,125.5500,22.7139,4.6541,2.0000
2284,522.0960,0.3532,10.0898,0.01616,8.4281,146.9701,29.4884,6.1166,0.8044
2285,731.0195,0.3353,12.9674,0.00223,1.7197,199.3978,32.6127,6.1919,0.5745
2286,552.0631,0.5021,12.1412,0.01304,7.1088,158.8809,31.5790,5.4910,0.7608
2287,443.1732,0.6594,21.2716,0.00796,3.7973,169.9195,29.5707,5.2263,0.9477
2288,782.5922,0.3226,21.1306,0.01300,10.3843,205.0000,36.0000,6.2450,0.5367
2289,830.4696,0.5120,14.3304,0.00912,8.1365,203.1972,36.0000,5.8620,0.5057
2290,921.7587,0.6534,20.0332,0.03057,28.4961,205.0000,36.0000,4.8555,0.4557
2291,555.8258,0.1984,10.0399,0.01039,5.5939,158.1550,29.2619,8.2333,0.7556
2292,606.1090,0.4169,21.0383,0.03060,18.5323,161.4295,32.5182,5.8492,0.6929
2293,746.3832,0.3355,10.9249,0.00227,1.6413,197.3813,33.0758,7.4067,0.5627
2294,487.3697,0.1814,9.3917,0.01704,7.9760,141.2201,27.0719,6.8383,0.8618
2295,692.1050,0.2736,13.2483,0.00553,3.0480,191.2565,33.9521,7.6340,0.6068
2296,630.2071,0.6258,14.8736,0.00844,5.1678,180.8838,34.9123,6.0708,0.6664
2297,344.1375,0.6323,20.5598,0.02351,8.1644,143.8906,26.3824,5.7551,1.2204
2298,470.6131,0.7812,10.1505,0.01694,7.9434,140.4478,31.3679,5.2908,0.8925
2299,808.9265,0.0727,11.3089,0.01154,9.5037,190.3104,35.8495,8.8388,0.5192
2300,736.7860,0.2882,19.3501,0.01381,10.6157,194.7336,35.4090,6.3896,0.5700
2301,927.6884,0.3873,17.5501,0.00902,8.1461,205.0000,36.0000,6.7091,0.4527
2302,614.5413,0.7571,9.5138,0.00576,3.3748,170.6871,35.4928,4.4203,0.6834
2303,496.1331,0.2041,9.6006,0.00794,4.4856,150.6730,27.5168,8.2942,0.8465
2304,881.7542,0.3744,20.5476,0.00195,2.1385,205.0000,36.0000,7.1674,0.4763
2305,478.5719,0.2113,14.8349,0.01301,6.1936,155.7967,27.0472,8.0921,0.8776
2306,842.2481,0.1944,11.0862,0.00106,0.5107,205.0000,34.8228,6.7834,0.4987
2307,799.3813,0.7445,6.9886,0.00874,6.9181,185.0623,36.0000,5.6923,0.5254
2308,272.5380,0.3343,18.4888,0.00472,0.9789,144.4025,18.8505,6.9287,1.5411
2309,768.3527,0.4666,9.0426,0.00004,-0.0108,200.1705,34.7830,6.6828,0.5466
2310,584.8982,0.5051,21.6642,0.04605,26.5916,162.5478,32.6149,6.3189,0.7181
2311,583.7222,0.1137,15.4261,0.00801,5.5112,174.3711,29.4212,8.5469,0.7195
2312,392.4424,0.4813,6.8211,0.00043,0.2580,138.3052,23.6239,5.5784,1.0702
2313,856.1714,0.4450,11.7622,0.00755,6.7301,204.4962,36.0000,6.3425,0.4906
2314,891.2442,0.1541,20.2146,0.01281,12.0099,205.0000,36.0000,7.1299,0.4713
2315,278.2587,0.7150,17.2272,0.03774,10.7334,121.0251,25.0680,5.5189,1.5094
2316,771.1957,0.4514,20.9916,0.00107,0.6889,205.0000,34.7472,6.6942,0.5446
2317,668.4729,0.3380,20.2061,0.00790,5.1883,198.3102,33.7584,6.3275,0.6283
2318,863.9219,0.7111,12.7038,0.01020,8.4052,204.0451,36.0000,5.9663,0.4862
2319,465.9225,0.6854,21.0860,0.00055,0.7468,179.6345,27.4607,6.1475,0.9014
2320,694.1086,0.0791,19.0035,0.02075,14.2931,179.4793,32.4562,7.8132,0.6051
2321,530.2005,0.5425,16.6762,0.02478,13.1523,152.2826,31.2456,5.9143,0.7922
2322,234.8888,0.0909,18.9512,0.02133,4.7878,131.3928,18.7739,7.2182,1.7881
2323,769.2028,0.7407,7.7927,0.00454,3.2743,190.3211,36.0000,6.0765,0.5460
2324,744.5243,0.0656,8.1236,0.00714,5.3548,182.7699,33.8609,8.4016,0.5641
2325,879.8373,0.2169,10.7510,0.00549,4.6253,205.0000,36.0000,8.0260,0.4774
2326,444.3597,0.3945,21.5579,0.00759,3.2184,172.0009,27.4871,7.2530,0.9452
2327,724.8041,0.1009,14.7603,0.00006,-0.1867,205.0000,30.5509,7.1764,0.5795
2328,352.7584,0.3527,12.0307,0.01180,4.3900,134.7232,24.4044,6.4381,1.1906
2329,441.1158,0.4552,20.1998,0.02057,8.4667,156.9802,27.8752,6.8446,0.9521
2330,403.7559,0.7440,10.4789,0.00287,0.9679,146.4876,26.0645,5.7744,1.0402
2331,198.7728,0.2160,13.4594,0.01173,2.3066,119.3521,18.6910,7.9096,2.0000
2332,886.8486,0.3137,14.1341,0.01607,14.6384,199.1367,36.0000,7.5149,0.4736
2333,353.2422,0.2472,19.4858,0.01795,6.2715,147.0579,23.5752,6.5976,1.1890
2334,847.3455,0.6319,10.7464,0.00284,2.7847,205.0000,36.0000,6.4189,0.4957
2335,298.7571,0.4839,20.3033,0.04514,13.6928,124.2166,23.8372,5.5628,1.4058
2336,503.0830,0.5759,14.9943,0.04302,21.7299,155.2810,30.6996,5.4643,0.8349
2337,202.9569,0.7503,17.5459,0.00968,1.7587,130.1754,23.0914,5.7578,2.0000
2338,897.8301,0.4947,20.1857,0.00424,4.1814,205.0000,36.0000,6.0301,0.4678
2339,903.4918,0.6607,17.1109,0.00505,3.9049,205.0000,36.0000,4.8251,0.4649
2340,298.5886,0.1268,18.6281,0.02281,5.9413,137.6992,20.9721,8.1889,1.4066
2341,630.3180,0.6798,9.7385,0.00508,3.3147,173.6801,35.3482,5.7589,0.6663
2342,547.7062,0.5000,7.0827,0.00735,4.3548,153.1574,31.4311,5.6470,0.7668
2343,652.1545,0.2311,11.8878,0.02325,14.9496,169.5591,32.4131,7.5043,0.6440
2344,401.6815,0.8479,21.5587,0.00871,3.2031,165.6346,29.8339,5.2123,1.0456
2345,439.0359,0.5572,6.5052,0.00042,0.3154,144.4730,25.6290,5.7686,0.9566
2346,649.7124,0.5532,15.0621,0.00411,2.0397,191.1059,31.9167,6.0790,0.6464
2347,900.3972,0.6577,16.9639,0.00533,4.5226,205.0000,36.0000,5.0803,0.4665
2348,428.7516,0.1010,14.8854,0.04451,18.7043,137.7142,24.6704,7.1759,0.9796
2349,732.8260,0.8595,8.0358,0.00193,1.3413,189.6517,36.0000,5.4130,0.5731
2350,792.2716,0.7960,20.7006,0.00138,1.2055,205.0000,36.0000,4.6533,0.5301
2351,844.4459,0.8598,11.9699,0.01164,9.2125,197.7332,36.0000,3.9887,0.4974
2352,840.0069,0.4044,21.2342,0.02031,17.5329,199.1437,36.0000,5.9016,0.5000
2353,813.6366,0.7678,12.4937,0.00655,5.4240,202.5989,36.0000,4.3753,0.5162
2354,922.6557,0.7824,9.2045,0.01074,9.7523,204.6035,36.0000,5.8017,0.4552
2355,901.5894,0.5807,12.1181,0.00713,6.4577,205.0000,36.0000,6.5315,0.4658
2356,535.8887,0.4929,10.7650,0.02802,15.0025,154.7056,31.0200,6.5177,0.7837
2357,684.5957,0.1020,20.4508,0.01081,7.0008,197.2794,32.3542,7.9540,0.6135
2358,265.8266,0.7985,18.5621,0.04495,12.1583,118.9622,25.3626,4.2464,1.5800
2359,391.0960,0.2344,16.8959,0.00688,2.4577,155.4284,24.6084,8.1740,1.0739
2360,765.0724,0.7751,16.7735,0.00831,6.1309,203.1745,36.0000,5.3912,0.5490
2361,525.0244,0.6614,10.2941,0.00433,2.7556,160.3384,29.0418,4.9074,0.8000
2362,745.4512,0.8553,10.0641,0.00588,4.8983,188.1824,36.0000,4.3910,0.5634
2363,674.6156,0.7896,7.6233,0.00829,5.3627,171.1657,36.0000,4.4610,0.6226
2364,320.4168,0.2707,20.9518,0.04553,15.0782,125.4659,22.7919,7.3746,1.3108
2365,835.2123,0.2858,19.0972,0.00386,3.1282,205.0000,35.3431,7.6925,0.5029
2366,543.2432,0.2762,16.5066,0.00756,3.7531,174.5443,29.5072,8.0087,0.7731
2367,676.3339,0.0891,14.7495,0.01137,8.2643,180.7175,32.0026,7.7015,0.6210
2368,501.6828,0.2120,8.6926,0.00679,3.4435,151.8004,27.7461,7.4003,0.8372
2369,847.9249,0.1117,10.5957,0.00529,4.0761,205.0000,36.0000,8.6792,0.4953
2370,839.4772,0.7519,17.3033,0.00844,6.5431,205.0000,36.0000,5.2748,0.5003
2371,665.8872,0.8044,9.4392,0.00692,4.0997,176.6299,36.0000,4.2678,0.6307
2372,359.4408,0.1266,8.0217,0.00390,1.3627,133.5658,19.7957,7.0684,1.1685
2373,436.9523,0.7726,21.9651,0.00720,3.1463,171.9441,30.2895,5.0951,0.9612
2374,328.4137,0.2273,11.0084,0.00914,2.3587,133.2914,22.6706,7.6602,1.2789
2375,439.9545,0.5746,8.1721,0.01094,5.0359,137.8928,28.7953,6.5081,0.9546
2376,551.6308,0.2390,16.6046,0.00478,2.6589,178.4251,26.4610,6.9743,0.7614
2377,655.3392,0.2616,8.0116,0.00426,2.3695,175.7134,29.7533,7.4167,0.6409
2378,466.6516,0.8447,15.5802,0.01345,6.7850,154.3471,31.7573,5.1056,0.9000
2379,719.9621,0.3106,16.1725,0.01614,11.7105,182.8106,35.0836,7.2545,0.5834
2380,757.0778,0.8525,12.2384,0.00045,0.1932,205.0000,36.0000,5.2254,0.5548
2381,567.7738,0.7458,12.6137,0.00438,2.6530,172.0796,30.9996,5.4889,0.7397
2382,848.1872,0.7710,19.7659,0.02328,19.7883,192.2772,36.0000,5.3618,0.4952
2383,515.7878,0.8049,19.3350,0.03694,18.6331,143.9124,32.9132,4.2192,0.8143
2384,509.9727,0.2995,19.3601,0.00101,0.1428,183.7738,25.6954,7.7944,0.8236
2385,601.9294,0.2508,13.0331,0.00280,1.3707,180.9468,28.0641,6.5467,0.6978
2386,915.9381,0.3095,17.4461,0.03322,30.4478,205.0000,36.0000,7.3289,0.4585
2387,581.4358,0.2027,11.6342,0.01539,9.4273,157.0704,30.0646,7.4304,0.7223
2388,700.2385,0.8465,7.2031,0.00655,5.0596,174.7515,36.0000,5.1807,0.5998
2389,258.5470,0.5598,13.8813,0.04832,12.5347,103.4922,23.3212,5.4526,1.6245
2390,842.8470,0.3666,18.8640,0.00858,6.6072,205.0000,36.0000,7.4584,0.4983
2391,772.3850,0.6011,16.2649,0.02100,16.0535,181.3229,36.0000,5.8785,0.5438
2392,358.2831,0.1060,20.1905,0.01665,5.9121,150.1549,22.5966,7.1547,1.1723
2393,480.3857,0.4386,11.1183,0.02770,13.4695,142.2304,28.9201,5.7580,0.8743
2394,865.9624,0.8456,12.5257,0.00794,6.9444,205.0000,36.0000,5.2649,0.4850
2395,604.2588,0.4079,8.5452,0.00044,0.0931,174.2333,29.3912,7.1719,0.6951
2396,606.0047,0.5820,13.1424,0.00708,4.7472,174.3702,33.8364,5.2785,0.6931
2397,575.2099,0.6117,16.8968,0.00783,4.5679,178.4049,33.1500,5.0308,0.7302
2398,941.0258,0.1599,11.6820,0.00267,2.6381,205.0000,36.0000,8.0486,0.4463
2399,352.6074,0.1955,11.4568,0.00089,0.5421,141.9034,20.1420,7.6534,1.1911
